time,Open,High,Low,Close,Volume,spread,Volume
2026-04-30 23:00:00,1.17312,1.17331,1.17312,1.17318,193,2,0
2026-04-30 23:10:00,1.17318,1.17324,1.17312,1.17322,218,2,0
2026-04-30 23:20:00,1.17322,1.17327,1.17318,1.17318,112,2,0
2026-04-30 23:30:00,1.17318,1.17326,1.17312,1.17312,132,2,0
2026-04-30 23:40:00,1.17312,1.17316,1.17292,1.17299,238,2,0
2026-04-30 23:50:00,1.17299,1.17307,1.17282,1.17286,256,2,0
2026-05-01 00:00:00,1.17286,1.17297,1.17278,1.17288,522,2,0
2026-05-01 00:10:00,1.17288,1.17295,1.1724,1.17258,483,2,0
2026-05-01 00:20:00,1.17258,1.1727400000000001,1.17256,1.17271,216,2,0
2026-05-01 00:30:00,1.17271,1.17288,1.17263,1.17281,296,2,0
2026-05-01 00:40:00,1.17281,1.17294,1.17275,1.17278,261,2,0
2026-05-01 00:50:00,1.17278,1.17294,1.17269,1.17275,385,2,0
2026-05-01 01:00:00,1.17275,1.17278,1.1724999999999999,1.17264,268,2,0
2026-05-01 01:10:00,1.17264,1.17285,1.17254,1.17254,184,2,0
2026-05-01 01:20:00,1.17254,1.17302,1.17254,1.17289,166,2,0
2026-05-01 01:30:00,1.17289,1.17328,1.17289,1.17309,277,2,0
2026-05-01 01:40:00,1.17309,1.17314,1.17303,1.17304,304,2,0
2026-05-01 01:50:00,1.17304,1.17318,1.17303,1.17309,296,2,0
2026-05-01 02:00:00,1.17309,1.17325,1.17303,1.17318,217,2,0
2026-05-01 02:10:00,1.17318,1.17339,1.17318,1.17329,185,2,0
2026-05-01 02:20:00,1.17329,1.1733500000000001,1.17317,1.17327,182,2,0
2026-05-01 02:30:00,1.17327,1.17338,1.1732,1.17333,138,2,0
2026-05-01 02:40:00,1.17333,1.1733500000000001,1.17304,1.17307,256,2,0
2026-05-01 02:50:00,1.17307,1.17339,1.17294,1.17336,233,2,0
2026-05-01 03:00:00,1.17336,1.1734499999999999,1.17324,1.17333,220,2,0
2026-05-01 03:10:00,1.17333,1.1735,1.17331,1.1734499999999999,150,2,0
2026-05-01 03:20:00,1.1734499999999999,1.17362,1.1734499999999999,1.17356,145,2,0
2026-05-01 03:30:00,1.17356,1.17363,1.17338,1.1735,208,2,0
2026-05-01 03:40:00,1.1735,1.1735,1.17314,1.17316,268,2,0
2026-05-01 03:50:00,1.17316,1.17325,1.17305,1.1731,265,2,0
2026-05-01 04:00:00,1.1731,1.17322,1.17276,1.17294,321,2,0
2026-05-01 04:10:00,1.17294,1.17297,1.17283,1.17287,131,2,0
2026-05-01 04:20:00,1.17287,1.17287,1.17262,1.17264,205,2,0
2026-05-01 04:30:00,1.17264,1.17276,1.17259,1.17269,152,2,0
2026-05-01 04:40:00,1.17269,1.1727400000000001,1.17259,1.17266,149,2,0
2026-05-01 04:50:00,1.17266,1.1727400000000001,1.17259,1.17266,189,2,0
2026-05-01 05:00:00,1.17266,1.1727,1.17253,1.17254,248,2,0
2026-05-01 05:10:00,1.17254,1.17257,1.17239,1.17248,168,2,0
2026-05-01 05:20:00,1.17248,1.17254,1.1724,1.17244,208,2,0
2026-05-01 05:30:00,1.17244,1.17254,1.17239,1.17248,174,2,0
2026-05-01 05:40:00,1.17248,1.17261,1.1724,1.1724700000000001,177,2,0
2026-05-01 05:50:00,1.1724700000000001,1.17248,1.17217,1.1722299999999999,242,2,0
2026-05-01 06:00:00,1.1722299999999999,1.17242,1.1721300000000001,1.17227,386,2,0
2026-05-01 06:10:00,1.17227,1.17229,1.17205,1.17208,291,2,0
2026-05-01 06:20:00,1.17208,1.17219,1.17194,1.17207,247,2,0
2026-05-01 06:30:00,1.17207,1.17214,1.17187,1.17191,329,2,0
2026-05-01 06:40:00,1.17191,1.17389,1.17187,1.17344,1271,2,0
2026-05-01 06:50:00,1.17344,1.17449,1.17342,1.17354,1283,2,0
2026-05-01 07:00:00,1.17354,1.17389,1.17316,1.17338,1487,2,0
2026-05-01 07:10:00,1.17338,1.17371,1.17313,1.17355,728,2,0
2026-05-01 07:20:00,1.17355,1.17398,1.17342,1.17394,677,2,0
2026-05-01 07:30:00,1.17394,1.17398,1.17324,1.17338,802,2,0
2026-05-01 07:40:00,1.17339,1.17399,1.17339,1.17399,576,2,0
2026-05-01 07:50:00,1.17399,1.17418,1.17313,1.17344,859,2,0
2026-05-01 08:00:00,1.17344,1.17386,1.17337,1.17344,656,2,0
2026-05-01 08:10:00,1.17344,1.17368,1.17318,1.17365,565,2,0
2026-05-01 08:20:00,1.17365,1.17479,1.1736,1.17443,476,2,0
2026-05-01 08:30:00,1.17443,1.17473,1.17418,1.17428,581,2,0
2026-05-01 08:40:00,1.17428,1.1745700000000001,1.17423,1.17437,523,2,0
2026-05-01 08:50:00,1.17437,1.17439,1.17417,1.17434,513,2,0
2026-05-01 09:00:00,1.17434,1.17438,1.17366,1.1737,543,2,0
2026-05-01 09:10:00,1.1737,1.17389,1.17358,1.17363,518,2,0
2026-05-01 09:20:00,1.17363,1.17368,1.17326,1.17339,418,2,0
2026-05-01 09:30:00,1.17339,1.17368,1.17334,1.17357,442,2,0
2026-05-01 09:40:00,1.17357,1.17382,1.17343,1.17349,297,2,0
2026-05-01 09:50:00,1.17349,1.17355,1.17307,1.17311,539,2,0
2026-05-01 10:00:00,1.17311,1.17408,1.17307,1.1740599999999999,545,2,0
2026-05-01 10:10:00,1.1740599999999999,1.17426,1.17403,1.17426,391,2,0
2026-05-01 10:20:00,1.17426,1.17442,1.17418,1.1742,272,2,0
2026-05-01 10:30:00,1.1742,1.17437,1.17392,1.17401,393,2,0
2026-05-01 10:40:00,1.17401,1.17444,1.17399,1.17444,331,2,0
2026-05-01 10:50:00,1.17444,1.17458,1.17431,1.17447,442,2,0
2026-05-01 11:00:00,1.17447,1.1746699999999999,1.17439,1.17454,456,2,0
2026-05-01 11:10:00,1.17454,1.1754,1.17454,1.17533,731,2,0
2026-05-01 11:20:00,1.17533,1.17583,1.17519,1.17553,540,2,0
2026-05-01 11:30:00,1.17553,1.17568,1.1749100000000001,1.17493,537,2,0
2026-05-01 11:40:00,1.17493,1.17507,1.17464,1.17464,293,2,0
2026-05-01 11:50:00,1.17464,1.17516,1.17456,1.17513,441,2,0
2026-05-01 12:00:00,1.17513,1.17539,1.17481,1.17513,619,2,0
2026-05-01 12:10:00,1.17513,1.1764999999999999,1.17512,1.17637,1149,2,0
2026-05-01 12:20:00,1.17637,1.17688,1.17615,1.17654,877,2,0
2026-05-01 12:30:00,1.17654,1.17669,1.17621,1.17642,644,2,0
2026-05-01 12:40:00,1.17642,1.17647,1.17564,1.17572,629,2,0
2026-05-01 12:50:00,1.17572,1.17607,1.17567,1.17575,462,2,0
2026-05-01 13:00:00,1.17575,1.17617,1.17565,1.17611,573,2,0
2026-05-01 13:10:00,1.17611,1.1762299999999999,1.17567,1.17572,546,2,0
2026-05-01 13:20:00,1.17572,1.17587,1.1753,1.1755,658,2,0
2026-05-01 13:30:00,1.1755,1.17582,1.1753,1.17543,1017,2,0
2026-05-01 13:40:00,1.17543,1.17558,1.17438,1.17454,820,2,0
2026-05-01 13:50:00,1.17454,1.17636,1.17448,1.17618,1676,2,0
2026-05-01 14:00:00,1.17617,1.1776200000000001,1.17604,1.17742,1572,2,0
2026-05-01 14:10:00,1.17742,1.17832,1.17736,1.17801,1501,2,0
2026-05-01 14:20:00,1.17801,1.17851,1.17786,1.17788,1216,2,0
2026-05-01 14:30:00,1.1779,1.17804,1.17715,1.17715,1046,2,0
2026-05-01 14:40:00,1.17715,1.17736,1.17675,1.17702,918,2,0
2026-05-01 14:50:00,1.17702,1.17707,1.17641,1.17672,1197,2,0
2026-05-01 15:00:00,1.17673,1.17687,1.17643,1.17683,1030,2,0
2026-05-01 15:10:00,1.17683,1.17705,1.17664,1.17682,659,2,0
2026-05-01 15:20:00,1.17682,1.17687,1.17622,1.1764000000000001,778,2,0
2026-05-01 15:30:00,1.1764000000000001,1.1768,1.1763,1.17636,790,2,0
2026-05-01 15:40:00,1.17636,1.1768,1.17611,1.1768,519,2,0
2026-05-01 15:50:00,1.1768,1.17685,1.1753,1.17549,1421,2,0
2026-05-01 16:00:00,1.17549,1.1757,1.17525,1.17537,602,2,0
2026-05-01 16:10:00,1.17537,1.17563,1.17506,1.17543,395,2,0
2026-05-01 16:20:00,1.17543,1.1755,1.17465,1.17478,1304,2,0
2026-05-01 16:30:00,1.17479,1.17489,1.17422,1.17453,817,2,0
2026-05-01 16:40:00,1.17453,1.17473,1.17416,1.17431,492,2,0
2026-05-01 16:50:00,1.17431,1.17436,1.17377,1.17382,488,2,0
2026-05-01 17:00:00,1.17382,1.17401,1.17352,1.17393,519,2,0
2026-05-01 17:10:00,1.17393,1.17403,1.17352,1.1736,298,2,0
2026-05-01 17:20:00,1.1736,1.17393,1.17347,1.17366,342,2,0
2026-05-01 17:30:00,1.17366,1.17377,1.17291,1.17328,544,2,0
2026-05-01 17:40:00,1.17328,1.17337,1.17293,1.17298,212,2,0
2026-05-01 17:50:00,1.17298,1.17373,1.17296,1.1733,500,2,0
2026-05-01 18:00:00,1.1733,1.1734,1.17235,1.17263,417,2,0
2026-05-01 18:10:00,1.17263,1.17267,1.1722299999999999,1.17257,298,2,0
2026-05-01 18:20:00,1.17257,1.17277,1.17195,1.17237,389,2,0
2026-05-01 18:30:00,1.17236,1.1726,1.17194,1.17258,572,2,0
2026-05-01 18:40:00,1.17258,1.17278,1.17243,1.17275,316,2,0
2026-05-01 18:50:00,1.17275,1.17292,1.17243,1.17272,391,2,0
2026-05-01 19:00:00,1.17272,1.17283,1.17249,1.17258,176,2,0
2026-05-01 19:10:00,1.17258,1.17261,1.17236,1.17241,188,2,0
2026-05-01 19:20:00,1.17241,1.17252,1.17226,1.17227,138,2,0
2026-05-01 19:30:00,1.17227,1.17227,1.17203,1.17222,153,2,0
2026-05-01 19:40:00,1.17222,1.17233,1.17199,1.17201,126,2,0
2026-05-01 19:50:00,1.17201,1.17203,1.17177,1.17195,198,2,0
2026-05-01 20:00:00,1.17195,1.17215,1.17192,1.17212,264,2,0
2026-05-01 20:10:00,1.17212,1.1722299999999999,1.1719,1.17191,194,2,0
2026-05-01 20:20:00,1.17191,1.172,1.17167,1.17167,188,2,0
2026-05-01 20:30:00,1.17167,1.1718899999999999,1.17159,1.17161,219,2,0
2026-05-01 20:40:00,1.17161,1.17192,1.17153,1.17183,305,3,0
2026-05-01 20:50:00,1.17183,1.1721,1.17169,1.17202,332,2,0
2026-05-03 21:10:00,1.17426,1.1745700000000001,1.17414,1.1745700000000001,55,33,0
2026-05-03 21:20:00,1.1745700000000001,1.17474,1.1745700000000001,1.1746699999999999,68,33,0
2026-05-03 21:30:00,1.1746699999999999,1.17469,1.17455,1.17455,62,38,0
2026-05-03 21:40:00,1.17456,1.17471,1.17438,1.17443,48,23,0
2026-05-03 21:50:00,1.17443,1.17443,1.17317,1.17375,360,26,0
2026-05-03 22:00:00,1.17373,1.17417,1.17337,1.17351,431,2,0
2026-05-03 22:10:00,1.17351,1.17367,1.17296,1.17307,230,2,0
2026-05-03 22:20:00,1.17307,1.17336,1.17267,1.17321,208,2,0
2026-05-03 22:30:00,1.17321,1.17355,1.17318,1.17344,215,2,0
2026-05-03 22:40:00,1.17344,1.1736,1.17334,1.1733500000000001,162,2,0
2026-05-03 22:50:00,1.1733500000000001,1.17336,1.17303,1.17331,158,2,0
2026-05-03 23:00:00,1.17331,1.17331,1.17304,1.17321,176,2,0
2026-05-03 23:10:00,1.17321,1.17327,1.17302,1.17314,82,2,0
2026-05-03 23:20:00,1.17314,1.17314,1.17302,1.17305,77,2,0
2026-05-03 23:30:00,1.17305,1.17322,1.17296,1.17299,119,2,0
2026-05-03 23:40:00,1.17299,1.17299,1.1724999999999999,1.1728,214,2,0
2026-05-03 23:50:00,1.1728,1.17295,1.17249,1.17257,321,2,0
2026-05-04 00:00:00,1.17257,1.17287,1.17239,1.17272,472,2,0
2026-05-04 00:10:00,1.17272,1.17276,1.1724,1.17254,397,2,0
2026-05-04 00:20:00,1.17254,1.17254,1.17214,1.17234,416,2,0
2026-05-04 00:30:00,1.17234,1.17257,1.17233,1.17254,298,2,0
2026-05-04 00:40:00,1.17254,1.17259,1.17235,1.17251,305,2,0
2026-05-04 00:50:00,1.17251,1.17273,1.17233,1.17269,461,2,0
2026-05-04 01:00:00,1.17269,1.17271,1.172,1.17212,516,2,0
2026-05-04 01:10:00,1.17212,1.17291,1.17201,1.17233,605,2,0
2026-05-04 01:20:00,1.17233,1.1724999999999999,1.17212,1.17224,303,2,0
2026-05-04 01:30:00,1.17224,1.17242,1.1721,1.17241,375,2,0
2026-05-04 01:40:00,1.17241,1.17262,1.1722299999999999,1.17227,278,2,0
2026-05-04 01:50:00,1.17227,1.17253,1.17222,1.17251,272,2,0
2026-05-04 02:00:00,1.17251,1.17257,1.17234,1.17255,369,2,0
2026-05-04 02:10:00,1.17255,1.17278,1.17239,1.17252,358,2,0
2026-05-04 02:20:00,1.17252,1.17252,1.17225,1.17225,210,2,0
2026-05-04 02:30:00,1.17225,1.17262,1.17225,1.17257,266,2,0
2026-05-04 02:40:00,1.17257,1.17265,1.1724999999999999,1.17265,205,2,0
2026-05-04 02:50:00,1.17265,1.17285,1.17256,1.17273,297,2,0
2026-05-04 03:00:00,1.17273,1.17278,1.17258,1.1727400000000001,193,2,0
2026-05-04 03:10:00,1.1727400000000001,1.17285,1.1724999999999999,1.17269,252,2,0
2026-05-04 03:20:00,1.17269,1.1727,1.17252,1.17259,214,2,0
2026-05-04 03:30:00,1.17259,1.17265,1.1724999999999999,1.17255,217,2,0
2026-05-04 03:40:00,1.17255,1.1733,1.17245,1.17305,1360,2,0
2026-05-04 03:50:00,1.17305,1.17389,1.17298,1.17374,1289,2,0
2026-05-04 04:00:00,1.17374,1.17381,1.17336,1.17342,650,2,0
2026-05-04 04:10:00,1.17341,1.17347,1.17319,1.17332,292,2,0
2026-05-04 04:20:00,1.17332,1.17334,1.1729,1.17296,254,2,0
2026-05-04 04:30:00,1.17296,1.17301,1.17275,1.17278,244,2,0
2026-05-04 04:40:00,1.17278,1.17289,1.1727400000000001,1.17279,111,2,0
2026-05-04 04:50:00,1.17279,1.17292,1.17277,1.1729,144,2,0
2026-05-04 05:00:00,1.1729,1.173,1.17276,1.17291,182,2,0
2026-05-04 05:10:00,1.17291,1.17322,1.17264,1.17302,563,2,0
2026-05-04 05:20:00,1.17302,1.17307,1.17264,1.17266,450,2,0
2026-05-04 05:30:00,1.17266,1.1729,1.17257,1.1727,341,2,0
2026-05-04 05:40:00,1.1727,1.17297,1.17269,1.17296,271,2,0
2026-05-04 05:50:00,1.17296,1.17318,1.17291,1.17306,301,2,0
2026-05-04 06:00:00,1.17306,1.17336,1.17301,1.17332,439,2,0
2026-05-04 06:10:00,1.17332,1.17359,1.17313,1.17359,341,2,0
2026-05-04 06:20:00,1.17359,1.17371,1.17341,1.17355,301,2,0
2026-05-04 06:30:00,1.17355,1.17366,1.17317,1.17319,489,2,0
2026-05-04 06:40:00,1.17319,1.17319,1.17214,1.17262,516,2,0
2026-05-04 06:50:00,1.17262,1.17315,1.17262,1.17287,377,2,0
2026-05-04 07:00:00,1.17287,1.1729,1.17236,1.1724,648,2,0
2026-05-04 07:10:00,1.1724,1.17276,1.1724,1.17251,396,2,0
2026-05-04 07:20:00,1.17251,1.17282,1.17201,1.17206,445,2,0
2026-05-04 07:30:00,1.17206,1.17243,1.17205,1.17215,337,2,0
2026-05-04 07:40:00,1.17215,1.17216,1.17181,1.17191,407,2,0
2026-05-04 07:50:00,1.17191,1.17215,1.17151,1.17177,381,2,0
2026-05-04 08:00:00,1.17178,1.17178,1.17113,1.1714,595,2,0
2026-05-04 08:10:00,1.1714,1.17158,1.17135,1.17142,282,2,0
2026-05-04 08:20:00,1.17142,1.17188,1.17141,1.17182,302,2,0
2026-05-04 08:30:00,1.17182,1.17217,1.17177,1.17187,214,2,0
2026-05-04 08:40:00,1.17187,1.17222,1.1718600000000001,1.17206,284,2,0
2026-05-04 08:50:00,1.17206,1.17231,1.17182,1.1719,348,2,0
2026-05-04 09:00:00,1.1719,1.17236,1.17182,1.17192,422,2,0
2026-05-04 09:10:00,1.17192,1.17204,1.17173,1.17192,428,2,0
2026-05-04 09:20:00,1.17192,1.17206,1.17158,1.1718600000000001,336,2,0
2026-05-04 09:30:00,1.1718600000000001,1.17211,1.17181,1.17202,191,2,0
2026-05-04 09:40:00,1.17202,1.17207,1.17188,1.17191,191,2,0
2026-05-04 09:50:00,1.17191,1.17197,1.17166,1.17173,306,2,0
2026-05-04 10:00:00,1.17173,1.17173,1.16963,1.1698,1953,2,0
2026-05-04 10:10:00,1.1698,1.17015,1.16892,1.1691,1715,2,0
2026-05-04 10:20:00,1.1691,1.17037,1.16887,1.17026,1054,2,0
2026-05-04 10:30:00,1.17026,1.17144,1.17022,1.17111,1604,2,0
2026-05-04 10:40:00,1.17108,1.1712500000000001,1.17085,1.1712500000000001,715,2,0
2026-05-04 10:50:00,1.1712500000000001,1.17127,1.17033,1.17051,597,2,0
2026-05-04 11:00:00,1.17051,1.17085,1.16992,1.17013,788,2,0
2026-05-04 11:10:00,1.17013,1.17025,1.16955,1.1701,774,2,0
2026-05-04 11:20:00,1.1701,1.17018,1.16985,1.17007,461,2,0
2026-05-04 11:30:00,1.1700599999999999,1.17012,1.16952,1.16967,836,2,0
2026-05-04 11:40:00,1.16967,1.17012,1.1696,1.16972,421,2,0
2026-05-04 11:50:00,1.16975,1.17002,1.16927,1.16931,562,2,0
2026-05-04 12:00:00,1.16931,1.17012,1.1692,1.16996,620,2,0
2026-05-04 12:10:00,1.16996,1.17081,1.16986,1.1707,866,2,0
2026-05-04 12:20:00,1.1707,1.17097,1.17055,1.17087,737,2,0
2026-05-04 12:30:00,1.17085,1.17111,1.17053,1.17087,612,2,0
2026-05-04 12:40:00,1.17087,1.17106,1.17066,1.1710099999999999,352,2,0
2026-05-04 12:50:00,1.1710099999999999,1.17124,1.17076,1.1709100000000001,379,2,0
2026-05-04 13:00:00,1.1709100000000001,1.17096,1.1702,1.17096,1638,2,0
2026-05-04 13:10:00,1.17099,1.17137,1.1706,1.17062,631,2,0
2026-05-04 13:20:00,1.17062,1.17097,1.17052,1.17072,544,2,0
2026-05-04 13:30:00,1.17072,1.17166,1.17062,1.1716199999999999,846,2,0
2026-05-04 13:40:00,1.1716199999999999,1.17178,1.17147,1.1716199999999999,681,2,0
2026-05-04 13:50:00,1.1716199999999999,1.17173,1.17129,1.17149,675,2,0
2026-05-04 14:00:00,1.17148,1.17149,1.1706699999999999,1.17077,1085,2,0
2026-05-04 14:10:00,1.17077,1.17134,1.17069,1.1713,812,2,0
2026-05-04 14:20:00,1.1713,1.17156,1.17117,1.17138,688,2,0
2026-05-04 14:30:00,1.17138,1.1716199999999999,1.17124,1.17146,555,2,0
2026-05-04 14:40:00,1.17146,1.1716199999999999,1.17051,1.17077,695,2,0
2026-05-04 14:50:00,1.17077,1.17089,1.17041,1.17071,808,2,0
2026-05-04 15:00:00,1.17071,1.17142,1.17045,1.17132,1207,2,0
2026-05-04 15:10:00,1.17132,1.17156,1.17011,1.17029,1150,2,0
2026-05-04 15:20:00,1.17026,1.17035,1.16965,1.1701,1961,2,0
2026-05-04 15:30:00,1.1701,1.17024,1.16974,1.17,1176,2,0
2026-05-04 15:40:00,1.17,1.17029,1.16963,1.1697,925,2,0
2026-05-04 15:50:00,1.1697,1.17014,1.16939,1.16973,1466,2,0
2026-05-04 16:00:00,1.16973,1.17007,1.1688399999999999,1.16898,1437,2,0
2026-05-04 16:10:00,1.16896,1.16957,1.16841,1.16916,1789,2,0
2026-05-04 16:20:00,1.16916,1.16972,1.16894,1.16906,1120,2,0
2026-05-04 16:30:00,1.16906,1.16931,1.16854,1.16859,949,2,0
2026-05-04 16:40:00,1.16859,1.16875,1.1682,1.16846,843,2,0
2026-05-04 16:50:00,1.16845,1.16854,1.16809,1.16821,664,2,0
2026-05-04 17:00:00,1.16821,1.16886,1.16816,1.16878,813,2,0
2026-05-04 17:10:00,1.16878,1.16942,1.16868,1.16933,655,2,0
2026-05-04 17:20:00,1.16933,1.1696,1.16911,1.16952,499,2,0
2026-05-04 17:30:00,1.16952,1.16971,1.16915,1.16939,562,2,0
2026-05-04 17:40:00,1.16939,1.16939,1.16909,1.16925,355,2,0
2026-05-04 17:50:00,1.16925,1.16946,1.16922,1.16933,262,2,0
2026-05-04 18:00:00,1.16933,1.16968,1.16913,1.16936,443,2,0
2026-05-04 18:10:00,1.1693500000000001,1.16952,1.16906,1.16913,258,2,0
2026-05-04 18:20:00,1.16913,1.16921,1.16888,1.16914,592,2,0
2026-05-04 18:30:00,1.16914,1.16924,1.16903,1.16923,431,2,0
2026-05-04 18:40:00,1.16923,1.16927,1.16898,1.16912,388,2,0
2026-05-04 18:50:00,1.16912,1.16978,1.16881,1.16971,683,2,0
2026-05-04 19:00:00,1.1696900000000001,1.17004,1.16933,1.16972,1121,2,0
2026-05-04 19:10:00,1.16972,1.16988,1.16947,1.16984,398,2,0
2026-05-04 19:20:00,1.16984,1.17021,1.16971,1.16996,401,2,0
2026-05-04 19:30:00,1.16996,1.17007,1.16986,1.16995,267,2,0
2026-05-04 19:40:00,1.16995,1.16999,1.16972,1.16972,302,2,0
2026-05-04 19:50:00,1.16972,1.16972,1.16939,1.16949,558,2,0
2026-05-04 20:00:00,1.16949,1.16949,1.16924,1.16934,212,2,0
2026-05-04 20:10:00,1.16934,1.16944,1.16893,1.16895,144,2,0
2026-05-04 20:20:00,1.16895,1.16896,1.16871,1.16896,134,2,0
2026-05-04 20:30:00,1.16896,1.16902,1.16889,1.16901,96,2,0
2026-05-04 20:40:00,1.16901,1.16924,1.16901,1.16917,104,2,0
2026-05-04 20:50:00,1.16917,1.16924,1.16901,1.16901,227,2,0
2026-05-04 21:00:00,1.16902,1.16902,1.16861,1.16876,23,45,0
2026-05-04 21:10:00,1.16876,1.1688399999999999,1.16873,1.1688399999999999,19,58,0
2026-05-04 21:20:00,1.1688399999999999,1.16899,1.1688399999999999,1.16896,19,48,0
2026-05-04 21:30:00,1.16896,1.16907,1.16888,1.16891,30,32,0
2026-05-04 21:40:00,1.16889,1.16893,1.16886,1.16887,25,22,0
2026-05-04 21:50:00,1.16887,1.16895,1.16885,1.16895,22,17,0
2026-05-04 22:00:00,1.16895,1.16911,1.16886,1.16899,95,2,0
2026-05-04 22:10:00,1.16899,1.169,1.16887,1.1689,82,2,0
2026-05-04 22:20:00,1.1689,1.16909,1.1689,1.16909,42,3,0
2026-05-04 22:30:00,1.1690800000000001,1.16916,1.16904,1.16911,60,2,0
2026-05-04 22:40:00,1.16912,1.16913,1.16906,1.16907,41,2,0
2026-05-04 22:50:00,1.16907,1.1690800000000001,1.16897,1.16899,45,3,0
2026-05-04 23:00:00,1.16899,1.16911,1.16897,1.16911,56,2,0
2026-05-04 23:10:00,1.16911,1.16911,1.16904,1.16911,39,2,0
2026-05-04 23:20:00,1.16911,1.16923,1.1691,1.16917,29,2,0
2026-05-04 23:30:00,1.16917,1.16931,1.16911,1.16916,55,2,0
2026-05-04 23:40:00,1.16916,1.16923,1.1691,1.16917,56,2,0
2026-05-04 23:50:00,1.16917,1.16919,1.16911,1.16915,86,2,0
2026-05-05 00:00:00,1.16915,1.16938,1.16907,1.16927,247,2,0
2026-05-05 00:10:00,1.16927,1.16937,1.16898,1.16907,213,2,0
2026-05-05 00:20:00,1.16907,1.16907,1.1686,1.16871,240,2,0
2026-05-05 00:30:00,1.16871,1.16871,1.16849,1.16865,207,2,0
2026-05-05 00:40:00,1.16865,1.16885,1.16856,1.1688,155,2,0
2026-05-05 00:50:00,1.1688,1.16888,1.16861,1.16862,129,2,0
2026-05-05 01:00:00,1.16862,1.16865,1.16841,1.16853,303,2,0
2026-05-05 01:10:00,1.16853,1.16859,1.1684,1.16841,210,2,0
2026-05-05 01:20:00,1.16841,1.16846,1.1679599999999999,1.16817,277,2,0
2026-05-05 01:30:00,1.16817,1.16877,1.16811,1.16842,364,2,0
2026-05-05 01:40:00,1.16842,1.16865,1.16841,1.1685699999999999,370,2,0
2026-05-05 01:50:00,1.1685699999999999,1.16881,1.16855,1.16867,248,2,0
2026-05-05 02:00:00,1.16867,1.16883,1.16865,1.16877,289,2,0
2026-05-05 02:10:00,1.16877,1.16877,1.16861,1.16872,150,2,0
2026-05-05 02:20:00,1.16872,1.16905,1.1687,1.16897,169,2,0
2026-05-05 02:30:00,1.16897,1.16909,1.1689,1.16901,195,2,0
2026-05-05 02:40:00,1.16901,1.16913,1.16893,1.16895,177,2,0
2026-05-05 02:50:00,1.16895,1.16896,1.16871,1.1687400000000001,142,2,0
2026-05-05 03:00:00,1.16872,1.1687400000000001,1.1685,1.16859,170,2,0
2026-05-05 03:10:00,1.16859,1.16875,1.16859,1.16875,119,2,0
2026-05-05 03:20:00,1.16875,1.1688,1.16865,1.1687,143,2,0
2026-05-05 03:30:00,1.1687,1.1687,1.16852,1.16856,140,2,0
2026-05-05 03:40:00,1.16856,1.16856,1.16844,1.16855,68,2,0
2026-05-05 03:50:00,1.16855,1.16856,1.16834,1.16839,157,2,0
2026-05-05 04:00:00,1.16838,1.1685699999999999,1.16835,1.16851,137,2,0
2026-05-05 04:10:00,1.1685,1.16861,1.16849,1.1686,85,2,0
2026-05-05 04:20:00,1.1686,1.16866,1.16854,1.16861,111,2,0
2026-05-05 04:30:00,1.16861,1.16872,1.16846,1.1685,294,2,0
2026-05-05 04:40:00,1.1685,1.16859,1.16821,1.16825,200,2,0
2026-05-05 04:50:00,1.16825,1.1684,1.16769,1.16777,317,2,0
2026-05-05 05:00:00,1.16777,1.168,1.16764,1.1679,264,2,0
2026-05-05 05:10:00,1.1679,1.16795,1.16773,1.1678,170,2,0
2026-05-05 05:20:00,1.1678,1.16817,1.1678,1.1679599999999999,147,2,0
2026-05-05 05:30:00,1.1679599999999999,1.16842,1.16794,1.16832,463,2,0
2026-05-05 05:40:00,1.16832,1.16844,1.16821,1.16832,342,2,0
2026-05-05 05:50:00,1.16832,1.16836,1.16809,1.16831,233,2,0
2026-05-05 06:00:00,1.16831,1.16865,1.16819,1.16861,545,2,0
2026-05-05 06:10:00,1.16861,1.16872,1.16811,1.16814,362,2,0
2026-05-05 06:20:00,1.16814,1.16858,1.16793,1.1684700000000001,281,2,0
2026-05-05 06:30:00,1.1684700000000001,1.16895,1.1684,1.16865,455,2,0
2026-05-05 06:40:00,1.16865,1.1688,1.16849,1.16855,455,2,0
2026-05-05 06:50:00,1.16855,1.16881,1.16849,1.16858,403,2,0
2026-05-05 07:00:00,1.1686,1.1693,1.16856,1.1691,725,2,0
2026-05-05 07:10:00,1.1691,1.16921,1.16885,1.16895,366,2,0
2026-05-05 07:20:00,1.16895,1.16911,1.16875,1.16876,406,2,0
2026-05-05 07:30:00,1.16876,1.16966,1.16865,1.16951,578,2,0
2026-05-05 07:40:00,1.16951,1.16951,1.16903,1.16906,380,2,0
2026-05-05 07:50:00,1.16906,1.16929,1.1689,1.1689,272,2,0
2026-05-05 08:00:00,1.1689,1.16932,1.16885,1.16916,406,2,0
2026-05-05 08:10:00,1.16916,1.16931,1.1691,1.16922,250,2,0
2026-05-05 08:20:00,1.16922,1.16967,1.1691799999999999,1.16942,399,2,0
2026-05-05 08:30:00,1.16941,1.16947,1.16858,1.16861,528,2,0
2026-05-05 08:40:00,1.16862,1.16886,1.16848,1.16864,414,2,0
2026-05-05 08:50:00,1.16864,1.16907,1.16864,1.16887,314,2,0
2026-05-05 09:00:00,1.16887,1.16896,1.16838,1.16887,764,2,0
2026-05-05 09:10:00,1.16887,1.16903,1.16816,1.16819,535,2,0
2026-05-05 09:20:00,1.16819,1.16867,1.1681,1.16863,497,2,0
2026-05-05 09:30:00,1.16863,1.16909,1.16863,1.16887,632,2,0
2026-05-05 09:40:00,1.16887,1.16928,1.16887,1.16899,294,2,0
2026-05-05 09:50:00,1.16899,1.16909,1.16862,1.16901,520,2,0
2026-05-05 10:00:00,1.16901,1.16904,1.16869,1.16881,385,2,0
2026-05-05 10:10:00,1.16881,1.1690800000000001,1.16876,1.16907,181,2,0
2026-05-05 10:20:00,1.1690800000000001,1.16955,1.1690800000000001,1.1694499999999999,270,2,0
2026-05-05 10:30:00,1.16943,1.16976,1.16905,1.16907,525,2,0
2026-05-05 10:40:00,1.16907,1.16926,1.16872,1.16886,335,2,0
2026-05-05 10:50:00,1.16886,1.16895,1.16873,1.16894,259,2,0
2026-05-05 11:00:00,1.16894,1.16901,1.16832,1.1686,580,2,0
2026-05-05 11:10:00,1.16861,1.16862,1.16832,1.1685,336,2,0
2026-05-05 11:20:00,1.1685,1.16937,1.16845,1.16926,416,2,0
2026-05-05 11:30:00,1.16926,1.16946,1.16896,1.16899,509,2,0
2026-05-05 11:40:00,1.16899,1.16915,1.16882,1.16903,335,2,0
2026-05-05 11:50:00,1.16903,1.16912,1.16876,1.1689,436,2,0
2026-05-05 12:00:00,1.1689,1.16898,1.16852,1.16862,893,2,0
2026-05-05 12:10:00,1.16862,1.16941,1.16852,1.1693500000000001,965,2,0
2026-05-05 12:20:00,1.1693500000000001,1.16977,1.16916,1.16961,744,2,0
2026-05-05 12:30:00,1.16961,1.1697,1.16905,1.1691,541,2,0
2026-05-05 12:40:00,1.1691,1.16929,1.16902,1.16906,424,2,0
2026-05-05 12:50:00,1.16906,1.1693,1.16901,1.16923,383,2,0
2026-05-05 13:00:00,1.16923,1.17027,1.1692,1.17005,703,2,0
2026-05-05 13:10:00,1.17005,1.17042,1.17,1.17041,501,2,0
2026-05-05 13:20:00,1.17041,1.17046,1.17005,1.17008,470,2,0
2026-05-05 13:30:00,1.17008,1.17033,1.16993,1.17001,708,2,0
2026-05-05 13:40:00,1.17001,1.17014,1.1697,1.16986,637,2,0
2026-05-05 13:50:00,1.16986,1.17009,1.16964,1.16972,725,2,0
2026-05-05 14:00:00,1.1697,1.17058,1.16958,1.17026,848,2,0
2026-05-05 14:10:00,1.17026,1.17036,1.16915,1.16953,1352,2,0
2026-05-05 14:20:00,1.16953,1.17043,1.1694,1.17018,678,2,0
2026-05-05 14:30:00,1.1702,1.17027,1.16981,1.16996,673,2,0
2026-05-05 14:40:00,1.16996,1.17049,1.16976,1.17043,613,2,0
2026-05-05 14:50:00,1.17043,1.17058,1.16985,1.17056,770,2,0
2026-05-05 15:00:00,1.17056,1.17105,1.17051,1.17064,764,2,0
2026-05-05 15:10:00,1.17065,1.17077,1.17024,1.17025,697,2,0
2026-05-05 15:20:00,1.17025,1.17058,1.1701,1.17058,465,2,0
2026-05-05 15:30:00,1.17058,1.1711,1.17034,1.17093,581,2,0
2026-05-05 15:40:00,1.17094,1.17136,1.17082,1.17118,427,2,0
2026-05-05 15:50:00,1.17118,1.17123,1.17064,1.17064,566,2,0
2026-05-05 16:00:00,1.17064,1.17086,1.17039,1.1703999999999999,370,2,0
2026-05-05 16:10:00,1.1703999999999999,1.17046,1.16997,1.17011,323,2,0
2026-05-05 16:20:00,1.17012,1.17017,1.16986,1.17003,273,2,0
2026-05-05 16:30:00,1.17003,1.17026,1.1697899999999999,1.17013,254,2,0
2026-05-05 16:40:00,1.17013,1.17034,1.17011,1.17015,305,2,0
2026-05-05 16:50:00,1.17015,1.17024,1.16987,1.16992,271,2,0
2026-05-05 17:00:00,1.16992,1.17016,1.16972,1.16974,369,2,0
2026-05-05 17:10:00,1.16974,1.16996,1.1696,1.16994,263,2,0
2026-05-05 17:20:00,1.16994,1.16997,1.1697,1.16993,233,2,0
2026-05-05 17:30:00,1.16993,1.17041,1.16988,1.17018,438,2,0
2026-05-05 17:40:00,1.17018,1.17026,1.16994,1.17004,420,2,0
2026-05-05 17:50:00,1.17004,1.17012,1.16976,1.16987,283,2,0
2026-05-05 18:00:00,1.16987,1.17004,1.16982,1.16983,228,2,0
2026-05-05 18:10:00,1.16983,1.16993,1.16978,1.16987,128,2,0
2026-05-05 18:20:00,1.16987,1.1700599999999999,1.16983,1.16992,154,2,0
2026-05-05 18:30:00,1.16992,1.16999,1.1697,1.16992,194,2,0
2026-05-05 18:40:00,1.16992,1.17,1.16987,1.16988,178,2,0
2026-05-05 18:50:00,1.16988,1.17007,1.16988,1.16998,170,2,0
2026-05-05 19:00:00,1.16998,1.17011,1.16977,1.16981,190,2,0
2026-05-05 19:10:00,1.16981,1.16987,1.16968,1.1697,150,2,0
2026-05-05 19:20:00,1.1697,1.16974,1.16949,1.16953,144,2,0
2026-05-05 19:30:00,1.16953,1.16967,1.16952,1.16964,179,2,0
2026-05-05 19:40:00,1.16964,1.16968,1.16946,1.16947,189,2,0
2026-05-05 19:50:00,1.16947,1.16958,1.16942,1.16952,334,2,0
2026-05-05 20:00:00,1.16952,1.16968,1.16948,1.16961,170,2,0
2026-05-05 20:10:00,1.16961,1.16966,1.16947,1.16948,135,2,0
2026-05-05 20:20:00,1.16948,1.16949,1.16941,1.1694499999999999,54,2,0
2026-05-05 20:30:00,1.1694499999999999,1.1694499999999999,1.16931,1.16931,78,2,0
2026-05-05 20:40:00,1.16931,1.1694,1.1692,1.1694,136,2,0
2026-05-05 20:50:00,1.1694,1.16948,1.16923,1.16925,208,2,0
2026-05-05 21:00:00,1.16916,1.16928,1.16914,1.16927,24,26,0
2026-05-05 21:10:00,1.16927,1.16927,1.16922,1.16926,15,23,0
2026-05-05 21:20:00,1.16926,1.16927,1.16926,1.16926,12,21,0
2026-05-05 21:30:00,1.16926,1.1693,1.16926,1.1693,11,20,0
2026-05-05 21:40:00,1.1693,1.16934,1.16927,1.16927,22,15,0
2026-05-05 21:50:00,1.16926,1.16927,1.16923,1.16924,17,21,0
2026-05-05 22:00:00,1.16923,1.16951,1.1692,1.16944,100,3,0
2026-05-05 22:10:00,1.16944,1.1695,1.16925,1.16925,94,3,0
2026-05-05 22:20:00,1.16925,1.1693,1.16915,1.16926,67,3,0
2026-05-05 22:30:00,1.16926,1.16932,1.16917,1.16931,94,3,0
2026-05-05 22:40:00,1.16931,1.1693500000000001,1.16928,1.1693,77,3,0
2026-05-05 22:50:00,1.1693,1.17092,1.1693,1.17053,1140,2,0
2026-05-05 23:00:00,1.17053,1.17156,1.1705,1.17146,571,2,0
2026-05-05 23:10:00,1.17146,1.17244,1.17135,1.17231,721,2,0
2026-05-05 23:20:00,1.17231,1.17253,1.17175,1.17176,438,2,0
2026-05-05 23:30:00,1.17176,1.17212,1.1717,1.17185,358,2,0
2026-05-05 23:40:00,1.17185,1.17187,1.17161,1.17165,297,2,0
2026-05-05 23:50:00,1.17165,1.17176,1.17144,1.17145,248,2,0
2026-05-06 00:00:00,1.17145,1.17165,1.17123,1.17144,1021,2,0
2026-05-06 00:10:00,1.17144,1.1715200000000001,1.17111,1.17148,537,2,0
2026-05-06 00:20:00,1.17148,1.1718,1.17131,1.17137,551,2,0
2026-05-06 00:30:00,1.17137,1.17203,1.17133,1.17184,438,2,0
2026-05-06 00:40:00,1.17184,1.17203,1.1717,1.17174,410,2,0
2026-05-06 00:50:00,1.17174,1.17214,1.17174,1.17201,333,2,0
2026-05-06 01:00:00,1.17201,1.17215,1.17176,1.17192,581,2,0
2026-05-06 01:10:00,1.17192,1.17237,1.17187,1.17231,315,2,0
2026-05-06 01:20:00,1.17231,1.17252,1.17217,1.1722299999999999,302,2,0
2026-05-06 01:30:00,1.1722299999999999,1.1722299999999999,1.17182,1.17217,621,2,0
2026-05-06 01:40:00,1.17217,1.1726,1.17214,1.17254,408,2,0
2026-05-06 01:50:00,1.17254,1.17254,1.17208,1.17212,665,2,0
2026-05-06 02:00:00,1.17211,1.1724700000000001,1.1721,1.17231,597,2,0
2026-05-06 02:10:00,1.17231,1.17233,1.17212,1.17225,350,2,0
2026-05-06 02:20:00,1.17225,1.17229,1.1718,1.17183,327,2,0
2026-05-06 02:30:00,1.17183,1.17196,1.17175,1.17175,255,2,0
2026-05-06 02:40:00,1.17175,1.1718,1.17155,1.1717,254,2,0
2026-05-06 02:50:00,1.1717,1.17183,1.17164,1.17173,164,2,0
2026-05-06 03:00:00,1.17173,1.1722,1.17168,1.17209,309,2,0
2026-05-06 03:10:00,1.17209,1.17218,1.17187,1.17207,209,2,0
2026-05-06 03:20:00,1.17207,1.1722,1.17197,1.17202,149,2,0
2026-05-06 03:30:00,1.17202,1.17229,1.17177,1.17211,362,2,0
2026-05-06 03:40:00,1.17211,1.17212,1.17163,1.17163,250,2,0
2026-05-06 03:50:00,1.17163,1.1718,1.1716199999999999,1.17177,202,2,0
2026-05-06 04:00:00,1.17177,1.17182,1.1716199999999999,1.17165,177,2,0
2026-05-06 04:10:00,1.17165,1.17184,1.17164,1.17175,148,2,0
2026-05-06 04:20:00,1.17175,1.17283,1.17174,1.1728,669,2,0
2026-05-06 04:30:00,1.1728,1.17365,1.17263,1.17337,1970,2,0
2026-05-06 04:40:00,1.17337,1.17394,1.17301,1.17391,1648,2,0
2026-05-06 04:50:00,1.17391,1.17429,1.17366,1.1736900000000001,1524,2,0
2026-05-06 05:00:00,1.1737,1.1738,1.17347,1.17366,1069,2,0
2026-05-06 05:10:00,1.17366,1.17367,1.1731,1.17329,673,2,0
2026-05-06 05:20:00,1.17329,1.17342,1.173,1.1733,469,2,0
2026-05-06 05:30:00,1.1733,1.17332,1.17312,1.17323,332,2,0
2026-05-06 05:40:00,1.17323,1.17333,1.17314,1.17322,230,2,0
2026-05-06 05:50:00,1.17322,1.17331,1.17306,1.17329,353,2,0
2026-05-06 06:00:00,1.17329,1.1735,1.1730800000000001,1.17325,585,2,0
2026-05-06 06:10:00,1.17325,1.17341,1.17304,1.17315,553,2,0
2026-05-06 06:20:00,1.17315,1.1735,1.17309,1.17326,446,2,0
2026-05-06 06:30:00,1.17326,1.17338,1.17282,1.17329,504,2,0
2026-05-06 06:40:00,1.17329,1.1735,1.1729,1.17343,578,2,0
2026-05-06 06:50:00,1.17343,1.17355,1.1731,1.17333,441,2,0
2026-05-06 07:00:00,1.17333,1.17366,1.17302,1.17306,605,2,0
2026-05-06 07:10:00,1.17306,1.17315,1.1727,1.17283,498,2,0
2026-05-06 07:20:00,1.17283,1.17309,1.17273,1.17302,471,2,0
2026-05-06 07:30:00,1.17302,1.1730800000000001,1.17244,1.17289,525,2,0
2026-05-06 07:40:00,1.17289,1.17322,1.17277,1.17293,643,2,0
2026-05-06 07:50:00,1.17293,1.17381,1.17282,1.17377,902,2,0
2026-05-06 08:00:00,1.17375,1.17398,1.17332,1.17336,801,2,0
2026-05-06 08:10:00,1.17336,1.17357,1.1733,1.17352,618,2,0
2026-05-06 08:20:00,1.17352,1.1738,1.17328,1.17378,465,2,0
2026-05-06 08:30:00,1.17378,1.17475,1.17372,1.1745700000000001,572,2,0
2026-05-06 08:40:00,1.1745700000000001,1.1751800000000001,1.17456,1.17473,597,2,0
2026-05-06 08:50:00,1.17474,1.17706,1.17473,1.1762299999999999,3069,2,0
2026-05-06 09:00:00,1.1762299999999999,1.17644,1.1756,1.17601,1230,2,0
2026-05-06 09:10:00,1.17601,1.17672,1.1758899999999999,1.17661,1038,2,0
2026-05-06 09:20:00,1.17662,1.17696,1.17616,1.17665,730,2,0
2026-05-06 09:30:00,1.17664,1.17725,1.17649,1.17722,1043,2,0
2026-05-06 09:40:00,1.17722,1.17757,1.17709,1.17756,552,2,0
2026-05-06 09:50:00,1.17756,1.1777,1.17729,1.17751,584,2,0
2026-05-06 10:00:00,1.1775,1.1777,1.17702,1.17716,724,2,0
2026-05-06 10:10:00,1.17716,1.17725,1.1767400000000001,1.17691,600,2,0
2026-05-06 10:20:00,1.17691,1.17704,1.17664,1.17693,738,2,0
2026-05-06 10:30:00,1.17693,1.1775,1.17693,1.17741,790,2,0
2026-05-06 10:40:00,1.17741,1.17882,1.1774,1.17841,1407,2,0
2026-05-06 10:50:00,1.17841,1.17966,1.17841,1.17889,1643,2,0
2026-05-06 11:00:00,1.17889,1.17915,1.17858,1.17879,1300,2,0
2026-05-06 11:10:00,1.17879,1.17885,1.17824,1.17853,1106,2,0
2026-05-06 11:20:00,1.17853,1.17897,1.17819,1.17851,780,2,0
2026-05-06 11:30:00,1.17851,1.17862,1.1782,1.1785,707,2,0
2026-05-06 11:40:00,1.17849,1.17865,1.17726,1.17739,1562,2,0
2026-05-06 11:50:00,1.17739,1.17746,1.1768,1.17699,923,2,0
2026-05-06 12:00:00,1.17699,1.1770100000000001,1.176,1.17619,1335,2,0
2026-05-06 12:10:00,1.17619,1.17619,1.17517,1.17587,1413,2,0
2026-05-06 12:20:00,1.17587,1.1762299999999999,1.17544,1.17602,881,2,0
2026-05-06 12:30:00,1.17602,1.17639,1.17572,1.17575,671,2,0
2026-05-06 12:40:00,1.17575,1.17617,1.17557,1.17592,726,2,0
2026-05-06 12:50:00,1.17592,1.176,1.17527,1.17535,791,2,0
2026-05-06 13:00:00,1.17533,1.17592,1.17462,1.1749100000000001,1487,2,0
2026-05-06 13:10:00,1.1749100000000001,1.1757900000000001,1.1749,1.17534,807,2,0
2026-05-06 13:20:00,1.17534,1.17536,1.17494,1.17507,796,2,0
2026-05-06 13:30:00,1.17507,1.1756199999999999,1.1747,1.17534,1172,2,0
2026-05-06 13:40:00,1.17534,1.17548,1.1751,1.17534,688,2,0
2026-05-06 13:50:00,1.17533,1.1755,1.17495,1.17516,872,2,0
2026-05-06 14:00:00,1.17516,1.17519,1.17449,1.17497,1134,2,0
2026-05-06 14:10:00,1.17497,1.17502,1.1745700000000001,1.17485,853,2,0
2026-05-06 14:20:00,1.17485,1.1751800000000001,1.1745700000000001,1.17466,829,2,0
2026-05-06 14:30:00,1.17466,1.17561,1.17462,1.17557,741,2,0
2026-05-06 14:40:00,1.17557,1.17628,1.17545,1.17593,1211,2,0
2026-05-06 14:50:00,1.17593,1.17619,1.17547,1.17551,1245,2,0
2026-05-06 15:00:00,1.17551,1.17553,1.17502,1.17522,754,2,0
2026-05-06 15:10:00,1.17522,1.17536,1.17486,1.17509,717,2,0
2026-05-06 15:20:00,1.17511,1.1754,1.17507,1.1753,580,2,0
2026-05-06 15:30:00,1.1753,1.17558,1.1751800000000001,1.17542,554,2,0
2026-05-06 15:40:00,1.17543,1.17584,1.17536,1.17556,580,2,0
2026-05-06 15:50:00,1.17557,1.17573,1.17523,1.1752799999999999,528,2,0
2026-05-06 16:00:00,1.1752799999999999,1.17535,1.1749,1.17508,594,2,0
2026-05-06 16:10:00,1.17508,1.1752799999999999,1.17498,1.17509,513,2,0
2026-05-06 16:20:00,1.17509,1.1752799999999999,1.17506,1.17507,374,2,0
2026-05-06 16:30:00,1.17508,1.1752799999999999,1.17494,1.17503,328,2,0
2026-05-06 16:40:00,1.17503,1.17514,1.17484,1.17492,302,2,0
2026-05-06 16:50:00,1.17492,1.17503,1.17417,1.17442,682,2,0
2026-05-06 17:00:00,1.17442,1.1752799999999999,1.17426,1.17511,470,2,0
2026-05-06 17:10:00,1.17511,1.17527,1.17506,1.17519,212,2,0
2026-05-06 17:20:00,1.17519,1.17555,1.17516,1.17533,282,2,0
2026-05-06 17:30:00,1.17534,1.17538,1.17472,1.17472,246,2,0
2026-05-06 17:40:00,1.17472,1.17473,1.1745,1.17452,535,2,0
2026-05-06 17:50:00,1.17452,1.17482,1.17447,1.17481,218,2,0
2026-05-06 18:00:00,1.17481,1.17495,1.1745700000000001,1.17464,392,2,0
2026-05-06 18:10:00,1.17464,1.17483,1.17455,1.17478,380,2,0
2026-05-06 18:20:00,1.17478,1.17483,1.17446,1.17455,331,2,0
2026-05-06 18:30:00,1.17455,1.17477,1.17455,1.17477,291,2,0
2026-05-06 18:40:00,1.17477,1.17482,1.1746699999999999,1.1747,167,2,0
2026-05-06 18:50:00,1.1747,1.17516,1.17458,1.17493,392,2,0
2026-05-06 19:00:00,1.17493,1.17525,1.17488,1.17523,446,2,0
2026-05-06 19:10:00,1.17523,1.17548,1.17523,1.17548,161,2,0
2026-05-06 19:20:00,1.17548,1.17554,1.17526,1.17532,256,2,0
2026-05-06 19:30:00,1.17532,1.17532,1.17511,1.1752799999999999,351,2,0
2026-05-06 19:40:00,1.1752799999999999,1.1752799999999999,1.17484,1.17487,254,2,0
2026-05-06 19:50:00,1.17487,1.1751800000000001,1.17475,1.17475,414,2,0
2026-05-06 20:00:00,1.17476,1.1749,1.17462,1.17477,250,2,0
2026-05-06 20:10:00,1.17477,1.17505,1.17476,1.1749100000000001,165,2,0
2026-05-06 20:20:00,1.1749100000000001,1.1750099999999999,1.17481,1.17482,113,2,0
2026-05-06 20:30:00,1.17482,1.17485,1.17452,1.1746,99,2,0
2026-05-06 20:40:00,1.1746,1.17464,1.17448,1.17459,68,2,0
2026-05-06 20:50:00,1.17459,1.17489,1.17458,1.17481,157,2,0
2026-05-06 21:00:00,1.17441,1.17464,1.17423,1.1745700000000001,26,41,0
2026-05-06 21:10:00,1.1745700000000001,1.17478,1.17442,1.17477,36,23,0
2026-05-06 21:20:00,1.17477,1.17479,1.17472,1.17477,95,32,0
2026-05-06 21:30:00,1.17477,1.17483,1.17475,1.17482,37,33,0
2026-05-06 21:40:00,1.17482,1.17496,1.17482,1.17484,80,18,0
2026-05-06 21:50:00,1.17484,1.17487,1.17482,1.17484,97,21,0
2026-05-06 22:00:00,1.17484,1.17503,1.17483,1.17497,100,4,0
2026-05-06 22:10:00,1.17497,1.17509,1.17496,1.17506,91,3,0
2026-05-06 22:20:00,1.17506,1.17509,1.1749100000000001,1.17494,114,2,0
2026-05-06 22:30:00,1.17495,1.17508,1.17492,1.17506,135,3,0
2026-05-06 22:40:00,1.17506,1.17512,1.17496,1.17503,121,2,0
2026-05-06 22:50:00,1.17503,1.17506,1.17497,1.17503,109,4,0
2026-05-06 23:00:00,1.17503,1.1751800000000001,1.17498,1.17517,112,2,0
2026-05-06 23:10:00,1.17517,1.17517,1.17498,1.17498,86,2,0
2026-05-06 23:20:00,1.17498,1.17498,1.17483,1.1749100000000001,69,2,0
2026-05-06 23:30:00,1.1749100000000001,1.17492,1.17482,1.17485,79,2,0
2026-05-06 23:40:00,1.17486,1.17493,1.17479,1.17479,95,2,0
2026-05-06 23:50:00,1.17479,1.1748,1.17462,1.17478,172,2,0
2026-05-07 00:00:00,1.17478,1.17524,1.17466,1.17488,733,2,0
2026-05-07 00:10:00,1.17488,1.1754,1.17483,1.17515,550,2,0
2026-05-07 00:20:00,1.17515,1.17519,1.17473,1.17484,415,2,0
2026-05-07 00:30:00,1.17484,1.17497,1.17471,1.17496,366,2,0
2026-05-07 00:40:00,1.17496,1.17507,1.17468,1.1748,325,2,0
2026-05-07 00:50:00,1.17479,1.17494,1.17469,1.17485,366,2,0
2026-05-07 01:00:00,1.17485,1.17496,1.17464,1.1749,363,2,0
2026-05-07 01:10:00,1.1749,1.17567,1.17489,1.17566,598,2,0
2026-05-07 01:20:00,1.17566,1.17576,1.17557,1.17568,350,2,0
2026-05-07 01:30:00,1.17568,1.17618,1.17556,1.17614,454,2,0
2026-05-07 01:40:00,1.17614,1.17632,1.17607,1.1761,453,2,0
2026-05-07 01:50:00,1.1761,1.17622,1.17582,1.1758899999999999,412,2,0
2026-05-07 02:00:00,1.1758899999999999,1.17608,1.1756199999999999,1.17563,417,2,0
2026-05-07 02:10:00,1.17563,1.17572,1.17558,1.17564,226,2,0
2026-05-07 02:20:00,1.17564,1.17572,1.17546,1.17564,240,2,0
2026-05-07 02:30:00,1.17564,1.17576,1.17547,1.1755,277,2,0
2026-05-07 02:40:00,1.1755,1.17565,1.17545,1.17564,225,2,0
2026-05-07 02:50:00,1.17564,1.17578,1.1755200000000001,1.17563,232,2,0
2026-05-07 03:00:00,1.17563,1.17566,1.17537,1.17547,301,2,0
2026-05-07 03:10:00,1.17547,1.17554,1.1752799999999999,1.1755,173,2,0
2026-05-07 03:20:00,1.1755,1.17553,1.17525,1.17525,202,2,0
2026-05-07 03:30:00,1.17525,1.1752799999999999,1.17502,1.17513,231,2,0
2026-05-07 03:40:00,1.17513,1.17522,1.17494,1.17496,172,2,0
2026-05-07 03:50:00,1.17496,1.17505,1.17486,1.17488,191,2,0
2026-05-07 04:00:00,1.17488,1.17505,1.17477,1.17504,210,2,0
2026-05-07 04:10:00,1.17504,1.1752,1.17497,1.17512,165,2,0
2026-05-07 04:20:00,1.17512,1.1752799999999999,1.17506,1.17523,74,2,0
2026-05-07 04:30:00,1.17522,1.17534,1.17512,1.17534,79,2,0
2026-05-07 04:40:00,1.17534,1.17535,1.17513,1.1752,162,2,0
2026-05-07 04:50:00,1.1752,1.17522,1.17505,1.17507,173,2,0
2026-05-07 05:00:00,1.17507,1.17532,1.17506,1.17513,277,2,0
2026-05-07 05:10:00,1.17513,1.17524,1.17513,1.17513,263,2,0
2026-05-07 05:20:00,1.17513,1.17515,1.17499,1.17514,186,2,0
2026-05-07 05:30:00,1.17514,1.17533,1.17514,1.17525,169,2,0
2026-05-07 05:40:00,1.17525,1.17534,1.17516,1.17527,190,2,0
2026-05-07 05:50:00,1.17527,1.17537,1.17508,1.1751800000000001,181,2,0
2026-05-07 06:00:00,1.1751800000000001,1.1752,1.17493,1.1750099999999999,320,2,0
2026-05-07 06:10:00,1.1750099999999999,1.1751800000000001,1.17493,1.1751800000000001,271,2,0
2026-05-07 06:20:00,1.1751800000000001,1.1751800000000001,1.17477,1.17478,420,2,0
2026-05-07 06:30:00,1.17478,1.17538,1.17451,1.17499,650,2,0
2026-05-07 06:40:00,1.17499,1.17567,1.17492,1.17496,907,2,0
2026-05-07 06:50:00,1.17496,1.17498,1.17449,1.1748,594,2,0
2026-05-07 07:00:00,1.1748,1.17645,1.17479,1.17625,1114,2,0
2026-05-07 07:10:00,1.17625,1.17686,1.17594,1.17609,1109,2,0
2026-05-07 07:20:00,1.17609,1.17671,1.17599,1.17645,705,2,0
2026-05-07 07:30:00,1.17645,1.17666,1.17615,1.17663,644,2,0
2026-05-07 07:40:00,1.17663,1.17677,1.1762,1.17635,618,2,0
2026-05-07 07:50:00,1.17635,1.1767400000000001,1.17633,1.17668,628,2,0
2026-05-07 08:00:00,1.17668,1.1767400000000001,1.17649,1.17661,805,2,0
2026-05-07 08:10:00,1.17661,1.17673,1.17629,1.17645,689,2,0
2026-05-07 08:20:00,1.17645,1.17714,1.1764000000000001,1.17697,769,2,0
2026-05-07 08:30:00,1.17697,1.17734,1.17679,1.177,592,2,0
2026-05-07 08:40:00,1.177,1.1772,1.17694,1.17717,387,2,0
2026-05-07 08:50:00,1.17717,1.17741,1.17697,1.17716,475,2,0
2026-05-07 09:00:00,1.17716,1.17719,1.17668,1.1768,625,2,0
2026-05-07 09:10:00,1.1768,1.17698,1.17657,1.1769,545,2,0
2026-05-07 09:20:00,1.1769,1.17697,1.17656,1.17685,467,2,0
2026-05-07 09:30:00,1.17685,1.17754,1.1768,1.17749,431,2,0
2026-05-07 09:40:00,1.17749,1.17782,1.17746,1.17769,314,2,0
2026-05-07 09:50:00,1.17769,1.1777,1.17691,1.17702,692,2,0
2026-05-07 10:00:00,1.1770100000000001,1.1776,1.17678,1.17758,483,2,0
2026-05-07 10:10:00,1.17758,1.17759,1.17737,1.17739,457,2,0
2026-05-07 10:20:00,1.17739,1.1776,1.1773,1.17748,435,2,0
2026-05-07 10:30:00,1.17748,1.17757,1.17704,1.17719,532,2,0
2026-05-07 10:40:00,1.17719,1.17726,1.17655,1.17655,597,2,0
2026-05-07 10:50:00,1.17655,1.17694,1.17649,1.17668,641,2,0
2026-05-07 11:00:00,1.17668,1.17685,1.17647,1.17667,552,2,0
2026-05-07 11:10:00,1.17667,1.17667,1.17622,1.17634,594,2,0
2026-05-07 11:20:00,1.17634,1.17665,1.17628,1.17641,447,2,0
2026-05-07 11:30:00,1.17642,1.1767,1.17628,1.1766,450,2,0
2026-05-07 11:40:00,1.17661,1.17679,1.17648,1.17651,399,2,0
2026-05-07 11:50:00,1.17651,1.17702,1.17637,1.17698,427,2,0
2026-05-07 12:00:00,1.17698,1.17718,1.17678,1.17698,578,2,0
2026-05-07 12:10:00,1.17698,1.17733,1.17688,1.17693,643,2,0
2026-05-07 12:20:00,1.17693,1.17718,1.17671,1.17695,747,2,0
2026-05-07 12:30:00,1.17691,1.17715,1.17691,1.17705,490,2,0
2026-05-07 12:40:00,1.17705,1.17756,1.177,1.17754,426,2,0
2026-05-07 12:50:00,1.17754,1.1778,1.17726,1.17728,601,2,0
2026-05-07 13:00:00,1.17728,1.17744,1.17697,1.17729,773,2,0
2026-05-07 13:10:00,1.17729,1.17755,1.17704,1.17755,650,2,0
2026-05-07 13:20:00,1.17755,1.17771,1.17739,1.17754,594,2,0
2026-05-07 13:30:00,1.17754,1.17755,1.17696,1.17704,796,2,0
2026-05-07 13:40:00,1.17704,1.17746,1.17694,1.17718,903,2,0
2026-05-07 13:50:00,1.17717,1.17722,1.17665,1.17685,790,2,0
2026-05-07 14:00:00,1.17685,1.17702,1.17638,1.17666,866,2,0
2026-05-07 14:10:00,1.17666,1.17706,1.17649,1.17698,694,2,0
2026-05-07 14:20:00,1.17698,1.17732,1.17691,1.17694,585,2,0
2026-05-07 14:30:00,1.17695,1.17724,1.17676,1.17692,801,2,0
2026-05-07 14:40:00,1.17692,1.17754,1.17685,1.17744,559,2,0
2026-05-07 14:50:00,1.17744,1.1777199999999999,1.17722,1.17758,929,2,0
2026-05-07 15:00:00,1.17758,1.17778,1.1774,1.17759,661,2,0
2026-05-07 15:10:00,1.17759,1.17769,1.17719,1.17741,482,2,0
2026-05-07 15:20:00,1.17741,1.17747,1.1763,1.17649,1061,2,0
2026-05-07 15:30:00,1.17649,1.17712,1.17644,1.17693,513,2,0
2026-05-07 15:40:00,1.17693,1.17712,1.17665,1.17669,539,2,0
2026-05-07 15:50:00,1.17669,1.17676,1.1763,1.17636,630,2,0
2026-05-07 16:00:00,1.17637,1.17658,1.17587,1.17602,947,2,0
2026-05-07 16:10:00,1.17602,1.1761300000000001,1.17564,1.1757,872,2,0
2026-05-07 16:20:00,1.1757,1.17638,1.1757,1.17632,730,2,0
2026-05-07 16:30:00,1.17632,1.17646,1.17607,1.17612,587,2,0
2026-05-07 16:40:00,1.17612,1.17629,1.17592,1.17601,674,2,0
2026-05-07 16:50:00,1.17601,1.17612,1.17568,1.17603,509,2,0
2026-05-07 17:00:00,1.17603,1.17608,1.17567,1.17573,450,2,0
2026-05-07 17:10:00,1.17572,1.17597,1.17559,1.17561,459,2,0
2026-05-07 17:20:00,1.17561,1.17593,1.1746699999999999,1.17471,1596,2,0
2026-05-07 17:30:00,1.17471,1.17493,1.17356,1.17468,1251,2,0
2026-05-07 17:40:00,1.17468,1.17476,1.17417,1.1745,675,2,0
2026-05-07 17:50:00,1.1745,1.17499,1.17432,1.17489,883,2,0
2026-05-07 18:00:00,1.17488,1.17514,1.17472,1.17477,696,2,0
2026-05-07 18:10:00,1.17477,1.17507,1.17462,1.17496,543,2,0
2026-05-07 18:20:00,1.17496,1.17514,1.17487,1.17508,603,2,0
2026-05-07 18:30:00,1.17508,1.17519,1.1746699999999999,1.17497,707,2,0
2026-05-07 18:40:00,1.17497,1.17502,1.174,1.17429,1039,2,0
2026-05-07 18:50:00,1.17427,1.17508,1.17412,1.175,1406,2,0
2026-05-07 19:00:00,1.175,1.1754,1.17454,1.1753,627,2,0
2026-05-07 19:10:00,1.1753,1.17541,1.17399,1.17404,832,2,0
2026-05-07 19:20:00,1.17404,1.17424,1.17364,1.17413,812,2,0
2026-05-07 19:30:00,1.17413,1.17484,1.1741,1.1747,314,2,0
2026-05-07 19:40:00,1.1747,1.17478,1.17416,1.17433,500,2,0
2026-05-07 19:50:00,1.17433,1.17458,1.17334,1.17334,1070,2,0
2026-05-07 20:00:00,1.17334,1.17447,1.17332,1.17382,937,2,0
2026-05-07 20:10:00,1.17382,1.174,1.17361,1.17366,241,2,0
2026-05-07 20:20:00,1.17366,1.17368,1.17337,1.17349,230,2,0
2026-05-07 20:30:00,1.17349,1.17355,1.17291,1.17294,573,2,0
2026-05-07 20:40:00,1.17294,1.17311,1.17287,1.17292,450,2,0
2026-05-07 20:50:00,1.17292,1.17299,1.17222,1.17233,501,2,0
2026-05-07 21:00:00,1.17239,1.17278,1.17236,1.17261,51,38,0
2026-05-07 21:10:00,1.17261,1.17285,1.17236,1.17285,73,33,0
2026-05-07 21:20:00,1.17285,1.17294,1.17276,1.17282,42,26,0
2026-05-07 21:30:00,1.17282,1.17282,1.17232,1.17261,99,11,0
2026-05-07 21:40:00,1.17261,1.17261,1.17252,1.17256,48,36,0
2026-05-07 21:50:00,1.17256,1.17258,1.17252,1.17256,38,23,0
2026-05-07 22:00:00,1.17256,1.17268,1.17226,1.17243,282,2,0
2026-05-07 22:10:00,1.17243,1.17298,1.17243,1.17286,312,2,0
2026-05-07 22:20:00,1.17286,1.17315,1.17278,1.17285,404,2,0
2026-05-07 22:30:00,1.17285,1.17297,1.17263,1.17267,290,2,0
2026-05-07 22:40:00,1.17267,1.17272,1.17253,1.17258,157,3,0
2026-05-07 22:50:00,1.17258,1.17266,1.1724700000000001,1.17249,121,3,0
2026-05-07 23:00:00,1.17249,1.17256,1.17243,1.17252,94,2,0
2026-05-07 23:10:00,1.17252,1.17269,1.17249,1.1726,62,2,0
2026-05-07 23:20:00,1.1726,1.17276,1.1726,1.17275,71,2,0
2026-05-07 23:30:00,1.17275,1.17276,1.17268,1.17272,71,2,0
2026-05-07 23:40:00,1.17272,1.173,1.17272,1.17299,57,3,0
2026-05-07 23:50:00,1.17299,1.17314,1.17296,1.17304,150,2,0
2026-05-08 00:00:00,1.17304,1.17346,1.17293,1.17338,586,2,0
2026-05-08 00:10:00,1.17338,1.1734499999999999,1.17263,1.17271,428,2,0
2026-05-08 00:20:00,1.17271,1.17309,1.17264,1.17292,439,2,0
2026-05-08 00:30:00,1.17292,1.17313,1.17285,1.17292,472,2,0
2026-05-08 00:40:00,1.17292,1.17302,1.1727400000000001,1.17279,316,2,0
2026-05-08 00:50:00,1.17279,1.17299,1.17268,1.17268,451,2,0
2026-05-08 01:00:00,1.17268,1.17319,1.17268,1.17298,606,2,0
2026-05-08 01:10:00,1.17298,1.17326,1.17294,1.17322,286,2,0
2026-05-08 01:20:00,1.17322,1.1733500000000001,1.17317,1.17319,192,2,0
2026-05-08 01:30:00,1.17319,1.1733,1.1729,1.17307,205,2,0
2026-05-08 01:40:00,1.17307,1.17325,1.17295,1.17323,145,2,0
2026-05-08 01:50:00,1.17323,1.17327,1.17311,1.17324,176,2,0
2026-05-08 02:00:00,1.17324,1.17325,1.17303,1.17313,229,2,0
2026-05-08 02:10:00,1.17313,1.17316,1.17286,1.17302,186,2,0
2026-05-08 02:20:00,1.17302,1.17319,1.17295,1.17295,195,2,0
2026-05-08 02:30:00,1.17295,1.17302,1.17245,1.17253,431,2,0
2026-05-08 02:40:00,1.17254,1.17299,1.17245,1.17294,304,2,0
2026-05-08 02:50:00,1.17294,1.17302,1.17272,1.1727400000000001,338,2,0
2026-05-08 03:00:00,1.1727400000000001,1.1729,1.17268,1.17289,218,2,0
2026-05-08 03:10:00,1.17289,1.17293,1.17276,1.17278,144,2,0
2026-05-08 03:20:00,1.17278,1.17297,1.17275,1.17288,140,2,0
2026-05-08 03:30:00,1.17288,1.1733,1.17287,1.17318,231,2,0
2026-05-08 03:40:00,1.17318,1.17337,1.1730800000000001,1.17309,181,2,0
2026-05-08 03:50:00,1.17309,1.17312,1.17282,1.17282,213,2,0
2026-05-08 04:00:00,1.17282,1.17307,1.17282,1.17298,316,2,0
2026-05-08 04:10:00,1.17298,1.17306,1.17269,1.17295,173,2,0
2026-05-08 04:20:00,1.17295,1.17301,1.17283,1.17293,113,2,0
2026-05-08 04:30:00,1.17293,1.17315,1.17289,1.1731,105,2,0
2026-05-08 04:40:00,1.1731,1.1734499999999999,1.17309,1.17344,135,2,0
2026-05-08 04:50:00,1.17344,1.17357,1.17332,1.17351,263,2,0
2026-05-08 05:00:00,1.17351,1.17366,1.17338,1.17338,195,2,0
2026-05-08 05:10:00,1.17338,1.17346,1.17328,1.17343,225,2,0
2026-05-08 05:20:00,1.17343,1.17363,1.17343,1.17362,186,2,0
2026-05-08 05:30:00,1.17362,1.17386,1.17344,1.17344,310,2,0
2026-05-08 05:40:00,1.17344,1.17375,1.17344,1.17366,179,2,0
2026-05-08 05:50:00,1.17366,1.17386,1.17349,1.1737,227,2,0
2026-05-08 06:00:00,1.1737,1.17463,1.1736900000000001,1.17458,501,2,0
2026-05-08 06:10:00,1.17458,1.1746,1.17403,1.17422,377,2,0
2026-05-08 06:20:00,1.17422,1.17474,1.17413,1.17474,400,2,0
2026-05-08 06:30:00,1.17475,1.17477,1.17429,1.17453,418,2,0
2026-05-08 06:40:00,1.17453,1.17481,1.17449,1.17468,316,2,0
2026-05-08 06:50:00,1.17468,1.17478,1.17439,1.17443,312,2,0
2026-05-08 07:00:00,1.17443,1.17478,1.17425,1.17468,594,2,0
2026-05-08 07:10:00,1.17468,1.17479,1.17431,1.17453,400,2,0
2026-05-08 07:20:00,1.17453,1.17461,1.17422,1.17427,503,2,0
2026-05-08 07:30:00,1.17427,1.17464,1.17423,1.17448,377,2,0
2026-05-08 07:40:00,1.17448,1.17452,1.17416,1.17438,416,2,0
2026-05-08 07:50:00,1.17438,1.17448,1.17421,1.1743000000000001,376,2,0
2026-05-08 08:00:00,1.1743000000000001,1.1745,1.1742,1.17434,356,2,0
2026-05-08 08:10:00,1.17435,1.17482,1.17435,1.17476,395,2,0
2026-05-08 08:20:00,1.17476,1.1755200000000001,1.17475,1.17551,594,2,0
2026-05-08 08:30:00,1.17551,1.17591,1.17549,1.17578,648,2,0
2026-05-08 08:40:00,1.17578,1.17657,1.17567,1.17632,648,2,0
2026-05-08 08:50:00,1.17632,1.1764000000000001,1.17581,1.17638,561,2,0
2026-05-08 09:00:00,1.17638,1.17706,1.17632,1.17678,599,2,0
2026-05-08 09:10:00,1.17678,1.17706,1.17672,1.17698,345,2,0
2026-05-08 09:20:00,1.17698,1.17734,1.17681,1.17681,452,2,0
2026-05-08 09:30:00,1.17681,1.17704,1.17676,1.17689,402,2,0
2026-05-08 09:40:00,1.17689,1.17715,1.17678,1.17694,273,2,0
2026-05-08 09:50:00,1.17694,1.17702,1.17666,1.17689,586,2,0
2026-05-08 10:00:00,1.17689,1.17725,1.17682,1.17715,365,2,0
2026-05-08 10:10:00,1.17715,1.17715,1.17697,1.17697,192,2,0
2026-05-08 10:20:00,1.17697,1.17712,1.17688,1.17694,290,2,0
2026-05-08 10:30:00,1.17694,1.17721,1.17689,1.17703,348,2,0
2026-05-08 10:40:00,1.17703,1.17708,1.17647,1.1764999999999999,344,2,0
2026-05-08 10:50:00,1.1764999999999999,1.17656,1.1761300000000001,1.17639,498,2,0
2026-05-08 11:00:00,1.17639,1.17658,1.17619,1.17645,452,2,0
2026-05-08 11:10:00,1.17645,1.17663,1.17618,1.17649,437,2,0
2026-05-08 11:20:00,1.17649,1.17678,1.17646,1.17668,299,2,0
2026-05-08 11:30:00,1.17668,1.17688,1.17652,1.17659,298,2,0
2026-05-08 11:40:00,1.17659,1.17668,1.17634,1.17663,393,2,0
2026-05-08 11:50:00,1.17663,1.17673,1.17641,1.17652,399,2,0
2026-05-08 12:00:00,1.17652,1.17654,1.17605,1.17611,601,2,0
2026-05-08 12:10:00,1.17611,1.1766,1.17594,1.17654,506,2,0
2026-05-08 12:20:00,1.17654,1.1767,1.17634,1.17635,476,2,0
2026-05-08 12:30:00,1.17635,1.17787,1.17572,1.17781,1526,2,0
2026-05-08 12:40:00,1.17781,1.17783,1.17744,1.17761,1035,2,0
2026-05-08 12:50:00,1.17761,1.17782,1.17712,1.1774,1038,2,0
2026-05-08 13:00:00,1.17737,1.1775,1.17681,1.17686,1172,2,0
2026-05-08 13:10:00,1.17686,1.17766,1.17662,1.1775,902,2,0
2026-05-08 13:20:00,1.17749,1.17787,1.17721,1.17776,650,2,0
2026-05-08 13:30:00,1.17776,1.17871,1.17763,1.17811,994,2,0
2026-05-08 13:40:00,1.17811,1.17847,1.17791,1.17813,883,2,0
2026-05-08 13:50:00,1.17813,1.1782,1.17773,1.17789,558,2,0
2026-05-08 14:00:00,1.17789,1.1779600000000001,1.17693,1.17694,752,2,0
2026-05-08 14:10:00,1.17694,1.1776,1.17672,1.17748,733,2,0
2026-05-08 14:20:00,1.17748,1.17751,1.17672,1.17673,705,2,0
2026-05-08 14:30:00,1.17673,1.1774499999999999,1.17671,1.1774,810,2,0
2026-05-08 14:40:00,1.1774,1.17765,1.17719,1.17753,757,2,0
2026-05-08 14:50:00,1.17753,1.1776,1.17733,1.17744,656,2,0
2026-05-08 15:00:00,1.17743,1.17784,1.17726,1.17743,729,2,0
2026-05-08 15:10:00,1.17743,1.17755,1.17679,1.17682,867,2,0
2026-05-08 15:20:00,1.17682,1.17728,1.17668,1.17725,446,2,0
2026-05-08 15:30:00,1.17725,1.17765,1.17681,1.17765,728,2,0
2026-05-08 15:40:00,1.17765,1.1777,1.17718,1.17767,499,2,0
2026-05-08 15:50:00,1.17767,1.17785,1.17726,1.17727,527,2,0
2026-05-08 16:00:00,1.17727,1.17784,1.17717,1.17744,551,2,0
2026-05-08 16:10:00,1.17744,1.1776200000000001,1.1773500000000001,1.17755,225,2,0
2026-05-08 16:20:00,1.17755,1.17774,1.17754,1.17765,201,2,0
2026-05-08 16:30:00,1.17765,1.17775,1.1773,1.17731,195,2,0
2026-05-08 16:40:00,1.17731,1.17737,1.17713,1.1773500000000001,344,2,0
2026-05-08 16:50:00,1.1773500000000001,1.17743,1.17707,1.17712,252,2,0
2026-05-08 17:00:00,1.17712,1.1773500000000001,1.17705,1.17714,337,2,0
2026-05-08 17:10:00,1.17714,1.17725,1.17705,1.17719,209,2,0
2026-05-08 17:20:00,1.17719,1.17754,1.17715,1.17742,229,2,0
2026-05-08 17:30:00,1.17742,1.17747,1.17731,1.17742,195,2,0
2026-05-08 17:40:00,1.17742,1.17755,1.17738,1.17752,183,2,0
2026-05-08 17:50:00,1.17752,1.1776200000000001,1.17716,1.17722,350,2,0
2026-05-08 18:00:00,1.17722,1.17815,1.17707,1.17809,580,2,0
2026-05-08 18:10:00,1.17809,1.17816,1.17777,1.17778,261,2,0
2026-05-08 18:20:00,1.17778,1.17792,1.1777199999999999,1.17783,240,2,0
2026-05-08 18:30:00,1.17783,1.1779,1.17773,1.17782,221,2,0
2026-05-08 18:40:00,1.17782,1.17794,1.17766,1.17794,206,2,0
2026-05-08 18:50:00,1.17794,1.17802,1.17752,1.17784,247,2,0
2026-05-08 19:00:00,1.17784,1.17814,1.17778,1.17809,279,2,0
2026-05-08 19:10:00,1.17809,1.1782,1.1780599999999999,1.17808,209,2,0
2026-05-08 19:20:00,1.17808,1.17821,1.1780599999999999,1.17816,160,2,0
2026-05-08 19:30:00,1.17816,1.17825,1.17802,1.17817,305,2,0
2026-05-08 19:40:00,1.17817,1.17832,1.17813,1.17813,323,2,0
2026-05-08 19:50:00,1.17813,1.17818,1.17767,1.17801,358,2,0
2026-05-08 20:00:00,1.17801,1.17818,1.17788,1.17817,253,2,0
2026-05-08 20:10:00,1.17817,1.17846,1.17817,1.17845,95,2,0
2026-05-08 20:20:00,1.17845,1.17848,1.17829,1.17837,69,2,0
2026-05-08 20:30:00,1.17837,1.1787,1.1783299999999999,1.17866,196,2,0
2026-05-08 20:40:00,1.17866,1.17868,1.17854,1.17862,298,2,0
2026-05-08 20:50:00,1.17862,1.17878,1.1785700000000001,1.17871,186,2,0
2026-05-10 21:10:00,1.1752,1.1752,1.1747,1.1749,87,51,0
2026-05-10 21:20:00,1.1749,1.17538,1.17445,1.17538,169,25,0
2026-05-10 21:30:00,1.17538,1.17609,1.17508,1.17584,109,19,0
2026-05-10 21:40:00,1.17584,1.1768,1.17584,1.17612,55,47,0
2026-05-10 21:50:00,1.17612,1.17616,1.17554,1.17561,212,22,0
2026-05-10 22:00:00,1.17561,1.17616,1.17558,1.17599,469,2,0
2026-05-10 22:10:00,1.17599,1.1762299999999999,1.1758,1.17601,350,2,0
2026-05-10 22:20:00,1.176,1.17633,1.1759,1.17632,192,2,0
2026-05-10 22:30:00,1.17632,1.17644,1.17621,1.17631,197,2,0
2026-05-10 22:40:00,1.17631,1.17645,1.17627,1.17643,197,2,0
2026-05-10 22:50:00,1.17643,1.17645,1.17633,1.17638,136,2,0
2026-05-10 23:00:00,1.17638,1.17654,1.17636,1.17653,113,2,0
2026-05-10 23:10:00,1.17653,1.17673,1.17643,1.17669,66,2,0
2026-05-10 23:20:00,1.17669,1.17676,1.17667,1.17668,106,2,0
2026-05-10 23:30:00,1.17668,1.1767400000000001,1.17665,1.17668,104,2,0
2026-05-10 23:40:00,1.17668,1.17699,1.17668,1.17698,122,2,0
2026-05-10 23:50:00,1.17698,1.17698,1.17666,1.17671,144,2,0
2026-05-11 00:00:00,1.17671,1.17713,1.17655,1.17682,415,2,0
2026-05-11 00:10:00,1.17682,1.17695,1.17671,1.17676,263,2,0
2026-05-11 00:20:00,1.17676,1.17713,1.17673,1.17705,147,2,0
2026-05-11 00:30:00,1.17705,1.17719,1.17696,1.17696,228,2,0
2026-05-11 00:40:00,1.17697,1.17706,1.1768,1.1769,263,2,0
2026-05-11 00:50:00,1.1769,1.1770100000000001,1.1766,1.17699,667,2,0
2026-05-11 01:00:00,1.17699,1.1771099999999999,1.17665,1.1767400000000001,515,2,0
2026-05-11 01:10:00,1.1767400000000001,1.17685,1.17644,1.17668,497,2,0
2026-05-11 01:20:00,1.17668,1.17699,1.17668,1.17689,262,2,0
2026-05-11 01:30:00,1.17689,1.17695,1.17638,1.17638,342,2,0
2026-05-11 01:40:00,1.17638,1.17652,1.17631,1.17635,205,2,0
2026-05-11 01:50:00,1.17635,1.17635,1.17616,1.17627,272,2,0
2026-05-11 02:00:00,1.17628,1.17656,1.17628,1.17637,277,2,0
2026-05-11 02:10:00,1.17637,1.17653,1.17632,1.17641,131,2,0
2026-05-11 02:20:00,1.17641,1.17655,1.17637,1.17651,156,2,0
2026-05-11 02:30:00,1.17651,1.17663,1.17638,1.17648,268,2,0
2026-05-11 02:40:00,1.17648,1.17648,1.17602,1.17619,175,2,0
2026-05-11 02:50:00,1.17619,1.17622,1.1758899999999999,1.17591,209,2,0
2026-05-11 03:00:00,1.17591,1.17591,1.17569,1.17587,291,2,0
2026-05-11 03:10:00,1.17588,1.17592,1.17574,1.17581,198,2,0
2026-05-11 03:20:00,1.17581,1.17584,1.17567,1.17572,139,2,0
2026-05-11 03:30:00,1.17572,1.1757900000000001,1.17568,1.17572,158,2,0
2026-05-11 03:40:00,1.17572,1.1759,1.17572,1.17576,172,2,0
2026-05-11 03:50:00,1.17576,1.1758,1.17561,1.17566,212,2,0
2026-05-11 04:00:00,1.17566,1.17573,1.17545,1.17553,243,2,0
2026-05-11 04:10:00,1.17553,1.17557,1.17542,1.17551,128,2,0
2026-05-11 04:20:00,1.17551,1.17555,1.17542,1.17542,105,2,0
2026-05-11 04:30:00,1.17542,1.17545,1.17524,1.17524,107,2,0
2026-05-11 04:40:00,1.17524,1.17529,1.1751800000000001,1.1752799999999999,104,2,0
2026-05-11 04:50:00,1.1752799999999999,1.17534,1.1750099999999999,1.17504,149,2,0
2026-05-11 05:00:00,1.17504,1.17537,1.17502,1.17529,180,2,0
2026-05-11 05:10:00,1.17529,1.17547,1.17523,1.17534,221,2,0
2026-05-11 05:20:00,1.17534,1.17543,1.17522,1.17522,227,2,0
2026-05-11 05:30:00,1.17522,1.17532,1.17505,1.17508,213,2,0
2026-05-11 05:40:00,1.17508,1.1751800000000001,1.17486,1.1749100000000001,282,2,0
2026-05-11 05:50:00,1.1749100000000001,1.175,1.17487,1.17498,252,2,0
2026-05-11 06:00:00,1.17498,1.17558,1.17498,1.17558,334,2,0
2026-05-11 06:10:00,1.17558,1.1758,1.17547,1.17553,245,2,0
2026-05-11 06:20:00,1.17556,1.17592,1.17549,1.1759,289,2,0
2026-05-11 06:30:00,1.1759,1.17619,1.17588,1.17609,248,2,0
2026-05-11 06:40:00,1.17609,1.17628,1.17604,1.17619,220,2,0
2026-05-11 06:50:00,1.17619,1.1768,1.17614,1.1767400000000001,258,2,0
2026-05-11 07:00:00,1.17677,1.17689,1.17646,1.17664,413,2,0
2026-05-11 07:10:00,1.17664,1.17693,1.17654,1.17682,286,2,0
2026-05-11 07:20:00,1.17682,1.17746,1.1768,1.17712,360,2,0
2026-05-11 07:30:00,1.17712,1.17715,1.1767,1.17712,443,2,0
2026-05-11 07:40:00,1.17712,1.1772,1.1768,1.17694,483,2,0
2026-05-11 07:50:00,1.17694,1.17722,1.17692,1.1772,330,2,0
2026-05-11 08:00:00,1.1772,1.17761,1.17715,1.17729,491,2,0
2026-05-11 08:10:00,1.17729,1.17803,1.17728,1.17794,427,2,0
2026-05-11 08:20:00,1.17794,1.17821,1.17787,1.17798,336,2,0
2026-05-11 08:30:00,1.17798,1.17812,1.17768,1.17773,360,2,0
2026-05-11 08:40:00,1.17773,1.17779,1.17737,1.17741,308,2,0
2026-05-11 08:50:00,1.17741,1.17754,1.1771099999999999,1.1771099999999999,374,2,0
2026-05-11 09:00:00,1.1771099999999999,1.1773500000000001,1.17709,1.17728,282,2,0
2026-05-11 09:10:00,1.17728,1.17744,1.17716,1.17718,295,2,0
2026-05-11 09:20:00,1.17718,1.1773500000000001,1.17706,1.17709,173,2,0
2026-05-11 09:30:00,1.17709,1.17729,1.17694,1.17718,281,2,0
2026-05-11 09:40:00,1.17718,1.17725,1.17683,1.17694,308,2,0
2026-05-11 09:50:00,1.17694,1.17703,1.17673,1.1767400000000001,290,2,0
2026-05-11 10:00:00,1.1767400000000001,1.1767400000000001,1.17646,1.17667,256,2,0
2026-05-11 10:10:00,1.17667,1.17677,1.17661,1.17667,250,2,0
2026-05-11 10:20:00,1.17667,1.17686,1.17657,1.17679,222,2,0
2026-05-11 10:30:00,1.17679,1.17709,1.17665,1.17693,303,2,0
2026-05-11 10:40:00,1.17693,1.17729,1.17693,1.17729,271,2,0
2026-05-11 10:50:00,1.17729,1.17739,1.17688,1.17691,396,2,0
2026-05-11 11:00:00,1.17691,1.1771099999999999,1.17688,1.1771099999999999,505,2,0
2026-05-11 11:10:00,1.1771099999999999,1.17736,1.17706,1.17722,352,2,0
2026-05-11 11:20:00,1.17722,1.1774499999999999,1.17721,1.1774,196,2,0
2026-05-11 11:30:00,1.1774,1.17746,1.17716,1.17728,397,2,0
2026-05-11 11:40:00,1.17728,1.17741,1.17721,1.17734,269,2,0
2026-05-11 11:50:00,1.17734,1.17738,1.17634,1.17682,720,2,0
2026-05-11 12:00:00,1.17682,1.17687,1.17643,1.17646,558,2,0
2026-05-11 12:10:00,1.17646,1.1768,1.17645,1.17657,341,2,0
2026-05-11 12:20:00,1.17657,1.1774499999999999,1.17644,1.17717,564,2,0
2026-05-11 12:30:00,1.17717,1.17736,1.17686,1.17733,588,2,0
2026-05-11 12:40:00,1.17733,1.17743,1.17677,1.17727,739,2,0
2026-05-11 12:50:00,1.17727,1.17744,1.17686,1.17743,527,2,0
2026-05-11 13:00:00,1.17743,1.1784,1.17743,1.17831,744,2,0
2026-05-11 13:10:00,1.17831,1.17853,1.1779600000000001,1.17797,700,2,0
2026-05-11 13:20:00,1.17797,1.17848,1.17797,1.17832,469,2,0
2026-05-11 13:30:00,1.17832,1.17836,1.17789,1.17817,630,2,0
2026-05-11 13:40:00,1.17817,1.17878,1.17817,1.17861,566,2,0
2026-05-11 13:50:00,1.17861,1.17868,1.17845,1.17851,616,2,0
2026-05-11 14:00:00,1.17851,1.17861,1.1779600000000001,1.17813,775,2,0
2026-05-11 14:10:00,1.17813,1.1786699999999999,1.17812,1.17866,375,2,0
2026-05-11 14:20:00,1.17866,1.17876,1.17848,1.17854,366,2,0
2026-05-11 14:30:00,1.17855,1.17863,1.17807,1.17858,1127,2,0
2026-05-11 14:40:00,1.17858,1.17878,1.17831,1.1783299999999999,543,2,0
2026-05-11 14:50:00,1.1783299999999999,1.1784,1.17789,1.17793,947,2,0
2026-05-11 15:00:00,1.17793,1.1783299999999999,1.17786,1.17818,710,2,0
2026-05-11 15:10:00,1.17818,1.17824,1.17795,1.17811,397,2,0
2026-05-11 15:20:00,1.17811,1.17852,1.17807,1.17813,404,2,0
2026-05-11 15:30:00,1.17813,1.17828,1.1780599999999999,1.17818,359,2,0
2026-05-11 15:40:00,1.17818,1.17821,1.17779,1.17783,581,2,0
2026-05-11 15:50:00,1.17783,1.17816,1.17767,1.17797,304,2,0
2026-05-11 16:00:00,1.17797,1.17802,1.17776,1.17785,238,2,0
2026-05-11 16:10:00,1.17785,1.17802,1.17782,1.17787,180,2,0
2026-05-11 16:20:00,1.17787,1.17788,1.17757,1.17758,186,2,0
2026-05-11 16:30:00,1.17758,1.17788,1.17754,1.17782,215,2,0
2026-05-11 16:40:00,1.17782,1.17785,1.17722,1.17757,607,2,0
2026-05-11 16:50:00,1.17757,1.17759,1.17723,1.17732,479,2,0
2026-05-11 17:00:00,1.17732,1.1774499999999999,1.17708,1.17738,442,2,0
2026-05-11 17:10:00,1.17738,1.17756,1.17722,1.17749,209,2,0
2026-05-11 17:20:00,1.17749,1.17773,1.17748,1.1776,328,2,0
2026-05-11 17:30:00,1.1776,1.17785,1.17759,1.17766,212,2,0
2026-05-11 17:40:00,1.17766,1.17778,1.17766,1.17778,202,2,0
2026-05-11 17:50:00,1.17778,1.17786,1.17773,1.17779,147,2,0
2026-05-11 18:00:00,1.17779,1.17799,1.17777,1.17799,212,2,0
2026-05-11 18:10:00,1.17799,1.17801,1.17784,1.17791,139,2,0
2026-05-11 18:20:00,1.17791,1.17804,1.17775,1.17792,290,2,0
2026-05-11 18:30:00,1.17792,1.17799,1.17782,1.17783,177,2,0
2026-05-11 18:40:00,1.17783,1.17785,1.17748,1.17753,194,2,0
2026-05-11 18:50:00,1.17753,1.1776200000000001,1.17744,1.1775,247,2,0
2026-05-11 19:00:00,1.1775,1.17769,1.17744,1.1776200000000001,201,2,0
2026-05-11 19:10:00,1.1776200000000001,1.17768,1.17744,1.1776,170,2,0
2026-05-11 19:20:00,1.1776,1.17768,1.17751,1.17755,127,2,0
2026-05-11 19:30:00,1.17755,1.17773,1.1775,1.1777,175,2,0
2026-05-11 19:40:00,1.1777,1.17776,1.17754,1.17768,152,2,0
2026-05-11 19:50:00,1.17768,1.17774,1.17742,1.17774,277,2,0
2026-05-11 20:00:00,1.17773,1.17787,1.17768,1.17775,97,2,0
2026-05-11 20:10:00,1.17775,1.1779600000000001,1.17739,1.17793,261,2,0
2026-05-11 20:20:00,1.17793,1.1781,1.17787,1.17803,165,2,0
2026-05-11 20:30:00,1.17803,1.17829,1.17803,1.17823,136,2,0
2026-05-11 20:40:00,1.17823,1.17827,1.17804,1.17817,127,2,0
2026-05-11 20:50:00,1.17816,1.17827,1.17803,1.17819,231,2,0
2026-05-11 21:00:00,1.1777199999999999,1.1783,1.17769,1.1781,32,20,0
2026-05-11 21:10:00,1.1781,1.17821,1.17782,1.17795,37,15,0
2026-05-11 21:20:00,1.17795,1.17835,1.17795,1.17821,29,15,0
2026-05-11 21:30:00,1.17821,1.17821,1.17801,1.17801,32,23,0
2026-05-11 21:40:00,1.17801,1.17804,1.17787,1.17804,31,30,0
2026-05-11 21:50:00,1.17804,1.17837,1.17803,1.17836,26,17,0
2026-05-11 22:00:00,1.17836,1.17872,1.17836,1.17862,111,2,0
2026-05-11 22:10:00,1.17862,1.17876,1.17861,1.1786699999999999,56,3,0
2026-05-11 22:20:00,1.1786699999999999,1.17878,1.17866,1.1786699999999999,81,2,0
2026-05-11 22:30:00,1.1786699999999999,1.17871,1.17863,1.17865,59,2,0
2026-05-11 22:40:00,1.17865,1.17866,1.17856,1.1785700000000001,67,4,0
2026-05-11 22:50:00,1.17856,1.1785700000000001,1.17848,1.17849,67,3,0
2026-05-11 23:00:00,1.17849,1.17852,1.17842,1.17844,95,3,0
2026-05-11 23:10:00,1.17844,1.17849,1.17836,1.17837,59,2,0
2026-05-11 23:20:00,1.17837,1.17838,1.1780599999999999,1.1780599999999999,63,2,0
2026-05-11 23:30:00,1.1780599999999999,1.17814,1.1779600000000001,1.17797,118,2,0
2026-05-11 23:40:00,1.17797,1.17797,1.17773,1.17782,84,2,0
2026-05-11 23:50:00,1.17782,1.17803,1.1778,1.17783,170,2,0
2026-05-12 00:00:00,1.17783,1.17783,1.17737,1.17746,345,2,0
2026-05-12 00:10:00,1.17747,1.17771,1.17744,1.17764,234,2,0
2026-05-12 00:20:00,1.17764,1.17765,1.17731,1.17749,351,2,0
2026-05-12 00:30:00,1.17749,1.1775,1.17729,1.1773,234,2,0
2026-05-12 00:40:00,1.1773,1.1773500000000001,1.17719,1.17727,246,2,0
2026-05-12 00:50:00,1.17727,1.17734,1.17661,1.1767,497,2,0
2026-05-12 01:00:00,1.1767,1.17689,1.17643,1.17646,473,2,0
2026-05-12 01:10:00,1.17646,1.17657,1.17632,1.17641,240,2,0
2026-05-12 01:20:00,1.17641,1.17648,1.17612,1.17618,245,2,0
2026-05-12 01:30:00,1.17618,1.17662,1.17601,1.17603,400,2,0
2026-05-12 01:40:00,1.17602,1.17621,1.17575,1.17618,615,2,0
2026-05-12 01:50:00,1.17618,1.17635,1.1761300000000001,1.17615,321,2,0
2026-05-12 02:00:00,1.17615,1.17627,1.17608,1.17627,317,2,0
2026-05-12 02:10:00,1.17627,1.17632,1.17599,1.17599,196,2,0
2026-05-12 02:20:00,1.17599,1.1761300000000001,1.17599,1.17608,171,2,0
2026-05-12 02:30:00,1.17608,1.1761300000000001,1.17593,1.176,162,2,0
2026-05-12 02:40:00,1.176,1.17619,1.17593,1.17618,188,2,0
2026-05-12 02:50:00,1.17618,1.17645,1.17618,1.17625,135,2,0
2026-05-12 03:00:00,1.17625,1.17629,1.17578,1.17583,144,2,0
2026-05-12 03:10:00,1.17583,1.17591,1.17582,1.17588,104,2,0
2026-05-12 03:20:00,1.17588,1.17591,1.1756199999999999,1.17569,215,2,0
2026-05-12 03:30:00,1.17569,1.17578,1.17566,1.17576,118,2,0
2026-05-12 03:40:00,1.17576,1.17581,1.17572,1.17576,83,2,0
2026-05-12 03:50:00,1.17576,1.17578,1.17546,1.17563,125,2,0
2026-05-12 04:00:00,1.17563,1.17574,1.17555,1.1757,175,2,0
2026-05-12 04:10:00,1.1757,1.17576,1.17553,1.1756199999999999,150,2,0
2026-05-12 04:20:00,1.1756199999999999,1.17568,1.17555,1.17558,114,2,0
2026-05-12 04:30:00,1.17558,1.17593,1.17558,1.17593,105,2,0
2026-05-12 04:40:00,1.17593,1.17596,1.17573,1.17578,140,2,0
2026-05-12 04:50:00,1.17578,1.17584,1.17566,1.17571,220,2,0
2026-05-12 05:00:00,1.17571,1.17582,1.17555,1.17559,198,2,0
2026-05-12 05:10:00,1.17559,1.17559,1.17522,1.17538,349,2,0
2026-05-12 05:20:00,1.17538,1.1756,1.17538,1.17549,191,2,0
2026-05-12 05:30:00,1.17549,1.17558,1.17533,1.17553,194,2,0
2026-05-12 05:40:00,1.17553,1.1757900000000001,1.17543,1.17565,155,2,0
2026-05-12 05:50:00,1.17565,1.17679,1.17556,1.17621,592,2,0
2026-05-12 06:00:00,1.17621,1.17654,1.17569,1.17582,831,2,0
2026-05-12 06:10:00,1.17582,1.17597,1.1755200000000001,1.17557,508,2,0
2026-05-12 06:20:00,1.17557,1.17561,1.1751800000000001,1.17549,623,2,0
2026-05-12 06:30:00,1.17549,1.1758899999999999,1.17534,1.17564,391,2,0
2026-05-12 06:40:00,1.17564,1.17564,1.17537,1.17539,341,2,0
2026-05-12 06:50:00,1.17539,1.17539,1.17497,1.17503,573,2,0
2026-05-12 07:00:00,1.17503,1.17505,1.17441,1.17487,834,2,0
2026-05-12 07:10:00,1.17487,1.17522,1.17463,1.17519,601,2,0
2026-05-12 07:20:00,1.17519,1.17533,1.17493,1.17496,493,2,0
2026-05-12 07:30:00,1.17496,1.17496,1.1746699999999999,1.1749100000000001,482,2,0
2026-05-12 07:40:00,1.1749,1.17503,1.17433,1.17444,383,2,0
2026-05-12 07:50:00,1.17444,1.17477,1.17435,1.17477,446,2,0
2026-05-12 08:00:00,1.17477,1.17485,1.17432,1.17434,477,2,0
2026-05-12 08:10:00,1.17434,1.17471,1.17424,1.17452,480,2,0
2026-05-12 08:20:00,1.17452,1.17504,1.1745,1.1747,486,2,0
2026-05-12 08:30:00,1.1747,1.17475,1.17394,1.17409,549,2,0
2026-05-12 08:40:00,1.17409,1.1748,1.17398,1.17462,727,2,0
2026-05-12 08:50:00,1.17462,1.17469,1.17446,1.17446,500,2,0
2026-05-12 09:00:00,1.17444,1.17479,1.17438,1.17456,282,2,0
2026-05-12 09:10:00,1.17456,1.17472,1.17451,1.17462,389,2,0
2026-05-12 09:20:00,1.17462,1.17474,1.17438,1.17458,299,2,0
2026-05-12 09:30:00,1.1745700000000001,1.17508,1.17453,1.17485,584,2,0
2026-05-12 09:40:00,1.17485,1.17515,1.17443,1.17487,569,2,0
2026-05-12 09:50:00,1.17487,1.17495,1.17465,1.17475,375,2,0
2026-05-12 10:00:00,1.17475,1.17476,1.17454,1.17469,321,2,0
2026-05-12 10:10:00,1.1747,1.17489,1.17453,1.17464,303,2,0
2026-05-12 10:20:00,1.17465,1.17484,1.17455,1.1748,195,2,0
2026-05-12 10:30:00,1.1748,1.1749100000000001,1.17469,1.1747,256,2,0
2026-05-12 10:40:00,1.1747,1.17475,1.17444,1.17451,236,2,0
2026-05-12 10:50:00,1.17451,1.17454,1.17404,1.17407,328,2,0
2026-05-12 11:00:00,1.17407,1.17409,1.17348,1.17408,440,2,0
2026-05-12 11:10:00,1.17408,1.17447,1.17403,1.17419,417,2,0
2026-05-12 11:20:00,1.17419,1.17439,1.17407,1.17415,357,2,0
2026-05-12 11:30:00,1.17415,1.17462,1.17415,1.1746,280,2,0
2026-05-12 11:40:00,1.1746,1.17482,1.17439,1.17443,328,2,0
2026-05-12 11:50:00,1.17443,1.17456,1.17415,1.17437,485,2,0
2026-05-12 12:00:00,1.17437,1.17443,1.17383,1.17384,495,2,0
2026-05-12 12:10:00,1.17384,1.1743999999999999,1.17378,1.17422,363,2,0
2026-05-12 12:20:00,1.17421,1.17433,1.17389,1.17413,370,2,0
2026-05-12 12:30:00,1.17413,1.17459,1.17358,1.1742,998,2,0
2026-05-12 12:40:00,1.1742,1.17477,1.17412,1.17471,507,2,0
2026-05-12 12:50:00,1.17471,1.17498,1.17445,1.17476,507,2,0
2026-05-12 13:00:00,1.17476,1.17499,1.1743000000000001,1.17454,510,2,0
2026-05-12 13:10:00,1.17454,1.1747,1.17348,1.1735,568,2,0
2026-05-12 13:20:00,1.1735,1.17407,1.17336,1.17395,533,2,0
2026-05-12 13:30:00,1.17395,1.17424,1.17372,1.17393,840,2,0
2026-05-12 13:40:00,1.17393,1.17401,1.17293,1.17294,921,2,0
2026-05-12 13:50:00,1.17294,1.17307,1.17269,1.17298,712,2,0
2026-05-12 14:00:00,1.17298,1.17322,1.17278,1.17314,852,2,0
2026-05-12 14:10:00,1.17314,1.17358,1.17307,1.17316,679,2,0
2026-05-12 14:20:00,1.17316,1.1733500000000001,1.173,1.17332,539,2,0
2026-05-12 14:30:00,1.17332,1.17343,1.17288,1.17315,706,2,0
2026-05-12 14:40:00,1.17315,1.1735,1.17293,1.17306,394,2,0
2026-05-12 14:50:00,1.17305,1.17361,1.17278,1.17359,1053,2,0
2026-05-12 15:00:00,1.17358,1.17366,1.17312,1.17344,821,2,0
2026-05-12 15:10:00,1.17344,1.1734499999999999,1.1724999999999999,1.1727,738,2,0
2026-05-12 15:20:00,1.1727,1.17279,1.17216,1.17239,777,2,0
2026-05-12 15:30:00,1.17244,1.1732,1.17239,1.17301,568,2,0
2026-05-12 15:40:00,1.17301,1.17331,1.17293,1.17306,337,2,0
2026-05-12 15:50:00,1.17306,1.17336,1.17293,1.17325,265,2,0
2026-05-12 16:00:00,1.17325,1.17349,1.17316,1.17346,425,2,0
2026-05-12 16:10:00,1.17346,1.17385,1.17332,1.17364,274,2,0
2026-05-12 16:20:00,1.17364,1.17373,1.17347,1.17359,340,2,0
2026-05-12 16:30:00,1.1736,1.1736,1.17322,1.17338,425,2,0
2026-05-12 16:40:00,1.17338,1.17346,1.17286,1.1729,523,2,0
2026-05-12 16:50:00,1.1729,1.17309,1.17277,1.17283,471,2,0
2026-05-12 17:00:00,1.17283,1.17327,1.17272,1.17315,334,2,0
2026-05-12 17:10:00,1.17315,1.17322,1.17296,1.17314,259,2,0
2026-05-12 17:20:00,1.17314,1.17333,1.17297,1.17304,269,2,0
2026-05-12 17:30:00,1.17304,1.17323,1.17298,1.1732,148,2,0
2026-05-12 17:40:00,1.1732,1.17323,1.17301,1.17306,154,2,0
2026-05-12 17:50:00,1.17306,1.1733500000000001,1.17302,1.17332,275,2,0
2026-05-12 18:00:00,1.17332,1.17349,1.17288,1.17311,467,2,0
2026-05-12 18:10:00,1.17311,1.17337,1.17297,1.17334,248,2,0
2026-05-12 18:20:00,1.17334,1.1737,1.17328,1.17358,364,2,0
2026-05-12 18:30:00,1.17358,1.17385,1.17358,1.1738,329,2,0
2026-05-12 18:40:00,1.1738,1.17389,1.17366,1.17382,390,2,0
2026-05-12 18:50:00,1.17382,1.1741,1.17381,1.17404,289,2,0
2026-05-12 19:00:00,1.17404,1.17425,1.17397,1.17418,324,2,0
2026-05-12 19:10:00,1.17418,1.17447,1.17417,1.17428,298,2,0
2026-05-12 19:20:00,1.17428,1.17432,1.17408,1.17423,215,2,0
2026-05-12 19:30:00,1.17423,1.17468,1.17423,1.17449,210,2,0
2026-05-12 19:40:00,1.17449,1.17452,1.17415,1.1742,234,2,0
2026-05-12 19:50:00,1.1742,1.17434,1.17397,1.17401,343,2,0
2026-05-12 20:00:00,1.17401,1.17408,1.17384,1.17388,242,2,0
2026-05-12 20:10:00,1.17388,1.1739600000000001,1.17386,1.17394,105,2,0
2026-05-12 20:20:00,1.17394,1.1739600000000001,1.17386,1.17387,102,2,0
2026-05-12 20:30:00,1.17387,1.17388,1.17378,1.1738,83,2,0
2026-05-12 20:40:00,1.1738,1.17389,1.17377,1.17388,103,2,0
2026-05-12 20:50:00,1.17388,1.17408,1.17386,1.17386,239,2,0
2026-05-12 21:00:00,1.17332,1.17358,1.17332,1.17355,25,25,0
2026-05-12 21:10:00,1.17355,1.17355,1.17348,1.1735,21,28,0
2026-05-12 21:20:00,1.1735,1.17398,1.17339,1.17347,52,24,0
2026-05-12 21:30:00,1.17347,1.17361,1.17343,1.17358,26,19,0
2026-05-12 21:40:00,1.17359,1.17384,1.17356,1.17384,50,16,0
2026-05-12 21:50:00,1.17384,1.17399,1.17352,1.17363,136,13,0
2026-05-12 22:00:00,1.17363,1.17398,1.17363,1.17382,87,3,0
2026-05-12 22:10:00,1.17382,1.1739,1.17373,1.17384,85,2,0
2026-05-12 22:20:00,1.17384,1.17392,1.17384,1.17388,100,2,0
2026-05-12 22:30:00,1.17388,1.17394,1.17384,1.17386,121,3,0
2026-05-12 22:40:00,1.17386,1.17393,1.17386,1.17392,67,4,0
2026-05-12 22:50:00,1.17392,1.17399,1.17389,1.17391,70,4,0
2026-05-12 23:00:00,1.17391,1.17411,1.17389,1.17402,47,2,0
2026-05-12 23:10:00,1.17402,1.17402,1.17382,1.17386,49,2,0
2026-05-12 23:20:00,1.17386,1.17388,1.1737,1.17384,53,2,0
2026-05-12 23:30:00,1.17384,1.17389,1.17379,1.17385,132,2,0
2026-05-12 23:40:00,1.17385,1.17385,1.17366,1.17373,44,2,0
2026-05-12 23:50:00,1.17373,1.1738,1.1734499999999999,1.1735,110,2,0
2026-05-13 00:00:00,1.1735,1.17379,1.17328,1.17353,276,2,0
2026-05-13 00:10:00,1.17353,1.17367,1.17332,1.17365,242,2,0
2026-05-13 00:20:00,1.17365,1.17373,1.17349,1.17352,211,2,0
2026-05-13 00:30:00,1.17352,1.17365,1.17334,1.17359,212,2,0
2026-05-13 00:40:00,1.17359,1.17361,1.17339,1.17342,163,2,0
2026-05-13 00:50:00,1.17342,1.17386,1.17328,1.17381,264,2,0
2026-05-13 01:00:00,1.17381,1.17389,1.17342,1.17348,492,2,0
2026-05-13 01:10:00,1.17348,1.17357,1.17318,1.17327,316,2,0
2026-05-13 01:20:00,1.17327,1.17383,1.17326,1.17371,378,2,0
2026-05-13 01:30:00,1.17371,1.17393,1.17365,1.1739,214,2,0
2026-05-13 01:40:00,1.1739,1.17416,1.17378,1.17414,210,2,0
2026-05-13 01:50:00,1.17414,1.17416,1.17376,1.17385,177,2,0
2026-05-13 02:00:00,1.17385,1.17415,1.17384,1.1739,241,2,0
2026-05-13 02:10:00,1.1739,1.17392,1.1737,1.17375,205,2,0
2026-05-13 02:20:00,1.17376,1.17381,1.1737,1.17379,115,2,0
2026-05-13 02:30:00,1.17379,1.17381,1.17367,1.17368,147,2,0
2026-05-13 02:40:00,1.17368,1.17381,1.17362,1.1738,120,2,0
2026-05-13 02:50:00,1.1738,1.17387,1.17365,1.1737,190,2,0
2026-05-13 03:00:00,1.1737,1.17376,1.17324,1.17334,260,2,0
2026-05-13 03:10:00,1.17334,1.17354,1.17333,1.1734,216,2,0
2026-05-13 03:20:00,1.1734,1.17359,1.17338,1.17355,239,2,0
2026-05-13 03:30:00,1.17355,1.17377,1.17352,1.17359,199,2,0
2026-05-13 03:40:00,1.17359,1.17367,1.17352,1.17352,128,2,0
2026-05-13 03:50:00,1.17352,1.17364,1.17342,1.17344,124,2,0
2026-05-13 04:00:00,1.17344,1.17351,1.1734,1.17344,102,2,0
2026-05-13 04:10:00,1.17344,1.1735,1.1734,1.17344,89,2,0
2026-05-13 04:20:00,1.17344,1.1735,1.17334,1.17337,82,2,0
2026-05-13 04:30:00,1.17337,1.17342,1.17321,1.17334,92,2,0
2026-05-13 04:40:00,1.17334,1.17342,1.17325,1.17341,61,2,0
2026-05-13 04:50:00,1.17341,1.17346,1.1733500000000001,1.17344,77,2,0
2026-05-13 05:00:00,1.17344,1.17365,1.17341,1.17352,153,2,0
2026-05-13 05:10:00,1.17352,1.17362,1.17341,1.17344,192,2,0
2026-05-13 05:20:00,1.17344,1.1736900000000001,1.17344,1.17363,178,2,0
2026-05-13 05:30:00,1.17363,1.17367,1.1734499999999999,1.17348,198,2,0
2026-05-13 05:40:00,1.17348,1.17357,1.17327,1.17339,210,2,0
2026-05-13 05:50:00,1.17339,1.17346,1.17323,1.1734,192,2,0
2026-05-13 06:00:00,1.1734,1.17343,1.17295,1.17299,410,2,0
2026-05-13 06:10:00,1.17299,1.17299,1.1726,1.1727400000000001,351,2,0
2026-05-13 06:20:00,1.1727400000000001,1.1727400000000001,1.1724700000000001,1.17265,281,2,0
2026-05-13 06:30:00,1.17265,1.17265,1.17222,1.17224,342,2,0
2026-05-13 06:40:00,1.17224,1.17256,1.17218,1.1722,261,2,0
2026-05-13 06:50:00,1.1722,1.17222,1.1718,1.17198,429,2,0
2026-05-13 07:00:00,1.17199,1.17232,1.17194,1.17204,524,2,0
2026-05-13 07:10:00,1.17204,1.17204,1.17171,1.17177,450,2,0
2026-05-13 07:20:00,1.17177,1.17196,1.17169,1.17172,318,2,0
2026-05-13 07:30:00,1.17172,1.17174,1.17119,1.1712500000000001,343,2,0
2026-05-13 07:40:00,1.1712500000000001,1.17146,1.17109,1.17145,366,2,0
2026-05-13 07:50:00,1.17145,1.17145,1.17069,1.17069,429,2,0
2026-05-13 08:00:00,1.17069,1.17089,1.1705,1.1708,510,2,0
2026-05-13 08:10:00,1.1708,1.1711,1.1708,1.17107,266,2,0
2026-05-13 08:20:00,1.17107,1.17115,1.17088,1.17107,269,2,0
2026-05-13 08:30:00,1.17107,1.17114,1.17075,1.17076,229,2,0
2026-05-13 08:40:00,1.17076,1.1708,1.1700599999999999,1.17013,445,2,0
2026-05-13 08:50:00,1.17013,1.17044,1.17002,1.17028,521,2,0
2026-05-13 09:00:00,1.17028,1.17042,1.17016,1.1702,392,2,0
2026-05-13 09:10:00,1.1702,1.1702,1.16958,1.16967,568,2,0
2026-05-13 09:20:00,1.16967,1.1698,1.16956,1.16957,362,2,0
2026-05-13 09:30:00,1.16957,1.17012,1.16952,1.16997,406,2,0
2026-05-13 09:40:00,1.16997,1.17021,1.16981,1.17014,206,2,0
2026-05-13 09:50:00,1.17014,1.1706699999999999,1.17014,1.17061,248,2,0
2026-05-13 10:00:00,1.17061,1.17066,1.17036,1.17062,351,2,0
2026-05-13 10:10:00,1.17062,1.17062,1.17018,1.17042,775,2,0
2026-05-13 10:20:00,1.17042,1.1707,1.17032,1.17051,517,2,0
2026-05-13 10:30:00,1.17051,1.17066,1.17046,1.17064,297,2,0
2026-05-13 10:40:00,1.17064,1.17134,1.17064,1.17134,349,2,0
2026-05-13 10:50:00,1.17134,1.17144,1.17116,1.17127,470,2,0
2026-05-13 11:00:00,1.17127,1.17137,1.17111,1.17126,413,2,0
2026-05-13 11:10:00,1.17126,1.17151,1.17119,1.1712500000000001,323,2,0
2026-05-13 11:20:00,1.1712500000000001,1.1714,1.1712500000000001,1.17134,228,2,0
2026-05-13 11:30:00,1.17134,1.17171,1.1713,1.17166,254,2,0
2026-05-13 11:40:00,1.17166,1.17171,1.17124,1.17146,247,2,0
2026-05-13 11:50:00,1.17146,1.1715200000000001,1.17114,1.1712,507,2,0
2026-05-13 12:00:00,1.1712,1.1716,1.17119,1.17151,289,2,0
2026-05-13 12:10:00,1.17151,1.1715200000000001,1.1708,1.17089,366,2,0
2026-05-13 12:20:00,1.17089,1.17089,1.17033,1.17033,430,2,0
2026-05-13 12:30:00,1.17028,1.17106,1.1697,1.17056,1250,2,0
2026-05-13 12:40:00,1.17056,1.17072,1.17015,1.17019,701,2,0
2026-05-13 12:50:00,1.17019,1.17031,1.16978,1.17016,603,2,0
2026-05-13 13:00:00,1.17016,1.17055,1.17016,1.17038,619,2,0
2026-05-13 13:10:00,1.17038,1.17039,1.17009,1.17035,444,2,0
2026-05-13 13:20:00,1.17035,1.17046,1.17015,1.17034,420,2,0
2026-05-13 13:30:00,1.17034,1.17089,1.17029,1.17045,771,2,0
2026-05-13 13:40:00,1.17045,1.17121,1.17041,1.17079,832,2,0
2026-05-13 13:50:00,1.17079,1.17121,1.17079,1.17102,581,2,0
2026-05-13 14:00:00,1.17102,1.1712500000000001,1.17065,1.17106,722,2,0
2026-05-13 14:10:00,1.17106,1.17112,1.17054,1.17058,586,2,0
2026-05-13 14:20:00,1.17058,1.17111,1.17058,1.17102,414,2,0
2026-05-13 14:30:00,1.1710099999999999,1.17115,1.1706,1.17085,552,2,0
2026-05-13 14:40:00,1.17085,1.17085,1.17028,1.17045,446,2,0
2026-05-13 14:50:00,1.17045,1.1710099999999999,1.17042,1.17076,546,2,0
2026-05-13 15:00:00,1.17076,1.17115,1.17074,1.17111,489,2,0
2026-05-13 15:10:00,1.17111,1.17116,1.1708,1.17088,307,2,0
2026-05-13 15:20:00,1.17088,1.17132,1.17084,1.1711,354,2,0
2026-05-13 15:30:00,1.1711,1.17155,1.1709,1.17155,507,2,0
2026-05-13 15:40:00,1.17155,1.17161,1.1712,1.17127,371,2,0
2026-05-13 15:50:00,1.17127,1.17134,1.17105,1.17109,322,2,0
2026-05-13 16:00:00,1.17109,1.1713,1.17099,1.1713,327,2,0
2026-05-13 16:10:00,1.1713,1.17131,1.17094,1.17109,340,2,0
2026-05-13 16:20:00,1.17109,1.17174,1.17104,1.17165,535,2,0
2026-05-13 16:30:00,1.17165,1.17179,1.17124,1.1712500000000001,346,2,0
2026-05-13 16:40:00,1.1712500000000001,1.1713,1.17105,1.17112,318,2,0
2026-05-13 16:50:00,1.17112,1.17112,1.17079,1.17085,312,2,0
2026-05-13 17:00:00,1.17085,1.17106,1.17079,1.17098,268,2,0
2026-05-13 17:10:00,1.17098,1.17107,1.17092,1.17105,155,2,0
2026-05-13 17:20:00,1.17105,1.17107,1.17094,1.17098,138,2,0
2026-05-13 17:30:00,1.17098,1.17099,1.17085,1.17086,123,2,0
2026-05-13 17:40:00,1.17086,1.17087,1.17055,1.17056,129,2,0
2026-05-13 17:50:00,1.17056,1.17072,1.1703999999999999,1.17041,126,2,0
2026-05-13 18:00:00,1.17041,1.17075,1.17039,1.1706699999999999,189,2,0
2026-05-13 18:10:00,1.1706699999999999,1.17071,1.17055,1.17062,131,2,0
2026-05-13 18:20:00,1.17062,1.17076,1.17057,1.17066,166,2,0
2026-05-13 18:30:00,1.17066,1.17079,1.17062,1.17072,162,2,0
2026-05-13 18:40:00,1.17072,1.17093,1.17042,1.1706,252,2,0
2026-05-13 18:50:00,1.1706,1.17106,1.1706,1.17076,273,2,0
2026-05-13 19:00:00,1.17076,1.17097,1.17075,1.17094,172,2,0
2026-05-13 19:10:00,1.17094,1.17105,1.17085,1.17099,128,2,0
2026-05-13 19:20:00,1.17099,1.17111,1.1709,1.17111,167,2,0
2026-05-13 19:30:00,1.17111,1.17129,1.1710099999999999,1.17102,214,2,0
2026-05-13 19:40:00,1.17102,1.17115,1.17099,1.17099,204,2,0
2026-05-13 19:50:00,1.17099,1.1711,1.17087,1.17095,315,2,0
2026-05-13 20:00:00,1.17095,1.17121,1.17089,1.17118,149,2,0
2026-05-13 20:10:00,1.17118,1.17124,1.17113,1.17118,101,2,0
2026-05-13 20:20:00,1.17118,1.17132,1.17115,1.17121,69,2,0
2026-05-13 20:30:00,1.17121,1.17127,1.17109,1.17124,127,2,0
2026-05-13 20:40:00,1.17124,1.17135,1.17123,1.1713,89,2,0
2026-05-13 20:50:00,1.1713,1.1714,1.17119,1.17119,160,2,0
2026-05-13 21:00:00,1.17058,1.17133,1.17054,1.17133,30,40,0
2026-05-13 21:10:00,1.17133,1.17147,1.17127,1.17135,29,37,0
2026-05-13 21:20:00,1.17135,1.17138,1.1712799999999999,1.1713,35,41,0
2026-05-13 21:30:00,1.1713,1.17137,1.17127,1.17135,54,31,0
2026-05-13 21:40:00,1.17135,1.17161,1.17133,1.17134,66,15,0
2026-05-13 21:50:00,1.17134,1.1714,1.17122,1.1712500000000001,74,20,0
2026-05-13 22:00:00,1.1712500000000001,1.17171,1.1712500000000001,1.17166,62,2,0
2026-05-13 22:10:00,1.17166,1.17182,1.17163,1.17171,132,3,0
2026-05-13 22:20:00,1.17171,1.17177,1.17171,1.17176,36,4,0
2026-05-13 22:30:00,1.17176,1.17185,1.17175,1.17175,77,2,0
2026-05-13 22:40:00,1.17175,1.17184,1.17167,1.1717,64,3,0
2026-05-13 22:50:00,1.1717,1.17177,1.1717,1.17175,126,2,0
2026-05-13 23:00:00,1.17175,1.17182,1.17165,1.17169,97,2,0
2026-05-13 23:10:00,1.17169,1.17173,1.17166,1.17166,90,3,0
2026-05-13 23:20:00,1.17166,1.17177,1.17166,1.17167,59,2,0
2026-05-13 23:30:00,1.17167,1.17167,1.17155,1.17157,63,2,0
2026-05-13 23:40:00,1.17157,1.1716199999999999,1.17153,1.17155,110,2,0
2026-05-13 23:50:00,1.17155,1.17163,1.1715200000000001,1.17157,99,2,0
2026-05-14 00:00:00,1.17157,1.17178,1.17141,1.17163,264,2,0
2026-05-14 00:10:00,1.17163,1.17184,1.17154,1.1716199999999999,192,2,0
2026-05-14 00:20:00,1.17163,1.17174,1.17151,1.17164,269,2,0
2026-05-14 00:30:00,1.17164,1.17177,1.17157,1.17157,160,2,0
2026-05-14 00:40:00,1.17157,1.1717,1.17154,1.17163,142,2,0
2026-05-14 00:50:00,1.17163,1.17174,1.1715200000000001,1.17169,266,2,0
2026-05-14 01:00:00,1.17169,1.17173,1.17143,1.17159,365,2,0
2026-05-14 01:10:00,1.17159,1.17172,1.17149,1.17157,326,2,0
2026-05-14 01:20:00,1.17157,1.17165,1.17154,1.17159,162,2,0
2026-05-14 01:30:00,1.17159,1.17174,1.17149,1.17173,255,2,0
2026-05-14 01:40:00,1.17173,1.17175,1.17161,1.17164,261,2,0
2026-05-14 01:50:00,1.17164,1.17164,1.1712500000000001,1.17137,272,2,0
2026-05-14 02:00:00,1.17137,1.17153,1.17131,1.17137,297,2,0
2026-05-14 02:10:00,1.17137,1.17143,1.17115,1.17122,226,2,0
2026-05-14 02:20:00,1.17122,1.17142,1.17121,1.17139,193,2,0
2026-05-14 02:30:00,1.17139,1.17143,1.17132,1.17137,185,2,0
2026-05-14 02:40:00,1.17137,1.1714,1.17124,1.17133,208,2,0
2026-05-14 02:50:00,1.17133,1.17137,1.1712,1.17121,279,2,0
2026-05-14 03:00:00,1.17121,1.1713,1.17095,1.17097,254,2,0
2026-05-14 03:10:00,1.17097,1.17127,1.17096,1.17121,272,2,0
2026-05-14 03:20:00,1.17121,1.17145,1.17117,1.17142,247,2,0
2026-05-14 03:30:00,1.17142,1.1715,1.17137,1.17137,238,2,0
2026-05-14 03:40:00,1.17137,1.17148,1.17132,1.17138,229,2,0
2026-05-14 03:50:00,1.17138,1.17143,1.1712,1.17121,163,2,0
2026-05-14 04:00:00,1.17121,1.17165,1.17114,1.17146,422,2,0
2026-05-14 04:10:00,1.17146,1.17158,1.17135,1.17153,332,2,0
2026-05-14 04:20:00,1.17153,1.17161,1.17149,1.17151,221,2,0
2026-05-14 04:30:00,1.17151,1.17155,1.17144,1.17151,172,2,0
2026-05-14 04:40:00,1.17151,1.17172,1.17145,1.17167,157,2,0
2026-05-14 04:50:00,1.17167,1.17167,1.17141,1.17142,152,2,0
2026-05-14 05:00:00,1.17142,1.1715200000000001,1.1712,1.1712500000000001,507,2,0
2026-05-14 05:10:00,1.1712500000000001,1.17134,1.1712,1.17131,212,2,0
2026-05-14 05:20:00,1.17131,1.17137,1.17122,1.17132,218,2,0
2026-05-14 05:30:00,1.17132,1.17135,1.17115,1.17123,246,2,0
2026-05-14 05:40:00,1.17123,1.17148,1.17116,1.17146,393,2,0
2026-05-14 05:50:00,1.17146,1.1716,1.171,1.1710099999999999,322,2,0
2026-05-14 06:00:00,1.1710099999999999,1.17124,1.17096,1.17107,327,2,0
2026-05-14 06:10:00,1.17107,1.17111,1.17066,1.17096,250,2,0
2026-05-14 06:20:00,1.17096,1.17147,1.17096,1.17133,233,2,0
2026-05-14 06:30:00,1.17133,1.17138,1.17115,1.17136,226,2,0
2026-05-14 06:40:00,1.17136,1.17204,1.17136,1.17182,367,2,0
2026-05-14 06:50:00,1.17182,1.17214,1.1717,1.17182,458,2,0
2026-05-14 07:00:00,1.17182,1.17184,1.17164,1.17181,565,2,0
2026-05-14 07:10:00,1.1718,1.1718,1.17095,1.17106,609,2,0
2026-05-14 07:20:00,1.17106,1.17117,1.1709,1.17112,447,2,0
2026-05-14 07:30:00,1.17112,1.17158,1.17112,1.17148,314,2,0
2026-05-14 07:40:00,1.17148,1.17161,1.17127,1.17139,309,2,0
2026-05-14 07:50:00,1.17139,1.17157,1.17059,1.17074,639,2,0
2026-05-14 08:00:00,1.17074,1.17098,1.17047,1.17076,550,2,0
2026-05-14 08:10:00,1.17076,1.17097,1.17058,1.17097,383,2,0
2026-05-14 08:20:00,1.17097,1.17127,1.1709100000000001,1.1712,277,2,0
2026-05-14 08:30:00,1.1712,1.17137,1.1709,1.1709100000000001,452,2,0
2026-05-14 08:40:00,1.1709100000000001,1.17109,1.17087,1.17092,358,2,0
2026-05-14 08:50:00,1.17092,1.1712,1.1709100000000001,1.17109,249,2,0
2026-05-14 09:00:00,1.17109,1.17122,1.1709,1.17117,274,2,0
2026-05-14 09:10:00,1.17117,1.17132,1.1710099999999999,1.17117,268,2,0
2026-05-14 09:20:00,1.17117,1.17126,1.17095,1.17099,220,2,0
2026-05-14 09:30:00,1.17099,1.17106,1.17056,1.17069,446,2,0
2026-05-14 09:40:00,1.17069,1.17115,1.17064,1.17115,215,2,0
2026-05-14 09:50:00,1.17115,1.17115,1.17069,1.17073,393,2,0
2026-05-14 10:00:00,1.17073,1.17094,1.17063,1.17077,244,2,0
2026-05-14 10:10:00,1.17077,1.17127,1.17072,1.17087,544,2,0
2026-05-14 10:20:00,1.17087,1.17103,1.17076,1.17098,279,2,0
2026-05-14 10:30:00,1.17098,1.17107,1.17081,1.17088,183,2,0
2026-05-14 10:40:00,1.17088,1.17088,1.17047,1.17077,277,2,0
2026-05-14 10:50:00,1.17077,1.17102,1.1706699999999999,1.17085,460,2,0
2026-05-14 11:00:00,1.17085,1.17088,1.17043,1.17074,509,2,0
2026-05-14 11:10:00,1.17074,1.17082,1.17057,1.17066,446,2,0
2026-05-14 11:20:00,1.17066,1.17073,1.17042,1.17045,298,2,0
2026-05-14 11:30:00,1.17045,1.17054,1.17002,1.1700599999999999,301,2,0
2026-05-14 11:40:00,1.1700599999999999,1.17017,1.16996,1.17012,238,2,0
2026-05-14 11:50:00,1.17012,1.17039,1.16995,1.16995,456,2,0
2026-05-14 12:00:00,1.16995,1.17044,1.16992,1.17021,728,2,0
2026-05-14 12:10:00,1.17021,1.17054,1.17021,1.17038,521,2,0
2026-05-14 12:20:00,1.17037,1.17052,1.17027,1.1703999999999999,321,2,0
2026-05-14 12:30:00,1.1703999999999999,1.17051,1.1697,1.16994,461,2,0
2026-05-14 12:40:00,1.16994,1.17004,1.16961,1.17002,269,2,0
2026-05-14 12:50:00,1.17002,1.17011,1.16966,1.16971,364,2,0
2026-05-14 13:00:00,1.16971,1.16982,1.16943,1.16972,385,2,0
2026-05-14 13:10:00,1.16972,1.16988,1.16958,1.16958,236,2,0
2026-05-14 13:20:00,1.16958,1.16958,1.16921,1.16948,353,2,0
2026-05-14 13:30:00,1.16948,1.16948,1.16868,1.16877,689,2,0
2026-05-14 13:40:00,1.16877,1.16997,1.16855,1.16934,1678,2,0
2026-05-14 13:50:00,1.16934,1.16937,1.16882,1.16896,854,2,0
2026-05-14 14:00:00,1.16896,1.16932,1.16861,1.16923,620,2,0
2026-05-14 14:10:00,1.16923,1.16978,1.16919,1.16977,567,2,0
2026-05-14 14:20:00,1.16977,1.17001,1.16927,1.16963,702,2,0
2026-05-14 14:30:00,1.16963,1.16964,1.16932,1.16942,491,2,0
2026-05-14 14:40:00,1.16942,1.16965,1.16938,1.16961,504,2,0
2026-05-14 14:50:00,1.16961,1.16961,1.1678600000000001,1.1678600000000001,1162,2,0
2026-05-14 15:00:00,1.1678600000000001,1.16808,1.1675,1.16769,780,2,0
2026-05-14 15:10:00,1.16769,1.16769,1.16727,1.16738,594,2,0
2026-05-14 15:20:00,1.16738,1.1676,1.16714,1.16753,353,2,0
2026-05-14 15:30:00,1.1675200000000001,1.16785,1.16744,1.16771,376,2,0
2026-05-14 15:40:00,1.16772,1.16783,1.16747,1.1676,350,2,0
2026-05-14 15:50:00,1.1676,1.16779,1.16751,1.16773,418,2,0
2026-05-14 16:00:00,1.16773,1.16783,1.1674,1.16767,428,2,0
2026-05-14 16:10:00,1.16767,1.16814,1.1673499999999999,1.16784,492,2,0
2026-05-14 16:20:00,1.16784,1.16789,1.16724,1.16742,463,2,0
2026-05-14 16:30:00,1.16742,1.16748,1.16706,1.16732,473,2,0
2026-05-14 16:40:00,1.16732,1.16753,1.16724,1.16749,335,2,0
2026-05-14 16:50:00,1.16749,1.16764,1.16727,1.16763,329,2,0
2026-05-14 17:00:00,1.16763,1.168,1.16758,1.16776,325,2,0
2026-05-14 17:10:00,1.16776,1.16785,1.16761,1.1676199999999999,227,2,0
2026-05-14 17:20:00,1.1676199999999999,1.16788,1.16759,1.16779,304,2,0
2026-05-14 17:30:00,1.16779,1.16804,1.16769,1.168,281,2,0
2026-05-14 17:40:00,1.168,1.16805,1.16782,1.16803,230,2,0
2026-05-14 17:50:00,1.16803,1.16807,1.16773,1.16779,182,2,0
2026-05-14 18:00:00,1.16779,1.16779,1.16748,1.16761,420,2,0
2026-05-14 18:10:00,1.16761,1.16783,1.16761,1.16779,218,2,0
2026-05-14 18:20:00,1.16779,1.16784,1.16758,1.16766,293,2,0
2026-05-14 18:30:00,1.16766,1.16772,1.16749,1.16753,166,2,0
2026-05-14 18:40:00,1.16753,1.16764,1.16738,1.16763,233,2,0
2026-05-14 18:50:00,1.16763,1.16774,1.16742,1.16774,259,2,0
2026-05-14 19:00:00,1.16774,1.16789,1.16766,1.16775,166,2,0
2026-05-14 19:10:00,1.16775,1.16777,1.16753,1.16753,223,2,0
2026-05-14 19:20:00,1.16753,1.1676199999999999,1.16733,1.16737,244,2,0
2026-05-14 19:30:00,1.16737,1.16747,1.16724,1.1672500000000001,286,2,0
2026-05-14 19:40:00,1.1672500000000001,1.16727,1.16694,1.16704,296,2,0
2026-05-14 19:50:00,1.16704,1.16708,1.16685,1.16707,426,2,0
2026-05-14 20:00:00,1.16707,1.1672,1.16679,1.16698,229,2,0
2026-05-14 20:10:00,1.16698,1.16699,1.16682,1.16692,132,2,0
2026-05-14 20:20:00,1.16692,1.16696,1.16657,1.16667,176,2,0
2026-05-14 20:30:00,1.16667,1.16681,1.16661,1.16676,178,2,0
2026-05-14 20:40:00,1.16676,1.16682,1.16667,1.16676,203,2,0
2026-05-14 20:50:00,1.16676,1.16689,1.16673,1.1668,160,2,0
2026-05-14 21:00:00,1.1666400000000001,1.16669,1.16649,1.16669,14,46,0
2026-05-14 21:10:00,1.16669,1.16669,1.16657,1.16658,21,36,0
2026-05-14 21:20:00,1.16658,1.16696,1.16658,1.16696,57,32,0
2026-05-14 21:30:00,1.16696,1.1672,1.16696,1.16715,60,20,0
2026-05-14 21:40:00,1.16715,1.16715,1.16668,1.16679,58,18,0
2026-05-14 21:50:00,1.16679,1.16684,1.16675,1.16679,45,36,0
2026-05-14 22:00:00,1.16679,1.1671,1.16679,1.16702,126,3,0
2026-05-14 22:10:00,1.16702,1.16705,1.16686,1.16692,154,3,0
2026-05-14 22:20:00,1.16692,1.16703,1.16688,1.16697,75,2,0
2026-05-14 22:30:00,1.16697,1.16702,1.16692,1.16697,176,3,0
2026-05-14 22:40:00,1.16697,1.16708,1.16697,1.16702,69,2,0
2026-05-14 22:50:00,1.16702,1.16708,1.16692,1.16694,95,3,0
2026-05-14 23:00:00,1.16694,1.16695,1.16656,1.16657,154,2,0
2026-05-14 23:10:00,1.16657,1.16657,1.1662,1.16628,277,2,0
2026-05-14 23:20:00,1.16628,1.16641,1.16622,1.1663999999999999,112,2,0
2026-05-14 23:30:00,1.1663999999999999,1.1663999999999999,1.16622,1.16629,84,2,0
2026-05-14 23:40:00,1.16629,1.16649,1.16627,1.16644,114,2,0
2026-05-14 23:50:00,1.16644,1.16644,1.1661299999999999,1.16616,138,2,0
2026-05-15 00:00:00,1.16616,1.16627,1.1657,1.166,618,2,0
2026-05-15 00:10:00,1.166,1.16634,1.16593,1.16627,317,2,0
2026-05-15 00:20:00,1.16627,1.16627,1.16587,1.16588,263,2,0
2026-05-15 00:30:00,1.16588,1.16591,1.16544,1.16554,359,2,0
2026-05-15 00:40:00,1.16554,1.16556,1.16526,1.16544,324,2,0
2026-05-15 00:50:00,1.16544,1.16564,1.16521,1.16553,415,2,0
2026-05-15 01:00:00,1.16553,1.16564,1.16537,1.16557,383,2,0
2026-05-15 01:10:00,1.16557,1.16558,1.16532,1.1654200000000001,454,2,0
2026-05-15 01:20:00,1.1654200000000001,1.16544,1.16491,1.16492,650,2,0
2026-05-15 01:30:00,1.16492,1.16515,1.16459,1.16507,809,2,0
2026-05-15 01:40:00,1.16507,1.1652,1.16483,1.16488,403,2,0
2026-05-15 01:50:00,1.16488,1.16492,1.16466,1.16468,437,2,0
2026-05-15 02:00:00,1.16468,1.16482,1.16456,1.16482,405,2,0
2026-05-15 02:10:00,1.16482,1.165,1.16474,1.165,176,2,0
2026-05-15 02:20:00,1.165,1.16535,1.16498,1.16509,217,2,0
2026-05-15 02:30:00,1.16509,1.16529,1.16503,1.16514,223,2,0
2026-05-15 02:40:00,1.16514,1.16544,1.16514,1.16535,120,2,0
2026-05-15 02:50:00,1.16535,1.16574,1.16532,1.16534,311,2,0
2026-05-15 03:00:00,1.16534,1.1655,1.16517,1.16525,235,2,0
2026-05-15 03:10:00,1.16525,1.16533,1.16505,1.16512,196,2,0
2026-05-15 03:20:00,1.16512,1.16525,1.16509,1.16524,122,2,0
2026-05-15 03:30:00,1.16524,1.1653,1.16499,1.1651799999999999,235,2,0
2026-05-15 03:40:00,1.1651799999999999,1.16535,1.16517,1.16521,126,2,0
2026-05-15 03:50:00,1.16521,1.16525,1.16514,1.1652,129,2,0
2026-05-15 04:00:00,1.1652,1.1652,1.16505,1.16517,129,2,0
2026-05-15 04:10:00,1.16517,1.16525,1.16515,1.1651799999999999,93,2,0
2026-05-15 04:20:00,1.1651799999999999,1.16523,1.16514,1.16516,146,2,0
2026-05-15 04:30:00,1.16516,1.16519,1.16498,1.1650800000000001,176,2,0
2026-05-15 04:40:00,1.1650800000000001,1.16514,1.1648399999999999,1.16493,226,2,0
2026-05-15 04:50:00,1.16493,1.16495,1.16463,1.16471,294,2,0
2026-05-15 05:00:00,1.16472,1.16474,1.16434,1.16442,562,2,0
2026-05-15 05:10:00,1.16442,1.1646,1.16428,1.16435,584,2,0
2026-05-15 05:20:00,1.16435,1.16479,1.16435,1.16473,345,2,0
2026-05-15 05:30:00,1.16473,1.16474,1.16449,1.1646,407,2,0
2026-05-15 05:40:00,1.1646,1.16475,1.16345,1.1636199999999999,761,2,0
2026-05-15 05:50:00,1.1636199999999999,1.16387,1.1632500000000001,1.16326,645,2,0
2026-05-15 06:00:00,1.1632500000000001,1.16435,1.16324,1.16429,749,2,0
2026-05-15 06:10:00,1.16429,1.1643,1.16389,1.16414,550,2,0
2026-05-15 06:20:00,1.16414,1.1642299999999999,1.16376,1.16381,593,2,0
2026-05-15 06:30:00,1.16381,1.16432,1.16369,1.16394,601,2,0
2026-05-15 06:40:00,1.16394,1.1642000000000001,1.16374,1.16415,378,2,0
2026-05-15 06:50:00,1.16415,1.16415,1.16327,1.16349,604,2,0
2026-05-15 07:00:00,1.16349,1.16432,1.16318,1.16419,724,2,0
2026-05-15 07:10:00,1.16419,1.16459,1.16416,1.1644,467,2,0
2026-05-15 07:20:00,1.1644,1.16489,1.16416,1.16425,526,2,0
2026-05-15 07:30:00,1.16425,1.1643,1.16394,1.1641,410,2,0
2026-05-15 07:40:00,1.1641,1.1641,1.16374,1.16375,411,2,0
2026-05-15 07:50:00,1.16375,1.1641,1.16358,1.16365,452,2,0
2026-05-15 08:00:00,1.16365,1.16382,1.16344,1.16364,590,2,0
2026-05-15 08:10:00,1.16364,1.16365,1.1631,1.16334,473,2,0
2026-05-15 08:20:00,1.16334,1.1634,1.1632,1.16326,472,2,0
2026-05-15 08:30:00,1.16326,1.16341,1.16309,1.16324,568,2,0
2026-05-15 08:40:00,1.16324,1.16364,1.16309,1.16348,530,2,0
2026-05-15 08:50:00,1.16348,1.16351,1.16304,1.16329,324,2,0
2026-05-15 09:00:00,1.16329,1.16334,1.16219,1.1622,716,2,0
2026-05-15 09:10:00,1.16219,1.16243,1.16172,1.16184,845,2,0
2026-05-15 09:20:00,1.16184,1.16265,1.16184,1.16249,727,2,0
2026-05-15 09:30:00,1.16249,1.16256,1.16222,1.16239,469,2,0
2026-05-15 09:40:00,1.16239,1.1626400000000001,1.16221,1.16228,477,2,0
2026-05-15 09:50:00,1.16228,1.16288,1.1622,1.16278,695,2,0
2026-05-15 10:00:00,1.16279,1.16349,1.16272,1.16339,546,2,0
2026-05-15 10:10:00,1.16339,1.1635900000000001,1.16337,1.16345,540,2,0
2026-05-15 10:20:00,1.16345,1.16405,1.16331,1.16374,500,2,0
2026-05-15 10:30:00,1.16374,1.1644,1.16363,1.16438,643,2,0
2026-05-15 10:40:00,1.16438,1.16485,1.16413,1.16455,1193,2,0
2026-05-15 10:50:00,1.16453,1.16554,1.16439,1.16491,1247,2,0
2026-05-15 11:00:00,1.16491,1.16501,1.16407,1.1644700000000001,751,2,0
2026-05-15 11:10:00,1.1644700000000001,1.16469,1.16432,1.16439,456,2,0
2026-05-15 11:20:00,1.16439,1.1644,1.1639599999999999,1.16398,534,2,0
2026-05-15 11:30:00,1.16398,1.16403,1.16352,1.16353,602,2,0
2026-05-15 11:40:00,1.16353,1.16366,1.16311,1.1634,664,2,0
2026-05-15 11:50:00,1.1634,1.16344,1.16291,1.16315,381,2,0
2026-05-15 12:00:00,1.16315,1.16319,1.16261,1.16279,622,2,0
2026-05-15 12:10:00,1.16279,1.16295,1.1626,1.16271,423,2,0
2026-05-15 12:20:00,1.16269,1.16309,1.1626400000000001,1.16294,376,2,0
2026-05-15 12:30:00,1.16294,1.16295,1.16206,1.16221,591,2,0
2026-05-15 12:40:00,1.16221,1.16247,1.16187,1.16242,538,2,0
2026-05-15 12:50:00,1.16242,1.16291,1.16229,1.16262,362,2,0
2026-05-15 13:00:00,1.16262,1.16283,1.16229,1.16255,657,2,0
2026-05-15 13:10:00,1.16255,1.16295,1.16254,1.16281,386,2,0
2026-05-15 13:20:00,1.16281,1.16321,1.1626,1.1629,411,2,0
2026-05-15 13:30:00,1.16296,1.163,1.16242,1.16272,740,2,0
2026-05-15 13:40:00,1.16272,1.16295,1.1620300000000001,1.16217,1034,2,0
2026-05-15 13:50:00,1.16217,1.16256,1.16189,1.16234,994,2,0
2026-05-15 14:00:00,1.16234,1.16273,1.1621299999999999,1.16254,1209,2,0
2026-05-15 14:10:00,1.16254,1.16364,1.16229,1.16363,933,2,0
2026-05-15 14:20:00,1.16365,1.16377,1.16299,1.16323,954,2,0
2026-05-15 14:30:00,1.16323,1.16338,1.16285,1.16285,757,2,0
2026-05-15 14:40:00,1.16284,1.16302,1.16234,1.1625,661,2,0
2026-05-15 14:50:00,1.1625,1.16306,1.16234,1.16293,821,2,0
2026-05-15 15:00:00,1.16293,1.16302,1.16244,1.16285,887,2,0
2026-05-15 15:10:00,1.16285,1.16309,1.16237,1.16239,664,2,0
2026-05-15 15:20:00,1.16238,1.16256,1.16204,1.1623,794,2,0
2026-05-15 15:30:00,1.16229,1.1626,1.16225,1.1623999999999999,511,2,0
2026-05-15 15:40:00,1.1623999999999999,1.16258,1.16212,1.16212,511,2,0
2026-05-15 15:50:00,1.16212,1.16263,1.16207,1.16263,586,2,0
2026-05-15 16:00:00,1.16263,1.16271,1.1623,1.16257,489,2,0
2026-05-15 16:10:00,1.16257,1.1626,1.16232,1.16254,310,2,0
2026-05-15 16:20:00,1.16254,1.16276,1.16249,1.16276,270,2,0
2026-05-15 16:30:00,1.16276,1.16307,1.16268,1.16307,389,2,0
2026-05-15 16:40:00,1.16307,1.16312,1.16289,1.16296,328,2,0
2026-05-15 16:50:00,1.16296,1.16305,1.16269,1.1629800000000001,311,2,0
2026-05-15 17:00:00,1.1629800000000001,1.16324,1.16286,1.16311,339,2,0
2026-05-15 17:10:00,1.16311,1.16339,1.16311,1.16337,293,2,0
2026-05-15 17:20:00,1.16337,1.16356,1.16319,1.1632500000000001,343,2,0
2026-05-15 17:30:00,1.1632500000000001,1.16333,1.16293,1.16302,343,2,0
2026-05-15 17:40:00,1.16302,1.1631,1.16284,1.16293,381,2,0
2026-05-15 17:50:00,1.16293,1.16294,1.16265,1.16267,290,2,0
2026-05-15 18:00:00,1.16267,1.16272,1.16232,1.16238,394,2,0
2026-05-15 18:10:00,1.16238,1.16257,1.16208,1.16214,505,2,0
2026-05-15 18:20:00,1.16214,1.16235,1.16209,1.16215,462,2,0
2026-05-15 18:30:00,1.16214,1.16217,1.16168,1.1619,418,2,0
2026-05-15 18:40:00,1.1619,1.16215,1.1618,1.16214,181,2,0
2026-05-15 18:50:00,1.16214,1.16238,1.16199,1.16218,251,2,0
2026-05-15 19:00:00,1.16218,1.16224,1.16208,1.16214,264,2,0
2026-05-15 19:10:00,1.16214,1.16214,1.16194,1.16208,129,2,0
2026-05-15 19:20:00,1.16208,1.1622,1.16204,1.1621299999999999,127,2,0
2026-05-15 19:30:00,1.1621299999999999,1.16231,1.1621,1.16226,161,2,0
2026-05-15 19:40:00,1.16226,1.16229,1.1619,1.16209,196,2,0
2026-05-15 19:50:00,1.16209,1.16225,1.16193,1.1621299999999999,322,2,0
2026-05-15 20:00:00,1.1621299999999999,1.16224,1.16191,1.1621,201,2,0
2026-05-15 20:10:00,1.1621,1.16225,1.16206,1.16216,122,2,0
2026-05-15 20:20:00,1.16216,1.1622,1.16204,1.16208,146,2,0
2026-05-15 20:30:00,1.16208,1.16241,1.16208,1.16241,159,2,0
2026-05-15 20:40:00,1.16241,1.16249,1.16236,1.16245,245,2,0
2026-05-15 20:50:00,1.16245,1.16256,1.16232,1.16232,177,2,0
2026-05-17 21:10:00,1.1617,1.162,1.16168,1.16192,64,48,0
2026-05-17 21:20:00,1.16192,1.16192,1.1616,1.1616,35,55,0
2026-05-17 21:30:00,1.1616,1.16174,1.1616,1.16173,30,44,0
2026-05-17 21:40:00,1.16173,1.16175,1.16158,1.16172,50,39,0
2026-05-17 21:50:00,1.16172,1.16216,1.16172,1.16202,77,54,0
2026-05-17 22:00:00,1.16202,1.16227,1.162,1.16207,257,23,0
2026-05-17 22:10:00,1.16208,1.16225,1.1620300000000001,1.16205,361,17,0
2026-05-17 22:20:00,1.16205,1.16217,1.16192,1.16197,119,16,0
2026-05-17 22:30:00,1.16197,1.16229,1.16196,1.16228,266,7,0
2026-05-17 22:40:00,1.16228,1.16237,1.16224,1.16227,102,2,0
2026-05-17 22:50:00,1.16227,1.16234,1.16222,1.16228,63,3,0
2026-05-17 23:00:00,1.16228,1.16234,1.16202,1.16208,169,2,0
2026-05-17 23:10:00,1.16208,1.16217,1.1620300000000001,1.16214,107,2,0
2026-05-17 23:20:00,1.1621299999999999,1.16217,1.1619,1.16195,82,2,0
2026-05-17 23:30:00,1.16195,1.16195,1.16157,1.16158,249,2,0
2026-05-17 23:40:00,1.16159,1.16162,1.16119,1.16132,492,2,0
2026-05-17 23:50:00,1.16132,1.16143,1.16122,1.16135,328,2,0
2026-05-18 00:00:00,1.16135,1.1621,1.16133,1.16184,634,2,0
2026-05-18 00:10:00,1.16184,1.16193,1.16146,1.1615,500,2,0
2026-05-18 00:20:00,1.1615,1.16175,1.16139,1.1615,320,2,0
2026-05-18 00:30:00,1.1615,1.16159,1.16122,1.16122,494,2,0
2026-05-18 00:40:00,1.16122,1.16128,1.16101,1.1611799999999999,500,2,0
2026-05-18 00:50:00,1.1611799999999999,1.16126,1.16082,1.16115,486,2,0
2026-05-18 01:00:00,1.16115,1.16134,1.16083,1.16134,455,2,0
2026-05-18 01:10:00,1.16134,1.16135,1.16098,1.1612,507,2,0
2026-05-18 01:20:00,1.1612,1.16138,1.16101,1.1613,786,2,0
2026-05-18 01:30:00,1.1613,1.16165,1.16122,1.16146,569,2,0
2026-05-18 01:40:00,1.16146,1.16164,1.16123,1.16159,489,2,0
2026-05-18 01:50:00,1.16159,1.16187,1.16157,1.16174,391,2,0
2026-05-18 02:00:00,1.16174,1.16174,1.16129,1.16134,315,2,0
2026-05-18 02:10:00,1.16134,1.16175,1.16134,1.16171,307,2,0
2026-05-18 02:20:00,1.1617,1.16182,1.16159,1.16177,187,2,0
2026-05-18 02:30:00,1.16177,1.16194,1.16167,1.1617,224,2,0
2026-05-18 02:40:00,1.1617,1.16174,1.16153,1.16153,271,2,0
2026-05-18 02:50:00,1.16153,1.16157,1.16137,1.16155,243,2,0
2026-05-18 03:00:00,1.16155,1.16171,1.16153,1.1616900000000001,207,2,0
2026-05-18 03:10:00,1.1616900000000001,1.16177,1.16164,1.16174,194,2,0
2026-05-18 03:20:00,1.16174,1.16204,1.16167,1.16201,212,2,0
2026-05-18 03:30:00,1.16201,1.16204,1.1617899999999999,1.16187,224,2,0
2026-05-18 03:40:00,1.16187,1.16219,1.16184,1.16216,223,2,0
2026-05-18 03:50:00,1.16216,1.16224,1.1620300000000001,1.16217,193,2,0
2026-05-18 04:00:00,1.16217,1.16255,1.16216,1.16244,256,2,0
2026-05-18 04:10:00,1.16244,1.1626,1.16239,1.16239,191,2,0
2026-05-18 04:20:00,1.16239,1.1623999999999999,1.16208,1.1621299999999999,266,2,0
2026-05-18 04:30:00,1.1621299999999999,1.16231,1.16208,1.16218,285,2,0
2026-05-18 04:40:00,1.16218,1.16227,1.1621,1.1621299999999999,181,2,0
2026-05-18 04:50:00,1.1621299999999999,1.1621299999999999,1.1619,1.16206,205,2,0
2026-05-18 05:00:00,1.16206,1.16219,1.16191,1.16205,333,2,0
2026-05-18 05:10:00,1.16205,1.16205,1.16167,1.16183,283,2,0
2026-05-18 05:20:00,1.16183,1.16208,1.16174,1.16201,348,2,0
2026-05-18 05:30:00,1.16201,1.16219,1.16185,1.16217,347,2,0
2026-05-18 05:40:00,1.16217,1.16218,1.16194,1.1621,225,2,0
2026-05-18 05:50:00,1.1621,1.16231,1.162,1.1623,233,2,0
2026-05-18 06:00:00,1.1623,1.16265,1.16218,1.16256,388,2,0
2026-05-18 06:10:00,1.16256,1.16303,1.16249,1.16292,273,2,0
2026-05-18 06:20:00,1.16292,1.1633499999999999,1.16285,1.16305,311,2,0
2026-05-18 06:30:00,1.16305,1.16345,1.16299,1.16333,391,2,0
2026-05-18 06:40:00,1.16332,1.16365,1.16331,1.1635,371,2,0
2026-05-18 06:50:00,1.1635,1.16365,1.1634,1.16357,430,2,0
2026-05-18 07:00:00,1.16357,1.16366,1.16319,1.16332,521,2,0
2026-05-18 07:10:00,1.16331,1.16342,1.16316,1.16337,314,2,0
2026-05-18 07:20:00,1.16337,1.16395,1.16316,1.16369,570,2,0
2026-05-18 07:30:00,1.16369,1.16403,1.16354,1.1638,522,2,0
2026-05-18 07:40:00,1.1638,1.16382,1.16328,1.1633,278,2,0
2026-05-18 07:50:00,1.1633,1.16353,1.16313,1.1632,564,2,0
2026-05-18 08:00:00,1.1632,1.16336,1.16297,1.16299,535,2,0
2026-05-18 08:10:00,1.16299,1.16353,1.1629,1.16351,255,2,0
2026-05-18 08:20:00,1.16351,1.16377,1.16338,1.16377,328,2,0
2026-05-18 08:30:00,1.16378,1.16451,1.1637,1.1642000000000001,556,2,0
2026-05-18 08:40:00,1.1642000000000001,1.16424,1.16374,1.1641,354,2,0
2026-05-18 08:50:00,1.1641,1.16452,1.16409,1.16414,398,2,0
2026-05-18 09:00:00,1.16414,1.16426,1.16383,1.16398,529,2,0
2026-05-18 09:10:00,1.16398,1.16402,1.16374,1.16375,368,2,0
2026-05-18 09:20:00,1.16375,1.16397,1.16373,1.16395,290,2,0
2026-05-18 09:30:00,1.16395,1.16411,1.16377,1.1639599999999999,281,2,0
2026-05-18 09:40:00,1.1639599999999999,1.16402,1.16376,1.16379,261,2,0
2026-05-18 09:50:00,1.16379,1.16384,1.16349,1.16349,329,2,0
2026-05-18 10:00:00,1.16349,1.16367,1.16327,1.16329,422,2,0
2026-05-18 10:10:00,1.16329,1.16358,1.1632,1.1635,322,2,0
2026-05-18 10:20:00,1.1635,1.16364,1.16341,1.16361,231,2,0
2026-05-18 10:30:00,1.16361,1.16364,1.1632,1.1633499999999999,272,2,0
2026-05-18 10:40:00,1.1633499999999999,1.16345,1.16308,1.16318,253,2,0
2026-05-18 10:50:00,1.16318,1.1632500000000001,1.16263,1.16269,354,2,0
2026-05-18 11:00:00,1.16269,1.16308,1.1626400000000001,1.16285,340,2,0
2026-05-18 11:10:00,1.16285,1.163,1.1627,1.16299,473,2,0
2026-05-18 11:20:00,1.16299,1.16334,1.16296,1.16307,206,2,0
2026-05-18 11:30:00,1.16307,1.16463,1.16302,1.16463,735,2,0
2026-05-18 11:40:00,1.16462,1.16495,1.1642299999999999,1.16426,1445,2,0
2026-05-18 11:50:00,1.16426,1.16434,1.16385,1.16415,785,2,0
2026-05-18 12:00:00,1.16415,1.16485,1.16409,1.1648,474,2,0
2026-05-18 12:10:00,1.1648,1.16491,1.16427,1.1644700000000001,660,2,0
2026-05-18 12:20:00,1.1644700000000001,1.16464,1.16431,1.16463,639,2,0
2026-05-18 12:30:00,1.16463,1.16545,1.16456,1.16524,1055,2,0
2026-05-18 12:40:00,1.16524,1.16573,1.16488,1.16538,1001,2,0
2026-05-18 12:50:00,1.16538,1.1655,1.16487,1.16512,707,2,0
2026-05-18 13:00:00,1.16512,1.16538,1.16467,1.165,964,2,0
2026-05-18 13:10:00,1.165,1.16514,1.16451,1.16472,545,2,0
2026-05-18 13:20:00,1.16473,1.16497,1.1645699999999999,1.16496,534,2,0
2026-05-18 13:30:00,1.16497,1.16505,1.16459,1.16468,757,2,0
2026-05-18 13:40:00,1.16468,1.16549,1.16438,1.16544,1169,2,0
2026-05-18 13:50:00,1.16544,1.1656,1.16506,1.16511,712,2,0
2026-05-18 14:00:00,1.16511,1.16533,1.16428,1.16465,950,2,0
2026-05-18 14:10:00,1.16465,1.16485,1.16432,1.16462,940,2,0
2026-05-18 14:20:00,1.16462,1.16466,1.16418,1.16454,768,2,0
2026-05-18 14:30:00,1.16454,1.16474,1.16413,1.16445,840,2,0
2026-05-18 14:40:00,1.16445,1.1645,1.16418,1.16429,702,2,0
2026-05-18 14:50:00,1.16429,1.16469,1.16419,1.16419,772,2,0
2026-05-18 15:00:00,1.16419,1.1642299999999999,1.16334,1.16336,1214,2,0
2026-05-18 15:10:00,1.16337,1.16401,1.16332,1.16382,647,2,0
2026-05-18 15:20:00,1.16382,1.16425,1.16366,1.16404,839,2,0
2026-05-18 15:30:00,1.16404,1.1648100000000001,1.16388,1.16471,698,2,0
2026-05-18 15:40:00,1.16471,1.16491,1.1645,1.1646,595,2,0
2026-05-18 15:50:00,1.1646,1.16529,1.1646,1.16483,789,2,0
2026-05-18 16:00:00,1.16483,1.165,1.16439,1.16494,682,2,0
2026-05-18 16:10:00,1.16494,1.16549,1.16491,1.16541,435,2,0
2026-05-18 16:20:00,1.16541,1.16561,1.16487,1.16496,798,2,0
2026-05-18 16:30:00,1.16496,1.1654,1.1648,1.1651799999999999,670,2,0
2026-05-18 16:40:00,1.1651799999999999,1.16539,1.16501,1.16525,343,2,0
2026-05-18 16:50:00,1.16525,1.16545,1.16507,1.16514,429,2,0
2026-05-18 17:00:00,1.16514,1.16531,1.16496,1.16502,484,2,0
2026-05-18 17:10:00,1.16502,1.16534,1.16494,1.16524,363,2,0
2026-05-18 17:20:00,1.16524,1.16525,1.16509,1.16513,228,2,0
2026-05-18 17:30:00,1.16513,1.16521,1.16498,1.16519,236,2,0
2026-05-18 17:40:00,1.16519,1.16532,1.16495,1.16496,227,2,0
2026-05-18 17:50:00,1.16496,1.16516,1.1648,1.1648100000000001,169,2,0
2026-05-18 18:00:00,1.1648100000000001,1.16487,1.16451,1.16455,352,2,0
2026-05-18 18:10:00,1.16455,1.16465,1.16442,1.1645,245,2,0
2026-05-18 18:20:00,1.1645,1.1645,1.16366,1.16387,500,2,0
2026-05-18 18:30:00,1.16387,1.16397,1.1635900000000001,1.1636,320,2,0
2026-05-18 18:40:00,1.1636,1.16373,1.16356,1.1636199999999999,261,2,0
2026-05-18 18:50:00,1.1636199999999999,1.16367,1.16287,1.16291,357,2,0
2026-05-18 19:00:00,1.16293,1.16563,1.16292,1.16474,2418,2,0
2026-05-18 19:10:00,1.16474,1.16496,1.16443,1.16485,906,2,0
2026-05-18 19:20:00,1.16488,1.1651,1.16445,1.16474,776,2,0
2026-05-18 19:30:00,1.16475,1.16516,1.16472,1.16515,585,2,0
2026-05-18 19:40:00,1.16515,1.16552,1.16509,1.1654200000000001,477,2,0
2026-05-18 19:50:00,1.16543,1.16554,1.16507,1.16509,414,2,0
2026-05-18 20:00:00,1.16509,1.16562,1.16509,1.16554,255,2,0
2026-05-18 20:10:00,1.16554,1.16607,1.16554,1.16601,163,2,0
2026-05-18 20:20:00,1.16601,1.16601,1.16582,1.16592,75,2,0
2026-05-18 20:30:00,1.16592,1.16592,1.16552,1.16552,171,2,0
2026-05-18 20:40:00,1.16552,1.16585,1.16546,1.16556,322,2,0
2026-05-18 20:50:00,1.16554,1.16563,1.16544,1.16551,406,2,0
2026-05-18 21:00:00,1.16536,1.16541,1.16485,1.16486,18,16,0
2026-05-18 21:10:00,1.16486,1.1650800000000001,1.16479,1.16487,39,53,0
2026-05-18 21:20:00,1.16487,1.16488,1.16487,1.16487,12,69,0
2026-05-18 21:30:00,1.16487,1.16527,1.16487,1.16504,16,34,0
2026-05-18 21:40:00,1.16504,1.16592,1.16504,1.1656,42,23,0
2026-05-18 21:50:00,1.1656,1.16599,1.16549,1.16585,104,14,0
2026-05-18 22:00:00,1.16585,1.16611,1.16571,1.16594,169,2,0
2026-05-18 22:10:00,1.16594,1.166,1.16588,1.16596,53,2,0
2026-05-18 22:20:00,1.16596,1.16599,1.16584,1.16589,80,2,0
2026-05-18 22:30:00,1.16589,1.1660300000000001,1.16584,1.16601,121,2,0
2026-05-18 22:40:00,1.16601,1.16602,1.1658,1.16586,97,2,0
2026-05-18 22:50:00,1.16586,1.16587,1.16575,1.16577,57,2,0
2026-05-18 23:00:00,1.16577,1.16583,1.1657,1.16571,118,2,0
2026-05-18 23:10:00,1.16571,1.16571,1.16561,1.16561,42,2,0
2026-05-18 23:20:00,1.16561,1.16581,1.16561,1.1658,180,2,0
2026-05-18 23:30:00,1.1658,1.16583,1.16556,1.16567,150,3,0
2026-05-18 23:40:00,1.16568,1.16578,1.16553,1.16559,245,2,0
2026-05-18 23:50:00,1.16559,1.16565,1.16546,1.16547,149,2,0
2026-05-19 00:00:00,1.16547,1.16559,1.16495,1.16499,715,2,0
2026-05-19 00:10:00,1.16499,1.1652,1.1649,1.16517,413,2,0
2026-05-19 00:20:00,1.16517,1.1654,1.16497,1.16503,372,2,0
2026-05-19 00:30:00,1.16506,1.16507,1.16462,1.16464,367,2,0
2026-05-19 00:40:00,1.16464,1.16467,1.16449,1.16461,350,2,0
2026-05-19 00:50:00,1.16461,1.16461,1.16437,1.16444,303,2,0
2026-05-19 01:00:00,1.16444,1.16452,1.1643,1.16443,618,2,0
2026-05-19 01:10:00,1.16443,1.1647,1.16443,1.16458,432,2,0
2026-05-19 01:20:00,1.16458,1.16461,1.16436,1.16461,334,2,0
2026-05-19 01:30:00,1.16461,1.16485,1.16442,1.16483,416,2,0
2026-05-19 01:40:00,1.16483,1.16526,1.16477,1.16492,468,2,0
2026-05-19 01:50:00,1.16492,1.165,1.16461,1.16462,390,2,0
2026-05-19 02:00:00,1.16462,1.16462,1.16408,1.16413,488,2,0
2026-05-19 02:10:00,1.16413,1.16451,1.16411,1.16449,369,2,0
2026-05-19 02:20:00,1.16449,1.1647,1.16449,1.1645,315,2,0
2026-05-19 02:30:00,1.1645,1.16466,1.16438,1.1644,429,2,0
2026-05-19 02:40:00,1.1644,1.16456,1.16415,1.1642000000000001,300,2,0
2026-05-19 02:50:00,1.1642000000000001,1.16436,1.16419,1.16431,317,2,0
2026-05-19 03:00:00,1.1643,1.1643,1.16405,1.16417,357,2,0
2026-05-19 03:10:00,1.16417,1.16449,1.16413,1.16442,304,2,0
2026-05-19 03:20:00,1.16442,1.16456,1.1644,1.1644700000000001,197,2,0
2026-05-19 03:30:00,1.1644700000000001,1.16451,1.16436,1.1644,252,2,0
2026-05-19 03:40:00,1.1644,1.16446,1.16419,1.16425,265,2,0
2026-05-19 03:50:00,1.16425,1.16428,1.1641,1.1641,248,2,0
2026-05-19 04:00:00,1.1641,1.16419,1.16403,1.16418,238,2,0
2026-05-19 04:10:00,1.16418,1.16429,1.16413,1.16418,206,2,0
2026-05-19 04:20:00,1.16418,1.1643,1.16404,1.16411,234,2,0
2026-05-19 04:30:00,1.16411,1.1642299999999999,1.16398,1.16405,279,2,0
2026-05-19 04:40:00,1.16405,1.16409,1.16353,1.16354,239,2,0
2026-05-19 04:50:00,1.16354,1.16379,1.16354,1.16364,282,2,0
2026-05-19 05:00:00,1.16364,1.16389,1.16352,1.1638600000000001,310,2,0
2026-05-19 05:10:00,1.1638600000000001,1.16394,1.16379,1.16382,201,2,0
2026-05-19 05:20:00,1.16382,1.16385,1.16334,1.16354,385,2,0
2026-05-19 05:30:00,1.16354,1.1638600000000001,1.16343,1.1638,324,2,0
2026-05-19 05:40:00,1.1638,1.16393,1.16377,1.16389,200,2,0
2026-05-19 05:50:00,1.16389,1.16429,1.16388,1.16419,295,2,0
2026-05-19 06:00:00,1.16419,1.1642299999999999,1.16378,1.16404,601,2,0
2026-05-19 06:10:00,1.16404,1.16445,1.16399,1.16445,386,2,0
2026-05-19 06:20:00,1.16445,1.16456,1.16426,1.16428,357,2,0
2026-05-19 06:30:00,1.16428,1.16429,1.16384,1.16412,464,2,0
2026-05-19 06:40:00,1.16412,1.16424,1.1635900000000001,1.16372,501,2,0
2026-05-19 06:50:00,1.16372,1.16391,1.1635900000000001,1.16365,467,2,0
2026-05-19 07:00:00,1.16365,1.16365,1.16305,1.1632,701,2,0
2026-05-19 07:10:00,1.1632,1.16352,1.16307,1.16311,384,2,0
2026-05-19 07:20:00,1.16311,1.16321,1.16299,1.16315,326,2,0
2026-05-19 07:30:00,1.16315,1.16336,1.16304,1.16333,367,2,0
2026-05-19 07:40:00,1.16333,1.16374,1.16308,1.16372,330,2,0
2026-05-19 07:50:00,1.16372,1.16375,1.16344,1.16347,525,2,0
2026-05-19 08:00:00,1.16347,1.1635900000000001,1.16316,1.16316,644,2,0
2026-05-19 08:10:00,1.16316,1.16323,1.16259,1.16306,660,2,0
2026-05-19 08:20:00,1.16306,1.16309,1.16271,1.1630099999999999,525,2,0
2026-05-19 08:30:00,1.1630099999999999,1.16337,1.16294,1.16297,430,2,0
2026-05-19 08:40:00,1.16297,1.16299,1.16258,1.16273,355,2,0
2026-05-19 08:50:00,1.16273,1.16277,1.16221,1.16232,375,2,0
2026-05-19 09:00:00,1.16232,1.16232,1.16202,1.1621299999999999,460,2,0
2026-05-19 09:10:00,1.1621299999999999,1.1621299999999999,1.1615199999999999,1.16154,510,2,0
2026-05-19 09:20:00,1.16154,1.16195,1.16149,1.16177,518,2,0
2026-05-19 09:30:00,1.16177,1.16195,1.16148,1.16193,518,2,0
2026-05-19 09:40:00,1.16193,1.16193,1.16163,1.16186,393,2,0
2026-05-19 09:50:00,1.16186,1.16205,1.16177,1.16193,382,2,0
2026-05-19 10:00:00,1.16193,1.16219,1.16184,1.16218,376,2,0
2026-05-19 10:10:00,1.16218,1.16259,1.16218,1.16245,253,2,0
2026-05-19 10:20:00,1.16245,1.16266,1.16231,1.16248,350,2,0
2026-05-19 10:30:00,1.16248,1.16252,1.16173,1.16207,655,2,0
2026-05-19 10:40:00,1.16206,1.1621,1.16109,1.16167,985,2,0
2026-05-19 10:50:00,1.16167,1.16233,1.16165,1.16221,692,2,0
2026-05-19 11:00:00,1.16221,1.16222,1.16187,1.16202,499,2,0
2026-05-19 11:10:00,1.16202,1.16207,1.16167,1.16192,463,2,0
2026-05-19 11:20:00,1.16192,1.16202,1.16172,1.16188,345,2,0
2026-05-19 11:30:00,1.16188,1.16218,1.16187,1.16215,246,2,0
2026-05-19 11:40:00,1.16215,1.16224,1.1620300000000001,1.16211,272,2,0
2026-05-19 11:50:00,1.16211,1.16216,1.16163,1.16165,585,2,0
2026-05-19 12:00:00,1.16165,1.1621,1.16151,1.16202,770,2,0
2026-05-19 12:10:00,1.16202,1.16228,1.162,1.16217,440,2,0
2026-05-19 12:20:00,1.16217,1.16238,1.162,1.16223,442,2,0
2026-05-19 12:30:00,1.16221,1.16233,1.16176,1.16192,485,2,0
2026-05-19 12:40:00,1.16192,1.16235,1.16167,1.16188,1050,2,0
2026-05-19 12:50:00,1.16188,1.16208,1.16159,1.16164,569,2,0
2026-05-19 13:00:00,1.16164,1.1617899999999999,1.16116,1.16139,878,2,0
2026-05-19 13:10:00,1.16138,1.16171,1.16069,1.16076,758,2,0
2026-05-19 13:20:00,1.16076,1.16096,1.16041,1.16054,1032,2,0
2026-05-19 13:30:00,1.16055,1.1609,1.16014,1.1607,1127,2,0
2026-05-19 13:40:00,1.1607,1.16107,1.16045,1.16097,956,2,0
2026-05-19 13:50:00,1.16097,1.16155,1.16094,1.16135,917,2,0
2026-05-19 14:00:00,1.16137,1.16168,1.1608,1.16101,1291,2,0
2026-05-19 14:10:00,1.161,1.1611799999999999,1.1602999999999999,1.1604700000000001,1030,2,0
2026-05-19 14:20:00,1.1604700000000001,1.1604700000000001,1.15948,1.16007,1225,2,0
2026-05-19 14:30:00,1.16007,1.16013,1.15952,1.15983,1034,2,0
2026-05-19 14:40:00,1.15983,1.16008,1.15949,1.15979,1057,2,0
2026-05-19 14:50:00,1.15979,1.15998,1.15954,1.15955,914,2,0
2026-05-19 15:00:00,1.15955,1.1598,1.1592,1.15946,965,2,0
2026-05-19 15:10:00,1.15946,1.15973,1.15923,1.15966,659,2,0
2026-05-19 15:20:00,1.15966,1.15981,1.15933,1.1595900000000001,519,2,0
2026-05-19 15:30:00,1.1595900000000001,1.16001,1.15946,1.15998,620,2,0
2026-05-19 15:40:00,1.15998,1.16028,1.15979,1.16011,429,2,0
2026-05-19 15:50:00,1.16011,1.16027,1.16002,1.16018,341,2,0
2026-05-19 16:00:00,1.16018,1.16023,1.15957,1.15983,534,2,0
2026-05-19 16:10:00,1.15982,1.16005,1.15972,1.15983,500,2,0
2026-05-19 16:20:00,1.15983,1.16058,1.15977,1.16051,456,2,0
2026-05-19 16:30:00,1.1605,1.16082,1.16037,1.16075,499,2,0
2026-05-19 16:40:00,1.16075,1.16093,1.1605699999999999,1.16064,360,2,0
2026-05-19 16:50:00,1.16064,1.1608100000000001,1.16055,1.16069,360,2,0
2026-05-19 17:00:00,1.16069,1.16103,1.16066,1.16093,305,2,0
2026-05-19 17:10:00,1.16093,1.16121,1.16088,1.16107,211,2,0
2026-05-19 17:20:00,1.16107,1.16107,1.16085,1.16093,191,2,0
2026-05-19 17:30:00,1.16093,1.16106,1.16073,1.16096,256,2,0
2026-05-19 17:40:00,1.16096,1.16104,1.16072,1.16082,348,2,0
2026-05-19 17:50:00,1.16082,1.16115,1.1608100000000001,1.16106,312,2,0
2026-05-19 18:00:00,1.16106,1.16138,1.16105,1.16137,236,2,0
2026-05-19 18:10:00,1.16137,1.16148,1.16107,1.16123,229,2,0
2026-05-19 18:20:00,1.16123,1.16127,1.16082,1.16084,471,2,0
2026-05-19 18:30:00,1.16084,1.16086,1.16063,1.16076,725,2,0
2026-05-19 18:40:00,1.16076,1.16096,1.1607,1.16074,428,2,0
2026-05-19 18:50:00,1.16074,1.16074,1.16025,1.16032,675,2,0
2026-05-19 19:00:00,1.16032,1.16066,1.16025,1.16032,491,2,0
2026-05-19 19:10:00,1.16032,1.16061,1.16031,1.16043,297,2,0
2026-05-19 19:20:00,1.16043,1.16048,1.16026,1.16044,195,2,0
2026-05-19 19:30:00,1.16046,1.16079,1.16037,1.16068,266,2,0
2026-05-19 19:40:00,1.16068,1.16077,1.16058,1.16068,259,2,0
2026-05-19 19:50:00,1.16068,1.16072,1.16042,1.16063,330,2,0
2026-05-19 20:00:00,1.16063,1.16064,1.16033,1.16045,144,2,0
2026-05-19 20:10:00,1.16045,1.16051,1.16036,1.16037,123,2,0
2026-05-19 20:20:00,1.16036,1.16048,1.16034,1.16048,80,2,0
2026-05-19 20:30:00,1.16048,1.16068,1.16048,1.16065,51,2,0
2026-05-19 20:40:00,1.16065,1.16065,1.16041,1.16051,91,2,0
2026-05-19 20:50:00,1.16051,1.16068,1.16044,1.16044,301,2,0
2026-05-19 21:00:00,1.15993,1.15993,1.15992,1.15992,13,106,0
2026-05-19 21:10:00,1.15992,1.16044,1.15974,1.16031,51,31,0
2026-05-19 21:20:00,1.16031,1.1607,1.16012,1.1607,36,19,0
2026-05-19 21:30:00,1.1607,1.16082,1.16069,1.16073,23,18,0
2026-05-19 21:40:00,1.16073,1.16073,1.16053,1.16066,33,26,0
2026-05-19 21:50:00,1.16066,1.16068,1.16059,1.1606,27,30,0
2026-05-19 22:00:00,1.1606,1.16068,1.16053,1.16062,155,11,0
2026-05-19 22:10:00,1.16062,1.16076,1.1606,1.16076,88,4,0
2026-05-19 22:20:00,1.16076,1.1608,1.16073,1.16078,113,2,0
2026-05-19 22:30:00,1.16078,1.16086,1.1607,1.16076,107,2,0
2026-05-19 22:40:00,1.16076,1.16076,1.16064,1.16065,87,2,0
2026-05-19 22:50:00,1.16065,1.16086,1.16065,1.16085,68,3,0
2026-05-19 23:00:00,1.16085,1.16088,1.16074,1.16084,98,2,0
2026-05-19 23:10:00,1.16084,1.16099,1.16084,1.16099,66,2,0
2026-05-19 23:20:00,1.16099,1.16104,1.16097,1.16102,29,2,0
2026-05-19 23:30:00,1.16102,1.16128,1.16099,1.1611799999999999,169,2,0
2026-05-19 23:40:00,1.1611799999999999,1.1611799999999999,1.16094,1.16097,134,2,0
2026-05-19 23:50:00,1.16097,1.16103,1.16061,1.16065,213,2,0
2026-05-20 00:00:00,1.16066,1.16067,1.1602999999999999,1.16043,576,2,0
2026-05-20 00:10:00,1.16043,1.16059,1.16036,1.16052,519,2,0
2026-05-20 00:20:00,1.16052,1.16102,1.16048,1.16084,579,2,0
2026-05-20 00:30:00,1.16084,1.16105,1.16046,1.1605,562,2,0
2026-05-20 00:40:00,1.1605,1.16056,1.16035,1.16043,389,2,0
2026-05-20 00:50:00,1.16043,1.16059,1.16007,1.16012,550,2,0
2026-05-20 01:00:00,1.16012,1.16018,1.1598,1.16016,650,2,0
2026-05-20 01:10:00,1.16016,1.16022,1.15982,1.15993,415,2,0
2026-05-20 01:20:00,1.15993,1.16,1.15951,1.15957,366,2,0
2026-05-20 01:30:00,1.15957,1.15975,1.1593499999999999,1.15957,595,2,0
2026-05-20 01:40:00,1.15957,1.15964,1.15943,1.15964,401,2,0
2026-05-20 01:50:00,1.15964,1.16026,1.15961,1.15971,778,2,0
2026-05-20 02:00:00,1.15971,1.15999,1.15968,1.15985,259,2,0
2026-05-20 02:10:00,1.15985,1.1601,1.15982,1.15992,179,2,0
2026-05-20 02:20:00,1.15992,1.16028,1.15987,1.1599,301,2,0
2026-05-20 02:30:00,1.1599,1.15991,1.15943,1.15951,541,2,0
2026-05-20 02:40:00,1.15951,1.15994,1.15951,1.15981,305,2,0
2026-05-20 02:50:00,1.15981,1.15993,1.1596899999999999,1.15976,222,2,0
2026-05-20 03:00:00,1.15976,1.15979,1.15953,1.15977,292,2,0
2026-05-20 03:10:00,1.15977,1.16002,1.15968,1.16002,195,2,0
2026-05-20 03:20:00,1.16002,1.16027,1.16001,1.16022,280,2,0
2026-05-20 03:30:00,1.16022,1.16052,1.16012,1.16045,372,2,0
2026-05-20 03:40:00,1.16045,1.16054,1.16029,1.16033,207,2,0
2026-05-20 03:50:00,1.16033,1.1604,1.16017,1.16021,230,2,0
2026-05-20 04:00:00,1.16021,1.16066,1.16021,1.16054,330,2,0
2026-05-20 04:10:00,1.16054,1.1605699999999999,1.16024,1.16025,251,2,0
2026-05-20 04:20:00,1.16025,1.16038,1.1602000000000001,1.1602999999999999,230,2,0
2026-05-20 04:30:00,1.1602999999999999,1.1602999999999999,1.1596899999999999,1.15979,362,2,0
2026-05-20 04:40:00,1.15979,1.15992,1.15974,1.15985,275,2,0
2026-05-20 04:50:00,1.15985,1.15995,1.1597,1.15971,317,2,0
2026-05-20 05:00:00,1.15971,1.16014,1.1596899999999999,1.15989,314,2,0
2026-05-20 05:10:00,1.15989,1.16001,1.15976,1.15994,195,2,0
2026-05-20 05:20:00,1.15993,1.16007,1.15947,1.15949,386,2,0
2026-05-20 05:30:00,1.15949,1.15992,1.15949,1.15976,515,2,0
2026-05-20 05:40:00,1.15976,1.15977,1.15929,1.15932,413,2,0
2026-05-20 05:50:00,1.15932,1.15955,1.15916,1.15954,343,2,0
2026-05-20 06:00:00,1.15954,1.15983,1.15931,1.15968,501,2,0
2026-05-20 06:10:00,1.15968,1.16042,1.15965,1.16033,362,2,0
2026-05-20 06:20:00,1.16033,1.16058,1.16021,1.1604700000000001,529,2,0
2026-05-20 06:30:00,1.1604700000000001,1.16049,1.15984,1.15985,442,2,0
2026-05-20 06:40:00,1.15985,1.15999,1.15964,1.15966,324,2,0
2026-05-20 06:50:00,1.15966,1.1598600000000001,1.15931,1.15965,594,2,0
2026-05-20 07:00:00,1.15965,1.16013,1.15949,1.16013,588,2,0
2026-05-20 07:10:00,1.16013,1.16013,1.15958,1.15967,418,2,0
2026-05-20 07:20:00,1.15966,1.16002,1.15963,1.15972,447,2,0
2026-05-20 07:30:00,1.15972,1.15978,1.15951,1.15962,444,2,0
2026-05-20 07:40:00,1.15962,1.1597,1.15922,1.15939,415,2,0
2026-05-20 07:50:00,1.15939,1.15946,1.15919,1.15931,450,2,0
2026-05-20 08:00:00,1.15931,1.15951,1.15911,1.15929,675,2,0
2026-05-20 08:10:00,1.15929,1.15929,1.15849,1.15849,539,2,0
2026-05-20 08:20:00,1.1584699999999999,1.15887,1.15835,1.15887,553,2,0
2026-05-20 08:30:00,1.15887,1.15916,1.15877,1.15907,533,2,0
2026-05-20 08:40:00,1.15907,1.15943,1.1589800000000001,1.15918,410,2,0
2026-05-20 08:50:00,1.15918,1.15929,1.159,1.15901,340,2,0
2026-05-20 09:00:00,1.15901,1.15943,1.1589800000000001,1.15923,380,2,0
2026-05-20 09:10:00,1.15923,1.15944,1.15902,1.15924,283,2,0
2026-05-20 09:20:00,1.15924,1.15933,1.15905,1.15913,248,2,0
2026-05-20 09:30:00,1.15913,1.15927,1.1590799999999999,1.1592,253,2,0
2026-05-20 09:40:00,1.1592,1.15927,1.15893,1.15897,233,2,0
2026-05-20 09:50:00,1.15897,1.15904,1.1588,1.1588,312,2,0
2026-05-20 10:00:00,1.1588,1.15934,1.15872,1.15931,398,2,0
2026-05-20 10:10:00,1.15932,1.15957,1.15918,1.15944,277,2,0
2026-05-20 10:20:00,1.15944,1.15965,1.15939,1.15949,211,2,0
2026-05-20 10:30:00,1.15949,1.16022,1.15942,1.1602000000000001,365,2,0
2026-05-20 10:40:00,1.1602000000000001,1.16027,1.15997,1.16012,283,2,0
2026-05-20 10:50:00,1.16012,1.16021,1.15997,1.1601,304,2,0
2026-05-20 11:00:00,1.1601,1.1601,1.15962,1.15966,349,2,0
2026-05-20 11:10:00,1.15966,1.15988,1.15963,1.15973,252,2,0
2026-05-20 11:20:00,1.15973,1.16023,1.15965,1.16021,218,2,0
2026-05-20 11:30:00,1.16021,1.16048,1.16016,1.16041,207,2,0
2026-05-20 11:40:00,1.16041,1.16054,1.1601,1.16013,294,2,0
2026-05-20 11:50:00,1.16013,1.16013,1.1598,1.16008,497,2,0
2026-05-20 12:00:00,1.16008,1.16042,1.15995,1.16,498,2,0
2026-05-20 12:10:00,1.16,1.16028,1.1598600000000001,1.1598600000000001,478,2,0
2026-05-20 12:20:00,1.1598600000000001,1.16004,1.15957,1.15987,561,2,0
2026-05-20 12:30:00,1.15987,1.16016,1.15982,1.15993,504,2,0
2026-05-20 12:40:00,1.15993,1.15998,1.15964,1.1598,416,2,0
2026-05-20 12:50:00,1.1598,1.15984,1.15937,1.15952,411,2,0
2026-05-20 13:00:00,1.15952,1.15954,1.15919,1.15931,511,2,0
2026-05-20 13:10:00,1.15931,1.15943,1.15905,1.15909,300,2,0
2026-05-20 13:20:00,1.15909,1.15932,1.15903,1.15907,341,2,0
2026-05-20 13:30:00,1.15907,1.15932,1.15892,1.1593,511,2,0
2026-05-20 13:40:00,1.1593,1.15971,1.15907,1.15924,694,2,0
2026-05-20 13:50:00,1.15924,1.15937,1.15889,1.1590799999999999,668,2,0
2026-05-20 14:00:00,1.1590799999999999,1.15911,1.15827,1.15829,752,2,0
2026-05-20 14:10:00,1.15829,1.16174,1.15825,1.16143,2440,2,0
2026-05-20 14:20:00,1.16143,1.1620300000000001,1.16075,1.16129,2046,2,0
2026-05-20 14:30:00,1.16129,1.16239,1.16115,1.16162,1725,2,0
2026-05-20 14:40:00,1.16161,1.16196,1.16131,1.16164,1422,2,0
2026-05-20 14:50:00,1.16165,1.1623999999999999,1.1616,1.16181,1391,2,0
2026-05-20 15:00:00,1.16181,1.16229,1.1613,1.16136,1167,2,0
2026-05-20 15:10:00,1.16136,1.1645,1.16129,1.16331,2377,2,0
2026-05-20 15:20:00,1.16331,1.16358,1.16238,1.1625,1881,2,0
2026-05-20 15:30:00,1.1625,1.16341,1.1625,1.16326,1196,2,0
2026-05-20 15:40:00,1.16326,1.16344,1.16252,1.16268,871,2,0
2026-05-20 15:50:00,1.16269,1.16276,1.1616900000000001,1.1619,1179,2,0
2026-05-20 16:00:00,1.1619,1.16296,1.16186,1.1626,656,2,0
2026-05-20 16:10:00,1.1626,1.16306,1.1626,1.16295,572,2,0
2026-05-20 16:20:00,1.16295,1.1629800000000001,1.16214,1.16237,1227,2,0
2026-05-20 16:30:00,1.16239,1.16248,1.16195,1.16226,697,2,0
2026-05-20 16:40:00,1.16226,1.16302,1.16205,1.16277,795,2,0
2026-05-20 16:50:00,1.16277,1.1630099999999999,1.16227,1.16254,930,2,0
2026-05-20 17:00:00,1.16254,1.1626400000000001,1.16198,1.16214,906,2,0
2026-05-20 17:10:00,1.16214,1.16256,1.16184,1.16235,601,2,0
2026-05-20 17:20:00,1.16235,1.16252,1.16212,1.16245,402,2,0
2026-05-20 17:30:00,1.16245,1.16269,1.16206,1.16221,733,2,0
2026-05-20 17:40:00,1.16221,1.16226,1.16196,1.16225,344,2,0
2026-05-20 17:50:00,1.16225,1.16229,1.16175,1.16175,307,2,0
2026-05-20 18:00:00,1.1618,1.16224,1.16159,1.1621299999999999,594,2,0
2026-05-20 18:10:00,1.1621299999999999,1.16267,1.1621299999999999,1.16257,257,2,0
2026-05-20 18:20:00,1.16257,1.16278,1.16231,1.16277,379,2,0
2026-05-20 18:30:00,1.16277,1.16327,1.16277,1.16321,277,2,0
2026-05-20 18:40:00,1.16322,1.16327,1.16265,1.16306,411,2,0
2026-05-20 18:50:00,1.16306,1.16357,1.163,1.16308,390,2,0
2026-05-20 19:00:00,1.16308,1.16341,1.16299,1.16315,417,2,0
2026-05-20 19:10:00,1.16315,1.16319,1.16296,1.16316,272,2,0
2026-05-20 19:20:00,1.16316,1.16327,1.16312,1.1632500000000001,125,2,0
2026-05-20 19:30:00,1.1632500000000001,1.16354,1.16315,1.16331,229,2,0
2026-05-20 19:40:00,1.16331,1.16334,1.1630099999999999,1.16305,342,2,0
2026-05-20 19:50:00,1.16306,1.16307,1.16275,1.16279,568,2,0
2026-05-20 20:00:00,1.16279,1.16281,1.16269,1.16272,221,2,0
2026-05-20 20:10:00,1.16272,1.16283,1.1626,1.16281,291,2,0
2026-05-20 20:20:00,1.16281,1.16283,1.16261,1.16269,429,2,0
2026-05-20 20:30:00,1.16269,1.16273,1.16254,1.16262,247,2,0
2026-05-20 20:40:00,1.16262,1.16262,1.16232,1.16239,197,2,0
2026-05-20 20:50:00,1.1623999999999999,1.1626400000000001,1.16237,1.16241,345,2,0
2026-05-20 21:00:00,1.16159,1.16223,1.16159,1.1621,150,52,0
2026-05-20 21:10:00,1.1621,1.16237,1.1621,1.16222,59,53,0
2026-05-20 21:20:00,1.16222,1.16225,1.16218,1.16221,37,62,0
2026-05-20 21:30:00,1.16221,1.1625,1.16214,1.16246,223,44,0
2026-05-20 21:40:00,1.16246,1.16258,1.16241,1.16257,83,42,0
2026-05-20 21:50:00,1.16257,1.16259,1.16224,1.16225,65,16,0
2026-05-20 22:00:00,1.16225,1.16261,1.16225,1.16246,125,2,0
2026-05-20 22:10:00,1.16246,1.16279,1.16245,1.16272,117,2,0
2026-05-20 22:20:00,1.16272,1.16275,1.16257,1.16263,62,2,0
2026-05-20 22:30:00,1.16263,1.16268,1.16254,1.16263,65,2,0
2026-05-20 22:40:00,1.16263,1.16268,1.16262,1.1626400000000001,52,2,0
2026-05-20 22:50:00,1.1626400000000001,1.16267,1.16258,1.16262,60,2,0
2026-05-20 23:00:00,1.16262,1.16273,1.16258,1.16258,44,2,0
2026-05-20 23:10:00,1.16258,1.16263,1.16251,1.16253,56,2,0
2026-05-20 23:20:00,1.16253,1.16253,1.16238,1.16243,46,2,0
2026-05-20 23:30:00,1.16243,1.16244,1.16233,1.16234,35,2,0
2026-05-20 23:40:00,1.16234,1.16269,1.16228,1.16266,87,2,0
2026-05-20 23:50:00,1.16266,1.16266,1.16245,1.16246,91,2,0
2026-05-21 00:00:00,1.16246,1.16255,1.16227,1.16249,459,2,0
2026-05-21 00:10:00,1.16249,1.16273,1.16219,1.16244,297,2,0
2026-05-21 00:20:00,1.16244,1.16262,1.16229,1.16262,344,2,0
2026-05-21 00:30:00,1.16262,1.16267,1.16245,1.16258,247,2,0
2026-05-21 00:40:00,1.16258,1.16273,1.16255,1.16269,241,2,0
2026-05-21 00:50:00,1.16269,1.16289,1.1626400000000001,1.16284,312,2,0
2026-05-21 01:00:00,1.16284,1.16343,1.16284,1.1634,254,2,0
2026-05-21 01:10:00,1.1634,1.16353,1.16322,1.16333,236,2,0
2026-05-21 01:20:00,1.16332,1.16339,1.16322,1.16328,220,2,0
2026-05-21 01:30:00,1.16328,1.16329,1.16297,1.16322,618,2,0
2026-05-21 01:40:00,1.16322,1.16344,1.16282,1.16285,312,2,0
2026-05-21 01:50:00,1.16285,1.16287,1.16227,1.16259,599,2,0
2026-05-21 02:00:00,1.16259,1.16283,1.16259,1.16263,336,2,0
2026-05-21 02:10:00,1.16263,1.16269,1.16212,1.16215,271,2,0
2026-05-21 02:20:00,1.16215,1.16238,1.16207,1.16211,289,2,0
2026-05-21 02:30:00,1.16211,1.16223,1.16188,1.16198,389,2,0
2026-05-21 02:40:00,1.16198,1.16202,1.16156,1.1617899999999999,319,2,0
2026-05-21 02:50:00,1.1617899999999999,1.16195,1.16174,1.16175,247,2,0
2026-05-21 03:00:00,1.16175,1.16207,1.16174,1.16206,222,2,0
2026-05-21 03:10:00,1.16206,1.16208,1.16182,1.16208,201,2,0
2026-05-21 03:20:00,1.16208,1.16225,1.16204,1.16204,154,2,0
2026-05-21 03:30:00,1.16204,1.16207,1.16181,1.16193,182,2,0
2026-05-21 03:40:00,1.16193,1.16215,1.16192,1.16207,195,2,0
2026-05-21 03:50:00,1.16207,1.16207,1.16185,1.16189,163,2,0
2026-05-21 04:00:00,1.16189,1.16207,1.16182,1.16188,152,2,0
2026-05-21 04:10:00,1.16188,1.1621,1.16188,1.1620300000000001,140,2,0
2026-05-21 04:20:00,1.1620300000000001,1.16216,1.16198,1.1621,149,2,0
2026-05-21 04:30:00,1.1621,1.16214,1.16202,1.16205,107,2,0
2026-05-21 04:40:00,1.16205,1.16215,1.162,1.16214,142,2,0
2026-05-21 04:50:00,1.16214,1.16234,1.16214,1.16221,144,2,0
2026-05-21 05:00:00,1.16221,1.16235,1.16214,1.16218,210,2,0
2026-05-21 05:10:00,1.16218,1.1622,1.16208,1.16212,179,2,0
2026-05-21 05:20:00,1.16212,1.16218,1.16183,1.16188,188,2,0
2026-05-21 05:30:00,1.16189,1.16215,1.16186,1.16188,242,2,0
2026-05-21 05:40:00,1.16188,1.1621,1.16178,1.16194,311,2,0
2026-05-21 05:50:00,1.16194,1.16222,1.16192,1.16217,299,2,0
2026-05-21 06:00:00,1.16217,1.1626,1.16212,1.16254,297,2,0
2026-05-21 06:10:00,1.16254,1.16265,1.1621299999999999,1.16214,306,2,0
2026-05-21 06:20:00,1.16214,1.16267,1.162,1.16249,473,2,0
2026-05-21 06:30:00,1.16249,1.16257,1.16198,1.16198,419,2,0
2026-05-21 06:40:00,1.16198,1.1620300000000001,1.16156,1.16177,415,2,0
2026-05-21 06:50:00,1.16177,1.16204,1.16166,1.16202,394,2,0
2026-05-21 07:00:00,1.16202,1.16209,1.16163,1.16182,417,2,0
2026-05-21 07:10:00,1.16182,1.16188,1.15973,1.15982,1296,2,0
2026-05-21 07:20:00,1.15982,1.16025,1.1594,1.1597,1138,2,0
2026-05-21 07:30:00,1.1597,1.16024,1.1596899999999999,1.16015,1127,2,0
2026-05-21 07:40:00,1.16015,1.1605699999999999,1.16002,1.16054,582,2,0
2026-05-21 07:50:00,1.16054,1.16089,1.16048,1.16073,406,2,0
2026-05-21 08:00:00,1.16072,1.16144,1.16058,1.16137,541,2,0
2026-05-21 08:10:00,1.16137,1.16356,1.16137,1.16267,1288,2,0
2026-05-21 08:20:00,1.16267,1.16348,1.16242,1.16337,968,2,0
2026-05-21 08:30:00,1.1633499999999999,1.1633499999999999,1.16251,1.16253,875,2,0
2026-05-21 08:40:00,1.16253,1.16286,1.16216,1.16242,782,2,0
2026-05-21 08:50:00,1.16242,1.16269,1.16212,1.16236,635,2,0
2026-05-21 09:00:00,1.16233,1.16287,1.16207,1.16268,570,2,0
2026-05-21 09:10:00,1.16268,1.16293,1.16251,1.16288,378,2,0
2026-05-21 09:20:00,1.16288,1.16319,1.16283,1.16317,353,2,0
2026-05-21 09:30:00,1.16317,1.16334,1.16282,1.1630099999999999,398,2,0
2026-05-21 09:40:00,1.1630099999999999,1.16302,1.16259,1.16279,326,2,0
2026-05-21 09:50:00,1.16279,1.1629,1.16262,1.16272,316,2,0
2026-05-21 10:00:00,1.16272,1.16302,1.16241,1.16247,318,2,0
2026-05-21 10:10:00,1.16247,1.16259,1.16216,1.16216,291,2,0
2026-05-21 10:20:00,1.16216,1.16222,1.16085,1.16133,1297,2,0
2026-05-21 10:30:00,1.16133,1.16137,1.16013,1.16019,1417,2,0
2026-05-21 10:40:00,1.16019,1.16074,1.15998,1.16062,993,2,0
2026-05-21 10:50:00,1.16062,1.16107,1.16039,1.16073,851,2,0
2026-05-21 11:00:00,1.16073,1.16123,1.16061,1.16104,602,2,0
2026-05-21 11:10:00,1.16104,1.16122,1.16073,1.16119,517,2,0
2026-05-21 11:20:00,1.16119,1.16159,1.16098,1.16128,634,2,0
2026-05-21 11:30:00,1.16128,1.16143,1.16069,1.16092,404,2,0
2026-05-21 11:40:00,1.16092,1.16109,1.16049,1.1605,320,2,0
2026-05-21 11:50:00,1.1605,1.16068,1.15958,1.15988,574,2,0
2026-05-21 12:00:00,1.15988,1.16033,1.15981,1.15982,595,2,0
2026-05-21 12:10:00,1.15982,1.15991,1.15938,1.15981,544,2,0
2026-05-21 12:20:00,1.15981,1.15984,1.15933,1.15945,473,2,0
2026-05-21 12:30:00,1.15945,1.1604700000000001,1.15943,1.16037,995,2,0
2026-05-21 12:40:00,1.16037,1.1609,1.16019,1.16039,571,2,0
2026-05-21 12:50:00,1.16039,1.1605,1.1596899999999999,1.15972,748,2,0
2026-05-21 13:00:00,1.15972,1.16,1.15928,1.15937,768,2,0
2026-05-21 13:10:00,1.15937,1.15968,1.15875,1.15882,633,2,0
2026-05-21 13:20:00,1.15882,1.15923,1.15873,1.15893,692,2,0
2026-05-21 13:30:00,1.15895,1.15902,1.15809,1.15809,1190,2,0
2026-05-21 13:40:00,1.15808,1.15846,1.15761,1.15829,825,2,0
2026-05-21 13:50:00,1.15829,1.16011,1.15827,1.15944,1695,2,0
2026-05-21 14:00:00,1.15944,1.15954,1.1591,1.1592,1086,2,0
2026-05-21 14:10:00,1.1592,1.1594,1.15844,1.15869,1288,2,0
2026-05-21 14:20:00,1.15869,1.15895,1.15841,1.15886,1136,2,0
2026-05-21 14:30:00,1.15886,1.15946,1.15881,1.15909,908,2,0
2026-05-21 14:40:00,1.15909,1.15939,1.1586,1.15919,765,2,0
2026-05-21 14:50:00,1.15919,1.15964,1.15899,1.15928,813,2,0
2026-05-21 15:00:00,1.15928,1.15938,1.1582,1.15839,1087,2,0
2026-05-21 15:10:00,1.15839,1.15907,1.15827,1.15882,978,2,0
2026-05-21 15:20:00,1.15882,1.15893,1.1585,1.15853,581,2,0
2026-05-21 15:30:00,1.15852,1.15883,1.15846,1.15867,591,2,0
2026-05-21 15:40:00,1.15867,1.15868,1.15828,1.15849,434,2,0
2026-05-21 15:50:00,1.15849,1.15889,1.15839,1.15882,411,2,0
2026-05-21 16:00:00,1.15882,1.15918,1.15879,1.15887,748,2,0
2026-05-21 16:10:00,1.15887,1.15916,1.15845,1.15915,552,2,0
2026-05-21 16:20:00,1.15915,1.15934,1.15879,1.15933,346,2,0
2026-05-21 16:30:00,1.15933,1.15949,1.15922,1.1594,364,2,0
2026-05-21 16:40:00,1.1594,1.1595900000000001,1.15934,1.15943,279,2,0
2026-05-21 16:50:00,1.15943,1.15962,1.15937,1.15952,436,2,0
2026-05-21 17:00:00,1.15952,1.1595900000000001,1.15926,1.15932,517,2,0
2026-05-21 17:10:00,1.15932,1.16204,1.1593,1.16107,2414,2,0
2026-05-21 17:20:00,1.16107,1.16198,1.16107,1.16181,1354,2,0
2026-05-21 17:30:00,1.16181,1.16228,1.16145,1.16192,954,2,0
2026-05-21 17:40:00,1.16192,1.16257,1.16186,1.16257,730,2,0
2026-05-21 17:50:00,1.16257,1.16299,1.16235,1.16246,677,2,0
2026-05-21 18:00:00,1.16246,1.16299,1.16192,1.16221,1551,2,0
2026-05-21 18:10:00,1.16221,1.16252,1.16187,1.16251,811,2,0
2026-05-21 18:20:00,1.16251,1.16277,1.16241,1.16261,616,2,0
2026-05-21 18:30:00,1.16261,1.16268,1.16235,1.16253,460,2,0
2026-05-21 18:40:00,1.16253,1.1627,1.16164,1.16166,790,2,0
2026-05-21 18:50:00,1.16166,1.16193,1.16068,1.16113,1645,2,0
2026-05-21 19:00:00,1.16112,1.16159,1.16097,1.16153,762,2,0
2026-05-21 19:10:00,1.16153,1.16181,1.16132,1.16178,457,2,0
2026-05-21 19:20:00,1.16178,1.16207,1.16175,1.16198,298,2,0
2026-05-21 19:30:00,1.16198,1.1623999999999999,1.16198,1.16238,364,2,0
2026-05-21 19:40:00,1.16238,1.16239,1.16176,1.16199,429,2,0
2026-05-21 19:50:00,1.16199,1.16241,1.16139,1.16211,879,2,0
2026-05-21 20:00:00,1.16212,1.16227,1.1616900000000001,1.16171,434,2,0
2026-05-21 20:10:00,1.16171,1.16178,1.16159,1.16161,154,2,0
2026-05-21 20:20:00,1.16161,1.16198,1.1616,1.16182,121,2,0
2026-05-21 20:30:00,1.16182,1.16185,1.1616,1.16165,170,2,0
2026-05-21 20:40:00,1.16165,1.1617899999999999,1.1616,1.16174,105,2,0
2026-05-21 20:50:00,1.16174,1.16189,1.16155,1.16155,311,2,0
2026-05-21 21:00:00,1.16138,1.16197,1.16138,1.16195,31,47,0
2026-05-21 21:10:00,1.16195,1.1620300000000001,1.1619,1.16202,105,40,0
2026-05-21 21:20:00,1.16202,1.1620300000000001,1.16201,1.16201,27,39,0
2026-05-21 21:30:00,1.16201,1.16202,1.16171,1.16172,40,28,0
2026-05-21 21:40:00,1.16172,1.16181,1.16162,1.1617899999999999,73,33,0
2026-05-21 21:50:00,1.1617899999999999,1.16182,1.16173,1.16176,97,28,0
2026-05-21 22:00:00,1.16181,1.16196,1.16161,1.16162,88,2,0
2026-05-21 22:10:00,1.16162,1.1616900000000001,1.16149,1.16165,112,2,0
2026-05-21 22:20:00,1.16165,1.1617,1.16162,1.16165,56,3,0
2026-05-21 22:30:00,1.16165,1.16174,1.16165,1.16165,80,3,0
2026-05-21 22:40:00,1.16165,1.16189,1.16165,1.16182,111,2,0
2026-05-21 22:50:00,1.16182,1.16185,1.16173,1.16173,115,3,0
2026-05-21 23:00:00,1.16173,1.16185,1.16171,1.16172,82,2,0
2026-05-21 23:10:00,1.16172,1.16178,1.16171,1.16172,51,2,0
2026-05-21 23:20:00,1.16172,1.16172,1.16159,1.16172,72,2,0
2026-05-21 23:30:00,1.16171,1.16172,1.16165,1.16171,45,3,0
2026-05-21 23:40:00,1.16171,1.1618,1.16167,1.16177,68,3,0
2026-05-21 23:50:00,1.16177,1.1619,1.16168,1.16177,187,2,0
2026-05-22 00:00:00,1.16177,1.16178,1.16139,1.16154,412,2,0
2026-05-22 00:10:00,1.16154,1.16154,1.16129,1.16129,284,2,0
2026-05-22 00:20:00,1.16129,1.16148,1.16129,1.16139,225,2,0
2026-05-22 00:30:00,1.16139,1.16144,1.16122,1.16127,252,2,0
2026-05-22 00:40:00,1.16127,1.16159,1.16127,1.16144,194,2,0
2026-05-22 00:50:00,1.16144,1.16153,1.16134,1.16143,241,2,0
2026-05-22 01:00:00,1.16143,1.16153,1.16124,1.16135,303,2,0
2026-05-22 01:10:00,1.16135,1.16149,1.16129,1.16143,247,2,0
2026-05-22 01:20:00,1.16143,1.16157,1.16121,1.16139,260,2,0
2026-05-22 01:30:00,1.16139,1.16145,1.16121,1.16138,308,2,0
2026-05-22 01:40:00,1.16138,1.16149,1.16134,1.16144,202,2,0
2026-05-22 01:50:00,1.16144,1.16156,1.16098,1.16098,300,2,0
2026-05-22 02:00:00,1.16098,1.16117,1.16095,1.16103,234,2,0
2026-05-22 02:10:00,1.16103,1.16119,1.16098,1.1611,165,2,0
2026-05-22 02:20:00,1.1611,1.16117,1.16102,1.16114,186,2,0
2026-05-22 02:30:00,1.16114,1.1614,1.16112,1.16136,172,2,0
2026-05-22 02:40:00,1.16136,1.1614200000000001,1.16122,1.16135,173,2,0
2026-05-22 02:50:00,1.16135,1.1614200000000001,1.16099,1.16117,238,2,0
2026-05-22 03:00:00,1.16117,1.16129,1.1609,1.16094,201,2,0
2026-05-22 03:10:00,1.16094,1.16103,1.16086,1.16099,184,2,0
2026-05-22 03:20:00,1.16099,1.1610800000000001,1.16094,1.16102,173,2,0
2026-05-22 03:30:00,1.16102,1.16114,1.16102,1.16107,133,2,0
2026-05-22 03:40:00,1.16107,1.1612,1.16107,1.1611799999999999,76,2,0
2026-05-22 03:50:00,1.1611799999999999,1.1612,1.16106,1.1612,57,2,0
2026-05-22 04:00:00,1.1612,1.1614200000000001,1.16113,1.16138,138,2,0
2026-05-22 04:10:00,1.16138,1.16149,1.16133,1.16143,60,2,0
2026-05-22 04:20:00,1.16143,1.16144,1.16131,1.16133,70,2,0
2026-05-22 04:30:00,1.16133,1.16139,1.16129,1.1613,58,2,0
2026-05-22 04:40:00,1.1613,1.1614200000000001,1.16129,1.16141,112,2,0
2026-05-22 04:50:00,1.16141,1.16154,1.16141,1.1615199999999999,75,2,0
2026-05-22 05:00:00,1.1615,1.16168,1.16146,1.1616,203,2,0
2026-05-22 05:10:00,1.16159,1.16161,1.16148,1.1615199999999999,102,2,0
2026-05-22 05:20:00,1.1615199999999999,1.16157,1.16143,1.16144,101,2,0
2026-05-22 05:30:00,1.16144,1.16154,1.16143,1.16143,112,2,0
2026-05-22 05:40:00,1.16143,1.16154,1.16137,1.16151,156,2,0
2026-05-22 05:50:00,1.16151,1.16168,1.1607,1.16089,331,2,0
2026-05-22 06:00:00,1.16089,1.16143,1.16072,1.16138,374,2,0
2026-05-22 06:10:00,1.16138,1.16139,1.16092,1.16115,372,2,0
2026-05-22 06:20:00,1.16115,1.16128,1.16105,1.16123,389,2,0
2026-05-22 06:30:00,1.16123,1.16125,1.1606,1.16061,394,2,0
2026-05-22 06:40:00,1.16061,1.16106,1.16053,1.1609,300,2,0
2026-05-22 06:50:00,1.1609,1.16109,1.1605699999999999,1.16098,377,2,0
2026-05-22 07:00:00,1.16098,1.16098,1.16033,1.1604700000000001,434,2,0
2026-05-22 07:10:00,1.1604700000000001,1.16054,1.16013,1.16033,272,2,0
2026-05-22 07:20:00,1.16033,1.16085,1.16027,1.16084,264,2,0
2026-05-22 07:30:00,1.16084,1.16084,1.16046,1.16054,491,2,0
2026-05-22 07:40:00,1.16054,1.1607,1.16051,1.16065,267,2,0
2026-05-22 07:50:00,1.16065,1.16093,1.16053,1.1608100000000001,281,2,0
2026-05-22 08:00:00,1.1608100000000001,1.16104,1.1606,1.16065,424,2,0
2026-05-22 08:10:00,1.16065,1.16117,1.16059,1.16117,400,2,0
2026-05-22 08:20:00,1.16117,1.16157,1.16096,1.16112,645,2,0
2026-05-22 08:30:00,1.16112,1.16121,1.16031,1.16072,844,2,0
2026-05-22 08:40:00,1.16072,1.16102,1.16067,1.16092,433,2,0
2026-05-22 08:50:00,1.16092,1.16098,1.16059,1.16076,411,2,0
2026-05-22 09:00:00,1.16076,1.16079,1.16022,1.16034,385,2,0
2026-05-22 09:10:00,1.16034,1.16038,1.15961,1.15978,391,2,0
2026-05-22 09:20:00,1.15978,1.16009,1.15978,1.15992,225,2,0
2026-05-22 09:30:00,1.15992,1.1602999999999999,1.15982,1.16029,245,2,0
2026-05-22 09:40:00,1.16029,1.16039,1.16016,1.16038,174,2,0
2026-05-22 09:50:00,1.16037,1.16056,1.16034,1.16041,193,2,0
2026-05-22 10:00:00,1.16041,1.16068,1.16027,1.16064,159,2,0
2026-05-22 10:10:00,1.16064,1.16078,1.16032,1.1604700000000001,232,2,0
2026-05-22 10:20:00,1.1604700000000001,1.16049,1.16,1.16001,338,2,0
2026-05-22 10:30:00,1.16001,1.16012,1.15972,1.15993,297,2,0
2026-05-22 10:40:00,1.15993,1.15997,1.15953,1.15957,264,2,0
2026-05-22 10:50:00,1.15957,1.15973,1.15951,1.15973,388,2,0
2026-05-22 11:00:00,1.15973,1.15975,1.1593499999999999,1.15939,300,2,0
2026-05-22 11:10:00,1.15939,1.15964,1.15933,1.15943,179,2,0
2026-05-22 11:20:00,1.15943,1.15968,1.15937,1.15939,184,2,0
2026-05-22 11:30:00,1.15939,1.15978,1.15933,1.1597,180,2,0
2026-05-22 11:40:00,1.1597,1.16021,1.15956,1.16003,458,2,0
2026-05-22 11:50:00,1.16003,1.16007,1.15955,1.15964,404,2,0
2026-05-22 12:00:00,1.15964,1.15984,1.15944,1.15953,470,2,0
2026-05-22 12:10:00,1.15953,1.16069,1.15953,1.16046,1314,2,0
2026-05-22 12:20:00,1.16046,1.16046,1.15964,1.15984,638,2,0
2026-05-22 12:30:00,1.15984,1.1601,1.1598,1.16009,239,2,0
2026-05-22 12:40:00,1.16009,1.16037,1.15976,1.16024,313,2,0
2026-05-22 12:50:00,1.16024,1.16049,1.16007,1.16042,307,2,0
2026-05-22 13:00:00,1.1604700000000001,1.1616,1.16038,1.16147,631,2,0
2026-05-22 13:10:00,1.1615,1.16182,1.16103,1.16124,1088,2,0
2026-05-22 13:20:00,1.16124,1.16125,1.16077,1.16109,391,2,0
2026-05-22 13:30:00,1.1611,1.16115,1.1605699999999999,1.16068,801,2,0
2026-05-22 13:40:00,1.16068,1.16083,1.16001,1.16002,794,2,0
2026-05-22 13:50:00,1.16002,1.16056,1.15993,1.16036,613,2,0
2026-05-22 14:00:00,1.16035,1.16039,1.1589,1.15954,1501,2,0
2026-05-22 14:10:00,1.15954,1.15967,1.15882,1.15903,729,2,0
2026-05-22 14:20:00,1.15903,1.15965,1.1589800000000001,1.15965,507,2,0
2026-05-22 14:30:00,1.15964,1.16016,1.15954,1.15965,600,2,0
2026-05-22 14:40:00,1.15965,1.16022,1.15962,1.15962,709,2,0
2026-05-22 14:50:00,1.15962,1.15998,1.15946,1.15977,756,2,0
2026-05-22 15:00:00,1.15977,1.16048,1.15957,1.16013,744,2,0
2026-05-22 15:10:00,1.16013,1.16054,1.16005,1.16021,373,2,0
2026-05-22 15:20:00,1.16021,1.1604700000000001,1.15992,1.16026,568,2,0
2026-05-22 15:30:00,1.16026,1.16038,1.15985,1.15992,691,2,0
2026-05-22 15:40:00,1.15992,1.16028,1.15982,1.16017,488,2,0
2026-05-22 15:50:00,1.16017,1.16043,1.15992,1.16027,447,2,0
2026-05-22 16:00:00,1.16027,1.16041,1.15995,1.16041,487,2,0
2026-05-22 16:10:00,1.16041,1.16084,1.1604,1.16058,352,2,0
2026-05-22 16:20:00,1.16058,1.1609099999999999,1.16055,1.1609099999999999,484,2,0
2026-05-22 16:30:00,1.1609099999999999,1.1610800000000001,1.16054,1.16073,348,2,0
2026-05-22 16:40:00,1.16073,1.16101,1.16056,1.16085,253,2,0
2026-05-22 16:50:00,1.16085,1.16111,1.16071,1.16111,330,2,0
2026-05-22 17:00:00,1.16111,1.16153,1.1611,1.16134,479,2,0
2026-05-22 17:10:00,1.16134,1.16151,1.16106,1.1611,379,2,0
2026-05-22 17:20:00,1.1611,1.16174,1.16085,1.16162,1137,2,0
2026-05-22 17:30:00,1.16163,1.16189,1.1611,1.16145,1074,2,0
2026-05-22 17:40:00,1.16145,1.16146,1.16105,1.16121,318,2,0
2026-05-22 17:50:00,1.16121,1.1615,1.16117,1.16132,315,2,0
2026-05-22 18:00:00,1.16132,1.16149,1.16092,1.16132,407,2,0
2026-05-22 18:10:00,1.16132,1.16132,1.16104,1.16106,437,2,0
2026-05-22 18:20:00,1.16106,1.16122,1.16099,1.16104,267,2,0
2026-05-22 18:30:00,1.16104,1.1615199999999999,1.1609099999999999,1.16117,350,2,0
2026-05-22 18:40:00,1.16117,1.16124,1.16107,1.16114,285,2,0
2026-05-22 18:50:00,1.16114,1.1614,1.16114,1.16117,199,2,0
2026-05-22 19:00:00,1.16117,1.16137,1.16079,1.1609099999999999,350,2,0
2026-05-22 19:10:00,1.1609099999999999,1.16102,1.16082,1.161,150,2,0
2026-05-22 19:20:00,1.161,1.161,1.16079,1.1608100000000001,112,2,0
2026-05-22 19:30:00,1.1608100000000001,1.16088,1.16068,1.16072,201,2,0
2026-05-22 19:40:00,1.16072,1.16075,1.16051,1.16066,184,2,0
2026-05-22 19:50:00,1.16066,1.16072,1.16052,1.16058,208,2,0
2026-05-22 20:00:00,1.16058,1.16064,1.1604,1.16052,158,2,0
2026-05-22 20:10:00,1.16052,1.16054,1.16042,1.16051,57,2,0
2026-05-22 20:20:00,1.16051,1.16059,1.16034,1.16039,83,2,0
2026-05-22 20:30:00,1.16039,1.16039,1.15997,1.16016,230,2,0
2026-05-22 20:40:00,1.16016,1.16017,1.15979,1.15989,140,3,0
2026-05-22 20:50:00,1.15989,1.16024,1.1598600000000001,1.16024,92,2,0
2026-05-24 21:10:00,1.16342,1.16363,1.16331,1.16345,99,43,0
2026-05-24 21:20:00,1.16345,1.16361,1.16326,1.16336,132,51,0
2026-05-24 21:30:00,1.16336,1.16336,1.16307,1.16327,89,39,0
2026-05-24 21:40:00,1.16327,1.16327,1.16289,1.16308,91,18,0
2026-05-24 21:50:00,1.16307,1.16311,1.16297,1.16307,55,42,0
2026-05-24 22:00:00,1.16307,1.16374,1.16288,1.16355,558,2,0
2026-05-24 22:10:00,1.16355,1.16373,1.16343,1.16348,288,2,0
2026-05-24 22:20:00,1.16348,1.16417,1.16344,1.16404,269,2,0
2026-05-24 22:30:00,1.16404,1.1644,1.16403,1.1642000000000001,258,2,0
2026-05-24 22:40:00,1.1642000000000001,1.1644700000000001,1.16405,1.16435,180,2,0
2026-05-24 22:50:00,1.16435,1.16435,1.16415,1.16429,128,2,0
2026-05-24 23:00:00,1.16429,1.16461,1.16429,1.1646,195,2,0
2026-05-24 23:10:00,1.1646,1.1646,1.1644,1.16446,110,2,0
2026-05-24 23:20:00,1.16446,1.16458,1.16445,1.1645,107,2,0
2026-05-24 23:30:00,1.1645,1.16454,1.1644,1.16448,205,2,0
2026-05-24 23:40:00,1.1645,1.16455,1.16441,1.16443,248,2,0
2026-05-24 23:50:00,1.16443,1.16445,1.16412,1.16417,247,2,0
2026-05-25 00:00:00,1.16417,1.1642299999999999,1.1638,1.16387,401,2,0
2026-05-25 00:10:00,1.16387,1.16412,1.16381,1.16412,211,2,0
2026-05-25 00:20:00,1.16412,1.16422,1.16393,1.16417,188,2,0
2026-05-25 00:30:00,1.16417,1.16431,1.16401,1.16408,176,2,0
2026-05-25 00:40:00,1.16408,1.16486,1.16384,1.1647,246,2,0
2026-05-25 00:50:00,1.1647,1.16489,1.16353,1.16366,730,2,0
2026-05-25 01:00:00,1.16366,1.16402,1.16354,1.16373,680,2,0
2026-05-25 01:10:00,1.16372,1.16445,1.16361,1.16443,312,2,0
2026-05-25 01:20:00,1.16443,1.16468,1.16428,1.16462,248,2,0
2026-05-25 01:30:00,1.16462,1.16462,1.16394,1.1643,531,2,0
2026-05-25 01:40:00,1.1643,1.16432,1.16394,1.16408,302,2,0
2026-05-25 01:50:00,1.16408,1.16408,1.16382,1.1639,266,2,0
2026-05-25 02:00:00,1.1639,1.16425,1.16389,1.1642000000000001,255,2,0
2026-05-25 02:10:00,1.1642000000000001,1.16422,1.16394,1.16405,221,2,0
2026-05-25 02:20:00,1.16405,1.16421,1.16401,1.16415,152,2,0
2026-05-25 02:30:00,1.16415,1.16418,1.16403,1.16404,187,2,0
2026-05-25 02:40:00,1.16404,1.16407,1.16393,1.16405,189,2,0
2026-05-25 02:50:00,1.16405,1.16406,1.16365,1.16376,143,2,0
2026-05-25 03:00:00,1.16376,1.16394,1.1636,1.16373,297,2,0
2026-05-25 03:10:00,1.16373,1.16381,1.16361,1.16364,162,2,0
2026-05-25 03:20:00,1.16364,1.16388,1.16364,1.1637,352,2,0
2026-05-25 03:30:00,1.1637,1.1639599999999999,1.1637,1.16381,274,2,0
2026-05-25 03:40:00,1.16381,1.16382,1.16365,1.16371,140,2,0
2026-05-25 03:50:00,1.16371,1.16375,1.1636,1.16371,150,2,0
2026-05-25 04:00:00,1.16371,1.16376,1.16355,1.16358,145,2,0
2026-05-25 04:10:00,1.16358,1.16367,1.16357,1.16363,187,2,0
2026-05-25 04:20:00,1.16363,1.16372,1.16361,1.16369,184,2,0
2026-05-25 04:30:00,1.16369,1.16391,1.16369,1.16382,168,2,0
2026-05-25 04:40:00,1.16382,1.16419,1.16382,1.16415,144,2,0
2026-05-25 04:50:00,1.16415,1.16436,1.16415,1.16419,125,2,0
2026-05-25 05:00:00,1.16419,1.16439,1.16417,1.16432,241,2,0
2026-05-25 05:10:00,1.16432,1.16451,1.16409,1.16433,205,2,0
2026-05-25 05:20:00,1.16433,1.16435,1.16421,1.16432,133,2,0
2026-05-25 05:30:00,1.16431,1.1644700000000001,1.16424,1.16445,166,2,0
2026-05-25 05:40:00,1.16445,1.16445,1.16415,1.16416,131,2,0
2026-05-25 05:50:00,1.16416,1.16418,1.1638,1.16391,231,2,0
2026-05-25 06:00:00,1.16391,1.16397,1.1638,1.1638600000000001,305,2,0
2026-05-25 06:10:00,1.1638600000000001,1.16406,1.16384,1.1638600000000001,165,2,0
2026-05-25 06:20:00,1.1638600000000001,1.16412,1.16375,1.16388,264,2,0
2026-05-25 06:30:00,1.16388,1.16425,1.16374,1.16413,282,2,0
2026-05-25 06:40:00,1.16413,1.16433,1.16405,1.1643,145,2,0
2026-05-25 06:50:00,1.1643,1.16446,1.16398,1.16409,340,2,0
2026-05-25 07:00:00,1.16409,1.16419,1.16356,1.16376,484,2,0
2026-05-25 07:10:00,1.16376,1.16383,1.16294,1.16308,552,2,0
2026-05-25 07:20:00,1.16308,1.16345,1.16299,1.16337,372,2,0
2026-05-25 07:30:00,1.16337,1.16381,1.1633499999999999,1.16347,549,2,0
2026-05-25 07:40:00,1.16347,1.1636199999999999,1.16337,1.16344,353,2,0
2026-05-25 07:50:00,1.16344,1.16375,1.1634,1.16375,239,2,0
2026-05-25 08:00:00,1.16374,1.16392,1.16328,1.1639,294,2,0
2026-05-25 08:10:00,1.1639,1.16403,1.16385,1.16392,205,2,0
2026-05-25 08:20:00,1.16392,1.16408,1.16382,1.16403,241,2,0
2026-05-25 08:30:00,1.16403,1.1644,1.16401,1.16433,310,2,0
2026-05-25 08:40:00,1.16433,1.16442,1.16419,1.16435,249,2,0
2026-05-25 08:50:00,1.16435,1.16442,1.1642000000000001,1.16436,261,2,0
2026-05-25 09:00:00,1.16436,1.16451,1.16421,1.16421,199,2,0
2026-05-25 09:10:00,1.1642000000000001,1.16435,1.16402,1.16425,222,2,0
2026-05-25 09:20:00,1.16425,1.16438,1.16416,1.16422,162,2,0
2026-05-25 09:30:00,1.16422,1.16432,1.16419,1.16429,209,2,0
2026-05-25 09:40:00,1.16429,1.1644700000000001,1.16421,1.1642299999999999,145,2,0
2026-05-25 09:50:00,1.1642299999999999,1.16428,1.16404,1.16413,172,2,0
2026-05-25 10:00:00,1.16413,1.16431,1.16412,1.1643,169,2,0
2026-05-25 10:10:00,1.1643,1.16442,1.16421,1.16437,126,2,0
2026-05-25 10:20:00,1.16437,1.16437,1.16418,1.16418,112,2,0
2026-05-25 10:30:00,1.16418,1.16427,1.16413,1.16425,114,2,0
2026-05-25 10:40:00,1.16425,1.16439,1.16425,1.16432,113,2,0
2026-05-25 10:50:00,1.16432,1.16433,1.16418,1.16427,94,2,0
2026-05-25 11:00:00,1.16427,1.16429,1.16402,1.16412,141,2,0
2026-05-25 11:10:00,1.16412,1.16436,1.16411,1.16436,110,2,0
2026-05-25 11:20:00,1.16436,1.16446,1.16433,1.16443,124,2,0
2026-05-25 11:30:00,1.16443,1.16483,1.16442,1.16483,300,2,0
2026-05-25 11:40:00,1.16483,1.16505,1.1647,1.16471,250,2,0
2026-05-25 11:50:00,1.16471,1.1648399999999999,1.16434,1.16438,330,2,0
2026-05-25 12:00:00,1.16439,1.16448,1.16424,1.16432,320,2,0
2026-05-25 12:10:00,1.16432,1.16464,1.16431,1.16456,245,2,0
2026-05-25 12:20:00,1.16456,1.1647,1.16434,1.16439,417,2,0
2026-05-25 12:30:00,1.16439,1.16492,1.16439,1.16482,384,2,0
2026-05-25 12:40:00,1.16482,1.16527,1.16479,1.16497,453,2,0
2026-05-25 12:50:00,1.16497,1.16505,1.16474,1.16482,329,2,0
2026-05-25 13:00:00,1.16482,1.16496,1.16479,1.16491,316,2,0
2026-05-25 13:10:00,1.16491,1.16492,1.16445,1.16448,393,2,0
2026-05-25 13:20:00,1.16448,1.16458,1.16438,1.16439,203,2,0
2026-05-25 13:30:00,1.16439,1.16443,1.16422,1.16434,345,2,0
2026-05-25 13:40:00,1.16435,1.16439,1.1639,1.16407,244,2,0
2026-05-25 13:50:00,1.16407,1.16429,1.16387,1.16387,232,2,0
2026-05-25 14:00:00,1.16387,1.16417,1.16382,1.16412,274,2,0
2026-05-25 14:10:00,1.16412,1.16413,1.16392,1.1641,139,2,0
2026-05-25 14:20:00,1.1641,1.16428,1.1641,1.16412,131,2,0
2026-05-25 14:30:00,1.16412,1.16422,1.16401,1.16419,167,2,0
2026-05-25 14:40:00,1.16419,1.1645699999999999,1.16417,1.16442,205,2,0
2026-05-25 14:50:00,1.16442,1.16463,1.16406,1.1642000000000001,427,2,0
2026-05-25 15:00:00,1.1642000000000001,1.16433,1.16395,1.16413,399,2,0
2026-05-25 15:10:00,1.16413,1.1648399999999999,1.16408,1.16454,537,2,0
2026-05-25 15:20:00,1.16454,1.16478,1.16451,1.16456,233,2,0
2026-05-25 15:30:00,1.16456,1.16458,1.16442,1.16452,152,2,0
2026-05-25 15:40:00,1.16452,1.1645699999999999,1.1642299999999999,1.16426,150,2,0
2026-05-25 15:50:00,1.16426,1.1644700000000001,1.1642000000000001,1.1642000000000001,155,2,0
2026-05-25 16:00:00,1.1642000000000001,1.16426,1.16404,1.16408,217,2,0
2026-05-25 16:10:00,1.16408,1.1641,1.16378,1.16387,212,2,0
2026-05-25 16:20:00,1.16387,1.16398,1.16381,1.16383,108,2,0
2026-05-25 16:30:00,1.16383,1.16394,1.16371,1.16371,426,2,0
2026-05-25 16:40:00,1.16371,1.16398,1.16365,1.1639599999999999,108,2,0
2026-05-25 16:50:00,1.1639599999999999,1.16415,1.16385,1.1641,156,2,0
2026-05-25 17:00:00,1.1641,1.16412,1.16401,1.16405,83,2,0
2026-05-25 17:10:00,1.16405,1.16435,1.16405,1.1643,63,2,0
2026-05-25 17:20:00,1.1643,1.1644,1.1642299999999999,1.16437,70,2,0
2026-05-25 17:30:00,1.16437,1.16439,1.16425,1.16427,56,2,0
2026-05-25 17:40:00,1.16427,1.16436,1.16415,1.16421,67,2,0
2026-05-25 17:50:00,1.16422,1.16435,1.16422,1.16431,42,2,0
2026-05-25 18:00:00,1.16431,1.16436,1.16419,1.16431,97,2,0
2026-05-25 18:10:00,1.16431,1.16437,1.16431,1.16432,39,2,0
2026-05-25 18:20:00,1.16432,1.16435,1.16424,1.16424,34,2,0
2026-05-25 18:30:00,1.16424,1.16432,1.16422,1.16431,34,2,0
2026-05-25 18:40:00,1.16431,1.16431,1.16415,1.16422,39,2,0
2026-05-25 18:50:00,1.16422,1.16438,1.16422,1.16433,43,2,0
2026-05-25 19:00:00,1.16433,1.16435,1.16425,1.16425,40,2,0
2026-05-25 19:10:00,1.16425,1.16427,1.1642000000000001,1.16427,27,2,0
2026-05-25 19:20:00,1.16427,1.16431,1.16422,1.16429,43,2,0
2026-05-25 19:30:00,1.1643,1.16435,1.1642000000000001,1.16431,44,2,0
2026-05-25 19:40:00,1.16432,1.16435,1.16424,1.16425,24,2,0
2026-05-25 19:50:00,1.16425,1.16426,1.16417,1.1642000000000001,50,2,0
2026-05-25 20:00:00,1.16421,1.16429,1.16421,1.16429,33,2,0
2026-05-25 20:10:00,1.16429,1.16433,1.16428,1.1643,28,2,0
2026-05-25 20:20:00,1.1643,1.1643,1.16417,1.1643,60,2,0
2026-05-25 20:30:00,1.1643,1.16432,1.16416,1.16417,45,2,0
2026-05-25 20:40:00,1.16417,1.16431,1.16411,1.16429,83,2,0
2026-05-25 20:50:00,1.16429,1.16435,1.1642299999999999,1.1642299999999999,130,2,0
2026-05-25 21:00:00,1.16367,1.16369,1.16355,1.16366,701,85,0
2026-05-25 21:10:00,1.16379,1.16379,1.16361,1.16361,27,78,0
2026-05-25 21:20:00,1.16361,1.16399,1.16348,1.16398,37,35,0
2026-05-25 21:30:00,1.16398,1.16436,1.16371,1.16412,75,27,0
2026-05-25 21:40:00,1.16412,1.16421,1.16345,1.16351,142,17,0
2026-05-25 21:50:00,1.16351,1.16388,1.16346,1.16387,34,26,0
2026-05-25 22:00:00,1.16387,1.164,1.16368,1.16394,180,5,0
2026-05-25 22:10:00,1.16394,1.16422,1.1639,1.16393,146,5,0
2026-05-25 22:20:00,1.16393,1.16409,1.16391,1.16397,111,5,0
2026-05-25 22:30:00,1.16397,1.16406,1.16389,1.16405,145,3,0
2026-05-25 22:40:00,1.16405,1.16416,1.16405,1.1641,77,2,0
2026-05-25 22:50:00,1.1641,1.16415,1.16405,1.16406,116,3,0
2026-05-25 23:00:00,1.16406,1.16421,1.16406,1.16419,142,2,0
2026-05-25 23:10:00,1.16419,1.16431,1.16419,1.16427,76,2,0
2026-05-25 23:20:00,1.16427,1.16427,1.16405,1.16408,52,2,0
2026-05-25 23:30:00,1.16408,1.16408,1.16383,1.1639,83,2,0
2026-05-25 23:40:00,1.1639,1.16395,1.16365,1.16366,166,2,0
2026-05-25 23:50:00,1.16366,1.16372,1.16356,1.16357,137,2,0
2026-05-26 00:00:00,1.16357,1.16392,1.16348,1.16376,518,2,0
2026-05-26 00:10:00,1.16376,1.1639599999999999,1.16346,1.16348,298,2,0
2026-05-26 00:20:00,1.16348,1.1636,1.16337,1.16355,397,2,0
2026-05-26 00:30:00,1.16355,1.16364,1.16349,1.16353,287,2,0
2026-05-26 00:40:00,1.16353,1.16376,1.16348,1.16367,208,2,0
2026-05-26 00:50:00,1.16367,1.16394,1.16366,1.16387,245,2,0
2026-05-26 01:00:00,1.16387,1.16392,1.16349,1.16357,477,2,0
2026-05-26 01:10:00,1.16357,1.1639599999999999,1.16357,1.16382,302,2,0
2026-05-26 01:20:00,1.16382,1.16387,1.1636,1.16365,318,2,0
2026-05-26 01:30:00,1.16365,1.16368,1.16316,1.16321,308,2,0
2026-05-26 01:40:00,1.16321,1.16324,1.1630099999999999,1.16321,363,2,0
2026-05-26 01:50:00,1.16321,1.1634,1.16319,1.16338,226,2,0
2026-05-26 02:00:00,1.16338,1.16351,1.16333,1.16347,250,2,0
2026-05-26 02:10:00,1.16347,1.16347,1.16322,1.16332,207,2,0
2026-05-26 02:20:00,1.16332,1.1633499999999999,1.16321,1.1633,181,2,0
2026-05-26 02:30:00,1.1633,1.1634,1.16326,1.16332,120,2,0
2026-05-26 02:40:00,1.16332,1.16334,1.16311,1.16327,108,2,0
2026-05-26 02:50:00,1.16327,1.16343,1.16326,1.16338,102,2,0
2026-05-26 03:00:00,1.16338,1.1635,1.16336,1.16343,115,2,0
2026-05-26 03:10:00,1.16343,1.16356,1.16342,1.16356,96,2,0
2026-05-26 03:20:00,1.16356,1.1637,1.16345,1.16345,142,2,0
2026-05-26 03:30:00,1.16345,1.16351,1.16344,1.16345,100,2,0
2026-05-26 03:40:00,1.16345,1.16352,1.16343,1.16346,134,2,0
2026-05-26 03:50:00,1.16346,1.16361,1.16341,1.16358,143,2,0
2026-05-26 04:00:00,1.16358,1.16358,1.16331,1.16343,84,2,0
2026-05-26 04:10:00,1.16343,1.16356,1.16342,1.16347,86,2,0
2026-05-26 04:20:00,1.16346,1.16347,1.1633,1.16331,77,2,0
2026-05-26 04:30:00,1.16331,1.16341,1.16326,1.16329,114,2,0
2026-05-26 04:40:00,1.16329,1.16331,1.16316,1.16323,159,2,0
2026-05-26 04:50:00,1.16323,1.1633,1.16292,1.16295,182,2,0
2026-05-26 05:00:00,1.16295,1.1630099999999999,1.16284,1.16291,205,2,0
2026-05-26 05:10:00,1.16291,1.16295,1.16281,1.16281,209,2,0
2026-05-26 05:20:00,1.16281,1.16297,1.1628,1.16294,110,2,0
2026-05-26 05:30:00,1.16294,1.16306,1.16287,1.163,233,2,0
2026-05-26 05:40:00,1.163,1.16302,1.16285,1.16291,131,2,0
2026-05-26 05:50:00,1.16291,1.16291,1.1627399999999999,1.16278,199,2,0
2026-05-26 06:00:00,1.16278,1.16299,1.16271,1.16293,180,2,0
2026-05-26 06:10:00,1.16293,1.16304,1.16287,1.16304,117,2,0
2026-05-26 06:20:00,1.16304,1.16354,1.16302,1.16328,229,2,0
2026-05-26 06:30:00,1.16328,1.1636199999999999,1.16326,1.16354,319,2,0
2026-05-26 06:40:00,1.16354,1.16363,1.16337,1.16353,269,2,0
2026-05-26 06:50:00,1.16353,1.16374,1.16339,1.16351,494,2,0
2026-05-26 07:00:00,1.16351,1.16364,1.16239,1.1628,626,2,0
2026-05-26 07:10:00,1.1628,1.1632,1.1628,1.16303,370,2,0
2026-05-26 07:20:00,1.16303,1.16338,1.16302,1.16338,246,2,0
2026-05-26 07:30:00,1.16338,1.16402,1.16326,1.16345,684,2,0
2026-05-26 07:40:00,1.16345,1.16387,1.1633499999999999,1.16387,398,2,0
2026-05-26 07:50:00,1.16387,1.1639599999999999,1.16365,1.1637,421,2,0
2026-05-26 08:00:00,1.1637,1.1639,1.16349,1.16367,523,2,0
2026-05-26 08:10:00,1.16367,1.1642000000000001,1.16364,1.16405,391,2,0
2026-05-26 08:20:00,1.16405,1.16417,1.16374,1.16392,380,2,0
2026-05-26 08:30:00,1.16392,1.16411,1.16376,1.16377,441,2,0
2026-05-26 08:40:00,1.16377,1.16382,1.16342,1.16361,332,2,0
2026-05-26 08:50:00,1.16361,1.16411,1.16358,1.16364,386,2,0
2026-05-26 09:00:00,1.16364,1.16375,1.16323,1.16373,535,2,0
2026-05-26 09:10:00,1.1637,1.1642299999999999,1.16368,1.16394,396,2,0
2026-05-26 09:20:00,1.16394,1.16419,1.16369,1.16417,418,2,0
2026-05-26 09:30:00,1.16417,1.16434,1.16398,1.16414,352,2,0
2026-05-26 09:40:00,1.16414,1.16424,1.16408,1.16424,222,2,0
2026-05-26 09:50:00,1.16424,1.16439,1.16399,1.16425,362,2,0
2026-05-26 10:00:00,1.16425,1.16435,1.1639599999999999,1.16419,342,2,0
2026-05-26 10:10:00,1.16419,1.16434,1.16417,1.16428,295,2,0
2026-05-26 10:20:00,1.16428,1.16433,1.16407,1.16427,345,2,0
2026-05-26 10:30:00,1.16428,1.16451,1.16375,1.16387,687,2,0
2026-05-26 10:40:00,1.1638600000000001,1.16412,1.16382,1.16408,350,2,0
2026-05-26 10:50:00,1.16408,1.16434,1.16408,1.16413,454,2,0
2026-05-26 11:00:00,1.16413,1.16443,1.16403,1.16441,423,2,0
2026-05-26 11:10:00,1.16441,1.1644700000000001,1.16421,1.16424,297,2,0
2026-05-26 11:20:00,1.16424,1.16424,1.16397,1.164,262,2,0
2026-05-26 11:30:00,1.16399,1.1642000000000001,1.16351,1.16375,766,2,0
2026-05-26 11:40:00,1.16375,1.16377,1.16333,1.16342,396,2,0
2026-05-26 11:50:00,1.16342,1.16363,1.16338,1.16347,405,2,0
2026-05-26 12:00:00,1.16347,1.1636,1.16307,1.16339,619,2,0
2026-05-26 12:10:00,1.16339,1.16351,1.16317,1.16333,428,2,0
2026-05-26 12:20:00,1.16333,1.16352,1.16321,1.16351,302,2,0
2026-05-26 12:30:00,1.16351,1.16365,1.16331,1.16331,282,2,0
2026-05-26 12:40:00,1.16331,1.16357,1.1632,1.1633499999999999,482,2,0
2026-05-26 12:50:00,1.1633499999999999,1.16347,1.16315,1.16318,463,2,0
2026-05-26 13:00:00,1.16318,1.16328,1.16297,1.1631,495,2,0
2026-05-26 13:10:00,1.1631,1.16328,1.16284,1.16305,532,2,0
2026-05-26 13:20:00,1.16306,1.1633,1.16265,1.16265,428,2,0
2026-05-26 13:30:00,1.16265,1.1630099999999999,1.16253,1.16283,735,2,0
2026-05-26 13:40:00,1.16283,1.16311,1.16261,1.163,692,2,0
2026-05-26 13:50:00,1.163,1.16302,1.16171,1.16248,1287,2,0
2026-05-26 14:00:00,1.16249,1.16297,1.1622,1.16254,842,2,0
2026-05-26 14:10:00,1.16253,1.16263,1.16217,1.16228,572,2,0
2026-05-26 14:20:00,1.16228,1.16262,1.16212,1.16242,547,2,0
2026-05-26 14:30:00,1.16242,1.16288,1.16228,1.1625,721,2,0
2026-05-26 14:40:00,1.1625,1.16288,1.16246,1.16268,573,2,0
2026-05-26 14:50:00,1.16268,1.1628,1.16237,1.1625,735,2,0
2026-05-26 15:00:00,1.16249,1.1625,1.16198,1.16212,683,2,0
2026-05-26 15:10:00,1.16212,1.16257,1.16185,1.16202,568,2,0
2026-05-26 15:20:00,1.16198,1.16218,1.16174,1.16207,545,2,0
2026-05-26 15:30:00,1.16207,1.16222,1.16162,1.16185,630,2,0
2026-05-26 15:40:00,1.16184,1.16219,1.1616900000000001,1.1620300000000001,499,2,0
2026-05-26 15:50:00,1.1620300000000001,1.16215,1.16187,1.16193,514,2,0
2026-05-26 16:00:00,1.16195,1.16231,1.16195,1.16231,278,2,0
2026-05-26 16:10:00,1.16231,1.16282,1.16225,1.16282,338,2,0
2026-05-26 16:20:00,1.16282,1.16287,1.16258,1.16272,339,2,0
2026-05-26 16:30:00,1.16272,1.16296,1.16256,1.16258,380,2,0
2026-05-26 16:40:00,1.16258,1.16266,1.16226,1.16228,422,2,0
2026-05-26 16:50:00,1.16228,1.16242,1.16223,1.16238,333,2,0
2026-05-26 17:00:00,1.16238,1.16247,1.16228,1.16244,291,2,0
2026-05-26 17:10:00,1.16244,1.16275,1.16237,1.16265,281,2,0
2026-05-26 17:20:00,1.16265,1.16267,1.1623999999999999,1.1623999999999999,328,2,0
2026-05-26 17:30:00,1.1623999999999999,1.1626,1.16233,1.16233,238,2,0
2026-05-26 17:40:00,1.16233,1.16235,1.16212,1.16229,272,2,0
2026-05-26 17:50:00,1.16229,1.1623999999999999,1.16223,1.1623999999999999,172,2,0
2026-05-26 18:00:00,1.1623999999999999,1.16248,1.16231,1.16247,205,2,0
2026-05-26 18:10:00,1.16247,1.16265,1.16247,1.16263,284,2,0
2026-05-26 18:20:00,1.16263,1.1627399999999999,1.16254,1.16269,325,2,0
2026-05-26 18:30:00,1.16269,1.16285,1.16268,1.16281,243,2,0
2026-05-26 18:40:00,1.16281,1.16285,1.16263,1.16282,235,2,0
2026-05-26 18:50:00,1.16282,1.16309,1.1628,1.16295,234,2,0
2026-05-26 19:00:00,1.16295,1.16299,1.16273,1.16283,208,2,0
2026-05-26 19:10:00,1.16283,1.163,1.16279,1.16285,189,2,0
2026-05-26 19:20:00,1.16285,1.16304,1.16285,1.16293,154,2,0
2026-05-26 19:30:00,1.16293,1.16314,1.16293,1.16305,159,2,0
2026-05-26 19:40:00,1.16305,1.16318,1.16303,1.16317,163,2,0
2026-05-26 19:50:00,1.16317,1.1632500000000001,1.16308,1.16319,290,2,0
2026-05-26 20:00:00,1.16318,1.16328,1.16313,1.16313,194,2,0
2026-05-26 20:10:00,1.16313,1.16322,1.16313,1.16318,72,2,0
2026-05-26 20:20:00,1.16318,1.16323,1.16304,1.16304,110,2,0
2026-05-26 20:30:00,1.16304,1.1632,1.16304,1.16308,144,2,0
2026-05-26 20:40:00,1.16308,1.16317,1.16307,1.16316,110,2,0
2026-05-26 20:50:00,1.16316,1.16316,1.16305,1.16305,181,2,0
2026-05-26 21:00:00,1.16225,1.16265,1.1620300000000001,1.16243,108,50,0
2026-05-26 21:10:00,1.16243,1.1629,1.16243,1.1629,234,37,0
2026-05-26 21:20:00,1.16285,1.16296,1.1628,1.16295,439,34,0
2026-05-26 21:30:00,1.16293,1.16304,1.1627,1.16291,72,26,0
2026-05-26 21:40:00,1.16291,1.16291,1.16281,1.16285,44,46,0
2026-05-26 21:50:00,1.16285,1.16287,1.16283,1.16284,43,46,0
2026-05-26 22:00:00,1.16284,1.1633,1.16284,1.16313,171,10,0
2026-05-26 22:10:00,1.16313,1.16319,1.16309,1.16317,103,7,0
2026-05-26 22:20:00,1.16319,1.16328,1.16312,1.16322,116,4,0
2026-05-26 22:30:00,1.16322,1.16327,1.16319,1.1632500000000001,83,4,0
2026-05-26 22:40:00,1.1632500000000001,1.16328,1.1632500000000001,1.16327,22,2,0
2026-05-26 22:50:00,1.16327,1.16333,1.16326,1.16332,44,4,0
2026-05-26 23:00:00,1.16332,1.1634,1.16328,1.1633499999999999,56,2,0
2026-05-26 23:10:00,1.1633499999999999,1.16347,1.16334,1.16347,44,2,0
2026-05-26 23:20:00,1.16347,1.16368,1.16347,1.16367,97,2,0
2026-05-26 23:30:00,1.16367,1.16378,1.1636199999999999,1.16377,59,2,0
2026-05-26 23:40:00,1.16377,1.16398,1.16374,1.16382,116,2,0
2026-05-26 23:50:00,1.16382,1.16385,1.16358,1.16363,167,2,0
2026-05-27 00:00:00,1.16363,1.16389,1.16358,1.16377,347,2,0
2026-05-27 00:10:00,1.16377,1.1639599999999999,1.16376,1.16388,258,2,0
2026-05-27 00:20:00,1.16387,1.16403,1.16383,1.16391,355,2,0
2026-05-27 00:30:00,1.16391,1.16398,1.16375,1.1638600000000001,238,2,0
2026-05-27 00:40:00,1.1638600000000001,1.16404,1.16377,1.16399,292,2,0
2026-05-27 00:50:00,1.16399,1.16401,1.16375,1.1638,450,2,0
2026-05-27 01:00:00,1.1638,1.16384,1.16372,1.16377,364,2,0
2026-05-27 01:10:00,1.16377,1.16392,1.16373,1.16374,242,2,0
2026-05-27 01:20:00,1.16374,1.16393,1.16366,1.16369,178,2,0
2026-05-27 01:30:00,1.16369,1.16371,1.16326,1.16333,603,2,0
2026-05-27 01:40:00,1.16333,1.16348,1.16329,1.16341,215,2,0
2026-05-27 01:50:00,1.16341,1.16342,1.1633,1.16338,246,2,0
2026-05-27 02:00:00,1.16338,1.16383,1.16337,1.16371,557,2,0
2026-05-27 02:10:00,1.16371,1.16373,1.16349,1.16357,276,2,0
2026-05-27 02:20:00,1.16357,1.16368,1.16342,1.16347,253,2,0
2026-05-27 02:30:00,1.16347,1.1636199999999999,1.16339,1.16342,207,2,0
2026-05-27 02:40:00,1.16342,1.1635900000000001,1.1634,1.1635900000000001,183,2,0
2026-05-27 02:50:00,1.1635900000000001,1.16384,1.1635900000000001,1.16383,185,2,0
2026-05-27 03:00:00,1.16383,1.16424,1.16381,1.16406,322,2,0
2026-05-27 03:10:00,1.16406,1.16406,1.16385,1.16388,172,2,0
2026-05-27 03:20:00,1.16388,1.16392,1.16376,1.16391,215,2,0
2026-05-27 03:30:00,1.16391,1.16395,1.16367,1.16371,180,2,0
2026-05-27 03:40:00,1.16371,1.16382,1.16371,1.16372,116,2,0
2026-05-27 03:50:00,1.16372,1.16392,1.16371,1.1638600000000001,164,2,0
2026-05-27 04:00:00,1.1638600000000001,1.1639599999999999,1.16381,1.16393,124,2,0
2026-05-27 04:10:00,1.16392,1.164,1.16392,1.1639599999999999,92,2,0
2026-05-27 04:20:00,1.1639599999999999,1.16408,1.16395,1.16395,168,2,0
2026-05-27 04:30:00,1.16395,1.16412,1.16392,1.16412,154,2,0
2026-05-27 04:40:00,1.16412,1.16421,1.16405,1.16421,131,2,0
2026-05-27 04:50:00,1.16421,1.16421,1.16401,1.16411,202,2,0
2026-05-27 05:00:00,1.16411,1.16433,1.16407,1.16426,196,2,0
2026-05-27 05:10:00,1.16426,1.16431,1.16416,1.16419,192,2,0
2026-05-27 05:20:00,1.16419,1.16443,1.16419,1.16437,146,2,0
2026-05-27 05:30:00,1.16437,1.16442,1.1641,1.16416,312,2,0
2026-05-27 05:40:00,1.16416,1.16419,1.16399,1.16402,250,2,0
2026-05-27 05:50:00,1.16402,1.16427,1.1638600000000001,1.16395,316,2,0
2026-05-27 06:00:00,1.16395,1.1641,1.16371,1.16405,502,2,0
2026-05-27 06:10:00,1.16405,1.16413,1.16381,1.16394,310,2,0
2026-05-27 06:20:00,1.16394,1.16408,1.16376,1.164,413,2,0
2026-05-27 06:30:00,1.16399,1.16436,1.16387,1.16434,349,2,0
2026-05-27 06:40:00,1.16434,1.16492,1.16424,1.16477,429,2,0
2026-05-27 06:50:00,1.16477,1.1648399999999999,1.16442,1.16454,438,2,0
2026-05-27 07:00:00,1.16454,1.16488,1.16442,1.16449,587,2,0
2026-05-27 07:10:00,1.16449,1.16458,1.16421,1.16431,331,2,0
2026-05-27 07:20:00,1.16431,1.16463,1.16422,1.16453,372,2,0
2026-05-27 07:30:00,1.16453,1.16469,1.16436,1.16463,395,2,0
2026-05-27 07:40:00,1.16463,1.16478,1.16428,1.1644,377,2,0
2026-05-27 07:50:00,1.1644,1.16452,1.164,1.16405,391,2,0
2026-05-27 08:00:00,1.16405,1.16432,1.16381,1.16418,525,2,0
2026-05-27 08:10:00,1.16418,1.16451,1.1641,1.16425,399,2,0
2026-05-27 08:20:00,1.16425,1.16469,1.16425,1.16469,438,2,0
2026-05-27 08:30:00,1.16469,1.1647,1.16434,1.16444,354,2,0
2026-05-27 08:40:00,1.16444,1.16458,1.16429,1.16429,295,2,0
2026-05-27 08:50:00,1.16429,1.16459,1.16429,1.1644700000000001,320,2,0
2026-05-27 09:00:00,1.1644700000000001,1.16454,1.16429,1.16432,383,2,0
2026-05-27 09:10:00,1.16432,1.1645699999999999,1.16424,1.16455,390,2,0
2026-05-27 09:20:00,1.16455,1.16468,1.16438,1.16451,327,2,0
2026-05-27 09:30:00,1.16452,1.16456,1.16433,1.16441,265,2,0
2026-05-27 09:40:00,1.16441,1.16448,1.16435,1.1644700000000001,178,2,0
2026-05-27 09:50:00,1.1644700000000001,1.16485,1.16442,1.16445,318,2,0
2026-05-27 10:00:00,1.16445,1.1644700000000001,1.16427,1.16437,284,2,0
2026-05-27 10:10:00,1.16437,1.16443,1.16409,1.1641,271,2,0
2026-05-27 10:20:00,1.1641,1.1641,1.16365,1.16375,351,2,0
2026-05-27 10:30:00,1.16375,1.16404,1.1636,1.16365,377,2,0
2026-05-27 10:40:00,1.16365,1.16392,1.16365,1.16374,409,2,0
2026-05-27 10:50:00,1.16374,1.16395,1.16356,1.16389,364,2,0
2026-05-27 11:00:00,1.16392,1.164,1.16371,1.16383,399,2,0
2026-05-27 11:10:00,1.16383,1.16418,1.16361,1.1638600000000001,490,2,0
2026-05-27 11:20:00,1.1638600000000001,1.1639599999999999,1.16366,1.16377,398,2,0
2026-05-27 11:30:00,1.16377,1.16393,1.16357,1.16382,448,2,0
2026-05-27 11:40:00,1.16382,1.1639599999999999,1.16369,1.1639,404,2,0
2026-05-27 11:50:00,1.1639,1.1639,1.16328,1.16375,673,2,0
2026-05-27 12:00:00,1.16375,1.16393,1.1636,1.16371,606,2,0
2026-05-27 12:10:00,1.16371,1.16486,1.16343,1.16407,1184,2,0
2026-05-27 12:20:00,1.16408,1.16602,1.16403,1.1656,2512,2,0
2026-05-27 12:30:00,1.16561,1.16609,1.1655,1.16572,1592,2,0
2026-05-27 12:40:00,1.16572,1.1657899999999999,1.16499,1.16515,1030,2,0
2026-05-27 12:50:00,1.16515,1.16551,1.16417,1.16436,1002,2,0
2026-05-27 13:00:00,1.16436,1.16478,1.16426,1.16436,1418,2,0
2026-05-27 13:10:00,1.16436,1.16475,1.16434,1.1645699999999999,876,2,0
2026-05-27 13:20:00,1.16458,1.16458,1.1639599999999999,1.16408,1304,3,0
2026-05-27 13:30:00,1.16409,1.16458,1.16392,1.16424,1659,3,0
2026-05-27 13:40:00,1.16424,1.16461,1.16411,1.16427,1647,3,0
2026-05-27 13:50:00,1.16427,1.16442,1.16376,1.16413,1684,3,0
2026-05-27 14:00:00,1.16413,1.16425,1.16364,1.16413,1517,3,0
2026-05-27 14:10:00,1.16413,1.16515,1.16412,1.16515,882,3,0
2026-05-27 14:20:00,1.16515,1.16521,1.16437,1.16487,1533,3,0
2026-05-27 14:30:00,1.16487,1.16517,1.16415,1.16496,1636,3,0
2026-05-27 14:40:00,1.16496,1.16507,1.16439,1.16441,1343,3,0
2026-05-27 14:50:00,1.16441,1.16449,1.16248,1.16254,1921,3,0
2026-05-27 15:00:00,1.16254,1.16331,1.16225,1.16313,1524,3,0
2026-05-27 15:10:00,1.16313,1.16339,1.1630099999999999,1.16326,1141,3,0
2026-05-27 15:20:00,1.16326,1.16345,1.16293,1.16338,1214,3,0
2026-05-27 15:30:00,1.1634,1.1636199999999999,1.16324,1.16327,770,3,0
2026-05-27 15:40:00,1.16327,1.16339,1.16271,1.16277,1064,3,0
2026-05-27 15:50:00,1.16277,1.16306,1.1626400000000001,1.16302,969,3,0
2026-05-27 16:00:00,1.16302,1.16303,1.1623999999999999,1.16271,1194,3,0
2026-05-27 16:10:00,1.16271,1.16312,1.16268,1.16309,600,3,0
2026-05-27 16:20:00,1.16309,1.16321,1.1628,1.16285,567,3,0
2026-05-27 16:30:00,1.16285,1.16311,1.1627399999999999,1.16306,611,3,0
2026-05-27 16:40:00,1.16306,1.16327,1.16305,1.1632,456,3,0
2026-05-27 16:50:00,1.1632,1.16324,1.16302,1.16322,492,3,0
2026-05-27 17:00:00,1.16322,1.16329,1.16228,1.16243,876,3,0
2026-05-27 17:10:00,1.16243,1.16256,1.16225,1.16234,843,3,0
2026-05-27 17:20:00,1.16234,1.16245,1.1622,1.16235,519,3,0
2026-05-27 17:30:00,1.16235,1.16247,1.16222,1.16239,544,3,0
2026-05-27 17:40:00,1.1623999999999999,1.16263,1.16232,1.16262,439,3,0
2026-05-27 17:50:00,1.16262,1.16284,1.16261,1.16272,485,3,0
2026-05-27 18:00:00,1.16272,1.1627399999999999,1.16237,1.16244,434,3,0
2026-05-27 18:10:00,1.16244,1.16246,1.16225,1.16228,503,3,0
2026-05-27 18:20:00,1.16227,1.16246,1.16226,1.16245,548,3,0
2026-05-27 18:30:00,1.16245,1.16261,1.16237,1.1626,514,3,0
2026-05-27 18:40:00,1.1626,1.16282,1.16255,1.1628,440,3,0
2026-05-27 18:50:00,1.1628,1.16302,1.16272,1.16292,400,3,0
2026-05-27 19:00:00,1.16292,1.16314,1.16282,1.16305,337,3,0
2026-05-27 19:10:00,1.16305,1.16307,1.16287,1.1630099999999999,326,3,0
2026-05-27 19:20:00,1.163,1.16319,1.16299,1.16309,345,3,0
2026-05-27 19:30:00,1.16309,1.16315,1.16292,1.16311,415,3,0
2026-05-27 19:40:00,1.16312,1.16314,1.16282,1.16287,331,3,0
2026-05-27 19:50:00,1.16287,1.16289,1.16266,1.16287,385,3,0
2026-05-27 20:00:00,1.16287,1.16305,1.16282,1.16291,199,2,0
2026-05-27 20:10:00,1.16291,1.16293,1.16279,1.16286,122,2,0
2026-05-27 20:20:00,1.16286,1.16287,1.16276,1.16278,115,2,0
2026-05-27 20:30:00,1.16278,1.16288,1.16267,1.16267,133,2,0
2026-05-27 20:40:00,1.16268,1.16277,1.16258,1.16267,169,2,0
2026-05-27 20:50:00,1.16267,1.16267,1.16231,1.16231,333,2,0
2026-05-27 21:00:00,1.16217,1.16256,1.16216,1.16253,26,57,0
2026-05-27 21:10:00,1.16268,1.16279,1.1626,1.16267,25,41,0
2026-05-27 21:20:00,1.16267,1.1627,1.16262,1.1626400000000001,73,52,0
2026-05-27 21:30:00,1.16265,1.16275,1.1626,1.16273,104,42,0
2026-05-27 21:40:00,1.16273,1.16297,1.1625,1.1625,87,15,0
2026-05-27 21:50:00,1.1625,1.1626400000000001,1.1623,1.16262,43,41,0
2026-05-27 22:00:00,1.16277,1.16288,1.16267,1.16283,96,4,0
2026-05-27 22:10:00,1.16283,1.16302,1.16283,1.16289,97,2,0
2026-05-27 22:20:00,1.16289,1.163,1.16276,1.16279,129,2,0
2026-05-27 22:30:00,1.16279,1.16289,1.16269,1.16289,178,2,0
2026-05-27 22:40:00,1.16289,1.16293,1.1626,1.16261,127,2,0
2026-05-27 22:50:00,1.16261,1.16263,1.16256,1.16258,66,2,0
2026-05-27 23:00:00,1.16258,1.1627,1.16255,1.16268,62,3,0
