time,Open,High,Low,Close,Volume,spread,Volume
2026-03-01 22:10:00,1.17634,1.1764999999999999,1.17632,1.17632,30,48,0
2026-03-01 22:15:00,1.17632,1.17632,1.17553,1.17553,104,42,0
2026-03-01 22:20:00,1.17553,1.17596,1.17553,1.17592,82,58,0
2026-03-01 22:25:00,1.1759,1.17612,1.17581,1.17583,35,56,0
2026-03-01 22:30:00,1.17581,1.17666,1.17581,1.17622,275,60,0
2026-03-01 22:35:00,1.17622,1.17631,1.176,1.17603,68,59,0
2026-03-01 22:40:00,1.17599,1.17702,1.1759,1.17676,105,52,0
2026-03-01 22:45:00,1.17676,1.17707,1.17672,1.17707,49,77,0
2026-03-01 22:50:00,1.17707,1.17749,1.17704,1.17747,30,67,0
2026-03-01 22:55:00,1.17747,1.17763,1.17732,1.17754,38,43,0
2026-03-01 23:00:00,1.17754,1.1779600000000001,1.17642,1.17786,351,2,0
2026-03-01 23:05:00,1.17786,1.17874,1.1778,1.17852,279,2,0
2026-03-01 23:10:00,1.17852,1.1786699999999999,1.17753,1.17774,409,2,0
2026-03-01 23:15:00,1.17774,1.17788,1.17714,1.17728,411,2,0
2026-03-01 23:20:00,1.17728,1.17737,1.17671,1.17686,416,2,0
2026-03-01 23:25:00,1.17686,1.1772,1.17605,1.17624,465,2,0
2026-03-01 23:30:00,1.17624,1.17662,1.17577,1.17631,522,2,0
2026-03-01 23:35:00,1.17631,1.17648,1.17586,1.1761300000000001,465,2,0
2026-03-01 23:40:00,1.1761300000000001,1.17664,1.17608,1.17664,393,2,0
2026-03-01 23:45:00,1.17664,1.1767400000000001,1.1758899999999999,1.17591,447,2,0
2026-03-01 23:50:00,1.17591,1.17615,1.17567,1.17598,381,2,0
2026-03-01 23:55:00,1.17597,1.17607,1.17581,1.17592,334,2,0
2026-03-02 00:00:00,1.17591,1.17618,1.1756,1.17594,418,2,0
2026-03-02 00:05:00,1.17594,1.17673,1.17576,1.17663,457,2,0
2026-03-02 00:10:00,1.17663,1.17709,1.17662,1.17702,290,2,0
2026-03-02 00:15:00,1.17702,1.17759,1.17692,1.17723,364,2,0
2026-03-02 00:20:00,1.17724,1.17749,1.17716,1.17737,350,2,0
2026-03-02 00:25:00,1.17737,1.17749,1.17676,1.17703,271,2,0
2026-03-02 00:30:00,1.17703,1.17713,1.17655,1.17655,319,2,0
2026-03-02 00:35:00,1.17655,1.17693,1.17634,1.17693,274,2,0
2026-03-02 00:40:00,1.17693,1.17714,1.17683,1.17708,135,2,0
2026-03-02 00:45:00,1.17708,1.17721,1.17681,1.17687,232,2,0
2026-03-02 00:50:00,1.17686,1.17698,1.17669,1.17689,318,2,0
2026-03-02 00:55:00,1.17688,1.1778,1.17676,1.17773,287,2,0
2026-03-02 01:00:00,1.17773,1.17816,1.17752,1.1778,595,2,0
2026-03-02 01:05:00,1.1778,1.17814,1.17761,1.1781,448,2,0
2026-03-02 01:10:00,1.1781,1.17893,1.17809,1.17876,342,2,0
2026-03-02 01:15:00,1.17876,1.17889,1.17825,1.17828,345,2,0
2026-03-02 01:20:00,1.17828,1.1785,1.1780599999999999,1.17813,347,2,0
2026-03-02 01:25:00,1.17813,1.1785,1.17808,1.17849,365,2,0
2026-03-02 01:30:00,1.17849,1.17924,1.1783299999999999,1.17923,382,2,0
2026-03-02 01:35:00,1.17923,1.17943,1.17915,1.17929,265,2,0
2026-03-02 01:40:00,1.17929,1.17938,1.1789399999999999,1.17907,268,2,0
2026-03-02 01:45:00,1.17907,1.17921,1.17883,1.17906,334,2,0
2026-03-02 01:50:00,1.17907,1.17924,1.17879,1.17898,215,2,0
2026-03-02 01:55:00,1.17898,1.17926,1.17896,1.17919,239,2,0
2026-03-02 02:00:00,1.17919,1.17933,1.17883,1.17907,261,2,0
2026-03-02 02:05:00,1.17907,1.17908,1.17851,1.17866,340,2,0
2026-03-02 02:10:00,1.17866,1.1786699999999999,1.17843,1.17853,211,2,0
2026-03-02 02:15:00,1.17853,1.17856,1.17816,1.17817,257,2,0
2026-03-02 02:20:00,1.17817,1.17842,1.1781,1.17828,185,2,0
2026-03-02 02:25:00,1.17828,1.1784,1.17821,1.17834,166,2,0
2026-03-02 02:30:00,1.17834,1.17855,1.17831,1.17852,226,2,0
2026-03-02 02:35:00,1.17852,1.17877,1.1784,1.17874,224,2,0
2026-03-02 02:40:00,1.17874,1.17888,1.1786,1.1786,161,2,0
2026-03-02 02:45:00,1.1786,1.17877,1.17847,1.17847,116,2,0
2026-03-02 02:50:00,1.17847,1.17878,1.17847,1.17878,132,2,0
2026-03-02 02:55:00,1.17878,1.17892,1.17864,1.17887,142,2,0
2026-03-02 03:00:00,1.17887,1.17916,1.17884,1.17914,119,2,0
2026-03-02 03:05:00,1.17914,1.17941,1.17906,1.17907,131,2,0
2026-03-02 03:10:00,1.17907,1.17916,1.17897,1.17907,136,2,0
2026-03-02 03:15:00,1.17907,1.1791800000000001,1.17903,1.17917,93,2,0
2026-03-02 03:20:00,1.17917,1.1794,1.17917,1.17922,136,2,0
2026-03-02 03:25:00,1.17921,1.17958,1.17921,1.1794,167,2,0
2026-03-02 03:30:00,1.1794,1.17954,1.17914,1.17914,243,2,0
2026-03-02 03:35:00,1.17914,1.17927,1.17906,1.17913,188,2,0
2026-03-02 03:40:00,1.17913,1.17935,1.17905,1.17926,209,2,0
2026-03-02 03:45:00,1.17926,1.17932,1.17904,1.17919,116,2,0
2026-03-02 03:50:00,1.17919,1.17922,1.17905,1.17907,73,2,0
2026-03-02 03:55:00,1.17907,1.17908,1.17881,1.17886,114,2,0
2026-03-02 04:00:00,1.17886,1.17902,1.17885,1.17897,134,2,0
2026-03-02 04:05:00,1.17897,1.17897,1.17869,1.1787,68,2,0
2026-03-02 04:10:00,1.1787,1.17878,1.1787,1.17878,41,2,0
2026-03-02 04:15:00,1.17878,1.17888,1.1785,1.1785,117,2,0
2026-03-02 04:20:00,1.1785,1.17866,1.1783299999999999,1.17852,226,2,0
2026-03-02 04:25:00,1.17852,1.17872,1.17848,1.17868,90,2,0
2026-03-02 04:30:00,1.17868,1.17875,1.17858,1.17868,85,2,0
2026-03-02 04:35:00,1.17868,1.17876,1.17844,1.17846,170,2,0
2026-03-02 04:40:00,1.17846,1.1785700000000001,1.17827,1.1783299999999999,113,2,0
2026-03-02 04:45:00,1.1783299999999999,1.17837,1.17817,1.17834,90,2,0
2026-03-02 04:50:00,1.17834,1.17843,1.17824,1.17843,75,2,0
2026-03-02 04:55:00,1.17843,1.17864,1.17834,1.17863,93,2,0
2026-03-02 05:00:00,1.17863,1.17863,1.17814,1.17814,217,2,0
2026-03-02 05:05:00,1.17814,1.17815,1.17782,1.17788,217,2,0
2026-03-02 05:10:00,1.17788,1.17793,1.17755,1.17755,150,2,0
2026-03-02 05:15:00,1.17755,1.17763,1.17746,1.1776,109,2,0
2026-03-02 05:20:00,1.1776,1.17764,1.17741,1.17764,116,2,0
2026-03-02 05:25:00,1.17764,1.17771,1.1775,1.17754,130,2,0
2026-03-02 05:30:00,1.17754,1.17788,1.17754,1.17788,78,2,0
2026-03-02 05:35:00,1.17788,1.17792,1.17768,1.1777,141,2,0
2026-03-02 05:40:00,1.1777,1.1777,1.17734,1.17737,206,2,0
2026-03-02 05:45:00,1.17737,1.17738,1.17704,1.17706,201,2,0
2026-03-02 05:50:00,1.17706,1.17734,1.17706,1.17714,158,2,0
2026-03-02 05:55:00,1.17714,1.17716,1.1766,1.17661,182,2,0
2026-03-02 06:00:00,1.17661,1.17664,1.17564,1.1758,365,2,0
2026-03-02 06:05:00,1.1758,1.1761,1.1757900000000001,1.17597,292,2,0
2026-03-02 06:10:00,1.17597,1.17597,1.17531,1.17531,318,2,0
2026-03-02 06:15:00,1.17531,1.17546,1.17502,1.1752799999999999,326,2,0
2026-03-02 06:20:00,1.1752799999999999,1.17533,1.17409,1.17411,398,2,0
2026-03-02 06:25:00,1.17411,1.17443,1.17366,1.17408,405,2,0
2026-03-02 06:30:00,1.17408,1.17427,1.17375,1.17387,322,2,0
2026-03-02 06:35:00,1.17387,1.17429,1.17367,1.17368,438,2,0
2026-03-02 06:40:00,1.17368,1.17368,1.1731,1.17324,487,2,0
2026-03-02 06:45:00,1.17324,1.17389,1.17311,1.17388,436,2,0
2026-03-02 06:50:00,1.17388,1.17388,1.17313,1.17314,385,2,0
2026-03-02 06:55:00,1.17314,1.17333,1.17302,1.17322,290,2,0
2026-03-02 07:00:00,1.17322,1.17343,1.1724999999999999,1.17261,544,2,0
2026-03-02 07:05:00,1.17261,1.17272,1.17222,1.17233,510,2,0
2026-03-02 07:10:00,1.17234,1.17289,1.17227,1.17246,458,2,0
2026-03-02 07:15:00,1.17246,1.17275,1.17172,1.17192,595,2,0
2026-03-02 07:20:00,1.17192,1.17259,1.17158,1.17259,486,2,0
2026-03-02 07:25:00,1.17259,1.1727,1.17218,1.17227,310,2,0
2026-03-02 07:30:00,1.17227,1.17273,1.17197,1.17202,384,2,0
2026-03-02 07:35:00,1.17202,1.17243,1.17122,1.17166,484,2,0
2026-03-02 07:40:00,1.17166,1.17178,1.17124,1.17153,482,2,0
2026-03-02 07:45:00,1.17153,1.17153,1.17077,1.17077,512,2,0
2026-03-02 07:50:00,1.17077,1.17114,1.17033,1.17109,488,2,0
2026-03-02 07:55:00,1.17109,1.17169,1.17099,1.1716199999999999,466,2,0
2026-03-02 08:00:00,1.1716199999999999,1.17233,1.17154,1.17158,680,2,0
2026-03-02 08:05:00,1.17158,1.17165,1.17104,1.17145,582,2,0
2026-03-02 08:10:00,1.17145,1.17175,1.17115,1.17148,474,2,0
2026-03-02 08:15:00,1.17148,1.17161,1.1709,1.17104,521,2,0
2026-03-02 08:20:00,1.17104,1.17109,1.17035,1.17039,457,2,0
2026-03-02 08:25:00,1.17038,1.17063,1.17017,1.17021,399,2,0
2026-03-02 08:30:00,1.17021,1.1703999999999999,1.1698,1.17035,471,2,0
2026-03-02 08:35:00,1.17035,1.17044,1.16982,1.17011,440,2,0
2026-03-02 08:40:00,1.17012,1.17137,1.16993,1.17113,417,2,0
2026-03-02 08:45:00,1.17113,1.1718899999999999,1.17105,1.17174,361,2,0
2026-03-02 08:50:00,1.17174,1.17236,1.17173,1.17235,272,2,0
2026-03-02 08:55:00,1.17235,1.17237,1.1721300000000001,1.1722299999999999,280,2,0
2026-03-02 09:00:00,1.1722299999999999,1.17314,1.17212,1.17307,404,2,0
2026-03-02 09:05:00,1.17307,1.17373,1.17307,1.1734499999999999,440,2,0
2026-03-02 09:10:00,1.1734499999999999,1.17398,1.1734499999999999,1.1739600000000001,417,2,0
2026-03-02 09:15:00,1.1739600000000001,1.17437,1.17372,1.17413,277,2,0
2026-03-02 09:20:00,1.17413,1.17417,1.17364,1.17365,371,2,0
2026-03-02 09:25:00,1.17365,1.17389,1.17332,1.17371,273,2,0
2026-03-02 09:30:00,1.17371,1.17422,1.17364,1.17395,271,2,0
2026-03-02 09:35:00,1.17395,1.17411,1.1737,1.1737,282,2,0
2026-03-02 09:40:00,1.1737,1.17392,1.17338,1.17386,296,2,0
2026-03-02 09:45:00,1.17386,1.17395,1.17349,1.17387,375,2,0
2026-03-02 09:50:00,1.17387,1.17393,1.17313,1.17326,417,2,0
2026-03-02 09:55:00,1.17326,1.17355,1.1732,1.1733,324,2,0
2026-03-02 10:00:00,1.1733,1.17397,1.17329,1.17367,391,2,0
2026-03-02 10:05:00,1.17367,1.17372,1.17329,1.17355,269,2,0
2026-03-02 10:10:00,1.17355,1.17371,1.17329,1.17351,241,2,0
2026-03-02 10:15:00,1.17351,1.17438,1.1734499999999999,1.17434,237,2,0
2026-03-02 10:20:00,1.17434,1.17472,1.17426,1.17455,312,2,0
2026-03-02 10:25:00,1.17455,1.17466,1.1743999999999999,1.17453,238,2,0
2026-03-02 10:30:00,1.17453,1.17469,1.17435,1.17437,204,2,0
2026-03-02 10:35:00,1.17437,1.17452,1.174,1.17432,248,2,0
2026-03-02 10:40:00,1.17432,1.17456,1.17414,1.17454,280,2,0
2026-03-02 10:45:00,1.17454,1.17461,1.17392,1.17402,289,2,0
2026-03-02 10:50:00,1.17402,1.17402,1.17362,1.17373,273,2,0
2026-03-02 10:55:00,1.17373,1.17387,1.1735,1.17386,284,2,0
2026-03-02 11:00:00,1.17386,1.17399,1.17342,1.17352,263,2,0
2026-03-02 11:05:00,1.17352,1.17372,1.17321,1.17343,257,2,0
2026-03-02 11:10:00,1.17343,1.17344,1.17321,1.17339,203,2,0
2026-03-02 11:15:00,1.17339,1.17342,1.17286,1.17296,206,2,0
2026-03-02 11:20:00,1.17296,1.17301,1.1727,1.17298,232,2,0
2026-03-02 11:25:00,1.17298,1.17331,1.1727,1.17271,282,2,0
2026-03-02 11:30:00,1.17268,1.17303,1.17262,1.173,226,2,0
2026-03-02 11:35:00,1.173,1.17343,1.173,1.1733500000000001,230,2,0
2026-03-02 11:40:00,1.1733500000000001,1.17343,1.17317,1.17337,197,2,0
2026-03-02 11:45:00,1.17337,1.17411,1.17325,1.17402,239,2,0
2026-03-02 11:50:00,1.17402,1.17404,1.17353,1.17353,247,2,0
2026-03-02 11:55:00,1.17353,1.17365,1.17319,1.17333,334,2,0
2026-03-02 12:00:00,1.17333,1.17339,1.173,1.17327,394,2,0
2026-03-02 12:05:00,1.17327,1.17334,1.17266,1.17268,365,2,0
2026-03-02 12:10:00,1.17268,1.17283,1.1724700000000001,1.17252,332,2,0
2026-03-02 12:15:00,1.17253,1.17263,1.1718899999999999,1.17193,393,2,0
2026-03-02 12:20:00,1.17193,1.1722299999999999,1.17175,1.17208,431,2,0
2026-03-02 12:25:00,1.17208,1.17234,1.1719,1.17196,265,2,0
2026-03-02 12:30:00,1.17196,1.17204,1.17176,1.17197,307,2,0
2026-03-02 12:35:00,1.17197,1.17214,1.17166,1.17198,306,2,0
2026-03-02 12:40:00,1.17198,1.17208,1.1713,1.17137,351,2,0
2026-03-02 12:45:00,1.17137,1.17143,1.1705,1.17085,454,2,0
2026-03-02 12:50:00,1.17085,1.17089,1.17058,1.17063,399,2,0
2026-03-02 12:55:00,1.17063,1.17063,1.1702,1.17036,427,2,0
2026-03-02 13:00:00,1.17036,1.17099,1.17032,1.17033,530,2,0
2026-03-02 13:05:00,1.17033,1.1703999999999999,1.1696900000000001,1.16976,510,2,0
2026-03-02 13:10:00,1.16976,1.1706699999999999,1.1696900000000001,1.17054,600,2,0
2026-03-02 13:15:00,1.17054,1.17118,1.17054,1.17111,434,2,0
2026-03-02 13:20:00,1.17108,1.17134,1.17086,1.17122,611,2,0
2026-03-02 13:25:00,1.17122,1.17183,1.17117,1.17158,611,2,0
2026-03-02 13:30:00,1.17158,1.17159,1.17087,1.1709100000000001,417,2,0
2026-03-02 13:35:00,1.17093,1.17102,1.17019,1.17038,442,2,0
2026-03-02 13:40:00,1.17038,1.17064,1.17004,1.17022,401,2,0
2026-03-02 13:45:00,1.17022,1.1709100000000001,1.17018,1.17043,453,2,0
2026-03-02 13:50:00,1.17043,1.17046,1.16994,1.16997,404,2,0
2026-03-02 13:55:00,1.16997,1.17008,1.16953,1.16984,344,2,0
2026-03-02 14:00:00,1.16984,1.16994,1.16949,1.16973,551,2,0
2026-03-02 14:05:00,1.16973,1.17113,1.16973,1.17088,720,2,0
2026-03-02 14:10:00,1.17088,1.17088,1.17029,1.17032,467,2,0
2026-03-02 14:15:00,1.17032,1.17075,1.16986,1.1707,371,2,0
2026-03-02 14:20:00,1.1707,1.17098,1.17023,1.17046,488,2,0
2026-03-02 14:25:00,1.17046,1.17071,1.17031,1.17046,505,2,0
2026-03-02 14:30:00,1.17046,1.17157,1.17021,1.17154,817,2,0
2026-03-02 14:35:00,1.17154,1.17194,1.1714,1.17147,766,2,0
2026-03-02 14:40:00,1.17147,1.17193,1.17141,1.17173,670,2,0
2026-03-02 14:45:00,1.17173,1.17193,1.17151,1.17187,508,2,0
2026-03-02 14:50:00,1.17187,1.17238,1.17169,1.17197,714,2,0
2026-03-02 14:55:00,1.17197,1.17218,1.17139,1.17167,572,2,0
2026-03-02 15:00:00,1.17168,1.17168,1.17099,1.17161,923,2,0
2026-03-02 15:05:00,1.17161,1.17161,1.17084,1.17092,945,2,0
2026-03-02 15:10:00,1.1709100000000001,1.17119,1.17058,1.17061,774,2,0
2026-03-02 15:15:00,1.17061,1.17069,1.1703000000000001,1.17042,638,2,0
2026-03-02 15:20:00,1.17042,1.17056,1.1701,1.17037,657,2,0
2026-03-02 15:25:00,1.17037,1.17061,1.17016,1.1702,467,2,0
2026-03-02 15:30:00,1.1702,1.17054,1.17014,1.17039,480,2,0
2026-03-02 15:35:00,1.17038,1.17039,1.16922,1.16932,601,2,0
2026-03-02 15:40:00,1.16932,1.16985,1.16928,1.1696,496,2,0
2026-03-02 15:45:00,1.1696,1.16961,1.1688,1.16932,552,2,0
2026-03-02 15:50:00,1.16932,1.16932,1.16858,1.1688,607,2,0
2026-03-02 15:55:00,1.1688,1.16886,1.16797,1.168,720,2,0
2026-03-02 16:00:00,1.168,1.16809,1.16761,1.16791,590,2,0
2026-03-02 16:05:00,1.16791,1.168,1.16753,1.1676199999999999,529,2,0
2026-03-02 16:10:00,1.1676199999999999,1.16797,1.1675200000000001,1.16788,343,2,0
2026-03-02 16:15:00,1.16788,1.16795,1.16726,1.1673,417,2,0
2026-03-02 16:20:00,1.1673,1.1679599999999999,1.16717,1.16792,508,2,0
2026-03-02 16:25:00,1.16792,1.16833,1.16792,1.16817,403,2,0
2026-03-02 16:30:00,1.16817,1.1683,1.16743,1.16798,544,2,0
2026-03-02 16:35:00,1.16798,1.16833,1.16772,1.16792,588,2,0
2026-03-02 16:40:00,1.16792,1.16873,1.16792,1.16851,396,2,0
2026-03-02 16:45:00,1.16851,1.16878,1.16846,1.16867,391,2,0
2026-03-02 16:50:00,1.16867,1.16907,1.16866,1.16878,372,2,0
2026-03-02 16:55:00,1.16878,1.16942,1.16868,1.16895,458,2,0
2026-03-02 17:00:00,1.16895,1.16914,1.16866,1.16914,385,2,0
2026-03-02 17:05:00,1.16915,1.16957,1.1691,1.16949,273,2,0
2026-03-02 17:10:00,1.16949,1.16991,1.1694,1.16983,332,2,0
2026-03-02 17:15:00,1.16983,1.17001,1.16961,1.16981,235,2,0
2026-03-02 17:20:00,1.16981,1.17044,1.16981,1.17022,322,2,0
2026-03-02 17:25:00,1.17022,1.17023,1.16968,1.16989,418,2,0
2026-03-02 17:30:00,1.16989,1.16996,1.16956,1.16964,336,2,0
2026-03-02 17:35:00,1.16962,1.16977,1.16941,1.16957,226,2,0
2026-03-02 17:40:00,1.16957,1.16998,1.16957,1.16982,276,2,0
2026-03-02 17:45:00,1.16982,1.16982,1.16946,1.16971,252,2,0
2026-03-02 17:50:00,1.16971,1.17047,1.1697,1.17041,294,2,0
2026-03-02 17:55:00,1.17041,1.17078,1.1703000000000001,1.17071,221,2,0
2026-03-02 18:00:00,1.17071,1.17073,1.16983,1.16993,300,2,0
2026-03-02 18:05:00,1.16993,1.17001,1.16971,1.16994,185,2,0
2026-03-02 18:10:00,1.16994,1.17029,1.16978,1.17021,174,2,0
2026-03-02 18:15:00,1.17021,1.17028,1.16952,1.16975,252,2,0
2026-03-02 18:20:00,1.16975,1.16975,1.16934,1.1694,189,2,0
2026-03-02 18:25:00,1.1694,1.16947,1.1692,1.16932,185,2,0
2026-03-02 18:30:00,1.16932,1.16955,1.16916,1.16917,191,2,0
2026-03-02 18:35:00,1.16917,1.16924,1.16872,1.16878,233,2,0
2026-03-02 18:40:00,1.16878,1.16885,1.16868,1.16876,109,2,0
2026-03-02 18:45:00,1.16876,1.16938,1.16872,1.16937,173,2,0
2026-03-02 18:50:00,1.16937,1.16946,1.16916,1.16944,168,2,0
2026-03-02 18:55:00,1.16944,1.16958,1.16929,1.16944,190,2,0
2026-03-02 19:00:00,1.16944,1.16986,1.1694,1.16977,228,2,0
2026-03-02 19:05:00,1.16977,1.17008,1.16965,1.17007,246,2,0
2026-03-02 19:10:00,1.17007,1.17026,1.1700599999999999,1.1702,228,2,0
2026-03-02 19:15:00,1.1702,1.17029,1.17013,1.17027,185,2,0
2026-03-02 19:20:00,1.17027,1.17048,1.17022,1.17045,137,2,0
2026-03-02 19:25:00,1.17045,1.17085,1.17045,1.17084,278,2,0
2026-03-02 19:30:00,1.17084,1.17112,1.17066,1.17108,256,2,0
2026-03-02 19:35:00,1.17108,1.1712500000000001,1.17093,1.17095,222,2,0
2026-03-02 19:40:00,1.17095,1.1712799999999999,1.17085,1.17108,230,2,0
2026-03-02 19:45:00,1.17108,1.17131,1.17094,1.1712500000000001,218,2,0
2026-03-02 19:50:00,1.1712500000000001,1.17134,1.1710099999999999,1.17117,188,2,0
2026-03-02 19:55:00,1.17117,1.17132,1.1711,1.17111,178,2,0
2026-03-02 20:00:00,1.17111,1.1713,1.17073,1.1708,200,2,0
2026-03-02 20:05:00,1.1708,1.17082,1.1688,1.1690800000000001,797,2,0
2026-03-02 20:10:00,1.1690800000000001,1.16916,1.16793,1.168,991,2,0
2026-03-02 20:15:00,1.168,1.16898,1.16784,1.16863,953,2,0
2026-03-02 20:20:00,1.16862,1.16881,1.16805,1.16853,655,2,0
2026-03-02 20:25:00,1.16853,1.1687,1.16802,1.1681,378,2,0
2026-03-02 20:30:00,1.1681,1.16856,1.16788,1.16836,452,2,0
2026-03-02 20:35:00,1.16836,1.16911,1.16827,1.16905,300,2,0
2026-03-02 20:40:00,1.16905,1.16923,1.16895,1.1691799999999999,250,2,0
2026-03-02 20:45:00,1.1691799999999999,1.16928,1.16858,1.1687,270,2,0
2026-03-02 20:50:00,1.16869,1.16912,1.16863,1.16903,325,2,0
2026-03-02 20:55:00,1.16898,1.16925,1.16894,1.169,292,2,0
2026-03-02 21:00:00,1.169,1.16925,1.1689,1.16916,159,2,0
2026-03-02 21:05:00,1.16916,1.16946,1.16915,1.16921,106,2,0
2026-03-02 21:10:00,1.16921,1.16924,1.16903,1.16921,88,2,0
2026-03-02 21:15:00,1.16921,1.16938,1.1692,1.16924,112,2,0
2026-03-02 21:20:00,1.16924,1.16951,1.16913,1.16946,74,2,0
2026-03-02 21:25:00,1.16946,1.16951,1.1693500000000001,1.16939,52,2,0
2026-03-02 21:30:00,1.16939,1.16939,1.16907,1.16907,95,2,0
2026-03-02 21:35:00,1.16907,1.16928,1.16907,1.16913,62,2,0
2026-03-02 21:40:00,1.16913,1.1692,1.16906,1.1692,39,2,0
2026-03-02 21:45:00,1.1692,1.16925,1.16898,1.16906,122,2,0
2026-03-02 21:50:00,1.16906,1.16909,1.169,1.16906,68,2,0
2026-03-02 21:55:00,1.16906,1.16906,1.16862,1.16866,121,2,0
2026-03-02 22:00:00,1.16821,1.16838,1.16799,1.16834,28,61,0
2026-03-02 22:05:00,1.16832,1.16838,1.16829,1.16829,9,71,0
2026-03-02 22:10:00,1.16829,1.16831,1.16819,1.16831,30,61,0
2026-03-02 22:15:00,1.16831,1.1684700000000001,1.16831,1.16845,30,77,0
2026-03-02 22:20:00,1.16845,1.16861,1.16845,1.1684700000000001,16,83,0
2026-03-02 22:25:00,1.1684700000000001,1.16858,1.16824,1.16858,32,75,0
2026-03-02 22:30:00,1.16858,1.16858,1.16826,1.16836,75,75,0
2026-03-02 22:35:00,1.16836,1.16883,1.16831,1.1688,26,62,0
2026-03-02 22:40:00,1.1688,1.16891,1.16867,1.16867,26,60,0
2026-03-02 22:45:00,1.16867,1.16867,1.16827,1.16834,25,67,0
2026-03-02 22:50:00,1.16834,1.16844,1.16825,1.16841,20,72,0
2026-03-02 22:55:00,1.16841,1.16867,1.16832,1.1685699999999999,10,26,0
2026-03-02 23:00:00,1.1685699999999999,1.16912,1.1685699999999999,1.16907,129,4,0
2026-03-02 23:05:00,1.16907,1.16936,1.16907,1.16932,67,4,0
2026-03-02 23:10:00,1.16932,1.1695,1.16927,1.16946,56,3,0
2026-03-02 23:15:00,1.16947,1.1697,1.16947,1.16968,57,2,0
2026-03-02 23:20:00,1.16968,1.16977,1.16965,1.16977,51,2,0
2026-03-02 23:25:00,1.16977,1.1698,1.16967,1.16967,38,2,0
2026-03-02 23:30:00,1.16967,1.16973,1.16957,1.1697,102,2,0
2026-03-02 23:35:00,1.1697,1.16977,1.16959,1.16959,80,2,0
2026-03-02 23:40:00,1.16959,1.16972,1.16958,1.16966,89,2,0
2026-03-02 23:45:00,1.16966,1.16973,1.16957,1.16972,65,2,0
2026-03-02 23:50:00,1.16972,1.1698,1.16961,1.16967,56,2,0
2026-03-02 23:55:00,1.16967,1.16967,1.16942,1.1694499999999999,83,2,0
2026-03-03 00:00:00,1.1694499999999999,1.16947,1.16891,1.16904,238,2,0
2026-03-03 00:05:00,1.16904,1.16912,1.16887,1.16912,121,2,0
2026-03-03 00:10:00,1.16912,1.16934,1.16896,1.169,108,2,0
2026-03-03 00:15:00,1.169,1.16903,1.16882,1.16903,137,2,0
2026-03-03 00:20:00,1.16903,1.16926,1.16899,1.16922,104,2,0
2026-03-03 00:25:00,1.16922,1.16922,1.16903,1.16913,104,2,0
2026-03-03 00:30:00,1.16913,1.16917,1.16901,1.16904,78,2,0
2026-03-03 00:35:00,1.16904,1.16904,1.16863,1.16866,111,2,0
2026-03-03 00:40:00,1.16866,1.16903,1.16866,1.16903,129,2,0
2026-03-03 00:45:00,1.16903,1.16943,1.16903,1.16939,95,2,0
2026-03-03 00:50:00,1.16939,1.1694499999999999,1.16919,1.16924,162,2,0
2026-03-03 00:55:00,1.16923,1.16956,1.16911,1.16952,232,2,0
2026-03-03 01:00:00,1.16952,1.16966,1.16923,1.16966,247,2,0
2026-03-03 01:05:00,1.16966,1.16971,1.16946,1.1696,200,2,0
2026-03-03 01:10:00,1.1696,1.1696900000000001,1.1695,1.16967,121,2,0
2026-03-03 01:15:00,1.16967,1.17001,1.16957,1.16995,268,2,0
2026-03-03 01:20:00,1.16995,1.17064,1.16993,1.17059,302,2,0
2026-03-03 01:25:00,1.17059,1.17068,1.17027,1.17028,269,2,0
2026-03-03 01:30:00,1.17028,1.17057,1.17012,1.17043,301,2,0
2026-03-03 01:35:00,1.17043,1.17066,1.17037,1.17046,233,2,0
2026-03-03 01:40:00,1.17046,1.17047,1.17001,1.17003,234,2,0
2026-03-03 01:45:00,1.17003,1.17028,1.16994,1.16999,319,2,0
2026-03-03 01:50:00,1.16999,1.17016,1.1699,1.16993,358,2,0
2026-03-03 01:55:00,1.16992,1.16995,1.16966,1.16968,290,2,0
2026-03-03 02:00:00,1.16968,1.16968,1.16901,1.16956,405,2,0
2026-03-03 02:05:00,1.16956,1.16959,1.16929,1.16931,298,2,0
2026-03-03 02:10:00,1.16931,1.1694,1.16896,1.16913,287,2,0
2026-03-03 02:15:00,1.16913,1.16922,1.1687,1.16881,294,2,0
2026-03-03 02:20:00,1.16881,1.16909,1.16858,1.16909,297,2,0
2026-03-03 02:25:00,1.16909,1.16953,1.16902,1.16943,264,2,0
2026-03-03 02:30:00,1.16943,1.16977,1.16923,1.1697,245,2,0
2026-03-03 02:35:00,1.1697,1.16986,1.16954,1.1696900000000001,254,2,0
2026-03-03 02:40:00,1.1696900000000001,1.1699,1.16951,1.16951,280,2,0
2026-03-03 02:45:00,1.16951,1.16966,1.16939,1.16951,187,2,0
2026-03-03 02:50:00,1.16951,1.16962,1.16938,1.16959,170,2,0
2026-03-03 02:55:00,1.16958,1.16966,1.1693500000000001,1.16943,146,2,0
2026-03-03 03:00:00,1.16943,1.16975,1.16943,1.16957,139,2,0
2026-03-03 03:05:00,1.16957,1.16959,1.16927,1.16928,102,2,0
2026-03-03 03:10:00,1.16928,1.16936,1.169,1.16907,145,2,0
2026-03-03 03:15:00,1.16907,1.1693,1.16905,1.16917,94,2,0
2026-03-03 03:20:00,1.16917,1.16917,1.1688,1.16886,111,2,0
2026-03-03 03:25:00,1.16886,1.16889,1.16867,1.1687,126,2,0
2026-03-03 03:30:00,1.1687,1.16905,1.16863,1.169,166,2,0
2026-03-03 03:35:00,1.169,1.16928,1.16897,1.16925,115,2,0
2026-03-03 03:40:00,1.16925,1.16937,1.1692,1.16932,111,2,0
2026-03-03 03:45:00,1.16932,1.16938,1.16912,1.16913,122,2,0
2026-03-03 03:50:00,1.16913,1.16913,1.16895,1.16907,117,2,0
2026-03-03 03:55:00,1.16907,1.1692,1.16901,1.16903,130,2,0
2026-03-03 04:00:00,1.16903,1.16923,1.16901,1.16922,118,2,0
2026-03-03 04:05:00,1.16922,1.1693500000000001,1.16911,1.1692,124,2,0
2026-03-03 04:10:00,1.1692,1.16922,1.16881,1.16889,141,2,0
2026-03-03 04:15:00,1.16889,1.16905,1.16875,1.16903,148,2,0
2026-03-03 04:20:00,1.16903,1.1693,1.16903,1.16915,166,2,0
2026-03-03 04:25:00,1.16915,1.16927,1.16899,1.16902,100,2,0
2026-03-03 04:30:00,1.16902,1.16914,1.1689,1.16891,120,2,0
2026-03-03 04:35:00,1.16891,1.16896,1.16865,1.16869,120,2,0
2026-03-03 04:40:00,1.16869,1.1688,1.16861,1.16863,106,2,0
2026-03-03 04:45:00,1.16863,1.16867,1.16816,1.16818,180,2,0
2026-03-03 04:50:00,1.16818,1.16822,1.16801,1.16816,191,2,0
2026-03-03 04:55:00,1.16816,1.16827,1.16791,1.1681,194,2,0
2026-03-03 05:00:00,1.1681,1.16848,1.16795,1.16816,270,2,0
2026-03-03 05:05:00,1.16816,1.16848,1.168,1.16842,156,2,0
2026-03-03 05:10:00,1.16842,1.1684700000000001,1.16788,1.16793,221,2,0
2026-03-03 05:15:00,1.16793,1.16804,1.16756,1.16797,303,2,0
2026-03-03 05:20:00,1.16797,1.1682,1.1679599999999999,1.16805,191,2,0
2026-03-03 05:25:00,1.16805,1.16818,1.16778,1.16802,189,2,0
2026-03-03 05:30:00,1.16802,1.16814,1.16745,1.16747,249,2,0
2026-03-03 05:35:00,1.16746,1.1675200000000001,1.1670099999999999,1.16702,371,2,0
2026-03-03 05:40:00,1.16702,1.16703,1.16668,1.16693,469,2,0
2026-03-03 05:45:00,1.16693,1.16702,1.16651,1.16678,344,2,0
2026-03-03 05:50:00,1.16678,1.16702,1.16654,1.1666400000000001,385,2,0
2026-03-03 05:55:00,1.1666400000000001,1.16686,1.16649,1.16665,337,2,0
2026-03-03 06:00:00,1.16665,1.16676,1.16626,1.16631,368,2,0
2026-03-03 06:05:00,1.16631,1.16671,1.1662,1.1667,392,2,0
2026-03-03 06:10:00,1.1667,1.16673,1.16637,1.16652,320,2,0
2026-03-03 06:15:00,1.16652,1.16665,1.16646,1.16652,244,2,0
2026-03-03 06:20:00,1.16652,1.16682,1.1665,1.1667399999999999,275,2,0
2026-03-03 06:25:00,1.1667399999999999,1.16704,1.16656,1.16683,334,2,0
2026-03-03 06:30:00,1.16682,1.16692,1.16639,1.16639,256,2,0
2026-03-03 06:35:00,1.16639,1.1666,1.16619,1.1666,407,2,0
2026-03-03 06:40:00,1.1666,1.1668,1.16654,1.16657,208,2,0
2026-03-03 06:45:00,1.16657,1.16665,1.16639,1.16655,247,2,0
2026-03-03 06:50:00,1.16655,1.16704,1.16655,1.16699,218,2,0
2026-03-03 06:55:00,1.16699,1.16715,1.16687,1.1669,180,2,0
2026-03-03 07:00:00,1.1669,1.1669100000000001,1.16609,1.16648,369,2,0
2026-03-03 07:05:00,1.16648,1.16663,1.1659,1.16601,390,2,0
2026-03-03 07:10:00,1.16601,1.16633,1.16581,1.16622,266,2,0
2026-03-03 07:15:00,1.16622,1.16679,1.16615,1.16673,272,2,0
2026-03-03 07:20:00,1.16673,1.16684,1.16617,1.16622,285,2,0
2026-03-03 07:25:00,1.16622,1.1663000000000001,1.1655,1.16572,339,2,0
2026-03-03 07:30:00,1.16572,1.16574,1.1653,1.16534,473,2,0
2026-03-03 07:35:00,1.16534,1.16547,1.16507,1.16515,359,2,0
2026-03-03 07:40:00,1.16515,1.16527,1.16451,1.16525,477,2,0
2026-03-03 07:45:00,1.1653,1.16573,1.16486,1.16486,377,2,0
2026-03-03 07:50:00,1.16486,1.16505,1.1645,1.16495,473,2,0
2026-03-03 07:55:00,1.16495,1.16512,1.16425,1.16437,516,2,0
2026-03-03 08:00:00,1.16437,1.1645699999999999,1.16408,1.16409,650,2,0
2026-03-03 08:05:00,1.16409,1.1646,1.16378,1.16442,603,2,0
2026-03-03 08:10:00,1.16442,1.1645,1.16321,1.1633,572,2,0
2026-03-03 08:15:00,1.1633,1.16366,1.16296,1.16345,538,2,0
2026-03-03 08:20:00,1.16346,1.16373,1.16308,1.16308,536,2,0
2026-03-03 08:25:00,1.16308,1.16348,1.16291,1.16293,545,2,0
2026-03-03 08:30:00,1.16293,1.16383,1.1629,1.16303,600,2,0
2026-03-03 08:35:00,1.16303,1.16331,1.16256,1.16268,564,2,0
2026-03-03 08:40:00,1.16268,1.16288,1.16212,1.16235,619,2,0
2026-03-03 08:45:00,1.16235,1.16278,1.16184,1.16185,672,2,0
2026-03-03 08:50:00,1.16185,1.16255,1.16177,1.1623999999999999,729,2,0
2026-03-03 08:55:00,1.1623999999999999,1.16243,1.16207,1.16228,484,2,0
2026-03-03 09:00:00,1.16228,1.16288,1.16223,1.16248,699,2,0
2026-03-03 09:05:00,1.16247,1.16287,1.16197,1.16279,650,2,0
2026-03-03 09:10:00,1.16273,1.1629,1.16232,1.16284,605,2,0
2026-03-03 09:15:00,1.16284,1.16286,1.1621299999999999,1.16238,559,2,0
2026-03-03 09:20:00,1.16238,1.16248,1.16117,1.16175,652,2,0
2026-03-03 09:25:00,1.16175,1.16183,1.16131,1.16158,616,2,0
2026-03-03 09:30:00,1.16158,1.1617,1.16101,1.16101,575,2,0
2026-03-03 09:35:00,1.16101,1.16143,1.16064,1.16136,603,2,0
2026-03-03 09:40:00,1.16136,1.16147,1.16058,1.16062,509,2,0
2026-03-03 09:45:00,1.16062,1.16071,1.16,1.16007,596,2,0
2026-03-03 09:50:00,1.16007,1.16036,1.15984,1.16032,741,2,0
2026-03-03 09:55:00,1.16032,1.16085,1.16009,1.16051,553,2,0
2026-03-03 10:00:00,1.16052,1.16127,1.16037,1.16117,471,2,0
2026-03-03 10:05:00,1.16117,1.16124,1.16027,1.16032,418,2,0
2026-03-03 10:10:00,1.16032,1.16041,1.16,1.16016,439,2,0
2026-03-03 10:15:00,1.16016,1.16039,1.15995,1.16009,521,2,0
2026-03-03 10:20:00,1.16009,1.16088,1.16008,1.16049,416,2,0
2026-03-03 10:25:00,1.16049,1.16063,1.16011,1.16022,359,2,0
2026-03-03 10:30:00,1.16022,1.16043,1.16007,1.16026,362,2,0
2026-03-03 10:35:00,1.16026,1.16033,1.1589,1.15926,531,2,0
2026-03-03 10:40:00,1.15926,1.15998,1.15926,1.15988,505,2,0
2026-03-03 10:45:00,1.15988,1.1604700000000001,1.15966,1.16043,463,2,0
2026-03-03 10:50:00,1.16043,1.16043,1.15988,1.16018,500,2,0
2026-03-03 10:55:00,1.16018,1.16018,1.1590799999999999,1.15918,479,2,0
2026-03-03 11:00:00,1.15918,1.15955,1.1589,1.15943,592,2,0
2026-03-03 11:05:00,1.15943,1.15999,1.15865,1.15877,517,2,0
2026-03-03 11:10:00,1.15877,1.15883,1.15851,1.15867,431,2,0
2026-03-03 11:15:00,1.15867,1.1588,1.1582,1.15823,571,2,0
2026-03-03 11:20:00,1.15823,1.15902,1.15819,1.15883,547,2,0
2026-03-03 11:25:00,1.15883,1.15919,1.1583,1.15832,605,2,0
2026-03-03 11:30:00,1.15833,1.15865,1.15829,1.15831,520,2,0
2026-03-03 11:35:00,1.15831,1.15936,1.15828,1.15933,513,2,0
2026-03-03 11:40:00,1.15933,1.15965,1.15918,1.15943,499,2,0
2026-03-03 11:45:00,1.15943,1.16018,1.15942,1.16005,583,2,0
2026-03-03 11:50:00,1.16005,1.16035,1.16,1.16018,465,2,0
2026-03-03 11:55:00,1.16018,1.16019,1.15943,1.15973,465,2,0
2026-03-03 12:00:00,1.15973,1.15975,1.15902,1.15912,462,2,0
2026-03-03 12:05:00,1.15912,1.16001,1.159,1.15994,516,2,0
2026-03-03 12:10:00,1.15994,1.16034,1.15988,1.15991,476,2,0
2026-03-03 12:15:00,1.15991,1.16038,1.15953,1.1602999999999999,495,2,0
2026-03-03 12:20:00,1.1602999999999999,1.16123,1.16027,1.16064,610,2,0
2026-03-03 12:25:00,1.16064,1.16101,1.16031,1.16031,457,2,0
2026-03-03 12:30:00,1.16031,1.16088,1.16028,1.16049,364,2,0
2026-03-03 12:35:00,1.16049,1.16104,1.16029,1.16088,397,2,0
2026-03-03 12:40:00,1.16088,1.16094,1.16053,1.16074,336,2,0
2026-03-03 12:45:00,1.16074,1.1610800000000001,1.16058,1.16094,348,2,0
2026-03-03 12:50:00,1.16094,1.16112,1.16055,1.16094,525,2,0
2026-03-03 12:55:00,1.16094,1.16153,1.16073,1.16128,571,2,0
2026-03-03 13:00:00,1.16128,1.1615,1.1604700000000001,1.1604700000000001,783,2,0
2026-03-03 13:05:00,1.1604700000000001,1.16104,1.16037,1.16063,540,2,0
2026-03-03 13:10:00,1.16063,1.16087,1.16033,1.1604,560,2,0
2026-03-03 13:15:00,1.1604,1.16041,1.15995,1.16018,457,2,0
2026-03-03 13:20:00,1.16016,1.16027,1.15989,1.16019,392,2,0
2026-03-03 13:25:00,1.16019,1.16029,1.1599,1.16004,402,2,0
2026-03-03 13:30:00,1.16004,1.16052,1.15987,1.15999,530,2,0
2026-03-03 13:35:00,1.15999,1.16013,1.1596899999999999,1.16008,500,2,0
2026-03-03 13:40:00,1.16008,1.16021,1.15952,1.15993,361,2,0
2026-03-03 13:45:00,1.15993,1.16024,1.15972,1.16016,378,2,0
2026-03-03 13:50:00,1.16016,1.16041,1.15927,1.15943,533,2,0
2026-03-03 13:55:00,1.15942,1.15972,1.159,1.15905,468,2,0
2026-03-03 14:00:00,1.15905,1.15978,1.15903,1.15955,613,2,0
2026-03-03 14:05:00,1.15955,1.15994,1.1591,1.1591,465,2,0
2026-03-03 14:10:00,1.1591,1.15919,1.1583700000000001,1.15849,534,2,0
2026-03-03 14:15:00,1.15849,1.15857,1.15808,1.15828,592,2,0
2026-03-03 14:20:00,1.15828,1.15848,1.1574200000000001,1.1574200000000001,492,2,0
2026-03-03 14:25:00,1.1574200000000001,1.15779,1.15672,1.15754,881,2,0
2026-03-03 14:30:00,1.15754,1.15854,1.15747,1.15802,901,2,0
2026-03-03 14:35:00,1.15802,1.15828,1.15758,1.15809,820,2,0
2026-03-03 14:40:00,1.15809,1.15814,1.15696,1.15716,817,2,0
2026-03-03 14:45:00,1.15716,1.15781,1.1569099999999999,1.1574,771,2,0
2026-03-03 14:50:00,1.1574,1.1579,1.15714,1.15758,903,2,0
2026-03-03 14:55:00,1.15758,1.15758,1.15648,1.15673,794,2,0
2026-03-03 15:00:00,1.15674,1.15731,1.1562999999999999,1.15631,1131,2,0
2026-03-03 15:05:00,1.1562999999999999,1.15672,1.15525,1.15528,1258,2,0
2026-03-03 15:10:00,1.15529,1.1557,1.15432,1.15489,1324,2,0
2026-03-03 15:15:00,1.1549,1.1549800000000001,1.15322,1.15337,1244,2,0
2026-03-03 15:20:00,1.15337,1.15497,1.15302,1.15489,1257,2,0
2026-03-03 15:25:00,1.15489,1.1556,1.15476,1.15523,1153,2,0
2026-03-03 15:30:00,1.15521,1.15685,1.15513,1.15669,1247,2,0
2026-03-03 15:35:00,1.15669,1.15758,1.15645,1.1575,1096,2,0
2026-03-03 15:40:00,1.1575,1.1585,1.15713,1.15746,1311,2,0
2026-03-03 15:45:00,1.15746,1.1580300000000001,1.1573,1.1577,1094,2,0
2026-03-03 15:50:00,1.15773,1.1578,1.15704,1.15771,1137,2,0
2026-03-03 15:55:00,1.15771,1.15778,1.15723,1.15728,932,2,0
2026-03-03 16:00:00,1.15728,1.15807,1.15692,1.15797,932,2,0
2026-03-03 16:05:00,1.15798,1.15861,1.15785,1.15807,849,2,0
2026-03-03 16:10:00,1.15806,1.15905,1.15794,1.15893,843,2,0
2026-03-03 16:15:00,1.15893,1.1593,1.15876,1.15879,804,2,0
2026-03-03 16:20:00,1.15879,1.15958,1.1585,1.15958,730,2,0
2026-03-03 16:25:00,1.15956,1.15956,1.15869,1.15869,668,2,0
2026-03-03 16:30:00,1.15869,1.15885,1.15791,1.15818,897,2,0
2026-03-03 16:35:00,1.15816,1.159,1.15816,1.15879,919,2,0
2026-03-03 16:40:00,1.15879,1.15928,1.15791,1.15918,1194,2,0
2026-03-03 16:45:00,1.15918,1.16043,1.1591,1.1601,1219,2,0
2026-03-03 16:50:00,1.1601,1.16028,1.15981,1.16024,872,2,0
2026-03-03 16:55:00,1.16024,1.1606,1.16005,1.1602999999999999,886,2,0
2026-03-03 17:00:00,1.1602999999999999,1.16035,1.15942,1.15954,1061,2,0
2026-03-03 17:05:00,1.15954,1.15981,1.15929,1.15929,670,2,0
2026-03-03 17:10:00,1.15928,1.15933,1.15885,1.1591,576,2,0
2026-03-03 17:15:00,1.1591,1.1592500000000001,1.15867,1.15905,548,2,0
2026-03-03 17:20:00,1.15905,1.1595900000000001,1.15878,1.15896,509,2,0
2026-03-03 17:25:00,1.1589800000000001,1.15991,1.15894,1.15975,654,2,0
2026-03-03 17:30:00,1.15975,1.15985,1.15884,1.15914,626,2,0
2026-03-03 17:35:00,1.15914,1.15928,1.1589,1.1591,614,2,0
2026-03-03 17:40:00,1.1591,1.1594,1.15884,1.15938,615,2,0
2026-03-03 17:45:00,1.15938,1.16024,1.15937,1.16023,553,2,0
2026-03-03 17:50:00,1.16023,1.16029,1.15919,1.15924,502,2,0
2026-03-03 17:55:00,1.15924,1.15924,1.15886,1.15904,389,2,0
2026-03-03 18:00:00,1.15904,1.15985,1.15899,1.15974,514,2,0
2026-03-03 18:05:00,1.15974,1.16066,1.1596899999999999,1.16048,532,2,0
2026-03-03 18:10:00,1.16048,1.1606,1.16004,1.16032,366,2,0
2026-03-03 18:15:00,1.16032,1.16053,1.16022,1.16048,332,2,0
2026-03-03 18:20:00,1.16048,1.16063,1.1601,1.16053,321,2,0
2026-03-03 18:25:00,1.16053,1.16079,1.16027,1.16046,328,2,0
2026-03-03 18:30:00,1.16046,1.16124,1.16035,1.16077,391,2,0
2026-03-03 18:35:00,1.16077,1.16184,1.16069,1.16181,664,2,0
2026-03-03 18:40:00,1.16181,1.16222,1.16154,1.16173,609,2,0
2026-03-03 18:45:00,1.16173,1.16204,1.16155,1.16199,342,2,0
2026-03-03 18:50:00,1.16199,1.16207,1.16139,1.16153,373,2,0
2026-03-03 18:55:00,1.16153,1.16176,1.16128,1.16156,354,2,0
2026-03-03 19:00:00,1.16156,1.16186,1.1614200000000001,1.16144,321,2,0
2026-03-03 19:05:00,1.16144,1.16147,1.16064,1.16073,426,2,0
2026-03-03 19:10:00,1.16073,1.161,1.16053,1.1609,326,2,0
2026-03-03 19:15:00,1.1609,1.16103,1.16039,1.16069,293,2,0
2026-03-03 19:20:00,1.16069,1.16093,1.16056,1.16058,304,2,0
2026-03-03 19:25:00,1.16058,1.16067,1.16019,1.16029,284,2,0
2026-03-03 19:30:00,1.16029,1.16042,1.1601,1.16018,372,2,0
2026-03-03 19:35:00,1.16018,1.16173,1.15998,1.16157,1098,2,0
2026-03-03 19:40:00,1.16157,1.16257,1.16157,1.16218,1060,2,0
2026-03-03 19:45:00,1.16218,1.16244,1.1615199999999999,1.16185,750,2,0
2026-03-03 19:50:00,1.16185,1.16235,1.16168,1.16183,665,2,0
2026-03-03 19:55:00,1.16183,1.1619,1.1611799999999999,1.16125,601,2,0
2026-03-03 20:00:00,1.16125,1.1616,1.16111,1.16136,597,2,0
2026-03-03 20:05:00,1.16136,1.16191,1.16133,1.1618,433,2,0
2026-03-03 20:10:00,1.1618,1.1622,1.16175,1.16198,419,2,0
2026-03-03 20:15:00,1.16198,1.16215,1.16156,1.1621,391,2,0
2026-03-03 20:20:00,1.1621,1.16232,1.16207,1.16229,332,2,0
2026-03-03 20:25:00,1.16229,1.1623999999999999,1.16208,1.16218,330,2,0
2026-03-03 20:30:00,1.16217,1.16244,1.162,1.16205,336,2,0
2026-03-03 20:35:00,1.16205,1.16233,1.16199,1.16205,308,2,0
2026-03-03 20:40:00,1.16205,1.16214,1.16167,1.16192,293,2,0
2026-03-03 20:45:00,1.16192,1.16201,1.16138,1.16147,281,2,0
2026-03-03 20:50:00,1.16147,1.16184,1.16133,1.16181,397,2,0
2026-03-03 20:55:00,1.16181,1.16186,1.16164,1.16175,287,2,0
2026-03-03 21:00:00,1.16174,1.16177,1.16145,1.16163,203,2,0
2026-03-03 21:05:00,1.16163,1.16183,1.16158,1.16161,153,2,0
2026-03-03 21:10:00,1.16161,1.16164,1.16135,1.16143,131,2,0
2026-03-03 21:15:00,1.16143,1.16143,1.1612,1.16121,77,2,0
2026-03-03 21:20:00,1.16121,1.1614,1.16121,1.1614,69,2,0
2026-03-03 21:25:00,1.1614,1.16155,1.16133,1.16143,55,2,0
2026-03-03 21:30:00,1.16143,1.16153,1.16139,1.16145,76,2,0
2026-03-03 21:35:00,1.16145,1.16145,1.16127,1.1613,67,2,0
2026-03-03 21:40:00,1.1613,1.1614,1.16124,1.1613,77,2,0
2026-03-03 21:45:00,1.1613,1.16133,1.16096,1.16102,179,2,0
2026-03-03 21:50:00,1.16102,1.16113,1.16099,1.1611,65,3,0
2026-03-03 21:55:00,1.16109,1.16137,1.16092,1.16099,229,2,0
2026-03-03 22:00:00,1.16089,1.16089,1.16037,1.16072,11,130,0
2026-03-03 22:05:00,1.16072,1.16122,1.16013,1.16122,17,77,0
2026-03-03 22:10:00,1.16122,1.16123,1.16072,1.16073,39,66,0
2026-03-03 22:15:00,1.16073,1.16093,1.16067,1.16085,38,76,0
2026-03-03 22:20:00,1.16085,1.16128,1.16084,1.16121,22,66,0
2026-03-03 22:25:00,1.16121,1.16125,1.16098,1.16099,20,63,0
2026-03-03 22:30:00,1.16099,1.161,1.1608,1.16084,43,62,0
2026-03-03 22:35:00,1.16084,1.16085,1.1608,1.1608,68,61,0
2026-03-03 22:40:00,1.1608,1.16094,1.1608,1.16087,40,56,0
2026-03-03 22:45:00,1.16087,1.16088,1.16082,1.16082,9,60,0
2026-03-03 22:50:00,1.16082,1.16095,1.1608100000000001,1.1609099999999999,56,63,0
2026-03-03 22:55:00,1.1609099999999999,1.16109,1.16088,1.16109,43,39,0
2026-03-03 23:00:00,1.16109,1.16128,1.16099,1.16103,141,2,0
2026-03-03 23:05:00,1.16103,1.1615199999999999,1.16103,1.16149,81,3,0
2026-03-03 23:10:00,1.16149,1.16192,1.16148,1.16189,135,2,0
2026-03-03 23:15:00,1.16191,1.1620300000000001,1.16186,1.16188,123,2,0
2026-03-03 23:20:00,1.1619,1.16192,1.16156,1.16159,132,2,0
2026-03-03 23:25:00,1.16159,1.16173,1.16154,1.16165,79,2,0
2026-03-03 23:30:00,1.16165,1.1616900000000001,1.16148,1.16148,108,2,0
2026-03-03 23:35:00,1.16148,1.16161,1.1614,1.1614,72,2,0
2026-03-03 23:40:00,1.1614,1.16141,1.16121,1.16126,53,2,0
2026-03-03 23:45:00,1.16125,1.16125,1.16097,1.1610800000000001,109,2,0
2026-03-03 23:50:00,1.1610800000000001,1.16117,1.16088,1.16115,135,2,0
2026-03-03 23:55:00,1.16115,1.16127,1.16105,1.16107,92,2,0
2026-03-04 00:00:00,1.16107,1.1611,1.1604700000000001,1.16058,300,2,0
2026-03-04 00:05:00,1.16058,1.16069,1.16028,1.16039,311,2,0
2026-03-04 00:10:00,1.1604,1.16078,1.16028,1.16062,343,2,0
2026-03-04 00:15:00,1.16062,1.16103,1.16015,1.16094,404,2,0
2026-03-04 00:20:00,1.16094,1.16098,1.16027,1.1604700000000001,397,2,0
2026-03-04 00:25:00,1.1604700000000001,1.16082,1.16021,1.16043,285,2,0
2026-03-04 00:30:00,1.16043,1.16079,1.16014,1.16016,478,2,0
2026-03-04 00:35:00,1.16016,1.16018,1.1596899999999999,1.1597,375,2,0
2026-03-04 00:40:00,1.1597,1.15979,1.15942,1.15942,301,2,0
2026-03-04 00:45:00,1.15942,1.15955,1.15929,1.15942,306,2,0
2026-03-04 00:50:00,1.15942,1.15966,1.15929,1.15936,263,2,0
2026-03-04 00:55:00,1.15936,1.15945,1.1592,1.15928,271,2,0
2026-03-04 01:00:00,1.15928,1.15975,1.15922,1.15938,485,2,0
2026-03-04 01:05:00,1.15938,1.15939,1.15899,1.15903,306,2,0
2026-03-04 01:10:00,1.15903,1.15939,1.15899,1.15933,244,2,0
2026-03-04 01:15:00,1.15933,1.15933,1.1585,1.15852,413,2,0
2026-03-04 01:20:00,1.15852,1.1586,1.15784,1.15785,514,2,0
2026-03-04 01:25:00,1.15786,1.15816,1.15745,1.15807,417,2,0
2026-03-04 01:30:00,1.15804,1.15817,1.15766,1.15774,459,2,0
2026-03-04 01:35:00,1.15774,1.15894,1.15774,1.15878,455,2,0
2026-03-04 01:40:00,1.15878,1.15942,1.1587399999999999,1.15938,339,2,0
2026-03-04 01:45:00,1.15938,1.15944,1.1591,1.15929,283,2,0
2026-03-04 01:50:00,1.15929,1.15957,1.15921,1.15936,313,2,0
2026-03-04 01:55:00,1.1593499999999999,1.15949,1.15929,1.1593499999999999,313,2,0
2026-03-04 02:00:00,1.15936,1.15956,1.15913,1.15944,426,2,0
2026-03-04 02:05:00,1.15944,1.15965,1.15934,1.15945,366,2,0
2026-03-04 02:10:00,1.15944,1.15994,1.15937,1.1596899999999999,332,2,0
2026-03-04 02:15:00,1.1596899999999999,1.15984,1.15946,1.15983,320,2,0
2026-03-04 02:20:00,1.15983,1.16003,1.15977,1.15991,436,2,0
2026-03-04 02:25:00,1.15991,1.1599599999999999,1.15968,1.15976,337,2,0
2026-03-04 02:30:00,1.15976,1.15993,1.15961,1.1598,413,2,0
2026-03-04 02:35:00,1.1598,1.15982,1.15937,1.15964,410,2,0
2026-03-04 02:40:00,1.15964,1.16009,1.15963,1.16002,406,2,0
2026-03-04 02:45:00,1.16002,1.16013,1.15987,1.16006,235,2,0
2026-03-04 02:50:00,1.16006,1.16043,1.1599,1.1599,268,2,0
2026-03-04 02:55:00,1.1599,1.16,1.15975,1.15979,257,2,0
2026-03-04 03:00:00,1.15979,1.15995,1.15952,1.15962,254,2,0
2026-03-04 03:05:00,1.15962,1.15993,1.15955,1.15992,200,2,0
2026-03-04 03:10:00,1.15992,1.15999,1.1596899999999999,1.1599599999999999,226,2,0
2026-03-04 03:15:00,1.15997,1.16,1.15989,1.15992,172,2,0
2026-03-04 03:20:00,1.15992,1.16029,1.1598600000000001,1.16022,169,2,0
2026-03-04 03:25:00,1.16022,1.16029,1.1599599999999999,1.15997,143,2,0
2026-03-04 03:30:00,1.15997,1.16022,1.15983,1.15998,251,2,0
2026-03-04 03:35:00,1.15998,1.16038,1.15988,1.16033,303,2,0
2026-03-04 03:40:00,1.16033,1.16039,1.1602000000000001,1.16023,161,2,0
2026-03-04 03:45:00,1.16023,1.16064,1.16019,1.16064,244,2,0
2026-03-04 03:50:00,1.16064,1.16086,1.16058,1.16074,200,2,0
2026-03-04 03:55:00,1.16074,1.16092,1.16074,1.16083,162,2,0
2026-03-04 04:00:00,1.16083,1.16098,1.16083,1.1609,182,2,0
2026-03-04 04:05:00,1.1609,1.16104,1.16073,1.16073,200,2,0
2026-03-04 04:10:00,1.16073,1.16089,1.16067,1.16088,197,2,0
2026-03-04 04:15:00,1.16088,1.161,1.16072,1.16085,177,2,0
2026-03-04 04:20:00,1.16085,1.16085,1.16052,1.16053,198,2,0
2026-03-04 04:25:00,1.16054,1.16059,1.16037,1.16039,164,2,0
2026-03-04 04:30:00,1.16039,1.16043,1.16001,1.16009,179,2,0
2026-03-04 04:35:00,1.16009,1.16012,1.15973,1.15989,171,2,0
2026-03-04 04:40:00,1.15989,1.1599,1.15952,1.1597,224,2,0
2026-03-04 04:45:00,1.1597,1.15979,1.15944,1.15947,207,2,0
2026-03-04 04:50:00,1.15948,1.1595,1.15901,1.15928,335,2,0
2026-03-04 04:55:00,1.15928,1.15947,1.15928,1.1593,198,2,0
2026-03-04 05:00:00,1.1593,1.15944,1.15918,1.15926,243,2,0
2026-03-04 05:05:00,1.15926,1.1596,1.15923,1.1595900000000001,220,2,0
2026-03-04 05:10:00,1.1595900000000001,1.15989,1.15957,1.15966,248,2,0
2026-03-04 05:15:00,1.15966,1.15988,1.15939,1.15942,244,2,0
2026-03-04 05:20:00,1.15942,1.1595,1.15918,1.15923,195,2,0
2026-03-04 05:25:00,1.15923,1.15924,1.1589800000000001,1.15918,172,2,0
2026-03-04 05:30:00,1.15918,1.15921,1.15904,1.15904,149,2,0
2026-03-04 05:35:00,1.15904,1.1592,1.15896,1.159,200,2,0
2026-03-04 05:40:00,1.159,1.15921,1.15878,1.15882,290,2,0
2026-03-04 05:45:00,1.15882,1.1594,1.15869,1.1594,216,2,0
2026-03-04 05:50:00,1.1594,1.1596899999999999,1.15938,1.15962,194,2,0
2026-03-04 05:55:00,1.15962,1.15963,1.15913,1.15951,306,2,0
2026-03-04 06:00:00,1.15951,1.15951,1.15896,1.15907,308,2,0
2026-03-04 06:05:00,1.15907,1.15942,1.159,1.1593499999999999,264,2,0
2026-03-04 06:10:00,1.1593499999999999,1.15968,1.1593499999999999,1.15948,323,2,0
2026-03-04 06:15:00,1.15948,1.15984,1.1594,1.15968,202,2,0
2026-03-04 06:20:00,1.15968,1.16014,1.15965,1.1599599999999999,251,2,0
2026-03-04 06:25:00,1.1599599999999999,1.16072,1.1599599999999999,1.1605699999999999,410,2,0
2026-03-04 06:30:00,1.1605699999999999,1.1614,1.16056,1.1614,275,2,0
2026-03-04 06:35:00,1.1614,1.16154,1.16114,1.16145,298,2,0
2026-03-04 06:40:00,1.16145,1.16176,1.16143,1.16153,236,2,0
2026-03-04 06:45:00,1.16153,1.1616,1.16117,1.16154,227,2,0
2026-03-04 06:50:00,1.16154,1.16156,1.16127,1.16135,249,2,0
2026-03-04 06:55:00,1.16135,1.16145,1.16104,1.16106,238,2,0
2026-03-04 07:00:00,1.16106,1.16151,1.16106,1.16149,356,2,0
2026-03-04 07:05:00,1.16151,1.16198,1.16149,1.1617899999999999,508,2,0
2026-03-04 07:10:00,1.1617899999999999,1.1618,1.16138,1.16164,345,2,0
2026-03-04 07:15:00,1.16164,1.16221,1.16126,1.16139,449,2,0
2026-03-04 07:20:00,1.16139,1.16176,1.16127,1.16165,195,2,0
2026-03-04 07:25:00,1.16165,1.1623,1.16163,1.16209,298,2,0
2026-03-04 07:30:00,1.16209,1.1628,1.1620300000000001,1.16243,503,2,0
2026-03-04 07:35:00,1.16243,1.16262,1.16214,1.16224,362,2,0
2026-03-04 07:40:00,1.16224,1.16252,1.16218,1.1623999999999999,267,2,0
2026-03-04 07:45:00,1.1623999999999999,1.16255,1.16223,1.16238,315,2,0
2026-03-04 07:50:00,1.16238,1.16238,1.16184,1.16206,361,2,0
2026-03-04 07:55:00,1.16206,1.16208,1.16157,1.16157,450,2,0
2026-03-04 08:00:00,1.16157,1.16168,1.16069,1.16079,654,2,0
2026-03-04 08:05:00,1.16079,1.16134,1.1607,1.1612,474,2,0
2026-03-04 08:10:00,1.1612,1.16128,1.16035,1.16089,611,2,0
2026-03-04 08:15:00,1.16089,1.16093,1.16038,1.16049,546,2,0
2026-03-04 08:20:00,1.16049,1.1607,1.16013,1.16043,540,2,0
2026-03-04 08:25:00,1.16043,1.1605,1.15987,1.15988,420,2,0
2026-03-04 08:30:00,1.15988,1.16061,1.1596899999999999,1.16017,555,2,0
2026-03-04 08:35:00,1.16017,1.16034,1.15981,1.15988,356,2,0
2026-03-04 08:40:00,1.15988,1.16024,1.15961,1.15992,483,2,0
2026-03-04 08:45:00,1.15992,1.16061,1.15983,1.16043,321,2,0
2026-03-04 08:50:00,1.1604,1.16046,1.16008,1.16021,395,2,0
2026-03-04 08:55:00,1.16021,1.16034,1.15949,1.15995,442,2,0
2026-03-04 09:00:00,1.15994,1.15999,1.1592,1.15964,575,2,0
2026-03-04 09:05:00,1.15964,1.16,1.15943,1.15974,455,2,0
2026-03-04 09:10:00,1.15974,1.16082,1.15968,1.1607,384,2,0
2026-03-04 09:15:00,1.1607,1.16174,1.16068,1.16144,551,2,0
2026-03-04 09:20:00,1.16144,1.16182,1.16128,1.1617,473,2,0
2026-03-04 09:25:00,1.1617,1.16174,1.1613,1.1614,396,2,0
2026-03-04 09:30:00,1.1614,1.16174,1.16124,1.1614,433,2,0
2026-03-04 09:35:00,1.1614,1.16162,1.16129,1.16145,407,2,0
2026-03-04 09:40:00,1.16145,1.16168,1.16119,1.16144,386,2,0
2026-03-04 09:45:00,1.16144,1.16184,1.16138,1.16173,575,2,0
2026-03-04 09:50:00,1.16172,1.16198,1.16087,1.16094,483,2,0
2026-03-04 09:55:00,1.16094,1.16102,1.16064,1.16085,327,2,0
2026-03-04 10:00:00,1.16085,1.16167,1.16085,1.16159,348,2,0
2026-03-04 10:05:00,1.16159,1.1647,1.16143,1.16437,1286,2,0
2026-03-04 10:10:00,1.16433,1.16467,1.16314,1.16392,1813,2,0
2026-03-04 10:15:00,1.16391,1.16413,1.1629,1.16334,1092,2,0
2026-03-04 10:20:00,1.16332,1.16411,1.16309,1.1639599999999999,860,2,0
2026-03-04 10:25:00,1.1639599999999999,1.16397,1.16329,1.1636,660,2,0
2026-03-04 10:30:00,1.1635900000000001,1.16385,1.16255,1.16265,751,2,0
2026-03-04 10:35:00,1.16265,1.16314,1.1626400000000001,1.16309,543,2,0
2026-03-04 10:40:00,1.16309,1.16361,1.1628,1.16344,425,2,0
2026-03-04 10:45:00,1.16344,1.16404,1.16329,1.16353,538,2,0
2026-03-04 10:50:00,1.16353,1.16367,1.16302,1.16339,353,2,0
2026-03-04 10:55:00,1.16339,1.16352,1.16318,1.16343,324,2,0
2026-03-04 11:00:00,1.16342,1.16381,1.1632500000000001,1.16347,399,2,0
2026-03-04 11:05:00,1.16347,1.1635900000000001,1.16324,1.16346,307,2,0
2026-03-04 11:10:00,1.16346,1.16452,1.16346,1.1645,360,2,0
2026-03-04 11:15:00,1.1645,1.16494,1.16445,1.16489,452,2,0
2026-03-04 11:20:00,1.16489,1.16546,1.16475,1.1654200000000001,418,2,0
2026-03-04 11:25:00,1.16541,1.16547,1.16433,1.16443,489,2,0
2026-03-04 11:30:00,1.16443,1.16455,1.1638,1.16387,465,2,0
2026-03-04 11:35:00,1.16387,1.16414,1.16369,1.16395,407,2,0
2026-03-04 11:40:00,1.16395,1.16395,1.16346,1.16349,282,2,0
2026-03-04 11:45:00,1.16349,1.1638600000000001,1.16346,1.16361,245,2,0
2026-03-04 11:50:00,1.16361,1.1636199999999999,1.16322,1.16331,315,2,0
2026-03-04 11:55:00,1.16331,1.16368,1.16307,1.16351,380,2,0
2026-03-04 12:00:00,1.16351,1.1645,1.16341,1.16435,626,2,0
2026-03-04 12:05:00,1.16435,1.16476,1.16405,1.16455,317,2,0
2026-03-04 12:10:00,1.16455,1.16478,1.1644700000000001,1.16477,217,2,0
2026-03-04 12:15:00,1.16477,1.16486,1.16445,1.16462,392,2,0
2026-03-04 12:20:00,1.16462,1.16464,1.16376,1.16376,419,2,0
2026-03-04 12:25:00,1.16376,1.16376,1.16316,1.16319,399,2,0
2026-03-04 12:30:00,1.16319,1.1633499999999999,1.16305,1.16326,391,2,0
2026-03-04 12:35:00,1.16326,1.16369,1.1632,1.16337,396,2,0
2026-03-04 12:40:00,1.16337,1.16372,1.16322,1.16365,362,2,0
2026-03-04 12:45:00,1.16365,1.16375,1.16333,1.16375,331,2,0
2026-03-04 12:50:00,1.16375,1.16383,1.16322,1.16331,351,2,0
2026-03-04 12:55:00,1.16331,1.16331,1.16258,1.16303,542,2,0
2026-03-04 13:00:00,1.16302,1.16429,1.1630099999999999,1.1642000000000001,741,2,0
2026-03-04 13:05:00,1.16419,1.16521,1.16404,1.16483,611,2,0
2026-03-04 13:10:00,1.16483,1.16491,1.1646,1.16471,441,2,0
2026-03-04 13:15:00,1.16471,1.16486,1.16414,1.16438,567,2,0
2026-03-04 13:20:00,1.16438,1.16438,1.16365,1.16385,669,2,0
2026-03-04 13:25:00,1.16385,1.16448,1.16385,1.16409,488,2,0
2026-03-04 13:30:00,1.16409,1.16458,1.16392,1.16434,526,2,0
2026-03-04 13:35:00,1.16434,1.1644700000000001,1.1639,1.16422,446,2,0
2026-03-04 13:40:00,1.1642299999999999,1.16436,1.16375,1.16385,479,2,0
2026-03-04 13:45:00,1.16385,1.164,1.1636,1.16395,379,2,0
2026-03-04 13:50:00,1.16395,1.16411,1.16338,1.16356,468,2,0
2026-03-04 13:55:00,1.16356,1.16356,1.16302,1.16311,707,2,0
2026-03-04 14:00:00,1.1631,1.16329,1.16268,1.16287,531,2,0
2026-03-04 14:05:00,1.16287,1.16377,1.16281,1.16296,551,2,0
2026-03-04 14:10:00,1.16296,1.16326,1.16281,1.16285,466,2,0
2026-03-04 14:15:00,1.16285,1.1639599999999999,1.16281,1.1639599999999999,591,2,0
2026-03-04 14:20:00,1.1639599999999999,1.16411,1.16319,1.16347,576,2,0
2026-03-04 14:25:00,1.16347,1.16387,1.1632500000000001,1.16345,396,2,0
2026-03-04 14:30:00,1.16345,1.16376,1.16316,1.16368,725,2,0
2026-03-04 14:35:00,1.16368,1.16383,1.16211,1.16313,1460,2,0
2026-03-04 14:40:00,1.16313,1.1633,1.16239,1.16272,853,2,0
2026-03-04 14:45:00,1.16272,1.16297,1.16206,1.1623999999999999,1058,2,0
2026-03-04 14:50:00,1.1623999999999999,1.16285,1.16223,1.16256,817,2,0
2026-03-04 14:55:00,1.16256,1.16257,1.16218,1.16247,630,2,0
2026-03-04 15:00:00,1.16242,1.16267,1.16186,1.16194,1168,2,0
2026-03-04 15:05:00,1.16195,1.16253,1.16165,1.16232,967,2,0
2026-03-04 15:10:00,1.16232,1.16281,1.16184,1.16217,795,2,0
2026-03-04 15:15:00,1.16216,1.1631,1.16202,1.16306,637,2,0
2026-03-04 15:20:00,1.16306,1.16337,1.16295,1.1633499999999999,482,2,0
2026-03-04 15:25:00,1.1633499999999999,1.16397,1.16334,1.16385,626,2,0
2026-03-04 15:30:00,1.16385,1.1639599999999999,1.16355,1.16369,665,2,0
2026-03-04 15:35:00,1.16369,1.1638600000000001,1.16328,1.16341,495,2,0
2026-03-04 15:40:00,1.16341,1.16377,1.1631,1.16348,564,2,0
2026-03-04 15:45:00,1.16348,1.16348,1.16315,1.1634,457,2,0
2026-03-04 15:50:00,1.16339,1.16404,1.16331,1.16391,767,2,0
2026-03-04 15:55:00,1.16391,1.16404,1.16321,1.16402,634,2,0
2026-03-04 16:00:00,1.16402,1.16453,1.1639,1.1642000000000001,565,2,0
2026-03-04 16:05:00,1.1642000000000001,1.1646,1.16391,1.16441,475,2,0
2026-03-04 16:10:00,1.16441,1.16441,1.16387,1.1639599999999999,595,2,0
2026-03-04 16:15:00,1.16401,1.16412,1.16348,1.1635,456,2,0
2026-03-04 16:20:00,1.1635,1.16355,1.16284,1.16288,428,2,0
2026-03-04 16:25:00,1.16288,1.16322,1.16286,1.16321,374,2,0
2026-03-04 16:30:00,1.16321,1.16366,1.1629800000000001,1.1636,554,2,0
2026-03-04 16:35:00,1.1636,1.16397,1.16355,1.1638600000000001,371,2,0
2026-03-04 16:40:00,1.1638600000000001,1.16417,1.16377,1.16388,339,2,0
2026-03-04 16:45:00,1.16388,1.1639599999999999,1.16369,1.16372,346,2,0
2026-03-04 16:50:00,1.16373,1.1638600000000001,1.1636,1.16385,284,2,0
2026-03-04 16:55:00,1.16385,1.16393,1.16351,1.1637,321,2,0
2026-03-04 17:00:00,1.16369,1.16421,1.16364,1.1642000000000001,235,2,0
2026-03-04 17:05:00,1.1642000000000001,1.16436,1.16368,1.16372,316,2,0
2026-03-04 17:10:00,1.16372,1.16384,1.16331,1.16342,229,2,0
2026-03-04 17:15:00,1.16342,1.16378,1.16327,1.16372,319,2,0
2026-03-04 17:20:00,1.16372,1.16372,1.16297,1.16305,501,2,0
2026-03-04 17:25:00,1.16305,1.16318,1.16279,1.16286,450,2,0
2026-03-04 17:30:00,1.16286,1.1629800000000001,1.1626400000000001,1.16279,436,2,0
2026-03-04 17:35:00,1.16279,1.16305,1.16263,1.163,308,2,0
2026-03-04 17:40:00,1.163,1.16303,1.16277,1.16279,285,2,0
2026-03-04 17:45:00,1.16279,1.16344,1.16278,1.16343,292,2,0
2026-03-04 17:50:00,1.16343,1.16347,1.16329,1.16332,230,2,0
2026-03-04 17:55:00,1.16332,1.16333,1.16302,1.1633,276,2,0
2026-03-04 18:00:00,1.1633,1.16333,1.16276,1.16279,305,2,0
2026-03-04 18:05:00,1.16279,1.16303,1.16269,1.16286,282,2,0
2026-03-04 18:10:00,1.16286,1.16299,1.16271,1.16282,257,2,0
2026-03-04 18:15:00,1.16282,1.16283,1.16258,1.16265,222,2,0
2026-03-04 18:20:00,1.16265,1.16269,1.16241,1.16261,250,2,0
2026-03-04 18:25:00,1.16261,1.16271,1.16235,1.16252,288,2,0
2026-03-04 18:30:00,1.16252,1.1628,1.16245,1.16254,312,2,0
2026-03-04 18:35:00,1.16254,1.16276,1.16244,1.16249,191,2,0
2026-03-04 18:40:00,1.16249,1.1626400000000001,1.16244,1.1626400000000001,210,2,0
2026-03-04 18:45:00,1.1626400000000001,1.16283,1.16249,1.16283,256,2,0
2026-03-04 18:50:00,1.16283,1.16287,1.16267,1.16275,215,2,0
2026-03-04 18:55:00,1.16275,1.1628,1.16233,1.16243,218,2,0
2026-03-04 19:00:00,1.16243,1.16295,1.16243,1.16292,230,2,0
2026-03-04 19:05:00,1.16292,1.16295,1.16262,1.16269,171,2,0
2026-03-04 19:10:00,1.16269,1.1628,1.1626400000000001,1.16273,197,2,0
2026-03-04 19:15:00,1.16273,1.16299,1.16273,1.16284,158,2,0
2026-03-04 19:20:00,1.16284,1.1629,1.1627399999999999,1.16286,108,2,0
2026-03-04 19:25:00,1.16286,1.16337,1.16286,1.16337,181,2,0
2026-03-04 19:30:00,1.16337,1.16344,1.16305,1.16305,265,2,0
2026-03-04 19:35:00,1.16305,1.16334,1.16304,1.16331,174,2,0
2026-03-04 19:40:00,1.16331,1.16344,1.16311,1.16316,134,2,0
2026-03-04 19:45:00,1.16316,1.16327,1.16305,1.16319,152,2,0
2026-03-04 19:50:00,1.16319,1.16357,1.16308,1.16356,148,2,0
2026-03-04 19:55:00,1.16356,1.1641,1.16353,1.16397,391,2,0
2026-03-04 20:00:00,1.16397,1.16411,1.16391,1.16408,222,2,0
2026-03-04 20:05:00,1.16408,1.16411,1.1638600000000001,1.16406,119,2,0
2026-03-04 20:10:00,1.16406,1.16406,1.16387,1.16404,127,2,0
2026-03-04 20:15:00,1.16404,1.16404,1.16381,1.16389,205,2,0
2026-03-04 20:20:00,1.16389,1.1641,1.16385,1.16407,212,2,0
2026-03-04 20:25:00,1.16407,1.16411,1.16394,1.16407,171,2,0
2026-03-04 20:30:00,1.16407,1.16417,1.16394,1.16413,200,2,0
2026-03-04 20:35:00,1.16413,1.16436,1.16413,1.1643,131,2,0
2026-03-04 20:40:00,1.1643,1.16436,1.16417,1.16431,125,2,0
2026-03-04 20:45:00,1.16431,1.16433,1.16409,1.16411,98,2,0
2026-03-04 20:50:00,1.16411,1.16422,1.16399,1.16421,243,2,0
2026-03-04 20:55:00,1.16421,1.1642299999999999,1.16402,1.16402,260,2,0
2026-03-04 21:00:00,1.16402,1.16406,1.16378,1.16381,214,2,0
2026-03-04 21:05:00,1.16381,1.16385,1.16376,1.16381,100,2,0
2026-03-04 21:10:00,1.16381,1.16395,1.16371,1.16395,107,2,0
2026-03-04 21:15:00,1.1639599999999999,1.16412,1.16393,1.16411,76,2,0
2026-03-04 21:20:00,1.16411,1.16417,1.16398,1.16399,84,2,0
2026-03-04 21:25:00,1.16399,1.164,1.16388,1.164,92,2,0
2026-03-04 21:30:00,1.16401,1.16401,1.1638,1.16383,91,2,0
2026-03-04 21:35:00,1.16382,1.16382,1.1635900000000001,1.16366,96,2,0
2026-03-04 21:40:00,1.16365,1.16365,1.16351,1.16355,61,2,0
2026-03-04 21:45:00,1.16355,1.1636199999999999,1.16354,1.16354,85,2,0
2026-03-04 21:50:00,1.16354,1.16367,1.16354,1.1636,145,2,0
2026-03-04 21:55:00,1.1636,1.16369,1.16318,1.16319,538,4,0
2026-03-04 22:00:00,1.16263,1.16263,1.16232,1.16258,23,88,0
2026-03-04 22:05:00,1.16262,1.16271,1.1625,1.16257,26,89,0
2026-03-04 22:10:00,1.1626400000000001,1.16267,1.16252,1.16265,45,89,0
2026-03-04 22:15:00,1.16262,1.16292,1.16259,1.16284,15,65,0
2026-03-04 22:20:00,1.16284,1.1629,1.16284,1.16288,39,62,0
2026-03-04 22:25:00,1.16288,1.1631,1.16287,1.1631,16,53,0
2026-03-04 22:30:00,1.1631,1.16312,1.16309,1.16312,12,56,0
2026-03-04 22:35:00,1.16312,1.16314,1.16311,1.16314,15,52,0
2026-03-04 22:40:00,1.16314,1.16315,1.16311,1.16311,27,54,0
2026-03-04 22:45:00,1.16311,1.16311,1.16309,1.16309,9,55,0
2026-03-04 22:50:00,1.16309,1.16311,1.16309,1.1631,7,54,0
2026-03-04 22:55:00,1.1631,1.16342,1.16307,1.16342,30,9,0
2026-03-04 23:00:00,1.16342,1.16384,1.16339,1.16365,93,11,0
2026-03-04 23:05:00,1.16365,1.16373,1.16353,1.1637,99,9,0
2026-03-04 23:10:00,1.1637,1.1637,1.16342,1.16349,47,10,0
2026-03-04 23:15:00,1.16349,1.16358,1.16347,1.16354,53,4,0
2026-03-04 23:20:00,1.16354,1.16356,1.1635,1.16355,63,4,0
2026-03-04 23:25:00,1.16355,1.16365,1.16355,1.1636,76,4,0
2026-03-04 23:30:00,1.16361,1.16366,1.16347,1.16349,76,3,0
2026-03-04 23:35:00,1.16349,1.16349,1.16337,1.16339,51,3,0
2026-03-04 23:40:00,1.16339,1.16351,1.1633499999999999,1.1635,67,5,0
2026-03-04 23:45:00,1.1635,1.1636,1.16341,1.16353,117,3,0
2026-03-04 23:50:00,1.16353,1.16354,1.16339,1.16348,103,2,0
2026-03-04 23:55:00,1.16348,1.16355,1.16342,1.16346,103,3,0
2026-03-05 00:00:00,1.16346,1.1635,1.16319,1.16344,307,2,0
2026-03-05 00:05:00,1.16344,1.16366,1.16341,1.16366,173,2,0
2026-03-05 00:10:00,1.16366,1.16375,1.16364,1.16373,136,2,0
2026-03-05 00:15:00,1.16373,1.16414,1.16365,1.16414,199,2,0
2026-03-05 00:20:00,1.16414,1.16441,1.16414,1.16435,168,2,0
2026-03-05 00:25:00,1.16435,1.16438,1.16421,1.16428,111,2,0
2026-03-05 00:30:00,1.16428,1.16428,1.16395,1.16411,160,2,0
2026-03-05 00:35:00,1.16411,1.16439,1.164,1.16437,153,2,0
2026-03-05 00:40:00,1.16437,1.16452,1.16436,1.16438,166,2,0
2026-03-05 00:45:00,1.16438,1.1644,1.16417,1.16438,136,2,0
2026-03-05 00:50:00,1.16438,1.1645,1.1642299999999999,1.1644700000000001,262,2,0
2026-03-05 00:55:00,1.1644700000000001,1.16453,1.16441,1.16449,198,2,0
2026-03-05 01:00:00,1.16449,1.16449,1.16384,1.16384,462,2,0
2026-03-05 01:05:00,1.16384,1.16401,1.1637,1.16391,284,2,0
2026-03-05 01:10:00,1.16391,1.16434,1.16389,1.16411,306,2,0
2026-03-05 01:15:00,1.16411,1.16453,1.16411,1.16442,364,2,0
2026-03-05 01:20:00,1.16441,1.16446,1.16421,1.16433,320,2,0
2026-03-05 01:25:00,1.16433,1.16469,1.1642299999999999,1.16467,336,2,0
2026-03-05 01:30:00,1.16467,1.16473,1.16415,1.16422,455,2,0
2026-03-05 01:35:00,1.16422,1.16422,1.16355,1.16361,496,2,0
2026-03-05 01:40:00,1.16361,1.16365,1.1631,1.16324,499,2,0
2026-03-05 01:45:00,1.16324,1.16327,1.163,1.16316,395,2,0
2026-03-05 01:50:00,1.16316,1.16321,1.16287,1.1631,409,2,0
2026-03-05 01:55:00,1.1631,1.16314,1.1627,1.1628,338,2,0
2026-03-05 02:00:00,1.1628,1.16308,1.16269,1.16296,379,2,0
2026-03-05 02:05:00,1.16296,1.16312,1.16282,1.16295,244,2,0
2026-03-05 02:10:00,1.16295,1.16309,1.16292,1.16295,171,2,0
2026-03-05 02:15:00,1.16295,1.16317,1.16277,1.16313,174,2,0
2026-03-05 02:20:00,1.16313,1.16313,1.16223,1.16248,306,2,0
2026-03-05 02:25:00,1.16248,1.16273,1.16239,1.16267,266,2,0
2026-03-05 02:30:00,1.16267,1.16267,1.16224,1.1623,211,2,0
2026-03-05 02:35:00,1.1623,1.16247,1.16223,1.16246,259,2,0
2026-03-05 02:40:00,1.16247,1.16283,1.16246,1.16278,272,2,0
2026-03-05 02:45:00,1.16278,1.16294,1.1627399999999999,1.16294,159,2,0
2026-03-05 02:50:00,1.16294,1.16305,1.1626400000000001,1.1626400000000001,273,2,0
2026-03-05 02:55:00,1.1626400000000001,1.16267,1.16242,1.16256,283,2,0
2026-03-05 03:00:00,1.16256,1.16276,1.16239,1.16243,356,2,0
2026-03-05 03:05:00,1.16243,1.16259,1.16241,1.1625,292,2,0
2026-03-05 03:10:00,1.1625,1.1625,1.16195,1.16205,276,2,0
2026-03-05 03:15:00,1.16205,1.16212,1.16159,1.16168,249,2,0
2026-03-05 03:20:00,1.1616900000000001,1.16172,1.1614,1.16172,313,2,0
2026-03-05 03:25:00,1.16172,1.16172,1.1612,1.1614,326,2,0
2026-03-05 03:30:00,1.1614200000000001,1.16145,1.16099,1.16103,389,2,0
2026-03-05 03:35:00,1.16103,1.16145,1.161,1.16137,281,2,0
2026-03-05 03:40:00,1.16137,1.16159,1.16137,1.16139,202,2,0
2026-03-05 03:45:00,1.1614,1.16154,1.16132,1.16133,137,2,0
2026-03-05 03:50:00,1.16132,1.16148,1.16121,1.16129,157,2,0
2026-03-05 03:55:00,1.16129,1.16137,1.16109,1.16131,268,2,0
2026-03-05 04:00:00,1.16128,1.1613,1.16093,1.16102,200,2,0
2026-03-05 04:05:00,1.16102,1.16144,1.16101,1.16135,197,2,0
2026-03-05 04:10:00,1.16135,1.16146,1.1613,1.16131,149,2,0
2026-03-05 04:15:00,1.16131,1.16135,1.16111,1.16113,170,2,0
2026-03-05 04:20:00,1.16113,1.16134,1.16111,1.16124,177,2,0
2026-03-05 04:25:00,1.16124,1.16125,1.16069,1.16071,239,2,0
2026-03-05 04:30:00,1.1607,1.16101,1.1606,1.16082,247,2,0
2026-03-05 04:35:00,1.16082,1.16094,1.16077,1.16092,194,2,0
2026-03-05 04:40:00,1.16092,1.16097,1.16074,1.16078,192,2,0
2026-03-05 04:45:00,1.16078,1.16083,1.16055,1.16064,204,2,0
2026-03-05 04:50:00,1.16064,1.16087,1.16062,1.16087,162,2,0
2026-03-05 04:55:00,1.16087,1.16098,1.16075,1.16082,190,2,0
2026-03-05 05:00:00,1.16082,1.16084,1.16068,1.16083,275,2,0
2026-03-05 05:05:00,1.16083,1.16102,1.16077,1.16095,129,2,0
2026-03-05 05:10:00,1.16095,1.16127,1.16088,1.16104,188,2,0
2026-03-05 05:15:00,1.16104,1.16112,1.16086,1.16092,137,2,0
2026-03-05 05:20:00,1.16092,1.16117,1.16083,1.16112,180,2,0
2026-03-05 05:25:00,1.16112,1.16138,1.1610800000000001,1.16113,187,2,0
2026-03-05 05:30:00,1.16116,1.1611799999999999,1.16067,1.1608,223,2,0
2026-03-05 05:35:00,1.1608,1.1609,1.16039,1.1605,292,2,0
2026-03-05 05:40:00,1.1605,1.16066,1.16038,1.16059,249,2,0
2026-03-05 05:45:00,1.16059,1.16063,1.16011,1.16018,319,2,0
2026-03-05 05:50:00,1.16018,1.16018,1.15974,1.15979,335,2,0
2026-03-05 05:55:00,1.15979,1.15987,1.15939,1.15944,350,2,0
2026-03-05 06:00:00,1.15944,1.15955,1.15918,1.1594,473,2,0
2026-03-05 06:05:00,1.1594,1.15946,1.15888,1.15904,429,2,0
2026-03-05 06:10:00,1.15904,1.15926,1.1588,1.15896,516,2,0
2026-03-05 06:15:00,1.15896,1.1593499999999999,1.15876,1.15928,316,2,0
2026-03-05 06:20:00,1.15928,1.15952,1.15902,1.15946,364,2,0
2026-03-05 06:25:00,1.15947,1.15958,1.15936,1.15946,266,2,0
2026-03-05 06:30:00,1.15946,1.15967,1.15926,1.15967,349,2,0
2026-03-05 06:35:00,1.15966,1.15999,1.1595900000000001,1.15994,342,2,0
2026-03-05 06:40:00,1.15994,1.16007,1.15977,1.15994,308,2,0
2026-03-05 06:45:00,1.15994,1.16106,1.15955,1.16104,419,2,0
2026-03-05 06:50:00,1.16104,1.1616,1.16022,1.16024,1205,2,0
2026-03-05 06:55:00,1.16024,1.16076,1.16014,1.16066,558,2,0
2026-03-05 07:00:00,1.16067,1.16107,1.16048,1.16051,443,2,0
2026-03-05 07:05:00,1.16051,1.16068,1.16032,1.16041,331,2,0
2026-03-05 07:10:00,1.16041,1.16117,1.16023,1.16037,506,2,0
2026-03-05 07:15:00,1.16037,1.16045,1.15989,1.1604,606,2,0
2026-03-05 07:20:00,1.1604,1.16077,1.16034,1.1605699999999999,425,2,0
2026-03-05 07:25:00,1.16058,1.1609099999999999,1.16054,1.16084,309,2,0
2026-03-05 07:30:00,1.16084,1.16109,1.16073,1.16102,349,2,0
2026-03-05 07:35:00,1.16103,1.16138,1.16103,1.16129,296,2,0
2026-03-05 07:40:00,1.16129,1.1616,1.16125,1.1613,276,2,0
2026-03-05 07:45:00,1.1613,1.1613,1.16087,1.16088,363,2,0
2026-03-05 07:50:00,1.16088,1.16097,1.16014,1.1602000000000001,364,2,0
2026-03-05 07:55:00,1.1602000000000001,1.16086,1.16012,1.16048,514,2,0
2026-03-05 08:00:00,1.16048,1.16049,1.15929,1.15938,768,2,0
2026-03-05 08:05:00,1.15938,1.16016,1.15932,1.15953,597,2,0
2026-03-05 08:10:00,1.15953,1.15956,1.15891,1.15912,675,2,0
2026-03-05 08:15:00,1.15912,1.15975,1.15902,1.1592,588,2,0
2026-03-05 08:20:00,1.1592,1.15936,1.15855,1.15886,536,2,0
2026-03-05 08:25:00,1.15886,1.15893,1.15823,1.15831,555,2,0
2026-03-05 08:30:00,1.15831,1.15878,1.15814,1.15866,536,2,0
2026-03-05 08:35:00,1.15866,1.15926,1.1586,1.15903,351,2,0
2026-03-05 08:40:00,1.15903,1.15944,1.1589,1.15938,312,2,0
2026-03-05 08:45:00,1.15939,1.15978,1.15938,1.15967,255,2,0
2026-03-05 08:50:00,1.15967,1.15994,1.15933,1.15961,352,2,0
2026-03-05 08:55:00,1.15963,1.16004,1.15957,1.1598600000000001,383,2,0
2026-03-05 09:00:00,1.1598600000000001,1.16072,1.15963,1.1607,519,2,0
2026-03-05 09:05:00,1.16071,1.16445,1.16063,1.16334,2038,2,0
2026-03-05 09:10:00,1.16342,1.16412,1.16254,1.16408,1524,2,0
2026-03-05 09:15:00,1.16409,1.16424,1.16238,1.16268,1240,2,0
2026-03-05 09:20:00,1.16268,1.16363,1.16261,1.16342,1427,2,0
2026-03-05 09:25:00,1.16342,1.16377,1.16243,1.1627,928,2,0
2026-03-05 09:30:00,1.16269,1.16269,1.16197,1.16221,803,2,0
2026-03-05 09:35:00,1.16221,1.16246,1.16159,1.16161,968,2,0
2026-03-05 09:40:00,1.16162,1.16222,1.16141,1.16212,824,2,0
2026-03-05 09:45:00,1.16212,1.16232,1.16165,1.16232,772,2,0
2026-03-05 09:50:00,1.16232,1.1623999999999999,1.16153,1.16162,685,2,0
2026-03-05 09:55:00,1.16162,1.1623999999999999,1.16151,1.16225,490,2,0
2026-03-05 10:00:00,1.16225,1.16285,1.16219,1.16262,463,2,0
2026-03-05 10:05:00,1.16262,1.16314,1.1623999999999999,1.16246,625,2,0
2026-03-05 10:10:00,1.16246,1.1627,1.1623,1.16236,431,2,0
2026-03-05 10:15:00,1.16236,1.16245,1.16202,1.1623,401,2,0
2026-03-05 10:20:00,1.1623,1.16235,1.162,1.16201,289,2,0
2026-03-05 10:25:00,1.16201,1.1621299999999999,1.16185,1.16205,357,2,0
2026-03-05 10:30:00,1.16205,1.16211,1.16148,1.16162,396,2,0
2026-03-05 10:35:00,1.16162,1.16174,1.16112,1.1612,326,2,0
2026-03-05 10:40:00,1.1612,1.1612,1.16069,1.16092,332,2,0
2026-03-05 10:45:00,1.16092,1.16109,1.16067,1.16071,306,2,0
2026-03-05 10:50:00,1.16071,1.16119,1.16062,1.16107,330,2,0
2026-03-05 10:55:00,1.16107,1.1614200000000001,1.16096,1.1610800000000001,395,2,0
2026-03-05 11:00:00,1.16107,1.16172,1.16062,1.16143,660,2,0
2026-03-05 11:05:00,1.16143,1.1615199999999999,1.16119,1.16143,289,2,0
2026-03-05 11:10:00,1.16143,1.16145,1.16109,1.16143,201,2,0
2026-03-05 11:15:00,1.16143,1.16164,1.16105,1.16109,202,2,0
2026-03-05 11:20:00,1.16109,1.16125,1.16072,1.16073,267,2,0
2026-03-05 11:25:00,1.16073,1.1611799999999999,1.16065,1.16087,230,2,0
2026-03-05 11:30:00,1.16087,1.16095,1.16059,1.16085,219,2,0
2026-03-05 11:35:00,1.16085,1.16106,1.16044,1.1604700000000001,295,2,0
2026-03-05 11:40:00,1.1604700000000001,1.16068,1.16037,1.16056,249,2,0
2026-03-05 11:45:00,1.16056,1.16086,1.16053,1.16072,230,2,0
2026-03-05 11:50:00,1.16072,1.1610800000000001,1.16065,1.16079,379,2,0
2026-03-05 11:55:00,1.16079,1.16122,1.16066,1.16113,402,2,0
2026-03-05 12:00:00,1.16113,1.16125,1.16073,1.16083,301,2,0
2026-03-05 12:05:00,1.16083,1.16124,1.16079,1.16085,259,2,0
2026-03-05 12:10:00,1.16085,1.16101,1.16074,1.16087,234,2,0
2026-03-05 12:15:00,1.16087,1.16165,1.16085,1.16165,202,2,0
2026-03-05 12:20:00,1.16165,1.16239,1.16162,1.16193,705,2,0
2026-03-05 12:25:00,1.16193,1.16193,1.16145,1.1616900000000001,279,2,0
2026-03-05 12:30:00,1.1616900000000001,1.16228,1.16154,1.16219,331,2,0
2026-03-05 12:35:00,1.16219,1.16247,1.16198,1.16228,293,2,0
2026-03-05 12:40:00,1.16228,1.16248,1.16196,1.16196,320,2,0
2026-03-05 12:45:00,1.16196,1.16208,1.16146,1.16151,313,2,0
2026-03-05 12:50:00,1.16151,1.16161,1.1609,1.16141,480,2,0
2026-03-05 12:55:00,1.16141,1.16221,1.16137,1.16204,450,2,0
2026-03-05 13:00:00,1.16204,1.16205,1.16172,1.16193,523,2,0
2026-03-05 13:05:00,1.16193,1.16204,1.16162,1.16182,423,2,0
2026-03-05 13:10:00,1.16182,1.16243,1.1617899999999999,1.16226,299,2,0
2026-03-05 13:15:00,1.16226,1.16243,1.16185,1.16202,399,2,0
2026-03-05 13:20:00,1.1620300000000001,1.16223,1.16113,1.1614200000000001,543,2,0
2026-03-05 13:25:00,1.16141,1.16153,1.16114,1.16128,404,2,0
2026-03-05 13:30:00,1.1613,1.16133,1.1607,1.16119,698,2,0
2026-03-05 13:35:00,1.16119,1.16119,1.1602000000000001,1.16021,537,2,0
2026-03-05 13:40:00,1.16021,1.16032,1.15979,1.15983,364,2,0
2026-03-05 13:45:00,1.15983,1.15988,1.15894,1.15922,602,2,0
2026-03-05 13:50:00,1.15922,1.16001,1.15917,1.15963,525,2,0
2026-03-05 13:55:00,1.15963,1.15994,1.15955,1.15975,476,2,0
2026-03-05 14:00:00,1.15975,1.16054,1.15962,1.16053,650,2,0
2026-03-05 14:05:00,1.16053,1.16077,1.16023,1.16068,475,2,0
2026-03-05 14:10:00,1.16068,1.16087,1.16,1.16001,348,2,0
2026-03-05 14:15:00,1.16001,1.16026,1.15976,1.16004,417,2,0
2026-03-05 14:20:00,1.16004,1.16034,1.15973,1.16003,447,2,0
2026-03-05 14:25:00,1.16003,1.16018,1.15973,1.16002,505,2,0
2026-03-05 14:30:00,1.16002,1.16074,1.16002,1.1607,591,2,0
2026-03-05 14:35:00,1.1607,1.16074,1.15934,1.15945,593,2,0
2026-03-05 14:40:00,1.15945,1.16008,1.15932,1.1595,704,2,0
2026-03-05 14:45:00,1.1595,1.16018,1.15923,1.1599599999999999,664,2,0
2026-03-05 14:50:00,1.1599599999999999,1.16024,1.1596899999999999,1.15987,748,2,0
2026-03-05 14:55:00,1.15987,1.16061,1.15984,1.16027,887,2,0
2026-03-05 15:00:00,1.16031,1.1609,1.16024,1.16067,817,2,0
2026-03-05 15:05:00,1.16067,1.16071,1.15962,1.15998,630,2,0
2026-03-05 15:10:00,1.15998,1.16016,1.15955,1.1601,740,2,0
2026-03-05 15:15:00,1.16011,1.16026,1.15886,1.15917,749,2,0
2026-03-05 15:20:00,1.15917,1.15936,1.15865,1.15872,582,2,0
2026-03-05 15:25:00,1.15872,1.15873,1.15778,1.15802,754,2,0
2026-03-05 15:30:00,1.15802,1.15818,1.15778,1.15816,596,2,0
2026-03-05 15:35:00,1.15817,1.15824,1.15692,1.15705,717,2,0
2026-03-05 15:40:00,1.15706,1.15769,1.1569099999999999,1.15724,682,2,0
2026-03-05 15:45:00,1.15724,1.15767,1.15711,1.1571500000000001,676,2,0
2026-03-05 15:50:00,1.1571500000000001,1.15807,1.15714,1.15773,618,2,0
2026-03-05 15:55:00,1.15773,1.1585,1.15772,1.1583,693,2,0
2026-03-05 16:00:00,1.15829,1.15868,1.1575199999999999,1.1575199999999999,761,2,0
2026-03-05 16:05:00,1.1575199999999999,1.15753,1.15659,1.15677,828,2,0
2026-03-05 16:10:00,1.15677,1.15759,1.15658,1.1574200000000001,685,2,0
2026-03-05 16:15:00,1.1574200000000001,1.15749,1.1569099999999999,1.15693,616,2,0
2026-03-05 16:20:00,1.15693,1.15735,1.15617,1.15632,657,2,0
2026-03-05 16:25:00,1.15631,1.1565699999999999,1.15587,1.15611,803,2,0
2026-03-05 16:30:00,1.15611,1.15704,1.15598,1.15687,800,2,0
2026-03-05 16:35:00,1.15687,1.15748,1.15663,1.15744,669,2,0
2026-03-05 16:40:00,1.15744,1.1581299999999999,1.15716,1.15797,766,2,0
2026-03-05 16:45:00,1.15797,1.1581,1.15751,1.15784,572,2,0
2026-03-05 16:50:00,1.15784,1.15793,1.15717,1.15762,590,2,0
2026-03-05 16:55:00,1.15762,1.15838,1.15761,1.1583700000000001,530,2,0
2026-03-05 17:00:00,1.1583700000000001,1.1587399999999999,1.15802,1.15858,613,2,0
2026-03-05 17:05:00,1.15858,1.15865,1.15795,1.15808,537,2,0
2026-03-05 17:10:00,1.15808,1.15812,1.15748,1.15779,662,2,0
2026-03-05 17:15:00,1.15779,1.15792,1.15757,1.15774,541,2,0
2026-03-05 17:20:00,1.15774,1.15888,1.15773,1.15867,576,2,0
2026-03-05 17:25:00,1.15867,1.15868,1.158,1.15804,600,2,0
2026-03-05 17:30:00,1.15802,1.15802,1.1573,1.15736,680,2,0
2026-03-05 17:35:00,1.15736,1.15897,1.15724,1.15895,1053,2,0
2026-03-05 17:40:00,1.15897,1.15919,1.1581299999999999,1.15849,974,2,0
2026-03-05 17:45:00,1.15851,1.15873,1.15781,1.15828,648,2,0
2026-03-05 17:50:00,1.15828,1.15886,1.1581,1.1581,726,2,0
2026-03-05 17:55:00,1.15809,1.15893,1.15804,1.15878,698,2,0
2026-03-05 18:00:00,1.15878,1.15895,1.15839,1.15842,905,2,0
2026-03-05 18:05:00,1.15842,1.15877,1.15836,1.15856,696,2,0
2026-03-05 18:10:00,1.15856,1.15868,1.15816,1.1585,716,2,0
2026-03-05 18:15:00,1.1585,1.15858,1.15735,1.15735,721,2,0
2026-03-05 18:20:00,1.15735,1.15846,1.1571,1.15827,863,2,0
2026-03-05 18:25:00,1.15827,1.15839,1.15767,1.15828,693,2,0
2026-03-05 18:30:00,1.15828,1.1587399999999999,1.15825,1.15843,752,2,0
2026-03-05 18:35:00,1.15843,1.15886,1.15823,1.1588,630,2,0
2026-03-05 18:40:00,1.1588,1.15916,1.1584699999999999,1.15905,534,2,0
2026-03-05 18:45:00,1.15905,1.15907,1.15845,1.15863,615,2,0
2026-03-05 18:50:00,1.15863,1.15867,1.15817,1.15844,366,2,0
2026-03-05 18:55:00,1.15844,1.1587,1.15827,1.1586,587,2,0
2026-03-05 19:00:00,1.15858,1.1588,1.15842,1.15857,618,2,0
2026-03-05 19:05:00,1.15857,1.15872,1.15839,1.1584699999999999,357,2,0
2026-03-05 19:10:00,1.1584699999999999,1.15854,1.15831,1.15851,479,2,0
2026-03-05 19:15:00,1.15851,1.15851,1.15792,1.15822,450,2,0
2026-03-05 19:20:00,1.15823,1.15854,1.158,1.15814,476,2,0
2026-03-05 19:25:00,1.15814,1.15821,1.1576,1.15781,393,2,0
2026-03-05 19:30:00,1.15781,1.15781,1.15726,1.15743,339,2,0
2026-03-05 19:35:00,1.15743,1.1575,1.1571,1.15732,460,2,0
2026-03-05 19:40:00,1.15732,1.15783,1.15732,1.15767,369,2,0
2026-03-05 19:45:00,1.15767,1.15769,1.15726,1.15747,426,2,0
2026-03-05 19:50:00,1.15747,1.15778,1.15716,1.15724,353,2,0
2026-03-05 19:55:00,1.15724,1.15729,1.157,1.15728,302,2,0
2026-03-05 20:00:00,1.15728,1.15795,1.15701,1.15784,473,2,0
2026-03-05 20:05:00,1.15783,1.15904,1.15747,1.15885,732,2,0
2026-03-05 20:10:00,1.15885,1.16027,1.15885,1.1602000000000001,1061,2,0
2026-03-05 20:15:00,1.16021,1.16084,1.1595900000000001,1.15961,830,2,0
2026-03-05 20:20:00,1.15961,1.16027,1.1595,1.16027,684,2,0
2026-03-05 20:25:00,1.16027,1.16103,1.16026,1.16039,777,2,0
2026-03-05 20:30:00,1.16039,1.16085,1.16006,1.16051,810,2,0
2026-03-05 20:35:00,1.16051,1.16093,1.1605,1.16065,699,2,0
2026-03-05 20:40:00,1.16065,1.16074,1.16034,1.1604700000000001,657,2,0
2026-03-05 20:45:00,1.1604700000000001,1.16066,1.15995,1.16066,484,2,0
2026-03-05 20:50:00,1.16066,1.16082,1.16038,1.16076,670,2,0
2026-03-05 20:55:00,1.16074,1.16074,1.16022,1.16046,362,2,0
2026-03-05 21:00:00,1.1604700000000001,1.1608,1.16032,1.16074,243,2,0
2026-03-05 21:05:00,1.16074,1.16103,1.16071,1.16101,184,2,0
2026-03-05 21:10:00,1.16101,1.16103,1.16058,1.16064,188,2,0
2026-03-05 21:15:00,1.16064,1.16067,1.16036,1.1604,116,2,0
2026-03-05 21:20:00,1.1604,1.16052,1.16027,1.16033,116,2,0
2026-03-05 21:25:00,1.16033,1.16058,1.16025,1.16058,192,2,0
2026-03-05 21:30:00,1.16058,1.16073,1.16032,1.16033,117,2,0
2026-03-05 21:35:00,1.16033,1.16044,1.16016,1.16042,126,2,0
2026-03-05 21:40:00,1.16042,1.1604700000000001,1.16029,1.16046,121,2,0
2026-03-05 21:45:00,1.16046,1.16051,1.16028,1.16051,148,2,0
2026-03-05 21:50:00,1.16051,1.16079,1.16045,1.16074,163,2,0
2026-03-05 21:55:00,1.16078,1.16087,1.1606,1.16061,170,3,0
2026-03-05 22:00:00,1.16067,1.16067,1.16045,1.16045,7,62,0
2026-03-05 22:05:00,1.16039,1.16041,1.16039,1.16041,7,76,0
2026-03-05 22:10:00,1.16041,1.1604700000000001,1.16037,1.1604,149,66,0
2026-03-05 22:15:00,1.1604,1.1606,1.16039,1.1606,14,60,0
2026-03-05 22:20:00,1.1606,1.16061,1.16059,1.16059,8,57,0
2026-03-05 22:25:00,1.16059,1.16059,1.1605699999999999,1.1605699999999999,7,60,0
2026-03-05 22:30:00,1.1605699999999999,1.16059,1.1605699999999999,1.16058,8,62,0
2026-03-05 22:35:00,1.16058,1.16058,1.16041,1.16041,20,54,0
2026-03-05 22:40:00,1.16041,1.16049,1.16041,1.1604700000000001,16,57,0
2026-03-05 22:45:00,1.1604700000000001,1.16049,1.16042,1.16045,28,58,0
2026-03-05 22:50:00,1.16045,1.16045,1.16039,1.16039,18,77,0
2026-03-05 22:55:00,1.16039,1.16061,1.16039,1.1606,15,31,0
2026-03-05 23:00:00,1.1606,1.16085,1.16052,1.1605699999999999,81,5,0
2026-03-05 23:05:00,1.1605699999999999,1.16073,1.1602999999999999,1.16061,82,3,0
2026-03-05 23:10:00,1.16061,1.1608100000000001,1.16061,1.16076,46,5,0
2026-03-05 23:15:00,1.16076,1.16086,1.16064,1.16079,89,2,0
2026-03-05 23:20:00,1.16079,1.16096,1.16077,1.16092,44,3,0
2026-03-05 23:25:00,1.16092,1.16092,1.16076,1.1608100000000001,66,3,0
2026-03-05 23:30:00,1.1608100000000001,1.16089,1.16072,1.1608100000000001,114,3,0
2026-03-05 23:35:00,1.1608100000000001,1.16096,1.16078,1.16093,45,2,0
2026-03-05 23:40:00,1.16093,1.16095,1.16085,1.16092,62,2,0
2026-03-05 23:45:00,1.16092,1.16102,1.16079,1.16087,148,2,0
2026-03-05 23:50:00,1.16086,1.16089,1.16076,1.16088,132,2,0
2026-03-05 23:55:00,1.16088,1.16088,1.16063,1.16064,83,2,0
2026-03-06 00:00:00,1.16064,1.16093,1.16052,1.16093,313,2,0
2026-03-06 00:05:00,1.16093,1.16106,1.16083,1.16097,157,2,0
2026-03-06 00:10:00,1.16097,1.16103,1.1608100000000001,1.16092,115,2,0
2026-03-06 00:15:00,1.1609099999999999,1.16133,1.1609,1.16133,158,2,0
2026-03-06 00:20:00,1.16133,1.16143,1.16122,1.16126,178,2,0
2026-03-06 00:25:00,1.16126,1.1614200000000001,1.16121,1.16133,107,2,0
2026-03-06 00:30:00,1.16133,1.16139,1.1610800000000001,1.1611799999999999,178,2,0
2026-03-06 00:35:00,1.1611799999999999,1.16122,1.16092,1.16093,128,2,0
2026-03-06 00:40:00,1.16093,1.16113,1.16092,1.16109,139,2,0
2026-03-06 00:45:00,1.16109,1.16124,1.16104,1.16114,103,2,0
2026-03-06 00:50:00,1.16114,1.16123,1.1610800000000001,1.16121,175,2,0
2026-03-06 00:55:00,1.16121,1.16125,1.16098,1.16109,208,2,0
2026-03-06 01:00:00,1.16109,1.1612,1.16087,1.16101,314,2,0
2026-03-06 01:05:00,1.16101,1.16143,1.16098,1.16143,209,2,0
2026-03-06 01:10:00,1.16143,1.16157,1.16134,1.16153,132,2,0
2026-03-06 01:15:00,1.16153,1.16162,1.16138,1.16154,127,2,0
2026-03-06 01:20:00,1.16156,1.16159,1.161,1.16109,229,2,0
2026-03-06 01:25:00,1.16109,1.16115,1.16068,1.16072,145,2,0
2026-03-06 01:30:00,1.16072,1.16156,1.16071,1.16153,356,2,0
2026-03-06 01:35:00,1.16153,1.16182,1.1614200000000001,1.16155,416,2,0
2026-03-06 01:40:00,1.16156,1.16163,1.16145,1.16147,218,2,0
2026-03-06 01:45:00,1.16147,1.16167,1.16132,1.16164,202,2,0
2026-03-06 01:50:00,1.16164,1.16193,1.16161,1.16182,250,2,0
2026-03-06 01:55:00,1.16182,1.16201,1.16146,1.16149,311,2,0
2026-03-06 02:00:00,1.16149,1.16193,1.16141,1.16174,323,2,0
2026-03-06 02:05:00,1.16174,1.16174,1.16147,1.16154,134,2,0
2026-03-06 02:10:00,1.16154,1.16178,1.16143,1.16173,121,2,0
2026-03-06 02:15:00,1.16173,1.16204,1.16173,1.16189,124,2,0
2026-03-06 02:20:00,1.16189,1.16197,1.1618,1.16183,86,2,0
2026-03-06 02:25:00,1.16182,1.1619,1.1617899999999999,1.1619,90,2,0
2026-03-06 02:30:00,1.1619,1.16201,1.16175,1.16175,158,2,0
2026-03-06 02:35:00,1.16175,1.1618,1.1616,1.16165,156,2,0
2026-03-06 02:40:00,1.16165,1.16182,1.16164,1.16178,135,2,0
2026-03-06 02:45:00,1.16178,1.16191,1.16156,1.16168,151,2,0
2026-03-06 02:50:00,1.16168,1.1617,1.1615199999999999,1.16156,160,2,0
2026-03-06 02:55:00,1.16156,1.16174,1.16151,1.16163,153,2,0
2026-03-06 03:00:00,1.16163,1.16199,1.16161,1.16184,197,2,0
2026-03-06 03:05:00,1.16184,1.16198,1.16172,1.16174,195,2,0
2026-03-06 03:10:00,1.16173,1.16181,1.16167,1.16172,109,2,0
2026-03-06 03:15:00,1.16172,1.16178,1.16161,1.16167,111,2,0
2026-03-06 03:20:00,1.16167,1.16205,1.16164,1.16193,166,2,0
2026-03-06 03:25:00,1.16193,1.1620300000000001,1.16186,1.16193,142,2,0
2026-03-06 03:30:00,1.16193,1.16197,1.16162,1.16174,187,2,0
2026-03-06 03:35:00,1.16174,1.16184,1.16171,1.16177,140,2,0
2026-03-06 03:40:00,1.16177,1.16185,1.1616,1.16172,109,2,0
2026-03-06 03:45:00,1.16172,1.16207,1.1616900000000001,1.16199,190,2,0
2026-03-06 03:50:00,1.16198,1.16204,1.16182,1.16194,108,2,0
2026-03-06 03:55:00,1.16194,1.16201,1.16189,1.162,115,2,0
2026-03-06 04:00:00,1.162,1.16201,1.16183,1.16183,225,2,0
2026-03-06 04:05:00,1.16182,1.162,1.1618,1.16195,203,2,0
2026-03-06 04:10:00,1.16195,1.1620300000000001,1.16191,1.16192,157,2,0
2026-03-06 04:15:00,1.16192,1.16207,1.16186,1.16193,100,2,0
2026-03-06 04:20:00,1.16193,1.16193,1.16178,1.16183,87,2,0
2026-03-06 04:25:00,1.16183,1.1620300000000001,1.16183,1.16199,86,2,0
2026-03-06 04:30:00,1.16199,1.16212,1.16193,1.16209,66,2,0
2026-03-06 04:35:00,1.16209,1.16209,1.16182,1.16183,149,2,0
2026-03-06 04:40:00,1.16187,1.16189,1.16171,1.16176,245,2,0
2026-03-06 04:45:00,1.16176,1.16177,1.16165,1.16172,61,2,0
2026-03-06 04:50:00,1.16172,1.16178,1.1614200000000001,1.16148,114,2,0
2026-03-06 04:55:00,1.16148,1.16149,1.1613,1.16134,107,2,0
2026-03-06 05:00:00,1.16134,1.16136,1.16117,1.16128,246,2,0
2026-03-06 05:05:00,1.16128,1.16147,1.16122,1.16132,140,2,0
2026-03-06 05:10:00,1.16132,1.16137,1.16117,1.16119,117,2,0
2026-03-06 05:15:00,1.16119,1.16125,1.16109,1.16114,166,2,0
2026-03-06 05:20:00,1.16114,1.16133,1.16104,1.1613,174,2,0
2026-03-06 05:25:00,1.1613,1.16132,1.16115,1.1612,125,2,0
2026-03-06 05:30:00,1.1612,1.1612,1.16096,1.16099,214,2,0
2026-03-06 05:35:00,1.16099,1.16138,1.16096,1.16136,163,2,0
2026-03-06 05:40:00,1.16136,1.16166,1.16127,1.16157,216,2,0
2026-03-06 05:45:00,1.16157,1.16157,1.16067,1.1608100000000001,352,2,0
2026-03-06 05:50:00,1.1608,1.16094,1.16069,1.1608,309,2,0
2026-03-06 05:55:00,1.1608,1.16092,1.16054,1.16064,296,2,0
2026-03-06 06:00:00,1.16064,1.1609,1.16025,1.16032,288,2,0
2026-03-06 06:05:00,1.16032,1.16075,1.16017,1.16063,232,2,0
2026-03-06 06:10:00,1.16063,1.16064,1.16041,1.16041,244,2,0
2026-03-06 06:15:00,1.16041,1.16065,1.16036,1.16061,161,2,0
2026-03-06 06:20:00,1.16061,1.16084,1.16058,1.16078,298,2,0
2026-03-06 06:25:00,1.16078,1.16079,1.16051,1.16055,264,2,0
2026-03-06 06:30:00,1.16055,1.16064,1.16052,1.16063,249,2,0
2026-03-06 06:35:00,1.16063,1.16083,1.16044,1.16079,204,2,0
2026-03-06 06:40:00,1.16079,1.1609099999999999,1.16061,1.16062,194,2,0
2026-03-06 06:45:00,1.16062,1.16113,1.16058,1.16099,204,2,0
2026-03-06 06:50:00,1.16099,1.1611799999999999,1.16093,1.16109,208,2,0
2026-03-06 06:55:00,1.16109,1.16119,1.16099,1.16116,193,2,0
2026-03-06 07:00:00,1.16116,1.16131,1.16088,1.16089,207,2,0
2026-03-06 07:05:00,1.16089,1.16114,1.16062,1.16076,230,2,0
2026-03-06 07:10:00,1.16076,1.16084,1.16068,1.1608,147,2,0
2026-03-06 07:15:00,1.1608,1.16134,1.16075,1.16113,270,2,0
2026-03-06 07:20:00,1.16113,1.16181,1.16113,1.16159,235,2,0
2026-03-06 07:25:00,1.16159,1.16163,1.16112,1.16115,222,2,0
2026-03-06 07:30:00,1.16114,1.16139,1.16093,1.16134,191,2,0
2026-03-06 07:35:00,1.16134,1.16147,1.16112,1.16134,297,2,0
2026-03-06 07:40:00,1.16134,1.16159,1.16121,1.16144,214,2,0
2026-03-06 07:45:00,1.16144,1.16161,1.16133,1.16153,160,2,0
2026-03-06 07:50:00,1.16153,1.16154,1.16109,1.16117,198,2,0
2026-03-06 07:55:00,1.16117,1.16149,1.16112,1.16145,306,2,0
2026-03-06 08:00:00,1.16145,1.16145,1.16067,1.16078,440,2,0
2026-03-06 08:05:00,1.16078,1.16122,1.16078,1.16098,394,2,0
2026-03-06 08:10:00,1.16098,1.16113,1.16038,1.16104,610,2,0
2026-03-06 08:15:00,1.16104,1.16134,1.16049,1.16076,514,2,0
2026-03-06 08:20:00,1.16076,1.16078,1.16033,1.16052,354,2,0
2026-03-06 08:25:00,1.16052,1.16061,1.16027,1.16037,310,2,0
2026-03-06 08:30:00,1.16037,1.16083,1.16031,1.16082,284,2,0
2026-03-06 08:35:00,1.16082,1.16112,1.16071,1.16112,205,2,0
2026-03-06 08:40:00,1.16112,1.1614,1.16093,1.16097,315,2,0
2026-03-06 08:45:00,1.16097,1.16119,1.1607,1.16071,322,2,0
2026-03-06 08:50:00,1.16071,1.16076,1.16055,1.16076,216,2,0
2026-03-06 08:55:00,1.16076,1.16078,1.16015,1.16029,343,2,0
2026-03-06 09:00:00,1.16029,1.16029,1.15952,1.15955,435,2,0
2026-03-06 09:05:00,1.15955,1.15994,1.1593499999999999,1.15943,356,2,0
2026-03-06 09:10:00,1.15943,1.15948,1.15901,1.1590799999999999,530,2,0
2026-03-06 09:15:00,1.1590799999999999,1.15922,1.1586400000000001,1.15871,548,2,0
2026-03-06 09:20:00,1.15871,1.15875,1.15833,1.15848,525,2,0
2026-03-06 09:25:00,1.15848,1.15857,1.15827,1.15833,368,2,0
2026-03-06 09:30:00,1.15833,1.15844,1.158,1.15802,489,2,0
2026-03-06 09:35:00,1.15802,1.15804,1.15762,1.15785,593,2,0
2026-03-06 09:40:00,1.15785,1.15793,1.15754,1.15777,542,2,0
2026-03-06 09:45:00,1.15777,1.15801,1.15745,1.15767,614,2,0
2026-03-06 09:50:00,1.15768,1.15772,1.15716,1.15765,581,2,0
2026-03-06 09:55:00,1.15765,1.1578,1.15741,1.15741,385,2,0
2026-03-06 10:00:00,1.15741,1.15805,1.15727,1.15781,441,2,0
2026-03-06 10:05:00,1.15782,1.15825,1.15781,1.15814,325,2,0
2026-03-06 10:10:00,1.15814,1.15819,1.15771,1.1578,348,2,0
2026-03-06 10:15:00,1.1578,1.1581299999999999,1.1577,1.15797,371,2,0
2026-03-06 10:20:00,1.15797,1.15822,1.15785,1.1579,229,2,0
2026-03-06 10:25:00,1.1579,1.15849,1.15754,1.15805,500,2,0
2026-03-06 10:30:00,1.15805,1.15819,1.15766,1.15784,523,2,0
2026-03-06 10:35:00,1.15784,1.15838,1.15784,1.15823,369,2,0
2026-03-06 10:40:00,1.15823,1.15823,1.15767,1.15768,271,2,0
2026-03-06 10:45:00,1.15768,1.15805,1.15762,1.15793,304,2,0
2026-03-06 10:50:00,1.15792,1.15835,1.15792,1.15818,270,2,0
2026-03-06 10:55:00,1.15818,1.15834,1.15783,1.15783,376,2,0
2026-03-06 11:00:00,1.15783,1.15794,1.1575199999999999,1.1576,409,2,0
2026-03-06 11:05:00,1.1576,1.15761,1.15677,1.1568,440,2,0
2026-03-06 11:10:00,1.1568,1.15812,1.15661,1.1580300000000001,667,2,0
2026-03-06 11:15:00,1.1580300000000001,1.15809,1.1574,1.1578,420,2,0
2026-03-06 11:20:00,1.1578,1.15806,1.15773,1.15793,237,2,0
2026-03-06 11:25:00,1.15793,1.15807,1.15759,1.15781,362,2,0
2026-03-06 11:30:00,1.15781,1.15783,1.1573,1.15739,308,2,0
2026-03-06 11:35:00,1.15739,1.15741,1.15709,1.15716,393,2,0
2026-03-06 11:40:00,1.15716,1.15734,1.15639,1.1565699999999999,607,2,0
2026-03-06 11:45:00,1.1565699999999999,1.15687,1.15642,1.15679,589,2,0
2026-03-06 11:50:00,1.15679,1.1569099999999999,1.15635,1.1565,552,2,0
2026-03-06 11:55:00,1.15649,1.1565400000000001,1.1561,1.15624,552,2,0
2026-03-06 12:00:00,1.15624,1.15651,1.15577,1.15579,594,2,0
2026-03-06 12:05:00,1.15579,1.15609,1.15544,1.15545,569,2,0
2026-03-06 12:10:00,1.15545,1.15547,1.15521,1.15527,468,2,0
2026-03-06 12:15:00,1.15527,1.15625,1.15526,1.15622,434,2,0
2026-03-06 12:20:00,1.15622,1.15638,1.15563,1.15589,356,2,0
2026-03-06 12:25:00,1.15589,1.15628,1.15587,1.15624,322,2,0
2026-03-06 12:30:00,1.15624,1.15682,1.15622,1.15658,309,2,0
2026-03-06 12:35:00,1.15659,1.15662,1.15606,1.15662,520,2,0
2026-03-06 12:40:00,1.15662,1.15687,1.15641,1.15647,413,2,0
2026-03-06 12:45:00,1.15647,1.15666,1.1557,1.15581,407,2,0
2026-03-06 12:50:00,1.15581,1.15622,1.1558,1.15601,508,2,0
2026-03-06 12:55:00,1.15601,1.15624,1.1554,1.15546,472,2,0
2026-03-06 13:00:00,1.15546,1.15618,1.15543,1.15576,596,2,0
2026-03-06 13:05:00,1.15576,1.15645,1.1556,1.15611,511,2,0
2026-03-06 13:10:00,1.15611,1.15656,1.15603,1.15643,509,2,0
2026-03-06 13:15:00,1.15643,1.15674,1.15633,1.15662,472,2,0
2026-03-06 13:20:00,1.15663,1.15672,1.15614,1.15633,408,2,0
2026-03-06 13:25:00,1.15633,1.15663,1.15623,1.15638,370,2,0
2026-03-06 13:30:00,1.15632,1.15923,1.15632,1.15896,2395,2,0
2026-03-06 13:35:00,1.15896,1.15923,1.15797,1.15921,1728,2,0
2026-03-06 13:40:00,1.15921,1.15927,1.15799,1.15897,1422,2,0
2026-03-06 13:45:00,1.1589800000000001,1.15902,1.15716,1.15749,1664,2,0
2026-03-06 13:50:00,1.15749,1.15782,1.15581,1.1559599999999999,1881,2,0
2026-03-06 13:55:00,1.15597,1.15604,1.15501,1.1555,1460,2,0
2026-03-06 14:00:00,1.1555,1.15626,1.15527,1.15572,1438,2,0
2026-03-06 14:05:00,1.15572,1.15578,1.15464,1.15487,1209,2,0
2026-03-06 14:10:00,1.15487,1.15584,1.15472,1.15565,981,2,0
2026-03-06 14:15:00,1.15565,1.15571,1.15489,1.1550799999999999,844,2,0
2026-03-06 14:20:00,1.1550799999999999,1.15545,1.15459,1.15483,892,2,0
2026-03-06 14:25:00,1.15483,1.15589,1.15471,1.15577,771,2,0
2026-03-06 14:30:00,1.15575,1.15684,1.15575,1.15659,1249,2,0
2026-03-06 14:35:00,1.15659,1.15673,1.1554,1.15606,1538,2,0
2026-03-06 14:40:00,1.15602,1.15703,1.1559300000000001,1.15663,1312,2,0
2026-03-06 14:45:00,1.15663,1.15698,1.15627,1.15652,1292,2,0
2026-03-06 14:50:00,1.15652,1.15745,1.15635,1.15708,1212,2,0
2026-03-06 14:55:00,1.15708,1.15745,1.15685,1.15719,934,2,0
2026-03-06 15:00:00,1.15719,1.15927,1.15717,1.15857,1629,2,0
2026-03-06 15:05:00,1.15857,1.15876,1.15749,1.15778,1402,2,0
2026-03-06 15:10:00,1.15778,1.15901,1.1577600000000001,1.15899,1029,2,0
2026-03-06 15:15:00,1.15899,1.15927,1.15831,1.15832,1063,2,0
2026-03-06 15:20:00,1.15832,1.15889,1.15809,1.15872,970,2,0
2026-03-06 15:25:00,1.15872,1.15872,1.15724,1.15756,995,2,0
2026-03-06 15:30:00,1.15756,1.15854,1.15756,1.1583700000000001,1025,2,0
2026-03-06 15:35:00,1.1583700000000001,1.15851,1.15804,1.1584699999999999,786,2,0
2026-03-06 15:40:00,1.1584699999999999,1.1584699999999999,1.15741,1.15779,979,2,0
2026-03-06 15:45:00,1.15779,1.15821,1.15711,1.15736,838,2,0
2026-03-06 15:50:00,1.15736,1.15748,1.15704,1.15745,738,2,0
2026-03-06 15:55:00,1.15745,1.15808,1.15737,1.15796,768,2,0
2026-03-06 16:00:00,1.15795,1.15936,1.15789,1.15924,843,2,0
2026-03-06 16:05:00,1.15926,1.16,1.15921,1.15976,920,2,0
2026-03-06 16:10:00,1.15976,1.15987,1.15877,1.15897,830,2,0
2026-03-06 16:15:00,1.15897,1.16044,1.15891,1.16044,870,2,0
2026-03-06 16:20:00,1.16044,1.16069,1.15965,1.15983,661,2,0
2026-03-06 16:25:00,1.15983,1.15999,1.1595,1.1597,575,2,0
2026-03-06 16:30:00,1.1597,1.16012,1.15944,1.15983,781,2,0
2026-03-06 16:35:00,1.15983,1.1609099999999999,1.15971,1.16046,676,2,0
2026-03-06 16:40:00,1.16046,1.16087,1.16016,1.16086,610,2,0
2026-03-06 16:45:00,1.16086,1.1613,1.16072,1.16073,683,2,0
2026-03-06 16:50:00,1.16073,1.16126,1.16042,1.16064,666,2,0
2026-03-06 16:55:00,1.16064,1.16075,1.16004,1.16055,728,2,0
2026-03-06 17:00:00,1.16055,1.16085,1.16008,1.1606,840,2,0
2026-03-06 17:05:00,1.16061,1.16063,1.15973,1.16001,751,2,0
2026-03-06 17:10:00,1.16001,1.16014,1.1596,1.15963,572,2,0
2026-03-06 17:15:00,1.15963,1.16025,1.1596,1.16024,610,2,0
2026-03-06 17:20:00,1.16024,1.16095,1.16004,1.16022,745,2,0
2026-03-06 17:25:00,1.16022,1.16022,1.15952,1.15953,577,2,0
2026-03-06 17:30:00,1.15953,1.16016,1.15949,1.16009,433,2,0
2026-03-06 17:35:00,1.1601,1.1601,1.15948,1.15958,407,2,0
2026-03-06 17:40:00,1.15958,1.16001,1.15947,1.15993,491,2,0
2026-03-06 17:45:00,1.15993,1.16042,1.15957,1.16012,652,2,0
2026-03-06 17:50:00,1.16012,1.16055,1.15977,1.15978,535,2,0
2026-03-06 17:55:00,1.15978,1.16019,1.15956,1.15956,601,2,0
2026-03-06 18:00:00,1.15956,1.1604,1.15948,1.15968,1016,2,0
2026-03-06 18:05:00,1.15968,1.16067,1.15965,1.16053,862,2,0
2026-03-06 18:10:00,1.16053,1.16172,1.16038,1.16143,688,2,0
2026-03-06 18:15:00,1.16143,1.16197,1.16122,1.16181,900,2,0
2026-03-06 18:20:00,1.16181,1.16214,1.16102,1.16117,888,2,0
2026-03-06 18:25:00,1.16117,1.16117,1.1604700000000001,1.16061,609,2,0
2026-03-06 18:30:00,1.16061,1.16105,1.16055,1.16067,552,2,0
2026-03-06 18:35:00,1.16067,1.16072,1.15998,1.16007,490,2,0
2026-03-06 18:40:00,1.16007,1.16039,1.16002,1.16025,271,2,0
2026-03-06 18:45:00,1.16025,1.16042,1.15981,1.15987,407,2,0
2026-03-06 18:50:00,1.15987,1.15989,1.15928,1.1594,345,2,0
2026-03-06 18:55:00,1.1594,1.1602000000000001,1.1594,1.15984,292,2,0
2026-03-06 19:00:00,1.15984,1.15992,1.15966,1.15984,336,2,0
2026-03-06 19:05:00,1.15984,1.16048,1.1597,1.16028,360,2,0
2026-03-06 19:10:00,1.16028,1.16065,1.16022,1.16051,319,2,0
2026-03-06 19:15:00,1.16052,1.16089,1.16033,1.16089,307,2,0
2026-03-06 19:20:00,1.16089,1.16089,1.16023,1.16038,369,2,0
2026-03-06 19:25:00,1.16038,1.16068,1.16006,1.16061,509,2,0
2026-03-06 19:30:00,1.16061,1.16079,1.16042,1.16053,348,2,0
2026-03-06 19:35:00,1.16053,1.16078,1.16019,1.1604,332,2,0
2026-03-06 19:40:00,1.16039,1.1608100000000001,1.16039,1.16045,391,2,0
2026-03-06 19:45:00,1.16044,1.16051,1.16008,1.16017,376,2,0
2026-03-06 19:50:00,1.16017,1.16077,1.16013,1.16073,270,2,0
2026-03-06 19:55:00,1.16073,1.16095,1.16007,1.16012,351,2,0
2026-03-06 20:00:00,1.16012,1.16058,1.16012,1.16044,444,2,0
2026-03-06 20:05:00,1.16048,1.16056,1.16026,1.16048,197,2,0
2026-03-06 20:10:00,1.16048,1.16054,1.1602000000000001,1.16053,336,2,0
2026-03-06 20:15:00,1.16053,1.16053,1.1601,1.16014,295,2,0
2026-03-06 20:20:00,1.16014,1.1602000000000001,1.15993,1.15999,243,2,0
2026-03-06 20:25:00,1.15999,1.1601,1.15971,1.15985,321,2,0
2026-03-06 20:30:00,1.15985,1.16003,1.1596899999999999,1.1596899999999999,257,2,0
2026-03-06 20:35:00,1.1596899999999999,1.16033,1.15957,1.16033,254,2,0
2026-03-06 20:40:00,1.16033,1.1607,1.16016,1.16025,354,2,0
2026-03-06 20:45:00,1.16025,1.1608,1.16022,1.16059,342,2,0
2026-03-06 20:50:00,1.1606,1.16097,1.16054,1.16097,418,2,0
2026-03-06 20:55:00,1.16097,1.16097,1.16056,1.16058,342,2,0
2026-03-06 21:00:00,1.16059,1.1611799999999999,1.16051,1.16117,332,2,0
2026-03-06 21:05:00,1.16117,1.16149,1.16107,1.16125,281,2,0
2026-03-06 21:10:00,1.16125,1.16171,1.16125,1.16167,299,2,0
2026-03-06 21:15:00,1.16168,1.16168,1.16145,1.1615,203,2,0
2026-03-06 21:20:00,1.1615,1.16176,1.16149,1.16175,505,2,0
2026-03-06 21:25:00,1.16175,1.16181,1.16157,1.16159,410,2,0
2026-03-06 21:30:00,1.16159,1.1616,1.16111,1.16116,178,2,0
2026-03-06 21:35:00,1.16116,1.16135,1.16114,1.16128,241,2,0
2026-03-06 21:40:00,1.16128,1.16128,1.16109,1.16109,235,2,0
2026-03-06 21:45:00,1.16109,1.16109,1.16068,1.16101,245,2,0
2026-03-06 21:50:00,1.16101,1.16134,1.16094,1.16129,383,6,0
2026-03-08 21:10:00,1.15512,1.15545,1.1551,1.15539,50,14,0
2026-03-08 21:15:00,1.15539,1.15539,1.15524,1.15529,33,13,0
2026-03-08 21:20:00,1.15529,1.15543,1.15529,1.15541,37,26,0
2026-03-08 21:25:00,1.15541,1.15549,1.15486,1.15527,107,22,0
2026-03-08 21:30:00,1.1553499999999999,1.15551,1.15526,1.15538,42,17,0
2026-03-08 21:35:00,1.15539,1.15539,1.15493,1.15523,73,29,0
2026-03-08 21:40:00,1.15524,1.15524,1.1544699999999999,1.15452,165,30,0
2026-03-08 21:45:00,1.15453,1.15491,1.1544699999999999,1.1546,154,16,0
2026-03-08 21:50:00,1.1546,1.15469,1.15457,1.15463,47,8,0
2026-03-08 21:55:00,1.15463,1.15472,1.1544,1.15446,46,11,0
2026-03-08 22:00:00,1.15446,1.15497,1.15397,1.15398,547,44,0
2026-03-08 22:05:00,1.15398,1.1540300000000001,1.15296,1.15304,731,42,0
2026-03-08 22:10:00,1.15304,1.15355,1.15277,1.1528,854,42,0
2026-03-08 22:15:00,1.1528,1.15378,1.15235,1.15358,690,45,0
2026-03-08 22:20:00,1.15363,1.15487,1.15354,1.15406,582,42,0
2026-03-08 22:25:00,1.15406,1.15418,1.15366,1.15397,474,59,0
2026-03-08 22:30:00,1.15397,1.15427,1.15306,1.15321,511,47,0
2026-03-08 22:35:00,1.15321,1.15384,1.15288,1.15369,533,47,0
2026-03-08 22:40:00,1.15369,1.15374,1.1529099999999999,1.15297,366,49,0
2026-03-08 22:45:00,1.15297,1.15399,1.15292,1.15374,541,46,0
2026-03-08 22:50:00,1.1537600000000001,1.15401,1.15328,1.15339,497,42,0
2026-03-08 22:55:00,1.15339,1.15373,1.15339,1.15358,443,2,0
2026-03-08 23:00:00,1.15358,1.15398,1.15316,1.15337,528,2,0
2026-03-08 23:05:00,1.15337,1.15379,1.15326,1.15343,336,2,0
2026-03-08 23:10:00,1.15345,1.1536,1.15293,1.15331,348,2,0
2026-03-08 23:15:00,1.15331,1.15368,1.15324,1.1535199999999999,286,2,0
2026-03-08 23:20:00,1.1535199999999999,1.15353,1.15267,1.15311,390,2,0
2026-03-08 23:25:00,1.15311,1.15331,1.15297,1.1531,357,2,0
2026-03-08 23:30:00,1.1531,1.15366,1.15298,1.15337,538,2,0
2026-03-08 23:35:00,1.15337,1.1534200000000001,1.15273,1.15277,476,2,0
2026-03-08 23:40:00,1.15277,1.1529099999999999,1.15246,1.15277,496,2,0
2026-03-08 23:45:00,1.15277,1.15289,1.15231,1.15266,356,2,0
2026-03-08 23:50:00,1.15266,1.15274,1.15225,1.15241,374,2,0
2026-03-08 23:55:00,1.15241,1.15262,1.15211,1.15242,585,2,0
2026-03-09 00:00:00,1.1524,1.15279,1.15219,1.15239,654,2,0
2026-03-09 00:05:00,1.15239,1.15255,1.15204,1.15235,524,2,0
2026-03-09 00:10:00,1.15235,1.1527,1.15223,1.15226,473,2,0
2026-03-09 00:15:00,1.15226,1.15239,1.15198,1.15208,420,2,0
2026-03-09 00:20:00,1.15207,1.15219,1.15176,1.1521,549,2,0
2026-03-09 00:25:00,1.1521,1.15212,1.15178,1.15205,336,2,0
2026-03-09 00:30:00,1.15205,1.15293,1.15202,1.15292,375,2,0
2026-03-09 00:35:00,1.15292,1.15313,1.15274,1.15287,287,2,0
2026-03-09 00:40:00,1.15287,1.15287,1.1524,1.15246,363,2,0
2026-03-09 00:45:00,1.15246,1.15248,1.15194,1.152,374,2,0
2026-03-09 00:50:00,1.152,1.15229,1.15166,1.15166,540,2,0
2026-03-09 00:55:00,1.15166,1.15186,1.1515900000000001,1.15171,478,2,0
2026-03-09 01:00:00,1.15171,1.15185,1.15109,1.15117,1008,2,0
2026-03-09 01:05:00,1.15117,1.15189,1.15104,1.15167,621,2,0
2026-03-09 01:10:00,1.15167,1.15171,1.15125,1.15145,526,2,0
2026-03-09 01:15:00,1.15145,1.1515,1.15101,1.15109,398,2,0
2026-03-09 01:20:00,1.15109,1.15149,1.15086,1.15144,412,2,0
2026-03-09 01:25:00,1.15144,1.15164,1.15128,1.1514199999999999,227,2,0
2026-03-09 01:30:00,1.1514199999999999,1.15238,1.15127,1.15224,535,2,0
2026-03-09 01:35:00,1.15224,1.15236,1.15189,1.15191,583,2,0
2026-03-09 01:40:00,1.15191,1.15197,1.15158,1.15173,382,2,0
2026-03-09 01:45:00,1.15172,1.15196,1.15134,1.15149,430,2,0
2026-03-09 01:50:00,1.15149,1.1515,1.15069,1.15091,639,2,0
2026-03-09 01:55:00,1.15092,1.1513200000000001,1.15086,1.1509,366,2,0
2026-03-09 02:00:00,1.15091,1.15134,1.15091,1.15096,462,2,0
2026-03-09 02:05:00,1.15096,1.15165,1.15096,1.1516,418,2,0
2026-03-09 02:10:00,1.1516,1.15209,1.15141,1.15146,542,2,0
2026-03-09 02:15:00,1.15146,1.15146,1.15083,1.15093,540,2,0
2026-03-09 02:20:00,1.15093,1.15191,1.15092,1.15186,417,2,0
2026-03-09 02:25:00,1.15186,1.15186,1.1515900000000001,1.1516899999999999,474,2,0
2026-03-09 02:30:00,1.1516899999999999,1.15185,1.15143,1.1518,493,2,0
2026-03-09 02:35:00,1.1518,1.15238,1.15174,1.15222,552,2,0
2026-03-09 02:40:00,1.15222,1.1528,1.15222,1.15263,513,2,0
2026-03-09 02:45:00,1.15263,1.15268,1.15223,1.15243,342,2,0
2026-03-09 02:50:00,1.15243,1.15274,1.15218,1.15255,513,2,0
2026-03-09 02:55:00,1.15255,1.15274,1.15242,1.15247,451,2,0
2026-03-09 03:00:00,1.15247,1.15288,1.15241,1.15247,459,2,0
2026-03-09 03:05:00,1.15247,1.15288,1.15247,1.15259,351,2,0
2026-03-09 03:10:00,1.15259,1.15259,1.15195,1.15221,378,2,0
2026-03-09 03:15:00,1.15221,1.15262,1.15213,1.1524,355,2,0
2026-03-09 03:20:00,1.1524,1.1526399999999999,1.15226,1.15228,294,2,0
2026-03-09 03:25:00,1.15228,1.1525400000000001,1.15201,1.15201,355,2,0
2026-03-09 03:30:00,1.152,1.15221,1.15188,1.15206,446,2,0
2026-03-09 03:35:00,1.15206,1.15208,1.1516899999999999,1.15171,383,2,0
2026-03-09 03:40:00,1.15171,1.15173,1.15126,1.15138,428,2,0
2026-03-09 03:45:00,1.15138,1.15164,1.1513,1.15152,309,2,0
2026-03-09 03:50:00,1.15152,1.1518,1.15152,1.15163,241,2,0
2026-03-09 03:55:00,1.15163,1.15167,1.15147,1.15165,303,2,0
2026-03-09 04:00:00,1.15165,1.15206,1.15157,1.15198,342,2,0
2026-03-09 04:05:00,1.15198,1.15255,1.15187,1.15243,269,2,0
2026-03-09 04:10:00,1.15243,1.1525400000000001,1.15222,1.15228,196,2,0
2026-03-09 04:15:00,1.15228,1.15233,1.15207,1.15218,194,2,0
2026-03-09 04:20:00,1.15218,1.1522000000000001,1.15201,1.15214,230,2,0
2026-03-09 04:25:00,1.15214,1.15251,1.15214,1.15223,255,2,0
2026-03-09 04:30:00,1.15224,1.15287,1.15211,1.15273,273,2,0
2026-03-09 04:35:00,1.15273,1.15278,1.15257,1.15269,168,2,0
2026-03-09 04:40:00,1.15269,1.15292,1.15261,1.15285,201,2,0
2026-03-09 04:45:00,1.15285,1.15295,1.15276,1.1529099999999999,177,2,0
2026-03-09 04:50:00,1.1529099999999999,1.15293,1.15244,1.15247,197,2,0
2026-03-09 04:55:00,1.15247,1.15262,1.15244,1.15258,279,2,0
2026-03-09 05:00:00,1.15258,1.15302,1.15238,1.15299,370,2,0
2026-03-09 05:05:00,1.15299,1.15353,1.15299,1.15347,524,2,0
2026-03-09 05:10:00,1.15349,1.15359,1.15316,1.15337,337,2,0
2026-03-09 05:15:00,1.15337,1.15341,1.15297,1.15298,305,2,0
2026-03-09 05:20:00,1.15298,1.15605,1.15292,1.15528,1461,2,0
2026-03-09 05:25:00,1.15529,1.15574,1.15475,1.15558,1184,2,0
2026-03-09 05:30:00,1.15558,1.15632,1.15494,1.15506,899,2,0
2026-03-09 05:35:00,1.15506,1.15507,1.1545,1.15468,586,2,0
2026-03-09 05:40:00,1.15468,1.15553,1.15453,1.15519,659,2,0
2026-03-09 05:45:00,1.15519,1.15682,1.1551,1.15648,807,2,0
2026-03-09 05:50:00,1.15648,1.15714,1.15644,1.15674,750,2,0
2026-03-09 05:55:00,1.15674,1.15688,1.15623,1.15674,710,2,0
2026-03-09 06:00:00,1.15674,1.1569,1.1559,1.15607,949,2,0
2026-03-09 06:05:00,1.15607,1.1566,1.15581,1.15655,693,2,0
2026-03-09 06:10:00,1.15655,1.15683,1.15554,1.15571,716,2,0
2026-03-09 06:15:00,1.15573,1.15612,1.15558,1.15564,671,2,0
2026-03-09 06:20:00,1.15564,1.15568,1.15515,1.15523,614,2,0
2026-03-09 06:25:00,1.15522,1.15564,1.15518,1.1553499999999999,502,2,0
2026-03-09 06:30:00,1.15536,1.1564,1.15536,1.15612,535,2,0
2026-03-09 06:35:00,1.15612,1.15652,1.15572,1.15612,558,2,0
2026-03-09 06:40:00,1.15612,1.15622,1.15568,1.15598,515,2,0
2026-03-09 06:45:00,1.15598,1.15603,1.15533,1.15534,682,2,0
2026-03-09 06:50:00,1.15534,1.15547,1.15456,1.15475,666,2,0
2026-03-09 06:55:00,1.1547399999999999,1.15515,1.1544699999999999,1.1544699999999999,638,2,0
2026-03-09 07:00:00,1.1544699999999999,1.15524,1.15359,1.154,1317,2,0
2026-03-09 07:05:00,1.154,1.15536,1.1535199999999999,1.15534,857,2,0
2026-03-09 07:10:00,1.1553499999999999,1.15556,1.15455,1.15471,754,2,0
2026-03-09 07:15:00,1.15471,1.15471,1.15405,1.15409,808,2,0
2026-03-09 07:20:00,1.15409,1.15496,1.15405,1.15461,725,2,0
2026-03-09 07:25:00,1.1546,1.15516,1.1544699999999999,1.15514,545,2,0
2026-03-09 07:30:00,1.15513,1.15572,1.15487,1.1556,627,2,0
2026-03-09 07:35:00,1.1556,1.1562000000000001,1.15545,1.15606,500,2,0
2026-03-09 07:40:00,1.15606,1.15621,1.15542,1.15572,687,2,0
2026-03-09 07:45:00,1.15572,1.15609,1.15547,1.15607,592,2,0
2026-03-09 07:50:00,1.15607,1.15646,1.15599,1.15624,468,2,0
2026-03-09 07:55:00,1.15624,1.15651,1.15604,1.15634,487,2,0
2026-03-09 08:00:00,1.15634,1.15651,1.15558,1.15558,1048,2,0
2026-03-09 08:05:00,1.15558,1.15619,1.15536,1.15575,1158,2,0
2026-03-09 08:10:00,1.15574,1.15574,1.1549,1.15501,1069,2,0
2026-03-09 08:15:00,1.15501,1.15502,1.15399,1.15405,1104,2,0
2026-03-09 08:20:00,1.15405,1.15406,1.15308,1.15324,949,2,0
2026-03-09 08:25:00,1.1532499999999999,1.15333,1.15216,1.15224,861,2,0
2026-03-09 08:30:00,1.15222,1.15255,1.1517,1.15184,1049,2,0
2026-03-09 08:35:00,1.15185,1.15222,1.15152,1.15173,833,2,0
2026-03-09 08:40:00,1.15173,1.15274,1.15165,1.15268,694,2,0
2026-03-09 08:45:00,1.15268,1.15298,1.15242,1.15287,694,2,0
2026-03-09 08:50:00,1.15286,1.15302,1.15197,1.15286,692,2,0
2026-03-09 08:55:00,1.15286,1.15356,1.15236,1.15346,763,2,0
2026-03-09 09:00:00,1.15346,1.15383,1.15308,1.15338,787,2,0
2026-03-09 09:05:00,1.15338,1.15378,1.15332,1.15367,578,2,0
2026-03-09 09:10:00,1.15367,1.15443,1.15367,1.15427,584,2,0
2026-03-09 09:15:00,1.15428,1.15509,1.15402,1.15488,611,2,0
2026-03-09 09:20:00,1.15488,1.15552,1.15457,1.15522,624,2,0
2026-03-09 09:25:00,1.15521,1.15545,1.15481,1.15494,649,2,0
2026-03-09 09:30:00,1.15496,1.15708,1.15461,1.15671,1277,2,0
2026-03-09 09:35:00,1.15671,1.15731,1.15566,1.1556899999999999,1392,2,0
2026-03-09 09:40:00,1.1556899999999999,1.15575,1.15528,1.15552,978,2,0
2026-03-09 09:45:00,1.15553,1.15608,1.15534,1.15592,905,2,0
2026-03-09 09:50:00,1.15592,1.15656,1.15554,1.15576,937,2,0
2026-03-09 09:55:00,1.15573,1.15585,1.15531,1.15538,1086,2,0
2026-03-09 10:00:00,1.15538,1.15618,1.15528,1.15555,982,2,0
2026-03-09 10:05:00,1.15555,1.15607,1.15529,1.1553499999999999,953,2,0
2026-03-09 10:10:00,1.15534,1.15543,1.15468,1.1549,751,2,0
2026-03-09 10:15:00,1.1549,1.15536,1.15475,1.15509,583,2,0
2026-03-09 10:20:00,1.15509,1.15541,1.15467,1.15486,624,2,0
2026-03-09 10:25:00,1.15486,1.15598,1.15475,1.15586,603,2,0
2026-03-09 10:30:00,1.15585,1.1561,1.15558,1.15584,566,2,0
2026-03-09 10:35:00,1.15584,1.15606,1.15519,1.15579,758,2,0
2026-03-09 10:40:00,1.15579,1.15633,1.1556899999999999,1.1562999999999999,696,2,0
2026-03-09 10:45:00,1.15629,1.15648,1.1554,1.15563,801,2,0
2026-03-09 10:50:00,1.15563,1.1561,1.15513,1.15604,814,2,0
2026-03-09 10:55:00,1.15604,1.15635,1.15584,1.15601,695,2,0
2026-03-09 11:00:00,1.15601,1.1565699999999999,1.15585,1.15653,746,2,0
2026-03-09 11:05:00,1.15652,1.15677,1.1562999999999999,1.15647,582,2,0
2026-03-09 11:10:00,1.15647,1.15674,1.15619,1.15672,464,2,0
2026-03-09 11:15:00,1.15672,1.15677,1.15622,1.15643,526,2,0
2026-03-09 11:20:00,1.1564,1.15642,1.15581,1.15622,538,2,0
2026-03-09 11:25:00,1.15622,1.15627,1.15574,1.15591,534,2,0
2026-03-09 11:30:00,1.15591,1.15622,1.15554,1.15621,606,2,0
2026-03-09 11:35:00,1.15621,1.15653,1.1559,1.15622,642,2,0
2026-03-09 11:40:00,1.15622,1.15622,1.15554,1.15561,601,2,0
2026-03-09 11:45:00,1.15561,1.15631,1.15551,1.15571,617,2,0
2026-03-09 11:50:00,1.1557,1.15648,1.15563,1.15629,476,2,0
2026-03-09 11:55:00,1.15629,1.15638,1.15556,1.15611,432,2,0
2026-03-09 12:00:00,1.15612,1.15684,1.15599,1.1565,671,2,0
2026-03-09 12:05:00,1.15649,1.15662,1.15614,1.15618,492,2,0
2026-03-09 12:10:00,1.15618,1.15631,1.15586,1.15626,491,2,0
2026-03-09 12:15:00,1.15626,1.1565400000000001,1.15592,1.15607,668,2,0
2026-03-09 12:20:00,1.15607,1.15629,1.15588,1.15629,597,2,0
2026-03-09 12:25:00,1.15632,1.15638,1.15611,1.15621,499,2,0
2026-03-09 12:30:00,1.15621,1.15646,1.15599,1.15627,554,2,0
2026-03-09 12:35:00,1.15627,1.15646,1.1559599999999999,1.15605,633,2,0
2026-03-09 12:40:00,1.15605,1.15635,1.15581,1.15603,430,2,0
2026-03-09 12:45:00,1.15603,1.15627,1.15564,1.15566,474,2,0
2026-03-09 12:50:00,1.15566,1.15567,1.15525,1.15543,827,2,0
2026-03-09 12:55:00,1.15543,1.15543,1.15501,1.15531,681,2,0
2026-03-09 13:00:00,1.1553200000000001,1.15578,1.1553200000000001,1.1556,735,2,0
2026-03-09 13:05:00,1.1556,1.15579,1.15522,1.15549,693,2,0
2026-03-09 13:10:00,1.15549,1.15697,1.15546,1.1568,825,2,0
2026-03-09 13:15:00,1.1568,1.15702,1.15652,1.157,683,2,0
2026-03-09 13:20:00,1.157,1.157,1.15656,1.15684,608,2,0
2026-03-09 13:25:00,1.15684,1.15784,1.1568100000000001,1.15777,692,2,0
2026-03-09 13:30:00,1.1577600000000001,1.15876,1.15774,1.15852,1140,2,0
2026-03-09 13:35:00,1.15852,1.15877,1.15796,1.15811,982,2,0
2026-03-09 13:40:00,1.15812,1.15812,1.15737,1.15783,1025,2,0
2026-03-09 13:45:00,1.15782,1.15826,1.1576,1.15768,1145,2,0
2026-03-09 13:50:00,1.15768,1.15777,1.15713,1.15726,1094,2,0
2026-03-09 13:55:00,1.15725,1.15795,1.15699,1.15757,1286,2,0
2026-03-09 14:00:00,1.15758,1.15773,1.15704,1.15772,1223,2,0
2026-03-09 14:05:00,1.15771,1.1578,1.15517,1.1555,2047,2,0
2026-03-09 14:10:00,1.1555,1.15597,1.15475,1.1559599999999999,1391,2,0
2026-03-09 14:15:00,1.1559599999999999,1.15667,1.15565,1.15609,1320,2,0
2026-03-09 14:20:00,1.15607,1.15683,1.15595,1.15642,1355,2,0
2026-03-09 14:25:00,1.1564,1.15663,1.15611,1.15643,1317,2,0
2026-03-09 14:30:00,1.15641,1.15688,1.15622,1.15626,1219,2,0
2026-03-09 14:35:00,1.15626,1.15668,1.15602,1.15643,1050,2,0
2026-03-09 14:40:00,1.15643,1.1571799999999999,1.15616,1.15714,888,2,0
2026-03-09 14:45:00,1.15714,1.15762,1.15703,1.15708,877,2,0
2026-03-09 14:50:00,1.15708,1.15766,1.15696,1.15745,827,2,0
2026-03-09 14:55:00,1.15745,1.15761,1.157,1.15728,1082,2,0
2026-03-09 15:00:00,1.15729,1.15838,1.15722,1.15831,978,2,0
2026-03-09 15:05:00,1.1583,1.15844,1.15802,1.15838,763,2,0
2026-03-09 15:10:00,1.15838,1.15855,1.15789,1.15853,810,2,0
2026-03-09 15:15:00,1.15853,1.15863,1.15773,1.1581299999999999,709,2,0
2026-03-09 15:20:00,1.1581299999999999,1.15886,1.15808,1.15865,815,2,0
2026-03-09 15:25:00,1.15865,1.15882,1.1584,1.15862,641,2,0
2026-03-09 15:30:00,1.15862,1.15875,1.15827,1.1585,681,2,0
2026-03-09 15:35:00,1.1585,1.15868,1.1581,1.1586,882,2,0
2026-03-09 15:40:00,1.1586,1.1589,1.15845,1.15866,733,2,0
2026-03-09 15:45:00,1.15866,1.1589800000000001,1.15851,1.15866,641,2,0
2026-03-09 15:50:00,1.15866,1.15928,1.1585,1.15926,693,2,0
2026-03-09 15:55:00,1.15923,1.15937,1.15897,1.15915,620,2,0
2026-03-09 16:00:00,1.15915,1.15991,1.15915,1.15967,530,2,0
2026-03-09 16:05:00,1.15967,1.1598,1.15905,1.15954,671,2,0
2026-03-09 16:10:00,1.15954,1.15957,1.15904,1.15905,411,2,0
2026-03-09 16:15:00,1.15905,1.15931,1.15893,1.15927,441,2,0
2026-03-09 16:20:00,1.15927,1.15939,1.15852,1.1592500000000001,556,2,0
2026-03-09 16:25:00,1.1592500000000001,1.1593499999999999,1.15893,1.1590799999999999,488,2,0
2026-03-09 16:30:00,1.1590799999999999,1.15964,1.15907,1.15958,667,2,0
2026-03-09 16:35:00,1.15958,1.1598600000000001,1.15938,1.15958,467,2,0
2026-03-09 16:40:00,1.15958,1.1599,1.15951,1.15965,394,2,0
2026-03-09 16:45:00,1.15966,1.15991,1.15961,1.15961,405,2,0
2026-03-09 16:50:00,1.15961,1.15968,1.15916,1.15923,409,2,0
2026-03-09 16:55:00,1.15923,1.15928,1.15861,1.15875,375,2,0
2026-03-09 17:00:00,1.15875,1.15891,1.15852,1.15863,451,2,0
2026-03-09 17:05:00,1.15863,1.1588,1.15836,1.15851,324,2,0
2026-03-09 17:10:00,1.15851,1.15894,1.15833,1.15855,453,2,0
2026-03-09 17:15:00,1.15855,1.15856,1.15815,1.15827,372,2,0
2026-03-09 17:20:00,1.15828,1.15838,1.15807,1.15832,374,2,0
2026-03-09 17:25:00,1.15832,1.15844,1.15826,1.15835,246,2,0
2026-03-09 17:30:00,1.15835,1.15839,1.1581,1.15832,265,2,0
2026-03-09 17:35:00,1.15832,1.15846,1.15825,1.15839,238,2,0
2026-03-09 17:40:00,1.15839,1.1584699999999999,1.15817,1.15835,243,2,0
2026-03-09 17:45:00,1.15835,1.1587,1.15831,1.15858,249,2,0
2026-03-09 17:50:00,1.15858,1.15858,1.15815,1.1583,281,2,0
2026-03-09 17:55:00,1.1583,1.15839,1.15783,1.15784,292,2,0
2026-03-09 18:00:00,1.15784,1.15814,1.15778,1.1581,308,2,0
2026-03-09 18:05:00,1.1581,1.15842,1.1577600000000001,1.15785,587,2,0
2026-03-09 18:10:00,1.15785,1.15839,1.1578,1.1582,475,2,0
2026-03-09 18:15:00,1.1582,1.15832,1.15797,1.15798,337,2,0
2026-03-09 18:20:00,1.15798,1.15827,1.15779,1.15826,443,2,0
2026-03-09 18:25:00,1.15826,1.15827,1.15801,1.15809,206,2,0
2026-03-09 18:30:00,1.15809,1.15827,1.15796,1.15819,349,2,0
2026-03-09 18:35:00,1.15819,1.1583,1.15792,1.15799,296,2,0
2026-03-09 18:40:00,1.15799,1.158,1.15771,1.15772,185,2,0
2026-03-09 18:45:00,1.15772,1.15791,1.15756,1.15775,286,2,0
2026-03-09 18:50:00,1.15775,1.15811,1.15767,1.15793,206,2,0
2026-03-09 18:55:00,1.15793,1.15798,1.15761,1.15762,287,2,0
2026-03-09 19:00:00,1.15763,1.15814,1.15753,1.15807,252,2,0
2026-03-09 19:05:00,1.15807,1.15827,1.15795,1.15824,183,2,0
2026-03-09 19:10:00,1.15824,1.1584,1.15802,1.15821,256,2,0
2026-03-09 19:15:00,1.1582,1.16058,1.15818,1.16043,939,2,0
2026-03-09 19:20:00,1.16041,1.16174,1.16015,1.16132,2570,2,0
2026-03-09 19:25:00,1.16133,1.16206,1.16107,1.16176,1790,2,0
2026-03-09 19:30:00,1.16176,1.16183,1.16074,1.16113,1680,2,0
2026-03-09 19:35:00,1.16115,1.16205,1.16075,1.16202,1317,2,0
2026-03-09 19:40:00,1.162,1.16244,1.16124,1.16238,1382,2,0
2026-03-09 19:45:00,1.16238,1.16317,1.16214,1.16316,1083,2,0
2026-03-09 19:50:00,1.16317,1.16337,1.16177,1.16182,1102,2,0
2026-03-09 19:55:00,1.16182,1.16187,1.16084,1.16088,771,2,0
2026-03-09 20:00:00,1.16088,1.16166,1.16086,1.16141,474,2,0
2026-03-09 20:05:00,1.16141,1.1615,1.16114,1.16133,361,2,0
2026-03-09 20:10:00,1.16133,1.16147,1.16126,1.16145,115,2,0
2026-03-09 20:15:00,1.16145,1.16158,1.1611799999999999,1.16123,160,2,0
2026-03-09 20:20:00,1.16123,1.16168,1.16119,1.16149,170,2,0
2026-03-09 20:25:00,1.1615,1.16195,1.16146,1.16178,236,2,0
2026-03-09 20:30:00,1.16178,1.16178,1.16146,1.16173,200,2,0
2026-03-09 20:35:00,1.16173,1.16197,1.16145,1.16196,259,2,0
2026-03-09 20:40:00,1.16196,1.16279,1.16185,1.16279,235,2,0
2026-03-09 20:45:00,1.16277,1.16294,1.16242,1.16284,265,2,0
2026-03-09 20:50:00,1.16284,1.16302,1.16265,1.16296,215,2,0
2026-03-09 20:55:00,1.16291,1.16374,1.16284,1.16338,614,4,0
2026-03-09 21:00:00,1.16343,1.16343,1.16338,1.16343,36,16,0
2026-03-09 21:05:00,1.16342,1.16358,1.1631,1.16322,50,10,0
2026-03-09 21:10:00,1.16322,1.16349,1.16322,1.1634,38,18,0
2026-03-09 21:15:00,1.1634,1.16343,1.16334,1.16336,37,25,0
2026-03-09 21:20:00,1.1633499999999999,1.1635,1.16334,1.16344,22,13,0
2026-03-09 21:25:00,1.16344,1.16345,1.16332,1.16334,50,18,0
2026-03-09 21:30:00,1.16333,1.16338,1.1632,1.16338,20,24,0
2026-03-09 21:35:00,1.16338,1.16339,1.16324,1.1633499999999999,37,22,0
2026-03-09 21:40:00,1.1633499999999999,1.16343,1.16328,1.16328,39,18,0
2026-03-09 21:45:00,1.16328,1.16344,1.16328,1.16343,27,16,0
2026-03-09 21:50:00,1.16343,1.16346,1.16326,1.16336,59,14,0
2026-03-09 21:55:00,1.16336,1.16365,1.1633,1.16346,45,19,0
2026-03-09 22:00:00,1.16346,1.16381,1.16296,1.16328,324,42,0
2026-03-09 22:05:00,1.16328,1.16383,1.16315,1.16375,307,49,0
2026-03-09 22:10:00,1.16375,1.16432,1.16346,1.16432,291,42,0
2026-03-09 22:15:00,1.16432,1.16434,1.1634,1.16342,267,42,0
2026-03-09 22:20:00,1.16342,1.16342,1.16243,1.16261,260,42,0
2026-03-09 22:25:00,1.16261,1.16287,1.16247,1.16272,238,43,0
2026-03-09 22:30:00,1.16272,1.16313,1.16252,1.16256,393,42,0
2026-03-09 22:35:00,1.16256,1.16271,1.16204,1.16215,230,42,0
2026-03-09 22:40:00,1.16215,1.16245,1.16209,1.16214,244,42,0
2026-03-09 22:45:00,1.16214,1.16266,1.16214,1.16258,280,42,0
2026-03-09 22:50:00,1.16258,1.16284,1.16246,1.16279,285,42,0
2026-03-09 22:55:00,1.16279,1.16295,1.16253,1.16295,169,3,0
2026-03-09 23:00:00,1.16295,1.16297,1.16222,1.16238,353,2,0
2026-03-09 23:05:00,1.16238,1.16294,1.16234,1.16282,243,2,0
2026-03-09 23:10:00,1.16282,1.16306,1.16263,1.16267,278,2,0
2026-03-09 23:15:00,1.16267,1.16295,1.16254,1.16289,157,2,0
2026-03-09 23:20:00,1.16289,1.16312,1.16282,1.16283,136,2,0
2026-03-09 23:25:00,1.16283,1.16306,1.16268,1.16272,115,2,0
2026-03-09 23:30:00,1.16272,1.16272,1.16238,1.16238,120,2,0
2026-03-09 23:35:00,1.16238,1.16254,1.16207,1.16221,141,2,0
2026-03-09 23:40:00,1.16221,1.16228,1.16153,1.16159,245,2,0
2026-03-09 23:45:00,1.16159,1.16184,1.16149,1.16178,175,2,0
2026-03-09 23:50:00,1.16177,1.16183,1.16145,1.16158,140,2,0
2026-03-09 23:55:00,1.16158,1.16174,1.16156,1.16163,120,2,0
2026-03-10 00:00:00,1.16163,1.1617899999999999,1.16115,1.16119,593,2,0
2026-03-10 00:05:00,1.16119,1.16162,1.16114,1.16134,525,2,0
2026-03-10 00:10:00,1.16134,1.1615,1.16119,1.16148,264,2,0
2026-03-10 00:15:00,1.16148,1.16245,1.16138,1.16245,405,2,0
2026-03-10 00:20:00,1.16245,1.1628,1.16223,1.16267,449,2,0
2026-03-10 00:25:00,1.16267,1.1628,1.16247,1.16279,410,2,0
2026-03-10 00:30:00,1.16279,1.16279,1.16233,1.16261,388,2,0
2026-03-10 00:35:00,1.16263,1.16354,1.16254,1.16354,520,2,0
2026-03-10 00:40:00,1.16354,1.16354,1.1630099999999999,1.16343,424,2,0
2026-03-10 00:45:00,1.16343,1.16343,1.16235,1.16255,492,2,0
2026-03-10 00:50:00,1.16255,1.16269,1.16218,1.16227,447,2,0
2026-03-10 00:55:00,1.16227,1.16269,1.16225,1.16261,459,2,0
2026-03-10 01:00:00,1.16261,1.16277,1.16224,1.16233,681,2,0
2026-03-10 01:05:00,1.16233,1.16261,1.16218,1.16244,601,2,0
2026-03-10 01:10:00,1.16245,1.16261,1.16216,1.16249,585,2,0
2026-03-10 01:15:00,1.16249,1.16297,1.16232,1.16234,706,2,0
2026-03-10 01:20:00,1.16234,1.16235,1.16185,1.16195,271,2,0
2026-03-10 01:25:00,1.16195,1.16202,1.16145,1.16166,350,2,0
2026-03-10 01:30:00,1.16166,1.16184,1.1613,1.16177,509,2,0
2026-03-10 01:35:00,1.16177,1.16181,1.1614200000000001,1.16149,515,2,0
2026-03-10 01:40:00,1.16149,1.16161,1.16131,1.16149,374,2,0
2026-03-10 01:45:00,1.16149,1.16159,1.1611799999999999,1.16154,388,2,0
2026-03-10 01:50:00,1.16154,1.16175,1.16145,1.1615199999999999,307,2,0
2026-03-10 01:55:00,1.1615199999999999,1.1621299999999999,1.1615,1.16197,425,2,0
2026-03-10 02:00:00,1.16197,1.16224,1.16172,1.16178,410,2,0
2026-03-10 02:05:00,1.16178,1.16222,1.16177,1.16189,313,2,0
2026-03-10 02:10:00,1.16189,1.16225,1.16189,1.16224,335,2,0
2026-03-10 02:15:00,1.16224,1.16231,1.16206,1.16226,264,2,0
2026-03-10 02:20:00,1.16226,1.16249,1.16223,1.16245,260,2,0
2026-03-10 02:25:00,1.16245,1.16267,1.16237,1.16249,203,2,0
2026-03-10 02:30:00,1.16249,1.16254,1.16218,1.16231,333,2,0
2026-03-10 02:35:00,1.16231,1.16231,1.1618,1.16191,223,2,0
2026-03-10 02:40:00,1.16191,1.1620300000000001,1.1617899999999999,1.16195,221,2,0
2026-03-10 02:45:00,1.16195,1.16207,1.16164,1.16175,196,2,0
2026-03-10 02:50:00,1.16175,1.16175,1.16136,1.16157,294,2,0
2026-03-10 02:55:00,1.16157,1.16162,1.16117,1.16131,315,2,0
2026-03-10 03:00:00,1.16131,1.16155,1.1611799999999999,1.16133,333,2,0
2026-03-10 03:05:00,1.16133,1.16145,1.16099,1.16135,187,2,0
2026-03-10 03:10:00,1.16135,1.16151,1.16122,1.16122,172,2,0
2026-03-10 03:15:00,1.16122,1.16143,1.1611799999999999,1.16128,191,2,0
2026-03-10 03:20:00,1.16128,1.16148,1.16123,1.16129,220,2,0
2026-03-10 03:25:00,1.16129,1.16134,1.161,1.161,185,2,0
2026-03-10 03:30:00,1.161,1.1611799999999999,1.16094,1.1611,191,2,0
2026-03-10 03:35:00,1.1611,1.16112,1.161,1.16101,187,2,0
2026-03-10 03:40:00,1.16101,1.16116,1.16098,1.16105,179,2,0
2026-03-10 03:45:00,1.16105,1.16105,1.16078,1.16086,210,2,0
2026-03-10 03:50:00,1.16086,1.16115,1.16077,1.16102,258,2,0
2026-03-10 03:55:00,1.16102,1.16109,1.16079,1.16093,261,2,0
2026-03-10 04:00:00,1.16093,1.16096,1.16068,1.16075,257,2,0
2026-03-10 04:05:00,1.16075,1.16095,1.16075,1.1608100000000001,191,2,0
2026-03-10 04:10:00,1.1608100000000001,1.16123,1.1608100000000001,1.16123,151,2,0
2026-03-10 04:15:00,1.16123,1.16123,1.16106,1.16112,164,2,0
2026-03-10 04:20:00,1.16112,1.16122,1.161,1.16107,143,2,0
2026-03-10 04:25:00,1.16107,1.16113,1.16102,1.16113,108,2,0
2026-03-10 04:30:00,1.16113,1.16127,1.16111,1.1611799999999999,190,2,0
2026-03-10 04:35:00,1.1611799999999999,1.1611799999999999,1.161,1.16109,124,2,0
2026-03-10 04:40:00,1.16109,1.16122,1.16104,1.16119,106,2,0
2026-03-10 04:45:00,1.1611799999999999,1.16143,1.16115,1.1614200000000001,112,2,0
2026-03-10 04:50:00,1.1614200000000001,1.1614200000000001,1.16107,1.16107,126,2,0
2026-03-10 04:55:00,1.16107,1.16123,1.16107,1.16116,84,2,0
2026-03-10 05:00:00,1.16116,1.16183,1.16114,1.16178,283,2,0
2026-03-10 05:05:00,1.16178,1.16178,1.16155,1.16163,247,2,0
2026-03-10 05:10:00,1.16163,1.1618,1.16162,1.16167,256,2,0
2026-03-10 05:15:00,1.16167,1.16199,1.16166,1.16189,152,2,0
2026-03-10 05:20:00,1.16189,1.16197,1.1617899999999999,1.1618,178,2,0
2026-03-10 05:25:00,1.1618,1.16189,1.16173,1.16184,184,2,0
2026-03-10 05:30:00,1.16184,1.16191,1.16163,1.16175,155,2,0
2026-03-10 05:35:00,1.16175,1.16177,1.16159,1.16159,156,2,0
2026-03-10 05:40:00,1.16159,1.16162,1.16146,1.16147,156,2,0
2026-03-10 05:45:00,1.16146,1.16197,1.16146,1.16173,195,2,0
2026-03-10 05:50:00,1.16173,1.162,1.16166,1.16173,351,2,0
2026-03-10 05:55:00,1.16173,1.1620300000000001,1.16167,1.1620300000000001,255,2,0
2026-03-10 06:00:00,1.1620300000000001,1.16245,1.1620300000000001,1.16233,201,2,0
2026-03-10 06:05:00,1.16233,1.16247,1.1622,1.16244,192,2,0
2026-03-10 06:10:00,1.16244,1.16292,1.16237,1.16284,278,2,0
2026-03-10 06:15:00,1.16284,1.16294,1.1626400000000001,1.16269,223,2,0
2026-03-10 06:20:00,1.1627,1.163,1.16266,1.1629800000000001,252,2,0
2026-03-10 06:25:00,1.1629800000000001,1.16305,1.16268,1.16283,303,2,0
2026-03-10 06:30:00,1.16283,1.1630099999999999,1.16271,1.16296,201,2,0
2026-03-10 06:35:00,1.16296,1.1636199999999999,1.16296,1.16351,245,2,0
2026-03-10 06:40:00,1.16351,1.16357,1.16311,1.16354,269,2,0
2026-03-10 06:45:00,1.16354,1.16374,1.16328,1.16329,302,2,0
2026-03-10 06:50:00,1.16329,1.16334,1.16292,1.16303,280,2,0
2026-03-10 06:55:00,1.16303,1.16331,1.16302,1.16324,252,2,0
2026-03-10 07:00:00,1.16324,1.1636,1.16288,1.16347,671,2,0
2026-03-10 07:05:00,1.16347,1.1639599999999999,1.16347,1.1639599999999999,496,2,0
2026-03-10 07:10:00,1.16395,1.16416,1.16285,1.16291,541,2,0
2026-03-10 07:15:00,1.16291,1.1635900000000001,1.16276,1.16358,454,2,0
2026-03-10 07:20:00,1.16358,1.16412,1.16354,1.16408,486,2,0
2026-03-10 07:25:00,1.16408,1.1646,1.16405,1.1645,361,2,0
2026-03-10 07:30:00,1.1645,1.1647,1.16417,1.16439,509,2,0
2026-03-10 07:35:00,1.16439,1.165,1.16433,1.16492,347,2,0
2026-03-10 07:40:00,1.16492,1.16529,1.16482,1.16523,360,2,0
2026-03-10 07:45:00,1.16523,1.1658,1.16522,1.16578,416,2,0
2026-03-10 07:50:00,1.16578,1.16636,1.16565,1.16565,452,2,0
2026-03-10 07:55:00,1.16565,1.16609,1.16543,1.16604,561,2,0
2026-03-10 08:00:00,1.16604,1.16619,1.1654,1.16562,958,2,0
2026-03-10 08:05:00,1.16562,1.16566,1.16494,1.16539,682,2,0
2026-03-10 08:10:00,1.16539,1.1654,1.165,1.16516,725,2,0
2026-03-10 08:15:00,1.16516,1.16546,1.16493,1.16494,542,2,0
2026-03-10 08:20:00,1.16494,1.16548,1.16476,1.16528,463,2,0
2026-03-10 08:25:00,1.16528,1.16559,1.16504,1.1654200000000001,557,2,0
2026-03-10 08:30:00,1.1654200000000001,1.16552,1.16497,1.16521,439,2,0
2026-03-10 08:35:00,1.16521,1.1655,1.1648100000000001,1.16549,510,2,0
2026-03-10 08:40:00,1.16549,1.16598,1.16549,1.16552,432,2,0
2026-03-10 08:45:00,1.16552,1.16572,1.16539,1.16554,391,2,0
2026-03-10 08:50:00,1.16553,1.16556,1.16473,1.16503,562,2,0
2026-03-10 08:55:00,1.16503,1.16511,1.1643,1.16456,569,2,0
2026-03-10 09:00:00,1.16456,1.16509,1.16438,1.16494,537,2,0
2026-03-10 09:05:00,1.16494,1.16511,1.16461,1.16505,433,2,0
2026-03-10 09:10:00,1.16505,1.1657,1.165,1.16549,331,2,0
2026-03-10 09:15:00,1.16549,1.1657899999999999,1.16516,1.16529,424,2,0
2026-03-10 09:20:00,1.1653,1.16546,1.16501,1.16536,402,2,0
2026-03-10 09:25:00,1.16536,1.16553,1.16502,1.16529,369,2,0
2026-03-10 09:30:00,1.16528,1.16563,1.16524,1.16534,314,2,0
2026-03-10 09:35:00,1.16534,1.1655,1.16522,1.16544,299,2,0
2026-03-10 09:40:00,1.16544,1.16587,1.16522,1.16581,355,2,0
2026-03-10 09:45:00,1.16581,1.16589,1.16512,1.16534,393,2,0
2026-03-10 09:50:00,1.16534,1.1656900000000001,1.16528,1.16552,377,2,0
2026-03-10 09:55:00,1.16552,1.16561,1.16507,1.16513,355,2,0
2026-03-10 10:00:00,1.16513,1.16516,1.16454,1.16492,375,2,0
2026-03-10 10:05:00,1.16492,1.16496,1.16461,1.16494,295,2,0
2026-03-10 10:10:00,1.16494,1.16498,1.16463,1.16469,297,2,0
2026-03-10 10:15:00,1.16468,1.16468,1.1642000000000001,1.16422,452,2,0
2026-03-10 10:20:00,1.16422,1.16471,1.1642000000000001,1.16453,428,2,0
2026-03-10 10:25:00,1.16453,1.16464,1.16426,1.16446,395,2,0
2026-03-10 10:30:00,1.16446,1.1644700000000001,1.16338,1.16338,487,2,0
2026-03-10 10:35:00,1.16339,1.16344,1.16201,1.16287,983,2,0
2026-03-10 10:40:00,1.16287,1.1636,1.1628,1.16358,511,2,0
2026-03-10 10:45:00,1.16358,1.16368,1.16308,1.16324,457,2,0
2026-03-10 10:50:00,1.16324,1.16357,1.16311,1.16343,485,2,0
2026-03-10 10:55:00,1.16343,1.16397,1.16329,1.16395,359,2,0
2026-03-10 11:00:00,1.16395,1.1651799999999999,1.16383,1.16493,506,2,0
2026-03-10 11:05:00,1.16492,1.16529,1.16441,1.16448,1045,2,0
2026-03-10 11:10:00,1.16448,1.16477,1.16443,1.1645,670,2,0
2026-03-10 11:15:00,1.16449,1.16474,1.1639599999999999,1.16403,570,2,0
2026-03-10 11:20:00,1.16403,1.16463,1.1639599999999999,1.16451,499,2,0
2026-03-10 11:25:00,1.16451,1.16475,1.164,1.16438,444,2,0
2026-03-10 11:30:00,1.16438,1.16444,1.16376,1.16409,451,2,0
2026-03-10 11:35:00,1.16409,1.16449,1.16409,1.16437,452,2,0
2026-03-10 11:40:00,1.16437,1.16445,1.16412,1.16431,451,2,0
2026-03-10 11:45:00,1.16431,1.16464,1.16405,1.16438,456,2,0
2026-03-10 11:50:00,1.16438,1.16477,1.16438,1.16441,378,2,0
2026-03-10 11:55:00,1.16441,1.16441,1.1636199999999999,1.16383,456,2,0
2026-03-10 12:00:00,1.16383,1.16405,1.16328,1.1633,653,2,0
2026-03-10 12:05:00,1.1633,1.1633,1.1621299999999999,1.16243,940,2,0
2026-03-10 12:10:00,1.16243,1.16289,1.16223,1.1626,605,2,0
2026-03-10 12:15:00,1.1626,1.16296,1.16223,1.16284,504,2,0
2026-03-10 12:20:00,1.16284,1.16323,1.1625,1.16294,740,2,0
2026-03-10 12:25:00,1.16294,1.16312,1.16265,1.16273,514,2,0
2026-03-10 12:30:00,1.16273,1.163,1.16258,1.1627,516,2,0
2026-03-10 12:35:00,1.1627,1.16297,1.16229,1.16237,516,2,0
2026-03-10 12:40:00,1.16237,1.16313,1.16236,1.163,433,2,0
2026-03-10 12:45:00,1.163,1.16373,1.163,1.16373,513,2,0
2026-03-10 12:50:00,1.16373,1.16408,1.16342,1.1638600000000001,558,2,0
2026-03-10 12:55:00,1.16385,1.16397,1.16329,1.16344,474,2,0
2026-03-10 13:00:00,1.16344,1.16403,1.1633499999999999,1.16385,698,2,0
2026-03-10 13:05:00,1.16385,1.16429,1.16384,1.16405,506,2,0
2026-03-10 13:10:00,1.16405,1.1644700000000001,1.16368,1.16414,629,2,0
2026-03-10 13:15:00,1.16414,1.16446,1.16398,1.16428,556,2,0
2026-03-10 13:20:00,1.16427,1.16489,1.16418,1.16466,475,2,0
2026-03-10 13:25:00,1.16466,1.16479,1.16431,1.16445,440,2,0
2026-03-10 13:30:00,1.16445,1.16458,1.16339,1.16384,1145,2,0
2026-03-10 13:35:00,1.16384,1.16419,1.16351,1.16402,929,2,0
2026-03-10 13:40:00,1.16402,1.16408,1.16331,1.16387,984,2,0
2026-03-10 13:45:00,1.16387,1.16387,1.1632,1.1635900000000001,947,2,0
2026-03-10 13:50:00,1.1636,1.16364,1.1629,1.16317,789,2,0
2026-03-10 13:55:00,1.16317,1.16329,1.16299,1.1632,544,2,0
2026-03-10 14:00:00,1.16322,1.16331,1.16278,1.16312,793,2,0
2026-03-10 14:05:00,1.16312,1.16348,1.16273,1.16279,925,2,0
2026-03-10 14:10:00,1.16279,1.1631,1.16271,1.16308,687,2,0
2026-03-10 14:15:00,1.16308,1.16376,1.1630099999999999,1.16372,784,2,0
2026-03-10 14:20:00,1.16372,1.1638600000000001,1.1635900000000001,1.16369,628,2,0
2026-03-10 14:25:00,1.16369,1.16391,1.16361,1.1638600000000001,456,2,0
2026-03-10 14:30:00,1.1638600000000001,1.16445,1.16384,1.16438,685,2,0
2026-03-10 14:35:00,1.16436,1.16444,1.16413,1.16443,530,2,0
2026-03-10 14:40:00,1.16443,1.16497,1.16436,1.1648,623,2,0
2026-03-10 14:45:00,1.1648100000000001,1.16488,1.16401,1.16437,596,2,0
2026-03-10 14:50:00,1.16437,1.16495,1.16435,1.16474,485,2,0
2026-03-10 14:55:00,1.16474,1.16504,1.16468,1.1648399999999999,430,2,0
2026-03-10 15:00:00,1.1648399999999999,1.16515,1.1648,1.16485,506,2,0
2026-03-10 15:05:00,1.16485,1.16487,1.16427,1.16436,464,2,0
2026-03-10 15:10:00,1.16436,1.16479,1.16419,1.16454,516,2,0
2026-03-10 15:15:00,1.16454,1.16493,1.1639599999999999,1.16492,537,2,0
2026-03-10 15:20:00,1.16492,1.16502,1.16453,1.16465,430,2,0
2026-03-10 15:25:00,1.16465,1.16485,1.16438,1.16444,320,2,0
2026-03-10 15:30:00,1.16444,1.16474,1.16429,1.16472,386,2,0
2026-03-10 15:35:00,1.16472,1.16515,1.16461,1.16486,532,2,0
2026-03-10 15:40:00,1.16486,1.1655,1.16485,1.16539,517,2,0
2026-03-10 15:45:00,1.1654,1.16552,1.1648399999999999,1.1649,541,2,0
2026-03-10 15:50:00,1.1649,1.16509,1.16442,1.16461,612,2,0
2026-03-10 15:55:00,1.16461,1.1648,1.16453,1.16475,472,2,0
2026-03-10 16:00:00,1.16475,1.16476,1.16419,1.1642000000000001,419,2,0
2026-03-10 16:05:00,1.1642000000000001,1.1642299999999999,1.1639,1.16403,391,2,0
2026-03-10 16:10:00,1.16403,1.16439,1.16403,1.1642299999999999,375,2,0
2026-03-10 16:15:00,1.1642299999999999,1.1646,1.16415,1.16448,274,2,0
2026-03-10 16:20:00,1.16448,1.16462,1.16434,1.16449,279,2,0
2026-03-10 16:25:00,1.1645,1.16469,1.16439,1.16454,247,2,0
2026-03-10 16:30:00,1.16455,1.1654200000000001,1.16449,1.16535,458,2,0
2026-03-10 16:35:00,1.16535,1.16544,1.16491,1.16509,382,2,0
2026-03-10 16:40:00,1.16509,1.16509,1.16471,1.16472,426,2,0
2026-03-10 16:45:00,1.16472,1.16476,1.1643,1.1643,339,2,0
2026-03-10 16:50:00,1.1643,1.1653,1.16429,1.1653,363,2,0
2026-03-10 16:55:00,1.1653,1.16545,1.16506,1.16516,425,2,0
2026-03-10 17:00:00,1.16516,1.16551,1.16515,1.16544,364,2,0
2026-03-10 17:05:00,1.16544,1.16602,1.16539,1.16589,418,2,0
2026-03-10 17:10:00,1.16589,1.16607,1.16523,1.1655,472,2,0
2026-03-10 17:15:00,1.16551,1.16667,1.16543,1.1666400000000001,692,2,0
2026-03-10 17:20:00,1.1666400000000001,1.16668,1.16623,1.16632,839,2,0
2026-03-10 17:25:00,1.16632,1.16672,1.16595,1.16595,566,2,0
2026-03-10 17:30:00,1.16595,1.16596,1.1651799999999999,1.16519,630,2,0
2026-03-10 17:35:00,1.1652,1.1654200000000001,1.16451,1.1648,965,2,0
2026-03-10 17:40:00,1.1648100000000001,1.16482,1.16434,1.16443,735,2,0
2026-03-10 17:45:00,1.16443,1.16459,1.16427,1.1643,467,2,0
2026-03-10 17:50:00,1.1643,1.16462,1.16414,1.16437,486,2,0
2026-03-10 17:55:00,1.16437,1.16462,1.16417,1.16451,398,2,0
2026-03-10 18:00:00,1.16451,1.16458,1.16425,1.16443,499,2,0
2026-03-10 18:05:00,1.16443,1.16453,1.16382,1.16391,499,2,0
2026-03-10 18:10:00,1.16391,1.16431,1.16283,1.16291,889,2,0
2026-03-10 18:15:00,1.16292,1.16306,1.1614,1.16147,2073,2,0
2026-03-10 18:20:00,1.16147,1.16257,1.16138,1.16216,1658,2,0
2026-03-10 18:25:00,1.16216,1.16376,1.16208,1.16339,1276,2,0
2026-03-10 18:30:00,1.1634,1.16393,1.16316,1.1637,1093,2,0
2026-03-10 18:35:00,1.16371,1.1638,1.16256,1.16288,1604,2,0
2026-03-10 18:40:00,1.16288,1.16294,1.16238,1.16259,1075,2,0
2026-03-10 18:45:00,1.16259,1.16327,1.16228,1.1629800000000001,962,2,0
2026-03-10 18:50:00,1.1629800000000001,1.16329,1.16263,1.16276,924,2,0
2026-03-10 18:55:00,1.16276,1.16292,1.16237,1.16242,565,2,0
2026-03-10 19:00:00,1.16243,1.16249,1.16199,1.1623999999999999,589,2,0
2026-03-10 19:05:00,1.1623999999999999,1.16268,1.16222,1.16254,566,2,0
2026-03-10 19:10:00,1.16254,1.16259,1.16214,1.16256,438,2,0
2026-03-10 19:15:00,1.16256,1.16285,1.16248,1.1626400000000001,468,2,0
2026-03-10 19:20:00,1.1626400000000001,1.16273,1.16199,1.16217,676,2,0
2026-03-10 19:25:00,1.16216,1.1622,1.16156,1.16161,683,2,0
2026-03-10 19:30:00,1.16159,1.16168,1.16134,1.16148,442,2,0
2026-03-10 19:35:00,1.16148,1.16154,1.16114,1.16144,623,2,0
2026-03-10 19:40:00,1.16144,1.16199,1.16061,1.16143,1449,2,0
2026-03-10 19:45:00,1.1614200000000001,1.16154,1.16083,1.1610800000000001,735,2,0
2026-03-10 19:50:00,1.1610800000000001,1.1615,1.16099,1.16134,451,2,0
2026-03-10 19:55:00,1.16134,1.16148,1.16105,1.16141,382,2,0
2026-03-10 20:00:00,1.16148,1.1615199999999999,1.1609,1.1609099999999999,331,2,0
2026-03-10 20:05:00,1.1609099999999999,1.16133,1.16077,1.16097,206,2,0
2026-03-10 20:10:00,1.16097,1.16138,1.16087,1.16131,195,2,0
2026-03-10 20:15:00,1.16131,1.16139,1.16099,1.16109,119,2,0
2026-03-10 20:20:00,1.16109,1.16153,1.16106,1.1614,139,2,0
2026-03-10 20:25:00,1.1614,1.16143,1.16123,1.16143,230,2,0
2026-03-10 20:30:00,1.16143,1.16146,1.16132,1.16134,91,2,0
2026-03-10 20:35:00,1.16134,1.16136,1.16105,1.16129,122,2,0
2026-03-10 20:40:00,1.16129,1.16133,1.16105,1.16106,76,2,0
2026-03-10 20:45:00,1.16106,1.16115,1.16088,1.16093,189,2,0
2026-03-10 20:50:00,1.16092,1.16106,1.16085,1.16093,76,4,0
2026-03-10 20:55:00,1.16093,1.16099,1.16077,1.1609,314,6,0
2026-03-10 21:00:00,1.16099,1.16099,1.16038,1.1606,29,17,0
2026-03-10 21:05:00,1.1606,1.1606,1.16053,1.1605699999999999,18,29,0
2026-03-10 21:10:00,1.1605699999999999,1.16065,1.16052,1.16052,23,23,0
2026-03-10 21:15:00,1.16052,1.1609,1.16048,1.16069,30,8,0
2026-03-10 21:20:00,1.16069,1.16079,1.16069,1.16072,19,41,0
2026-03-10 21:25:00,1.16072,1.16083,1.1607,1.16072,33,23,0
2026-03-10 21:30:00,1.16072,1.16072,1.16056,1.16059,21,35,0
2026-03-10 21:35:00,1.16059,1.16073,1.16054,1.16073,12,40,0
2026-03-10 21:40:00,1.16073,1.16099,1.16073,1.16095,220,23,0
2026-03-10 21:45:00,1.16095,1.161,1.16089,1.16097,77,29,0
2026-03-10 21:50:00,1.16097,1.16105,1.16087,1.16102,21,28,0
2026-03-10 21:55:00,1.16102,1.16105,1.16068,1.16068,17,30,0
2026-03-10 22:00:00,1.16068,1.1610800000000001,1.16068,1.16106,66,43,0
2026-03-10 22:05:00,1.16106,1.16106,1.16055,1.16065,66,42,0
2026-03-10 22:10:00,1.16065,1.16074,1.16064,1.16067,35,43,0
2026-03-10 22:15:00,1.16067,1.16071,1.1605699999999999,1.16059,58,44,0
2026-03-10 22:20:00,1.16059,1.16062,1.16048,1.16052,111,43,0
2026-03-10 22:25:00,1.16052,1.16055,1.16039,1.16041,103,44,0
2026-03-10 22:30:00,1.16041,1.16052,1.16029,1.1604,146,43,0
2026-03-10 22:35:00,1.1604,1.16041,1.1602000000000001,1.16021,74,42,0
2026-03-10 22:40:00,1.16021,1.16023,1.16009,1.16021,86,42,0
2026-03-10 22:45:00,1.16021,1.16026,1.16007,1.16009,87,43,0
2026-03-10 22:50:00,1.1601,1.16022,1.16009,1.16019,80,43,0
2026-03-10 22:55:00,1.16019,1.16053,1.16017,1.16046,98,3,0
2026-03-10 23:00:00,1.1604700000000001,1.16082,1.1604700000000001,1.16052,187,2,0
2026-03-10 23:05:00,1.16052,1.16067,1.16052,1.16066,67,2,0
2026-03-10 23:10:00,1.16066,1.16102,1.16066,1.16099,123,2,0
2026-03-10 23:15:00,1.16099,1.16103,1.1609099999999999,1.16096,100,2,0
2026-03-10 23:20:00,1.16097,1.1610800000000001,1.16096,1.16107,77,2,0
2026-03-10 23:25:00,1.16107,1.16107,1.16082,1.16082,59,2,0
2026-03-10 23:30:00,1.16082,1.16103,1.1608100000000001,1.16103,54,2,0
2026-03-10 23:35:00,1.16103,1.16107,1.16086,1.16093,81,2,0
2026-03-10 23:40:00,1.16093,1.16102,1.1609099999999999,1.16098,48,4,0
2026-03-10 23:45:00,1.16098,1.1610800000000001,1.16096,1.1610800000000001,87,2,0
2026-03-10 23:50:00,1.1610800000000001,1.16119,1.161,1.16107,114,2,0
2026-03-10 23:55:00,1.16107,1.16116,1.16093,1.16112,62,2,0
2026-03-11 00:00:00,1.16112,1.16132,1.16068,1.16072,261,2,0
2026-03-11 00:05:00,1.16072,1.16143,1.16055,1.16116,411,2,0
2026-03-11 00:10:00,1.1612,1.1623999999999999,1.16116,1.16216,633,2,0
2026-03-11 00:15:00,1.16215,1.16244,1.16211,1.16234,453,2,0
2026-03-11 00:20:00,1.16234,1.16236,1.16188,1.16207,346,2,0
2026-03-11 00:25:00,1.16208,1.16222,1.16187,1.16214,287,2,0
2026-03-11 00:30:00,1.16214,1.1623999999999999,1.1620300000000001,1.1620300000000001,313,2,0
2026-03-11 00:35:00,1.16204,1.1621299999999999,1.16175,1.16185,275,2,0
2026-03-11 00:40:00,1.16185,1.1623,1.16183,1.16226,195,2,0
2026-03-11 00:45:00,1.16226,1.16248,1.16207,1.16207,216,2,0
2026-03-11 00:50:00,1.16207,1.16221,1.16199,1.16206,220,2,0
2026-03-11 00:55:00,1.16205,1.16207,1.1618,1.1618,200,2,0
2026-03-11 01:00:00,1.1617899999999999,1.16202,1.16123,1.16137,442,2,0
2026-03-11 01:05:00,1.16137,1.16168,1.16131,1.16136,208,2,0
2026-03-11 01:10:00,1.16136,1.16184,1.16136,1.16184,206,2,0
2026-03-11 01:15:00,1.16184,1.16234,1.16167,1.16229,307,2,0
2026-03-11 01:20:00,1.16229,1.16231,1.16206,1.1623,339,2,0
2026-03-11 01:25:00,1.1623,1.16255,1.16214,1.1625,261,2,0
2026-03-11 01:30:00,1.1625,1.16255,1.1623,1.1623999999999999,288,2,0
2026-03-11 01:35:00,1.1623999999999999,1.16244,1.1621299999999999,1.16219,326,2,0
2026-03-11 01:40:00,1.16219,1.16248,1.16212,1.16244,260,2,0
2026-03-11 01:45:00,1.16244,1.16269,1.16238,1.16269,249,2,0
2026-03-11 01:50:00,1.16269,1.1628,1.16237,1.16247,187,2,0
2026-03-11 01:55:00,1.16247,1.16269,1.16237,1.16267,181,2,0
2026-03-11 02:00:00,1.16267,1.16287,1.16236,1.16239,260,2,0
2026-03-11 02:05:00,1.16239,1.1625,1.16234,1.1625,137,2,0
2026-03-11 02:10:00,1.16249,1.1625,1.16228,1.16239,152,2,0
2026-03-11 02:15:00,1.16239,1.16263,1.16234,1.16254,199,2,0
2026-03-11 02:20:00,1.16254,1.16269,1.16237,1.16238,154,2,0
2026-03-11 02:25:00,1.16238,1.16238,1.16204,1.16204,132,2,0
2026-03-11 02:30:00,1.16204,1.1621,1.16192,1.16204,158,2,0
2026-03-11 02:35:00,1.16204,1.16216,1.16184,1.16188,162,2,0
2026-03-11 02:40:00,1.16188,1.1623,1.16187,1.16228,136,2,0
2026-03-11 02:45:00,1.16228,1.1628,1.16221,1.1627399999999999,309,2,0
2026-03-11 02:50:00,1.1627399999999999,1.16292,1.16267,1.1627399999999999,229,2,0
2026-03-11 02:55:00,1.1627399999999999,1.16275,1.16252,1.16258,191,2,0
2026-03-11 03:00:00,1.16258,1.16293,1.16249,1.16285,183,2,0
2026-03-11 03:05:00,1.16285,1.16294,1.16267,1.16268,150,2,0
2026-03-11 03:10:00,1.16268,1.16278,1.16266,1.1627399999999999,113,2,0
2026-03-11 03:15:00,1.16273,1.1628,1.16268,1.1627399999999999,116,2,0
2026-03-11 03:20:00,1.1627399999999999,1.16278,1.16262,1.16271,144,2,0
2026-03-11 03:25:00,1.16271,1.16272,1.16251,1.16252,135,2,0
2026-03-11 03:30:00,1.16252,1.16291,1.16252,1.16288,126,2,0
2026-03-11 03:35:00,1.16288,1.16316,1.16288,1.16307,166,2,0
2026-03-11 03:40:00,1.16307,1.16308,1.16293,1.16304,120,2,0
2026-03-11 03:45:00,1.16304,1.16317,1.16285,1.16292,118,2,0
2026-03-11 03:50:00,1.16292,1.16292,1.1626400000000001,1.16277,128,2,0
2026-03-11 03:55:00,1.16277,1.16309,1.16276,1.16303,165,2,0
2026-03-11 04:00:00,1.16303,1.16305,1.1628,1.16294,185,2,0
2026-03-11 04:05:00,1.16294,1.16299,1.16284,1.16294,132,2,0
2026-03-11 04:10:00,1.16294,1.16315,1.1629,1.16314,146,2,0
2026-03-11 04:15:00,1.16314,1.16321,1.16299,1.16321,113,2,0
2026-03-11 04:20:00,1.1632,1.16321,1.1631,1.16314,128,2,0
2026-03-11 04:25:00,1.16314,1.16322,1.16314,1.16319,72,2,0
2026-03-11 04:30:00,1.16319,1.1632500000000001,1.16311,1.16319,114,2,0
2026-03-11 04:35:00,1.16319,1.16329,1.16315,1.16317,135,2,0
2026-03-11 04:40:00,1.16317,1.16333,1.16317,1.1633,84,2,0
2026-03-11 04:45:00,1.1633,1.16348,1.16324,1.16348,121,2,0
2026-03-11 04:50:00,1.16348,1.1635,1.1632,1.16324,96,2,0
2026-03-11 04:55:00,1.16324,1.16338,1.16321,1.16336,111,2,0
2026-03-11 05:00:00,1.1633499999999999,1.16341,1.16323,1.1633499999999999,129,2,0
2026-03-11 05:05:00,1.1633499999999999,1.1636,1.16333,1.16342,210,2,0
2026-03-11 05:10:00,1.16342,1.16347,1.16316,1.16318,157,2,0
2026-03-11 05:15:00,1.16318,1.1633499999999999,1.16309,1.16312,147,2,0
2026-03-11 05:20:00,1.16312,1.16315,1.1630099999999999,1.1630099999999999,164,2,0
2026-03-11 05:25:00,1.1630099999999999,1.16314,1.16299,1.16311,109,2,0
2026-03-11 05:30:00,1.16311,1.16326,1.16307,1.16323,176,2,0
2026-03-11 05:35:00,1.16323,1.16347,1.16321,1.1633499999999999,123,2,0
2026-03-11 05:40:00,1.1633499999999999,1.16353,1.16326,1.1633499999999999,156,2,0
2026-03-11 05:45:00,1.1633499999999999,1.1633499999999999,1.16311,1.16321,158,2,0
2026-03-11 05:50:00,1.16321,1.16343,1.16316,1.16334,197,2,0
2026-03-11 05:55:00,1.16334,1.16355,1.16318,1.16328,135,2,0
2026-03-11 06:00:00,1.16329,1.16365,1.16323,1.1633499999999999,345,2,0
2026-03-11 06:05:00,1.1633499999999999,1.16363,1.1633,1.16357,284,2,0
2026-03-11 06:10:00,1.16357,1.16395,1.1635,1.16393,240,2,0
2026-03-11 06:15:00,1.16393,1.16408,1.16375,1.1638,236,2,0
2026-03-11 06:20:00,1.1638,1.1639,1.16353,1.16354,210,2,0
2026-03-11 06:25:00,1.16354,1.1636199999999999,1.16344,1.16357,246,2,0
2026-03-11 06:30:00,1.16356,1.16371,1.1633499999999999,1.16368,215,2,0
2026-03-11 06:35:00,1.16368,1.16395,1.1635900000000001,1.1639,212,2,0
2026-03-11 06:40:00,1.1639,1.1639,1.16357,1.1635900000000001,187,2,0
2026-03-11 06:45:00,1.1635900000000001,1.16364,1.1629800000000001,1.16305,221,2,0
2026-03-11 06:50:00,1.16305,1.16345,1.16304,1.1632500000000001,203,2,0
2026-03-11 06:55:00,1.1632500000000001,1.16343,1.1632,1.16334,172,2,0
2026-03-11 07:00:00,1.16333,1.1635,1.16295,1.16317,373,2,0
2026-03-11 07:05:00,1.16317,1.16324,1.16277,1.16308,413,2,0
2026-03-11 07:10:00,1.16308,1.16354,1.16276,1.16278,377,2,0
2026-03-11 07:15:00,1.16278,1.16454,1.16278,1.16317,1225,2,0
2026-03-11 07:20:00,1.16317,1.16317,1.16248,1.1627,691,2,0
2026-03-11 07:25:00,1.1627,1.1630099999999999,1.16236,1.16299,488,2,0
2026-03-11 07:30:00,1.16299,1.1631,1.16232,1.16235,499,2,0
2026-03-11 07:35:00,1.16235,1.16268,1.16196,1.16206,523,2,0
2026-03-11 07:40:00,1.16206,1.16218,1.16147,1.16168,590,2,0
2026-03-11 07:45:00,1.16168,1.16217,1.1616,1.16216,435,2,0
2026-03-11 07:50:00,1.16216,1.16225,1.16178,1.16183,467,2,0
2026-03-11 07:55:00,1.16183,1.16183,1.16134,1.1616900000000001,565,2,0
2026-03-11 08:00:00,1.1616900000000001,1.16181,1.1615,1.1616900000000001,719,2,0
2026-03-11 08:05:00,1.1616900000000001,1.16178,1.16128,1.16161,510,2,0
2026-03-11 08:10:00,1.16161,1.1621299999999999,1.16155,1.16204,437,2,0
2026-03-11 08:15:00,1.16205,1.16205,1.16135,1.16135,440,2,0
2026-03-11 08:20:00,1.16135,1.16166,1.16114,1.16148,532,2,0
2026-03-11 08:25:00,1.16148,1.16156,1.16105,1.16147,348,2,0
2026-03-11 08:30:00,1.1615,1.16166,1.16134,1.16139,387,2,0
2026-03-11 08:35:00,1.1614,1.16141,1.16096,1.161,284,2,0
2026-03-11 08:40:00,1.161,1.16125,1.16064,1.16065,452,2,0
2026-03-11 08:45:00,1.16065,1.16073,1.16042,1.16055,433,2,0
2026-03-11 08:50:00,1.16055,1.1608100000000001,1.16041,1.16071,368,2,0
2026-03-11 08:55:00,1.16071,1.16132,1.16036,1.16125,785,2,0
2026-03-11 09:00:00,1.16124,1.16139,1.15903,1.15946,910,2,0
2026-03-11 09:05:00,1.15945,1.16034,1.15909,1.16031,721,2,0
2026-03-11 09:10:00,1.16034,1.16055,1.16001,1.16019,654,2,0
2026-03-11 09:15:00,1.1602000000000001,1.16031,1.15961,1.15961,569,2,0
2026-03-11 09:20:00,1.15961,1.15988,1.1593499999999999,1.15968,498,2,0
2026-03-11 09:25:00,1.15968,1.15973,1.15912,1.1592500000000001,561,2,0
2026-03-11 09:30:00,1.1592500000000001,1.16017,1.15916,1.15983,536,2,0
2026-03-11 09:35:00,1.15984,1.1599599999999999,1.1593499999999999,1.1597,518,2,0
2026-03-11 09:40:00,1.1596899999999999,1.1599,1.1594,1.15948,460,2,0
2026-03-11 09:45:00,1.15948,1.15965,1.15942,1.15952,493,2,0
2026-03-11 09:50:00,1.15952,1.15957,1.15905,1.15915,458,2,0
2026-03-11 09:55:00,1.15915,1.15938,1.15901,1.1592,477,2,0
2026-03-11 10:00:00,1.1592,1.15981,1.1590799999999999,1.15979,495,2,0
2026-03-11 10:05:00,1.15979,1.16001,1.15967,1.16,436,2,0
2026-03-11 10:10:00,1.15999,1.16017,1.15968,1.16014,441,2,0
2026-03-11 10:15:00,1.16014,1.16042,1.1601,1.16038,357,2,0
2026-03-11 10:20:00,1.16038,1.16052,1.1601,1.16019,316,2,0
2026-03-11 10:25:00,1.16019,1.1605,1.16019,1.16038,232,2,0
2026-03-11 10:30:00,1.16037,1.16082,1.16021,1.16072,337,2,0
2026-03-11 10:35:00,1.16072,1.16083,1.16045,1.16074,298,2,0
2026-03-11 10:40:00,1.16074,1.16115,1.1605699999999999,1.16099,310,2,0
2026-03-11 10:45:00,1.16099,1.16111,1.16063,1.16069,310,2,0
2026-03-11 10:50:00,1.16069,1.16084,1.16048,1.16084,387,2,0
2026-03-11 10:55:00,1.16084,1.16087,1.16063,1.1607,251,2,0
2026-03-11 11:00:00,1.1607,1.16095,1.1604700000000001,1.16054,316,2,0
2026-03-11 11:05:00,1.16054,1.16065,1.16035,1.16039,304,2,0
2026-03-11 11:10:00,1.16039,1.16075,1.16031,1.16074,350,2,0
2026-03-11 11:15:00,1.16074,1.16105,1.16019,1.16021,345,2,0
2026-03-11 11:20:00,1.1602000000000001,1.16062,1.16004,1.16056,318,2,0
2026-03-11 11:25:00,1.16056,1.16066,1.1602000000000001,1.16022,283,2,0
2026-03-11 11:30:00,1.16022,1.16045,1.16003,1.16014,371,2,0
2026-03-11 11:35:00,1.16014,1.16042,1.16014,1.16023,304,2,0
2026-03-11 11:40:00,1.16023,1.16046,1.15998,1.16024,387,2,0
2026-03-11 11:45:00,1.16024,1.16029,1.15946,1.15995,536,2,0
2026-03-11 11:50:00,1.15994,1.16095,1.15983,1.16008,899,2,0
2026-03-11 11:55:00,1.16008,1.16011,1.15945,1.15945,478,2,0
2026-03-11 12:00:00,1.15945,1.15975,1.15928,1.15949,644,2,0
2026-03-11 12:05:00,1.15949,1.15974,1.15933,1.15945,483,2,0
2026-03-11 12:10:00,1.15945,1.15966,1.1593,1.15943,462,2,0
2026-03-11 12:15:00,1.15942,1.16009,1.15939,1.1598,497,2,0
2026-03-11 12:20:00,1.1598,1.15999,1.15955,1.1598,469,2,0
2026-03-11 12:25:00,1.1598,1.1602000000000001,1.1595900000000001,1.16005,469,2,0
2026-03-11 12:30:00,1.16005,1.16055,1.15869,1.15886,1113,2,0
2026-03-11 12:35:00,1.15886,1.15974,1.15867,1.1597,995,2,0
2026-03-11 12:40:00,1.1597,1.15972,1.15895,1.15909,769,2,0
2026-03-11 12:45:00,1.15909,1.1591,1.15835,1.15859,770,2,0
2026-03-11 12:50:00,1.15859,1.15868,1.15774,1.15808,726,2,0
2026-03-11 12:55:00,1.15808,1.15843,1.15793,1.15825,810,2,0
2026-03-11 13:00:00,1.15825,1.159,1.15812,1.1583700000000001,938,2,0
2026-03-11 13:05:00,1.15836,1.1586400000000001,1.15791,1.15804,721,2,0
2026-03-11 13:10:00,1.15804,1.15851,1.15784,1.15845,577,2,0
2026-03-11 13:15:00,1.15845,1.15886,1.15833,1.15869,476,2,0
2026-03-11 13:20:00,1.15869,1.15906,1.15855,1.15903,437,2,0
2026-03-11 13:25:00,1.15903,1.15916,1.15853,1.1588,414,2,0
2026-03-11 13:30:00,1.1588,1.1588,1.15815,1.15839,672,2,0
2026-03-11 13:35:00,1.15839,1.15904,1.15825,1.1587,744,2,0
2026-03-11 13:40:00,1.1587,1.15894,1.15809,1.15824,665,2,0
2026-03-11 13:45:00,1.15824,1.1583,1.15777,1.15825,564,2,0
2026-03-11 13:50:00,1.15825,1.15876,1.15807,1.15856,655,2,0
2026-03-11 13:55:00,1.15856,1.15932,1.15848,1.15916,843,2,0
2026-03-11 14:00:00,1.15916,1.16127,1.15856,1.15955,2449,2,0
2026-03-11 14:05:00,1.15955,1.16042,1.15904,1.15964,2020,2,0
2026-03-11 14:10:00,1.15964,1.15988,1.15923,1.1597,1571,2,0
2026-03-11 14:15:00,1.1596899999999999,1.1599599999999999,1.15931,1.15939,1404,2,0
2026-03-11 14:20:00,1.1594,1.15954,1.1589,1.15911,1278,2,0
2026-03-11 14:25:00,1.15911,1.15936,1.1588,1.15928,874,2,0
2026-03-11 14:30:00,1.15928,1.1596899999999999,1.15856,1.15883,935,2,0
2026-03-11 14:35:00,1.15882,1.15907,1.1585,1.1588,784,2,0
2026-03-11 14:40:00,1.1588,1.15894,1.15829,1.15869,679,2,0
2026-03-11 14:45:00,1.15869,1.15931,1.15851,1.1589800000000001,692,2,0
2026-03-11 14:50:00,1.15899,1.15947,1.15849,1.15869,732,2,0
2026-03-11 14:55:00,1.15869,1.1587399999999999,1.1581,1.15819,642,2,0
2026-03-11 15:00:00,1.15819,1.15841,1.15767,1.15798,805,2,0
2026-03-11 15:05:00,1.15799,1.15805,1.15765,1.15788,641,2,0
2026-03-11 15:10:00,1.15786,1.15798,1.15762,1.15763,693,2,0
2026-03-11 15:15:00,1.15763,1.15778,1.15756,1.15765,428,2,0
2026-03-11 15:20:00,1.15765,1.15784,1.15751,1.15765,399,2,0
2026-03-11 15:25:00,1.15765,1.1577600000000001,1.1574,1.15747,409,2,0
2026-03-11 15:30:00,1.15747,1.15762,1.15713,1.15749,549,2,0
2026-03-11 15:35:00,1.15749,1.15763,1.15709,1.15713,547,2,0
2026-03-11 15:40:00,1.15713,1.15721,1.15697,1.15711,412,2,0
2026-03-11 15:45:00,1.15711,1.15712,1.15676,1.1568,371,2,0
2026-03-11 15:50:00,1.1568100000000001,1.1575,1.15679,1.15725,491,2,0
2026-03-11 15:55:00,1.15725,1.15728,1.1565400000000001,1.15661,486,2,0
2026-03-11 16:00:00,1.15661,1.15689,1.15651,1.15661,593,2,0
2026-03-11 16:05:00,1.15661,1.1567,1.1562999999999999,1.15636,436,2,0
2026-03-11 16:10:00,1.15636,1.15716,1.1562999999999999,1.15714,560,2,0
2026-03-11 16:15:00,1.15714,1.15723,1.15676,1.15706,506,2,0
2026-03-11 16:20:00,1.15706,1.1575,1.15706,1.15725,679,2,0
2026-03-11 16:25:00,1.15725,1.15729,1.15684,1.15699,517,2,0
2026-03-11 16:30:00,1.157,1.15766,1.15694,1.1575,557,2,0
2026-03-11 16:35:00,1.1575,1.15755,1.1569099999999999,1.15694,443,2,0
2026-03-11 16:40:00,1.15694,1.15716,1.1569,1.15695,367,2,0
2026-03-11 16:45:00,1.15695,1.1571,1.15679,1.15683,234,2,0
2026-03-11 16:50:00,1.15683,1.15707,1.15682,1.15699,339,2,0
2026-03-11 16:55:00,1.15699,1.15716,1.1569,1.15709,289,2,0
2026-03-11 17:00:00,1.15708,1.15726,1.15689,1.15724,340,2,0
2026-03-11 17:05:00,1.15724,1.1575199999999999,1.15724,1.15741,281,2,0
2026-03-11 17:10:00,1.15741,1.15762,1.15721,1.15748,275,2,0
2026-03-11 17:15:00,1.15748,1.15758,1.1571500000000001,1.15721,271,2,0
2026-03-11 17:20:00,1.15721,1.15746,1.15697,1.15725,354,2,0
2026-03-11 17:25:00,1.15725,1.15749,1.15725,1.15748,356,2,0
2026-03-11 17:30:00,1.15748,1.15763,1.15722,1.15738,341,2,0
2026-03-11 17:35:00,1.15738,1.15749,1.15607,1.15668,1014,2,0
2026-03-11 17:40:00,1.15668,1.1569,1.15655,1.15673,843,2,0
2026-03-11 17:45:00,1.15674,1.15687,1.1565699999999999,1.15676,588,2,0
2026-03-11 17:50:00,1.15676,1.15725,1.15673,1.15699,487,2,0
2026-03-11 17:55:00,1.15699,1.1571799999999999,1.15659,1.15712,452,2,0
2026-03-11 18:00:00,1.15711,1.15716,1.15695,1.157,276,2,0
2026-03-11 18:05:00,1.157,1.15705,1.1566,1.1566,250,2,0
2026-03-11 18:10:00,1.1566,1.15698,1.15641,1.15696,343,2,0
2026-03-11 18:15:00,1.15696,1.1572,1.15687,1.15719,366,2,0
2026-03-11 18:20:00,1.15719,1.15736,1.15705,1.15729,344,2,0
2026-03-11 18:25:00,1.15728,1.15739,1.15706,1.15721,409,2,0
2026-03-11 18:30:00,1.15721,1.15734,1.15703,1.15728,436,2,0
2026-03-11 18:35:00,1.15728,1.15735,1.15722,1.15729,140,2,0
2026-03-11 18:40:00,1.15729,1.15736,1.15719,1.15721,225,2,0
2026-03-11 18:45:00,1.15721,1.15729,1.15705,1.15706,204,1,0
2026-03-11 18:50:00,1.15707,1.1573,1.15697,1.15727,299,2,0
2026-03-11 18:55:00,1.15727,1.1574200000000001,1.15692,1.15716,279,2,0
2026-03-11 19:00:00,1.15716,1.15717,1.1568100000000001,1.1569,214,2,0
2026-03-11 19:05:00,1.1569,1.15704,1.1568,1.15699,136,2,0
2026-03-11 19:10:00,1.15699,1.15712,1.15695,1.15697,157,2,0
2026-03-11 19:15:00,1.15697,1.15714,1.15685,1.15711,159,2,0
2026-03-11 19:20:00,1.15711,1.15714,1.157,1.15709,117,2,0
2026-03-11 19:25:00,1.15709,1.15729,1.15687,1.15699,152,2,0
2026-03-11 19:30:00,1.15699,1.1571799999999999,1.15697,1.15714,117,2,0
2026-03-11 19:35:00,1.15714,1.1571799999999999,1.15693,1.15716,141,2,0
2026-03-11 19:40:00,1.15716,1.15723,1.15714,1.15722,107,2,0
2026-03-11 19:45:00,1.15722,1.1573,1.1571,1.1573,118,2,0
2026-03-11 19:50:00,1.1573,1.15761,1.15726,1.15756,138,2,0
2026-03-11 19:55:00,1.15756,1.15762,1.15726,1.1573,193,2,0
2026-03-11 20:00:00,1.1573,1.15734,1.15695,1.15707,191,2,0
2026-03-11 20:05:00,1.15707,1.15716,1.15694,1.15716,102,2,0
2026-03-11 20:10:00,1.15716,1.15725,1.15716,1.1572,95,2,0
2026-03-11 20:15:00,1.1572,1.1572,1.15705,1.15707,51,2,0
2026-03-11 20:20:00,1.15707,1.15716,1.15702,1.15714,76,2,0
2026-03-11 20:25:00,1.15714,1.1571500000000001,1.15701,1.15701,62,2,0
2026-03-11 20:30:00,1.15701,1.15712,1.15696,1.15696,84,2,0
2026-03-11 20:35:00,1.15696,1.15696,1.15667,1.15674,63,2,0
2026-03-11 20:40:00,1.15674,1.15675,1.15659,1.15661,57,2,0
2026-03-11 20:45:00,1.15661,1.15661,1.15648,1.15649,63,2,0
2026-03-11 20:50:00,1.15648,1.15661,1.15648,1.1565400000000001,91,2,0
2026-03-11 20:55:00,1.1565400000000001,1.15669,1.15639,1.15639,228,2,0
2026-03-11 21:00:00,1.15638,1.15638,1.15636,1.15637,15,55,0
2026-03-11 21:05:00,1.15637,1.15642,1.15637,1.15642,8,51,0
2026-03-11 21:10:00,1.15642,1.15659,1.15638,1.15645,22,53,0
2026-03-11 21:15:00,1.15645,1.15661,1.15642,1.15643,63,80,0
2026-03-11 21:20:00,1.15643,1.15652,1.15636,1.15647,16,50,0
2026-03-11 21:25:00,1.15647,1.15647,1.15631,1.15631,70,58,0
2026-03-11 21:30:00,1.15631,1.15647,1.15631,1.15639,23,59,0
2026-03-11 21:35:00,1.15639,1.1564,1.15637,1.15637,15,75,0
2026-03-11 21:40:00,1.15637,1.15639,1.15633,1.15638,43,73,0
2026-03-11 21:45:00,1.15637,1.15639,1.15635,1.15638,57,74,0
2026-03-11 21:50:00,1.15638,1.15639,1.15631,1.15634,45,72,0
2026-03-11 21:55:00,1.15634,1.1571,1.15623,1.15708,130,53,0
2026-03-11 22:00:00,1.15708,1.15711,1.15655,1.15658,220,49,0
2026-03-11 22:05:00,1.15658,1.15674,1.15647,1.15663,223,10,0
2026-03-11 22:10:00,1.15663,1.15693,1.15663,1.1568,61,8,0
2026-03-11 22:15:00,1.1568,1.15684,1.15669,1.15676,48,7,0
2026-03-11 22:20:00,1.15676,1.15676,1.15648,1.15649,97,6,0
2026-03-11 22:25:00,1.15649,1.1565,1.1559599999999999,1.15609,319,2,0
2026-03-11 22:30:00,1.15609,1.15612,1.1556,1.1556,197,2,0
2026-03-11 22:35:00,1.1556,1.15586,1.15549,1.15557,205,2,0
2026-03-11 22:40:00,1.15557,1.15557,1.15509,1.15509,203,2,0
2026-03-11 22:45:00,1.15509,1.15539,1.15509,1.15519,146,2,0
2026-03-11 22:50:00,1.15519,1.1552,1.15504,1.15505,92,3,0
2026-03-11 22:55:00,1.15505,1.1551,1.15493,1.15499,97,2,0
2026-03-11 23:00:00,1.15499,1.1553499999999999,1.15479,1.15494,201,2,0
2026-03-11 23:05:00,1.15493,1.15518,1.15479,1.15479,166,2,0
2026-03-11 23:10:00,1.15479,1.15494,1.15477,1.15488,175,2,0
2026-03-11 23:15:00,1.15488,1.15493,1.15452,1.15457,169,2,0
2026-03-11 23:20:00,1.15457,1.15477,1.15453,1.15458,95,2,0
2026-03-11 23:25:00,1.15458,1.15475,1.1544699999999999,1.1544699999999999,95,2,0
2026-03-11 23:30:00,1.1544699999999999,1.15449,1.15415,1.15418,137,2,0
2026-03-11 23:35:00,1.15418,1.1544,1.15405,1.15409,179,2,0
2026-03-11 23:40:00,1.1541,1.15419,1.15396,1.15418,153,2,0
2026-03-11 23:45:00,1.15418,1.15426,1.15399,1.154,141,2,0
2026-03-11 23:50:00,1.154,1.15434,1.15396,1.15434,132,2,0
2026-03-11 23:55:00,1.15434,1.15434,1.15405,1.15425,132,2,0
2026-03-12 00:00:00,1.15425,1.15429,1.15401,1.15405,288,2,0
2026-03-12 00:05:00,1.15405,1.15405,1.15351,1.15369,256,2,0
2026-03-12 00:10:00,1.15369,1.1539,1.1534,1.1534,247,2,0
2026-03-12 00:15:00,1.1534,1.15366,1.15339,1.15346,220,2,0
2026-03-12 00:20:00,1.15346,1.15392,1.15341,1.15385,235,2,0
2026-03-12 00:25:00,1.15385,1.15408,1.15355,1.15394,165,2,0
2026-03-12 00:30:00,1.15394,1.15401,1.15373,1.15401,159,2,0
2026-03-12 00:35:00,1.15401,1.15452,1.15401,1.15451,130,2,0
2026-03-12 00:40:00,1.15451,1.15475,1.15451,1.1547,104,2,0
2026-03-12 00:45:00,1.1547,1.1549800000000001,1.15468,1.15494,112,2,0
2026-03-12 00:50:00,1.15494,1.15494,1.15471,1.15485,272,2,0
2026-03-12 00:55:00,1.15485,1.15499,1.15457,1.15459,401,2,0
2026-03-12 01:00:00,1.15459,1.15511,1.15457,1.1549,449,2,0
2026-03-12 01:05:00,1.1549,1.155,1.15453,1.15468,249,2,0
2026-03-12 01:10:00,1.15468,1.15493,1.15459,1.15489,193,2,0
2026-03-12 01:15:00,1.15489,1.155,1.15469,1.15499,282,2,0
2026-03-12 01:20:00,1.155,1.15531,1.15486,1.1553,250,2,0
2026-03-12 01:25:00,1.1553,1.15536,1.15515,1.1553,314,2,0
2026-03-12 01:30:00,1.1553,1.15531,1.155,1.1550799999999999,146,2,0
2026-03-12 01:35:00,1.1550799999999999,1.15555,1.15504,1.1555,189,2,0
2026-03-12 01:40:00,1.1555,1.15555,1.15541,1.15548,167,2,0
2026-03-12 01:45:00,1.15548,1.15551,1.1553,1.1554,146,2,0
2026-03-12 01:50:00,1.1554,1.15541,1.15484,1.15495,173,2,0
2026-03-12 01:55:00,1.15495,1.15506,1.15488,1.15506,132,2,0
2026-03-12 02:00:00,1.15506,1.1553200000000001,1.15506,1.1553200000000001,118,2,0
2026-03-12 02:05:00,1.1553200000000001,1.15542,1.15518,1.15525,129,2,0
2026-03-12 02:10:00,1.15525,1.15525,1.15499,1.155,166,2,0
2026-03-12 02:15:00,1.155,1.155,1.15475,1.15475,148,2,0
2026-03-12 02:20:00,1.15475,1.15478,1.15438,1.1545,157,2,0
2026-03-12 02:25:00,1.1545,1.15454,1.15409,1.1541,193,2,0
2026-03-12 02:30:00,1.1541,1.15424,1.15369,1.1537,222,2,0
2026-03-12 02:35:00,1.1537,1.15377,1.15321,1.15348,354,2,0
2026-03-12 02:40:00,1.15348,1.15368,1.1534200000000001,1.15353,197,2,0
2026-03-12 02:45:00,1.15353,1.1537,1.15333,1.15351,265,2,0
2026-03-12 02:50:00,1.15351,1.15373,1.15343,1.15368,243,2,0
2026-03-12 02:55:00,1.15368,1.15395,1.15365,1.15387,221,2,0
2026-03-12 03:00:00,1.15387,1.1540300000000001,1.1537,1.15371,243,2,0
2026-03-12 03:05:00,1.15371,1.15385,1.15364,1.15374,202,2,0
2026-03-12 03:10:00,1.15374,1.15383,1.1533,1.15349,152,2,0
2026-03-12 03:15:00,1.15349,1.1537,1.15335,1.15365,206,2,0
2026-03-12 03:20:00,1.15365,1.15383,1.15361,1.15379,133,2,0
2026-03-12 03:25:00,1.15379,1.15379,1.15346,1.15355,139,2,0
2026-03-12 03:30:00,1.15355,1.15377,1.15354,1.1537,139,2,0
2026-03-12 03:35:00,1.1537,1.15379,1.15351,1.1536,122,2,0
2026-03-12 03:40:00,1.1536,1.15388,1.1536,1.15383,63,2,0
2026-03-12 03:45:00,1.15383,1.15388,1.15379,1.15385,79,2,0
2026-03-12 03:50:00,1.15385,1.15401,1.15372,1.1537600000000001,115,2,0
2026-03-12 03:55:00,1.1537600000000001,1.15383,1.15367,1.15382,79,2,0
2026-03-12 04:00:00,1.15382,1.15389,1.15369,1.15385,103,2,0
2026-03-12 04:05:00,1.15385,1.15391,1.15379,1.15385,96,2,0
2026-03-12 04:10:00,1.15385,1.15393,1.1538,1.1538599999999999,102,2,0
2026-03-12 04:15:00,1.1538599999999999,1.15398,1.15381,1.15398,106,2,0
2026-03-12 04:20:00,1.15398,1.15399,1.15384,1.15385,78,2,0
2026-03-12 04:25:00,1.15385,1.15398,1.15378,1.15393,52,2,0
2026-03-12 04:30:00,1.15393,1.15396,1.1535,1.15353,135,2,0
2026-03-12 04:35:00,1.15353,1.15356,1.15337,1.15341,110,2,0
2026-03-12 04:40:00,1.15341,1.15344,1.15321,1.15323,104,2,0
2026-03-12 04:45:00,1.15323,1.1533,1.1532,1.15323,89,2,0
2026-03-12 04:50:00,1.15323,1.15347,1.15317,1.15344,95,2,0
2026-03-12 04:55:00,1.15344,1.15348,1.15321,1.1533,99,2,0
2026-03-12 05:00:00,1.1533,1.15426,1.15326,1.15374,408,2,0
2026-03-12 05:05:00,1.15374,1.15426,1.15363,1.15426,311,2,0
2026-03-12 05:10:00,1.15426,1.1543700000000001,1.15383,1.15395,272,2,0
2026-03-12 05:15:00,1.15395,1.15423,1.15361,1.15395,248,2,0
2026-03-12 05:20:00,1.15395,1.15405,1.1538,1.1538,216,2,0
2026-03-12 05:25:00,1.1538,1.1541299999999999,1.1536,1.15408,257,2,0
2026-03-12 05:30:00,1.15408,1.15425,1.15406,1.15409,190,2,0
2026-03-12 05:35:00,1.15409,1.15416,1.15402,1.15416,144,2,0
2026-03-12 05:40:00,1.15416,1.1544699999999999,1.15415,1.15439,175,2,0
2026-03-12 05:45:00,1.15439,1.15451,1.15387,1.15393,188,2,0
2026-03-12 05:50:00,1.15392,1.15394,1.15367,1.15388,136,2,0
2026-03-12 05:55:00,1.15388,1.15407,1.15375,1.15394,145,2,0
2026-03-12 06:00:00,1.15395,1.15442,1.15392,1.15441,205,2,0
2026-03-12 06:05:00,1.15441,1.1547,1.15432,1.15467,158,2,0
2026-03-12 06:10:00,1.15467,1.15488,1.15412,1.15431,317,2,0
2026-03-12 06:15:00,1.15431,1.15466,1.15428,1.15429,192,2,0
2026-03-12 06:20:00,1.15429,1.15472,1.15418,1.15469,226,2,0
2026-03-12 06:25:00,1.15469,1.15491,1.15436,1.15475,370,2,0
2026-03-12 06:30:00,1.15475,1.15505,1.15462,1.155,235,2,0
2026-03-12 06:35:00,1.155,1.15501,1.15475,1.15475,155,2,0
2026-03-12 06:40:00,1.15475,1.15493,1.15472,1.1549,171,2,0
2026-03-12 06:45:00,1.1549,1.15514,1.15484,1.15496,198,2,0
2026-03-12 06:50:00,1.15496,1.15496,1.15446,1.15466,234,2,0
2026-03-12 06:55:00,1.15466,1.15481,1.15457,1.15477,145,2,0
2026-03-12 07:00:00,1.15477,1.15512,1.15461,1.15493,233,2,0
2026-03-12 07:05:00,1.15493,1.15514,1.15468,1.15477,219,2,0
2026-03-12 07:10:00,1.15477,1.15518,1.15477,1.15517,179,2,0
2026-03-12 07:15:00,1.15517,1.15523,1.15504,1.15517,159,2,0
2026-03-12 07:20:00,1.15517,1.15528,1.15501,1.15512,185,2,0
2026-03-12 07:25:00,1.15513,1.15516,1.15492,1.15497,174,2,0
2026-03-12 07:30:00,1.15497,1.15501,1.15429,1.15431,317,2,0
2026-03-12 07:35:00,1.15431,1.15457,1.15424,1.1545,257,2,0
2026-03-12 07:40:00,1.1545,1.15488,1.1545,1.15476,285,2,0
2026-03-12 07:45:00,1.15476,1.15493,1.15415,1.15441,301,2,0
2026-03-12 07:50:00,1.15441,1.15473,1.15435,1.15461,225,2,0
2026-03-12 07:55:00,1.15461,1.15512,1.1546,1.15511,386,2,0
2026-03-12 08:00:00,1.15511,1.15555,1.15506,1.15542,443,2,0
2026-03-12 08:05:00,1.15542,1.15542,1.15521,1.15537,308,2,0
2026-03-12 08:10:00,1.15537,1.1556,1.15533,1.15542,278,2,0
2026-03-12 08:15:00,1.15542,1.15557,1.15527,1.15548,272,2,0
2026-03-12 08:20:00,1.15548,1.15548,1.15503,1.15504,270,2,0
2026-03-12 08:25:00,1.15504,1.15527,1.15486,1.15487,265,2,0
2026-03-12 08:30:00,1.15487,1.155,1.15468,1.15483,284,2,0
2026-03-12 08:35:00,1.15483,1.15495,1.15459,1.15464,198,2,0
2026-03-12 08:40:00,1.15464,1.15492,1.15449,1.1549,256,2,0
2026-03-12 08:45:00,1.15491,1.15502,1.15442,1.15484,321,2,0
2026-03-12 08:50:00,1.15484,1.15486,1.15433,1.15435,263,2,0
2026-03-12 08:55:00,1.15436,1.15482,1.15433,1.15473,258,2,0
2026-03-12 09:00:00,1.15473,1.15483,1.15448,1.15472,298,2,0
2026-03-12 09:05:00,1.15472,1.15486,1.15453,1.15467,257,2,0
2026-03-12 09:10:00,1.15467,1.15467,1.15445,1.1546,227,2,0
2026-03-12 09:15:00,1.1546,1.15492,1.15454,1.15492,218,2,0
2026-03-12 09:20:00,1.15492,1.15515,1.15476,1.15515,227,2,0
2026-03-12 09:25:00,1.15514,1.15558,1.15506,1.15551,275,2,0
2026-03-12 09:30:00,1.15551,1.15581,1.15549,1.15575,269,2,0
2026-03-12 09:35:00,1.15575,1.15578,1.15552,1.15563,273,2,0
2026-03-12 09:40:00,1.15563,1.15598,1.15563,1.1559300000000001,325,2,0
2026-03-12 09:45:00,1.1559300000000001,1.15602,1.15566,1.15601,234,2,0
2026-03-12 09:50:00,1.15601,1.15606,1.15575,1.15587,269,2,0
2026-03-12 09:55:00,1.15587,1.15612,1.15586,1.1559599999999999,248,2,0
2026-03-12 10:00:00,1.15595,1.15617,1.15592,1.15617,287,2,0
2026-03-12 10:05:00,1.15617,1.15628,1.15595,1.15602,190,2,0
2026-03-12 10:10:00,1.15602,1.15621,1.1557,1.15575,173,2,0
2026-03-12 10:15:00,1.15575,1.15575,1.15516,1.15534,302,2,0
2026-03-12 10:20:00,1.15534,1.1554,1.15505,1.15505,191,2,0
2026-03-12 10:25:00,1.15505,1.1551,1.15493,1.15495,189,2,0
2026-03-12 10:30:00,1.15494,1.15562,1.15493,1.15558,354,2,0
2026-03-12 10:35:00,1.15558,1.15558,1.1553200000000001,1.15547,243,2,0
2026-03-12 10:40:00,1.15547,1.15548,1.15517,1.15529,228,2,0
2026-03-12 10:45:00,1.15529,1.1556,1.15523,1.15548,246,2,0
2026-03-12 10:50:00,1.15548,1.15572,1.15528,1.15562,323,2,0
2026-03-12 10:55:00,1.15562,1.15581,1.15557,1.15577,232,2,0
2026-03-12 11:00:00,1.15577,1.15588,1.15551,1.15571,314,2,0
2026-03-12 11:05:00,1.15571,1.15588,1.15567,1.15582,255,2,0
2026-03-12 11:10:00,1.15582,1.15607,1.15576,1.15586,247,2,0
2026-03-12 11:15:00,1.15586,1.1559599999999999,1.15572,1.15591,205,2,0
2026-03-12 11:20:00,1.15591,1.15607,1.15591,1.15601,229,2,0
2026-03-12 11:25:00,1.15601,1.15603,1.15574,1.1559300000000001,287,2,0
2026-03-12 11:30:00,1.1559300000000001,1.15622,1.15581,1.15609,289,2,0
2026-03-12 11:35:00,1.15609,1.15662,1.15604,1.15637,201,2,0
2026-03-12 11:40:00,1.15637,1.1564,1.15605,1.15626,339,2,0
2026-03-12 11:45:00,1.15626,1.15637,1.15598,1.15598,267,2,0
2026-03-12 11:50:00,1.15598,1.15605,1.15529,1.1553,302,2,0
2026-03-12 11:55:00,1.1553,1.15574,1.15525,1.15562,378,2,0
2026-03-12 12:00:00,1.15562,1.15573,1.15509,1.1551,435,2,0
2026-03-12 12:05:00,1.15509,1.1551,1.15449,1.15465,381,2,0
2026-03-12 12:10:00,1.15465,1.15491,1.15454,1.15466,375,2,0
2026-03-12 12:15:00,1.15466,1.15475,1.15407,1.15408,418,2,0
2026-03-12 12:20:00,1.15409,1.15409,1.15368,1.15396,401,2,0
2026-03-12 12:25:00,1.15395,1.15411,1.15391,1.15404,279,2,0
2026-03-12 12:30:00,1.15402,1.15412,1.15349,1.15354,494,2,0
2026-03-12 12:35:00,1.15354,1.1536,1.15331,1.1535199999999999,397,2,0
2026-03-12 12:40:00,1.1535199999999999,1.1537600000000001,1.15336,1.15356,322,2,0
2026-03-12 12:45:00,1.15356,1.15388,1.15324,1.15388,346,2,0
2026-03-12 12:50:00,1.15388,1.15402,1.1535,1.15368,389,2,0
2026-03-12 12:55:00,1.1537,1.15398,1.15369,1.15392,322,2,0
2026-03-12 13:00:00,1.15392,1.1547,1.15388,1.15457,387,2,0
2026-03-12 13:05:00,1.15457,1.15503,1.15453,1.15465,285,2,0
2026-03-12 13:10:00,1.15465,1.15472,1.15391,1.15394,345,2,0
2026-03-12 13:15:00,1.15394,1.15402,1.15279,1.15284,798,2,0
2026-03-12 13:20:00,1.15284,1.15361,1.15201,1.15328,1284,2,0
2026-03-12 13:25:00,1.15327,1.15392,1.15317,1.15361,777,2,0
2026-03-12 13:30:00,1.15361,1.15393,1.1531,1.15343,915,2,0
2026-03-12 13:35:00,1.15343,1.15389,1.15322,1.1538,796,2,0
2026-03-12 13:40:00,1.1538,1.1538,1.15336,1.15347,701,2,0
2026-03-12 13:45:00,1.15347,1.15347,1.15251,1.1529,729,2,0
2026-03-12 13:50:00,1.1529,1.1534200000000001,1.15244,1.15251,774,2,0
2026-03-12 13:55:00,1.15251,1.15269,1.15209,1.15261,702,2,0
2026-03-12 14:00:00,1.1526,1.1531500000000001,1.1526,1.15286,971,2,0
2026-03-12 14:05:00,1.15286,1.15292,1.15231,1.15259,749,2,0
2026-03-12 14:10:00,1.15259,1.15283,1.15238,1.1528,578,2,0
2026-03-12 14:15:00,1.1528100000000001,1.15331,1.15214,1.15231,733,2,0
2026-03-12 14:20:00,1.15231,1.15263,1.1522000000000001,1.15242,647,2,0
2026-03-12 14:25:00,1.15242,1.15272,1.152,1.152,554,2,0
2026-03-12 14:30:00,1.152,1.15229,1.15199,1.15206,514,2,0
2026-03-12 14:35:00,1.15206,1.15247,1.15167,1.15183,572,2,0
2026-03-12 14:40:00,1.15183,1.15246,1.15167,1.15241,472,2,0
2026-03-12 14:45:00,1.15241,1.1532,1.15155,1.15171,1321,2,0
2026-03-12 14:50:00,1.15171,1.15238,1.15161,1.15238,839,2,0
2026-03-12 14:55:00,1.15239,1.15265,1.15187,1.15205,663,2,0
2026-03-12 15:00:00,1.15205,1.15221,1.15148,1.15154,815,2,0
2026-03-12 15:05:00,1.15153,1.15178,1.1512,1.15127,733,2,0
2026-03-12 15:10:00,1.15127,1.1516,1.15109,1.1514,731,2,0
2026-03-12 15:15:00,1.1514,1.15173,1.15134,1.15149,533,2,0
2026-03-12 15:20:00,1.15149,1.1520299999999999,1.15135,1.15202,574,2,0
2026-03-12 15:25:00,1.15202,1.15202,1.15154,1.15199,603,2,0
2026-03-12 15:30:00,1.15199,1.1520299999999999,1.15156,1.1520299999999999,535,2,0
2026-03-12 15:35:00,1.1520299999999999,1.15258,1.15158,1.15247,787,2,0
2026-03-12 15:40:00,1.15247,1.15285,1.15211,1.15247,1357,2,0
2026-03-12 15:45:00,1.15248,1.15265,1.1521,1.15241,917,2,0
2026-03-12 15:50:00,1.15241,1.15267,1.15219,1.15258,814,2,0
2026-03-12 15:55:00,1.15258,1.15259,1.15188,1.15219,754,2,0
2026-03-12 16:00:00,1.15216,1.15243,1.15205,1.15215,678,2,0
2026-03-12 16:05:00,1.15215,1.15246,1.15134,1.15148,684,2,0
2026-03-12 16:10:00,1.15148,1.15199,1.1514199999999999,1.15189,482,2,0
2026-03-12 16:15:00,1.15189,1.15224,1.15166,1.15222,677,2,0
2026-03-12 16:20:00,1.15222,1.15326,1.15217,1.15268,798,2,0
2026-03-12 16:25:00,1.15267,1.15277,1.1519,1.15206,680,2,0
2026-03-12 16:30:00,1.15206,1.15238,1.1517,1.15205,756,2,0
2026-03-12 16:35:00,1.15205,1.15263,1.15199,1.15257,863,2,0
2026-03-12 16:40:00,1.15257,1.15268,1.15229,1.15231,645,2,0
2026-03-12 16:45:00,1.15231,1.15247,1.15179,1.15228,668,2,0
2026-03-12 16:50:00,1.15228,1.15246,1.15197,1.15214,584,2,0
2026-03-12 16:55:00,1.15214,1.15233,1.1519300000000001,1.15218,345,2,0
2026-03-12 17:00:00,1.15218,1.15287,1.15215,1.15282,408,2,0
2026-03-12 17:05:00,1.15282,1.15317,1.15245,1.15266,554,2,0
2026-03-12 17:10:00,1.15266,1.15271,1.15231,1.15234,474,2,0
2026-03-12 17:15:00,1.15234,1.15262,1.15197,1.15245,452,2,0
2026-03-12 17:20:00,1.15245,1.15301,1.15236,1.15283,509,2,0
2026-03-12 17:25:00,1.15283,1.15295,1.15247,1.15255,424,2,0
2026-03-12 17:30:00,1.15255,1.1527,1.15213,1.1522999999999999,428,2,0
2026-03-12 17:35:00,1.15231,1.1526399999999999,1.15226,1.15248,429,2,0
2026-03-12 17:40:00,1.15248,1.15261,1.15237,1.15249,305,2,0
2026-03-12 17:45:00,1.15249,1.15251,1.15206,1.1521,317,2,0
2026-03-12 17:50:00,1.1521,1.15234,1.15206,1.15214,297,2,0
2026-03-12 17:55:00,1.15214,1.15227,1.1519300000000001,1.15218,411,2,0
2026-03-12 18:00:00,1.15217,1.15241,1.15201,1.15217,396,2,0
2026-03-12 18:05:00,1.15217,1.15219,1.15194,1.152,293,2,0
2026-03-12 18:10:00,1.152,1.15212,1.15195,1.15208,272,2,0
2026-03-12 18:15:00,1.15208,1.15219,1.1519300000000001,1.152,249,2,0
2026-03-12 18:20:00,1.152,1.152,1.15165,1.15174,231,2,0
2026-03-12 18:25:00,1.15174,1.15187,1.1514199999999999,1.15144,301,2,0
2026-03-12 18:30:00,1.15144,1.15165,1.15127,1.15131,311,2,0
2026-03-12 18:35:00,1.15131,1.15148,1.1512,1.15127,320,2,0
2026-03-12 18:40:00,1.15127,1.15136,1.15111,1.15133,254,2,0
2026-03-12 18:45:00,1.15133,1.15141,1.15125,1.15136,183,2,0
2026-03-12 18:50:00,1.15136,1.15158,1.1513200000000001,1.15147,235,2,0
2026-03-12 18:55:00,1.15147,1.15154,1.15113,1.15121,192,2,0
2026-03-12 19:00:00,1.15121,1.15137,1.15107,1.15133,284,2,0
2026-03-12 19:05:00,1.15133,1.15174,1.15128,1.15167,321,2,0
2026-03-12 19:10:00,1.15167,1.15167,1.15131,1.15155,259,2,0
2026-03-12 19:15:00,1.15155,1.15165,1.15141,1.15148,228,2,0
2026-03-12 19:20:00,1.15148,1.15155,1.15137,1.15137,222,2,0
2026-03-12 19:25:00,1.15137,1.15158,1.1513200000000001,1.15155,125,2,0
2026-03-12 19:30:00,1.15155,1.15182,1.15155,1.15175,166,2,0
2026-03-12 19:35:00,1.15175,1.15183,1.15158,1.15181,230,2,0
2026-03-12 19:40:00,1.15181,1.15184,1.1516,1.15176,176,2,0
2026-03-12 19:45:00,1.15176,1.15183,1.15164,1.15167,280,2,0
2026-03-12 19:50:00,1.15167,1.15167,1.15139,1.15155,241,2,0
2026-03-12 19:55:00,1.15155,1.1516899999999999,1.15148,1.15149,216,2,0
2026-03-12 20:00:00,1.15149,1.15162,1.15131,1.1515,152,2,0
2026-03-12 20:05:00,1.1515,1.15151,1.15124,1.1513,105,2,0
2026-03-12 20:10:00,1.1513,1.15145,1.15118,1.15129,154,2,0
2026-03-12 20:15:00,1.15129,1.15133,1.15115,1.15119,268,2,0
2026-03-12 20:20:00,1.15119,1.1513,1.15114,1.15125,101,2,0
2026-03-12 20:25:00,1.15125,1.15127,1.151,1.151,97,2,0
2026-03-12 20:30:00,1.151,1.15113,1.151,1.15111,109,2,0
2026-03-12 20:35:00,1.15111,1.15127,1.15111,1.15126,64,2,0
2026-03-12 20:40:00,1.15126,1.1514,1.15121,1.15138,48,2,0
2026-03-12 20:45:00,1.15138,1.15154,1.15131,1.15145,83,2,0
2026-03-12 20:50:00,1.15145,1.15157,1.15125,1.15125,100,3,0
2026-03-12 20:55:00,1.15124,1.15131,1.15077,1.15077,208,4,0
2026-03-12 21:00:00,1.1509,1.1509800000000001,1.15087,1.15092,15,59,0
2026-03-12 21:05:00,1.1509,1.15102,1.15087,1.15091,15,58,0
2026-03-12 21:10:00,1.15091,1.15102,1.15079,1.1509,33,58,0
2026-03-12 21:15:00,1.1509,1.1509,1.1509,1.1509,5,70,0
2026-03-12 21:20:00,1.1509,1.1509,1.15082,1.15086,48,56,0
2026-03-12 21:25:00,1.15086,1.15088,1.15085,1.15087,10,75,0
2026-03-12 21:30:00,1.15086,1.15091,1.15086,1.15086,27,75,0
2026-03-12 21:35:00,1.15086,1.15087,1.15085,1.15086,27,71,0
2026-03-12 21:40:00,1.15086,1.15086,1.15083,1.15085,17,74,0
2026-03-12 21:45:00,1.15085,1.15086,1.15084,1.15085,10,75,0
2026-03-12 21:50:00,1.15085,1.15085,1.15078,1.1508099999999999,14,76,0
2026-03-12 21:55:00,1.1508099999999999,1.1508099999999999,1.15079,1.15079,7,80,0
2026-03-12 22:00:00,1.15079,1.1513200000000001,1.15079,1.15117,230,42,0
2026-03-12 22:05:00,1.15117,1.15152,1.15113,1.15149,89,2,0
2026-03-12 22:10:00,1.15149,1.15156,1.15128,1.15146,102,2,0
2026-03-12 22:15:00,1.15146,1.15153,1.15137,1.15149,84,3,0
2026-03-12 22:20:00,1.15149,1.15156,1.15146,1.15151,101,2,0
2026-03-12 22:25:00,1.15151,1.15183,1.1515,1.15178,77,3,0
2026-03-12 22:30:00,1.15178,1.15212,1.15176,1.1519,231,2,0
2026-03-12 22:35:00,1.1519,1.15198,1.15183,1.15186,114,3,0
2026-03-12 22:40:00,1.15186,1.15202,1.15184,1.15192,119,3,0
2026-03-12 22:45:00,1.15192,1.15195,1.15163,1.15167,162,2,0
2026-03-12 22:50:00,1.15167,1.15185,1.15165,1.15178,73,4,0
2026-03-12 22:55:00,1.15178,1.15189,1.15176,1.15189,78,3,0
2026-03-12 23:00:00,1.15189,1.152,1.15173,1.15198,122,2,0
2026-03-12 23:05:00,1.15198,1.15204,1.15188,1.15204,148,2,0
2026-03-12 23:10:00,1.15204,1.15204,1.15191,1.1519300000000001,64,3,0
2026-03-12 23:15:00,1.1519300000000001,1.15195,1.15158,1.15168,79,2,0
2026-03-12 23:20:00,1.15168,1.1518,1.15154,1.15157,64,2,0
2026-03-12 23:25:00,1.15157,1.1516899999999999,1.15149,1.15163,68,2,0
2026-03-12 23:30:00,1.15163,1.15177,1.15162,1.15175,59,3,0
2026-03-12 23:35:00,1.15175,1.15194,1.15175,1.15192,55,2,0
2026-03-12 23:40:00,1.15192,1.15194,1.15165,1.15189,51,2,0
2026-03-12 23:45:00,1.15189,1.15228,1.15183,1.15221,219,2,0
2026-03-12 23:50:00,1.15222,1.15224,1.15197,1.15198,113,2,0
2026-03-12 23:55:00,1.15197,1.15221,1.15195,1.15208,123,2,0
2026-03-13 00:00:00,1.15208,1.1526,1.15201,1.15251,340,2,0
2026-03-13 00:05:00,1.15251,1.15266,1.15241,1.1526399999999999,154,2,0
2026-03-13 00:10:00,1.1526399999999999,1.15269,1.15246,1.15266,140,2,0
2026-03-13 00:15:00,1.15266,1.15283,1.15257,1.15266,186,2,0
2026-03-13 00:20:00,1.15266,1.15274,1.15257,1.15262,144,2,0
2026-03-13 00:25:00,1.15262,1.15269,1.15255,1.15263,126,2,0
2026-03-13 00:30:00,1.15263,1.15263,1.15247,1.15251,134,2,0
2026-03-13 00:35:00,1.15251,1.15253,1.1522999999999999,1.15231,125,2,0
2026-03-13 00:40:00,1.15231,1.15238,1.15211,1.15216,157,2,0
2026-03-13 00:45:00,1.15216,1.15234,1.15214,1.15225,232,2,0
2026-03-13 00:50:00,1.15225,1.15239,1.15212,1.15224,179,2,0
2026-03-13 00:55:00,1.15227,1.15253,1.15223,1.15234,157,2,0
2026-03-13 01:00:00,1.15234,1.1526399999999999,1.15233,1.15263,231,2,0
2026-03-13 01:05:00,1.15263,1.15277,1.15258,1.15271,149,2,0
2026-03-13 01:10:00,1.15271,1.15297,1.15271,1.15276,191,2,0
2026-03-13 01:15:00,1.15276,1.15282,1.15259,1.15266,253,2,0
2026-03-13 01:20:00,1.15266,1.15271,1.15237,1.15237,182,2,0
2026-03-13 01:25:00,1.15238,1.15258,1.15237,1.15247,141,2,0
2026-03-13 01:30:00,1.15247,1.15253,1.15231,1.15244,135,2,0
2026-03-13 01:35:00,1.15244,1.15249,1.15196,1.15213,166,2,0
2026-03-13 01:40:00,1.15214,1.15219,1.15192,1.15192,101,2,0
2026-03-13 01:45:00,1.15192,1.15196,1.15163,1.15164,185,2,0
2026-03-13 01:50:00,1.15164,1.15177,1.15158,1.15163,88,2,0
2026-03-13 01:55:00,1.15163,1.15166,1.15143,1.15163,143,2,0
2026-03-13 02:00:00,1.15163,1.15181,1.15163,1.15179,192,2,0
2026-03-13 02:05:00,1.15179,1.1521,1.15178,1.15206,214,2,0
2026-03-13 02:10:00,1.15206,1.15222,1.15176,1.15178,168,2,0
2026-03-13 02:15:00,1.15178,1.15188,1.15163,1.1516899999999999,183,2,0
2026-03-13 02:20:00,1.1516899999999999,1.15187,1.15166,1.15168,177,2,0
2026-03-13 02:25:00,1.15168,1.15174,1.15162,1.15167,107,2,0
2026-03-13 02:30:00,1.15167,1.15187,1.1515900000000001,1.15186,125,2,0
2026-03-13 02:35:00,1.15186,1.15186,1.15139,1.15141,128,2,0
2026-03-13 02:40:00,1.15141,1.15152,1.15123,1.15124,148,2,0
2026-03-13 02:45:00,1.15124,1.15129,1.15116,1.15118,116,2,0
2026-03-13 02:50:00,1.15118,1.15144,1.1511,1.15135,157,2,0
2026-03-13 02:55:00,1.15135,1.15162,1.1513200000000001,1.15137,206,2,0
2026-03-13 03:00:00,1.15137,1.15158,1.15109,1.15111,243,2,0
2026-03-13 03:05:00,1.15111,1.15134,1.15107,1.15127,131,2,0
2026-03-13 03:10:00,1.15127,1.15135,1.15095,1.15095,151,2,0
2026-03-13 03:15:00,1.15095,1.15103,1.15087,1.15091,133,2,0
2026-03-13 03:20:00,1.15091,1.15094,1.1507,1.15082,137,2,0
2026-03-13 03:25:00,1.15082,1.1509,1.15069,1.15076,146,2,0
2026-03-13 03:30:00,1.15076,1.15076,1.15048,1.15062,265,2,0
2026-03-13 03:35:00,1.15062,1.15068,1.15049,1.15053,186,2,0
2026-03-13 03:40:00,1.15053,1.1508099999999999,1.15049,1.1508099999999999,150,2,0
2026-03-13 03:45:00,1.1508099999999999,1.15099,1.15078,1.15092,129,2,0
2026-03-13 03:50:00,1.15092,1.15092,1.15078,1.1508099999999999,96,2,0
2026-03-13 03:55:00,1.1508099999999999,1.15094,1.1507100000000001,1.15092,78,2,0
2026-03-13 04:00:00,1.15092,1.15092,1.15078,1.1508,111,2,0
2026-03-13 04:05:00,1.1508,1.1508,1.15062,1.15069,93,2,0
2026-03-13 04:10:00,1.15069,1.15078,1.15058,1.15061,72,2,0
2026-03-13 04:15:00,1.15061,1.1507,1.15058,1.15062,84,2,0
2026-03-13 04:20:00,1.15062,1.15062,1.15049,1.15056,59,2,0
2026-03-13 04:25:00,1.15056,1.15064,1.15038,1.15044,111,2,0
2026-03-13 04:30:00,1.15044,1.15044,1.15021,1.15023,159,2,0
2026-03-13 04:35:00,1.15022,1.15024,1.15,1.15002,249,2,0
2026-03-13 04:40:00,1.15002,1.15024,1.15001,1.15016,171,2,0
2026-03-13 04:45:00,1.15016,1.15026,1.15015,1.15023,142,2,0
2026-03-13 04:50:00,1.15023,1.15033,1.15015,1.1502,129,2,0
2026-03-13 04:55:00,1.1502,1.15036,1.15013,1.15031,57,2,0
2026-03-13 05:00:00,1.15031,1.15039,1.15018,1.15019,117,2,0
2026-03-13 05:05:00,1.15019,1.15024,1.15009,1.15018,103,2,0
2026-03-13 05:10:00,1.15018,1.15032,1.15006,1.15024,168,2,0
2026-03-13 05:15:00,1.15024,1.1503700000000001,1.15021,1.15034,179,2,0
2026-03-13 05:20:00,1.15034,1.15044,1.15025,1.15039,147,2,0
2026-03-13 05:25:00,1.15039,1.15045,1.15034,1.1504,79,2,0
2026-03-13 05:30:00,1.1504,1.15065,1.15038,1.15052,131,2,0
2026-03-13 05:35:00,1.15052,1.15061,1.1503700000000001,1.15059,115,2,0
2026-03-13 05:40:00,1.15059,1.15059,1.15026,1.15028,106,2,0
2026-03-13 05:45:00,1.15028,1.15042,1.15025,1.1503700000000001,100,2,0
2026-03-13 05:50:00,1.1503700000000001,1.15038,1.15017,1.15017,93,2,0
2026-03-13 05:55:00,1.15017,1.15017,1.14999,1.15008,231,2,0
2026-03-13 06:00:00,1.15008,1.1503,1.14996,1.1501000000000001,262,2,0
2026-03-13 06:05:00,1.1501000000000001,1.15033,1.15003,1.15024,187,2,0
2026-03-13 06:10:00,1.15024,1.15025,1.15,1.15,176,2,0
2026-03-13 06:15:00,1.15,1.15002,1.14969,1.14979,224,2,0
2026-03-13 06:20:00,1.14979,1.15002,1.1497600000000001,1.14988,180,2,0
2026-03-13 06:25:00,1.14988,1.1499,1.14964,1.1497,208,2,0
2026-03-13 06:30:00,1.14971,1.1497600000000001,1.14929,1.14933,263,2,0
2026-03-13 06:35:00,1.14933,1.14939,1.14904,1.14936,384,2,0
2026-03-13 06:40:00,1.14935,1.14945,1.14929,1.14936,161,2,0
2026-03-13 06:45:00,1.14936,1.14947,1.14895,1.14899,290,2,0
2026-03-13 06:50:00,1.14899,1.14899,1.14879,1.14884,260,2,0
2026-03-13 06:55:00,1.14884,1.14896,1.14822,1.14828,442,2,0
2026-03-13 07:00:00,1.14828,1.14836,1.14774,1.14789,661,2,0
2026-03-13 07:05:00,1.1479,1.14797,1.14753,1.14767,314,2,0
2026-03-13 07:10:00,1.14767,1.14782,1.1474199999999999,1.14744,363,2,0
2026-03-13 07:15:00,1.14744,1.14754,1.14712,1.14731,386,2,0
2026-03-13 07:20:00,1.14731,1.14731,1.14664,1.14687,411,2,0
2026-03-13 07:25:00,1.14687,1.1473,1.14672,1.14719,359,2,0
2026-03-13 07:30:00,1.14719,1.14734,1.14703,1.1472,254,2,0
2026-03-13 07:35:00,1.1472,1.14745,1.14703,1.14714,260,2,0
2026-03-13 07:40:00,1.14714,1.14719,1.14651,1.1467100000000001,377,2,0
2026-03-13 07:45:00,1.1467100000000001,1.14689,1.14545,1.14556,523,2,0
2026-03-13 07:50:00,1.14556,1.14583,1.14554,1.14556,402,2,0
2026-03-13 07:55:00,1.14555,1.14588,1.1454,1.14578,436,2,0
2026-03-13 08:00:00,1.14578,1.1459,1.1449799999999999,1.14506,725,2,0
2026-03-13 08:05:00,1.14506,1.14522,1.1443699999999999,1.1444,613,2,0
2026-03-13 08:10:00,1.1444,1.14443,1.14375,1.14397,699,2,0
2026-03-13 08:15:00,1.14397,1.14406,1.14333,1.14348,661,2,0
2026-03-13 08:20:00,1.14347,1.14402,1.14328,1.1438,500,2,0
2026-03-13 08:25:00,1.14379,1.14409,1.14364,1.14377,414,2,0
2026-03-13 08:30:00,1.14375,1.1448,1.1437,1.14479,602,2,0
2026-03-13 08:35:00,1.14479,1.14522,1.14451,1.14489,441,2,0
2026-03-13 08:40:00,1.1449,1.14494,1.14436,1.14438,431,2,0
2026-03-13 08:45:00,1.14439,1.14447,1.1439300000000001,1.14441,432,2,0
2026-03-13 08:50:00,1.14441,1.14456,1.14413,1.14416,338,2,0
2026-03-13 08:55:00,1.14416,1.14459,1.14395,1.1445,380,2,0
2026-03-13 09:00:00,1.1445,1.14547,1.1445,1.14547,657,2,0
2026-03-13 09:05:00,1.14547,1.14571,1.14509,1.1456,539,2,0
2026-03-13 09:10:00,1.1456,1.14584,1.14521,1.14584,468,2,0
2026-03-13 09:15:00,1.14584,1.14588,1.14531,1.14558,458,2,0
2026-03-13 09:20:00,1.14558,1.14584,1.14531,1.14531,382,2,0
2026-03-13 09:25:00,1.14531,1.14594,1.14531,1.14589,397,2,0
2026-03-13 09:30:00,1.14589,1.1461000000000001,1.14565,1.1461000000000001,340,2,0
2026-03-13 09:35:00,1.14609,1.14615,1.14569,1.14569,341,2,0
2026-03-13 09:40:00,1.14569,1.14571,1.14513,1.14518,375,2,0
2026-03-13 09:45:00,1.14518,1.1454,1.14507,1.14523,297,2,0
2026-03-13 09:50:00,1.14523,1.1454900000000001,1.14508,1.14547,309,2,0
2026-03-13 09:55:00,1.14547,1.14551,1.14526,1.14531,283,2,0
2026-03-13 10:00:00,1.14532,1.14625,1.14528,1.14609,486,2,0
2026-03-13 10:05:00,1.14605,1.1464,1.14603,1.14635,295,2,0
2026-03-13 10:10:00,1.14635,1.1464699999999999,1.14614,1.14618,320,2,0
2026-03-13 10:15:00,1.14618,1.14625,1.14571,1.14581,264,2,0
2026-03-13 10:20:00,1.14581,1.1459,1.14552,1.1457600000000001,284,2,0
2026-03-13 10:25:00,1.1457600000000001,1.1457600000000001,1.14523,1.14553,310,2,0
2026-03-13 10:30:00,1.14553,1.14574,1.14519,1.14573,275,2,0
2026-03-13 10:35:00,1.14573,1.1459,1.14556,1.14564,328,2,0
2026-03-13 10:40:00,1.14564,1.14594,1.14552,1.14589,263,2,0
2026-03-13 10:45:00,1.14589,1.14684,1.1452499999999999,1.14666,784,2,0
2026-03-13 10:50:00,1.14666,1.14721,1.14607,1.14608,550,2,0
2026-03-13 10:55:00,1.14608,1.1461999999999999,1.14578,1.14583,359,2,0
2026-03-13 11:00:00,1.14583,1.1466,1.1457600000000001,1.14657,548,2,0
2026-03-13 11:05:00,1.14657,1.14686,1.14585,1.14604,510,2,0
2026-03-13 11:10:00,1.14604,1.14605,1.14555,1.14561,514,2,0
2026-03-13 11:15:00,1.14561,1.14665,1.14553,1.14651,415,2,0
2026-03-13 11:20:00,1.14651,1.14662,1.1463,1.14646,411,2,0
2026-03-13 11:25:00,1.14646,1.14691,1.14634,1.14659,488,2,0
2026-03-13 11:30:00,1.14659,1.14707,1.14643,1.14644,308,2,0
2026-03-13 11:35:00,1.14644,1.14648,1.14585,1.14601,471,2,0
2026-03-13 11:40:00,1.14601,1.14654,1.14582,1.14654,496,2,0
2026-03-13 11:45:00,1.14654,1.14686,1.1465,1.14674,431,2,0
2026-03-13 11:50:00,1.14673,1.14687,1.14652,1.14661,365,2,0
2026-03-13 11:55:00,1.14661,1.14706,1.1466,1.14684,289,2,0
2026-03-13 12:00:00,1.14684,1.14731,1.14665,1.14705,472,2,0
2026-03-13 12:05:00,1.14705,1.1472,1.14642,1.14644,306,2,0
2026-03-13 12:10:00,1.14643,1.14653,1.14615,1.1463,351,2,0
2026-03-13 12:15:00,1.1463,1.14649,1.14615,1.1464699999999999,362,2,0
2026-03-13 12:20:00,1.1464699999999999,1.14655,1.1461000000000001,1.1465,440,2,0
2026-03-13 12:25:00,1.1465,1.14749,1.1465,1.14691,456,2,0
2026-03-13 12:30:00,1.14694,1.14757,1.14652,1.14705,856,2,0
2026-03-13 12:35:00,1.14705,1.14744,1.14699,1.14739,647,2,0
2026-03-13 12:40:00,1.14739,1.14747,1.14709,1.1474199999999999,436,2,0
2026-03-13 12:45:00,1.1474199999999999,1.14885,1.14737,1.14839,1066,2,0
2026-03-13 12:50:00,1.14838,1.14841,1.14767,1.14808,791,2,0
2026-03-13 12:55:00,1.14808,1.1482,1.14767,1.14778,667,2,0
2026-03-13 13:00:00,1.14778,1.14833,1.14753,1.14772,1146,2,0
2026-03-13 13:05:00,1.14772,1.14784,1.1474199999999999,1.1476,606,2,0
2026-03-13 13:10:00,1.1476,1.14838,1.14735,1.14819,543,2,0
2026-03-13 13:15:00,1.14819,1.14822,1.1475,1.14774,497,2,0
2026-03-13 13:20:00,1.14774,1.14781,1.14744,1.14758,447,2,0
2026-03-13 13:25:00,1.14758,1.14788,1.14738,1.14773,373,2,0
2026-03-13 13:30:00,1.14773,1.14831,1.14772,1.14794,632,2,0
2026-03-13 13:35:00,1.14794,1.14884,1.14778,1.14875,684,2,0
2026-03-13 13:40:00,1.14876,1.14889,1.14838,1.14868,670,2,0
2026-03-13 13:45:00,1.14868,1.149,1.1485,1.14855,515,2,0
2026-03-13 13:50:00,1.14855,1.14874,1.14808,1.14869,585,2,0
2026-03-13 13:55:00,1.14869,1.14869,1.14778,1.14782,452,2,0
2026-03-13 14:00:00,1.14782,1.14786,1.1472,1.14734,672,2,0
2026-03-13 14:05:00,1.14734,1.14771,1.14722,1.14771,640,2,0
2026-03-13 14:10:00,1.14771,1.14783,1.14743,1.14747,570,2,0
2026-03-13 14:15:00,1.14747,1.14749,1.14697,1.14712,682,2,0
2026-03-13 14:20:00,1.14712,1.1476600000000001,1.14712,1.14758,552,2,0
2026-03-13 14:25:00,1.14758,1.1478,1.1473200000000001,1.14763,678,2,0
2026-03-13 14:30:00,1.14763,1.14847,1.14754,1.14806,772,2,0
2026-03-13 14:35:00,1.14806,1.14806,1.14731,1.14734,682,2,0
2026-03-13 14:40:00,1.14734,1.14735,1.14661,1.14663,689,2,0
2026-03-13 14:45:00,1.14663,1.1468,1.14623,1.14636,762,2,0
2026-03-13 14:50:00,1.14636,1.14658,1.14611,1.14618,569,2,0
2026-03-13 14:55:00,1.14617,1.14626,1.14554,1.14571,693,2,0
2026-03-13 15:00:00,1.14571,1.1458599999999999,1.14544,1.1455899999999999,578,2,0
2026-03-13 15:05:00,1.1455899999999999,1.14589,1.14523,1.14557,646,2,0
2026-03-13 15:10:00,1.14557,1.14611,1.1453,1.14604,517,2,0
2026-03-13 15:15:00,1.14604,1.14606,1.14521,1.14521,497,2,0
2026-03-13 15:20:00,1.14521,1.14555,1.14477,1.14484,604,2,0
2026-03-13 15:25:00,1.14484,1.14509,1.14468,1.14495,519,2,0
2026-03-13 15:30:00,1.14492,1.14502,1.14433,1.14455,557,2,0
2026-03-13 15:35:00,1.14455,1.14465,1.1440299999999999,1.14424,651,2,0
2026-03-13 15:40:00,1.14424,1.14435,1.14345,1.14367,473,2,0
2026-03-13 15:45:00,1.14367,1.14524,1.14362,1.14435,1158,2,0
2026-03-13 15:50:00,1.14435,1.14444,1.14388,1.14419,866,2,0
2026-03-13 15:55:00,1.14419,1.14453,1.14405,1.14431,754,2,0
2026-03-13 16:00:00,1.14431,1.14505,1.14416,1.14467,737,2,0
2026-03-13 16:05:00,1.14467,1.1449799999999999,1.14445,1.14467,686,2,0
2026-03-13 16:10:00,1.14467,1.14486,1.14408,1.14434,710,2,0
2026-03-13 16:15:00,1.14434,1.1445,1.1439,1.14406,612,2,0
2026-03-13 16:20:00,1.14406,1.14446,1.14387,1.144,591,2,0
2026-03-13 16:25:00,1.144,1.14409,1.14383,1.14395,529,2,0
2026-03-13 16:30:00,1.14395,1.14423,1.14372,1.14372,652,2,0
2026-03-13 16:35:00,1.14372,1.14426,1.14365,1.14367,541,2,0
2026-03-13 16:40:00,1.14367,1.14398,1.14361,1.1437,479,2,0
2026-03-13 16:45:00,1.1437,1.14422,1.14369,1.14421,411,2,0
2026-03-13 16:50:00,1.14421,1.14465,1.14421,1.14456,500,2,0
2026-03-13 16:55:00,1.14456,1.1446,1.14405,1.1442,385,2,0
2026-03-13 17:00:00,1.1442,1.1444,1.1438,1.14383,454,2,0
2026-03-13 17:05:00,1.14383,1.1439,1.14361,1.14364,434,2,0
2026-03-13 17:10:00,1.14364,1.14387,1.14337,1.14378,402,2,0
2026-03-13 17:15:00,1.14378,1.14441,1.14378,1.1444,429,2,0
2026-03-13 17:20:00,1.1444,1.14445,1.14404,1.1442700000000001,353,2,0
2026-03-13 17:25:00,1.1442700000000001,1.14447,1.14408,1.14439,257,2,0
2026-03-13 17:30:00,1.14439,1.14446,1.14409,1.14424,386,2,0
2026-03-13 17:35:00,1.14424,1.14452,1.14424,1.14444,287,2,0
2026-03-13 17:40:00,1.14444,1.14451,1.14408,1.14445,310,2,0
2026-03-13 17:45:00,1.14445,1.14461,1.14401,1.1441,352,2,0
2026-03-13 17:50:00,1.1441,1.14415,1.14395,1.14407,349,2,0
2026-03-13 17:55:00,1.14407,1.14428,1.14404,1.14421,209,2,0
2026-03-13 18:00:00,1.14421,1.1442700000000001,1.1439,1.1442,333,2,0
2026-03-13 18:05:00,1.1442,1.14425,1.14385,1.14398,331,2,0
2026-03-13 18:10:00,1.14398,1.14398,1.14373,1.14382,270,2,0
2026-03-13 18:15:00,1.14382,1.14384,1.1433,1.14339,336,2,0
2026-03-13 18:20:00,1.14339,1.14352,1.14317,1.14327,384,2,0
2026-03-13 18:25:00,1.14327,1.14359,1.14327,1.14359,239,2,0
2026-03-13 18:30:00,1.14359,1.1439300000000001,1.14355,1.14388,289,2,0
2026-03-13 18:35:00,1.14388,1.14402,1.14368,1.14389,291,2,0
2026-03-13 18:40:00,1.14389,1.144,1.14381,1.1439300000000001,296,2,0
2026-03-13 18:45:00,1.1439300000000001,1.14405,1.14389,1.14401,254,2,0
2026-03-13 18:50:00,1.14401,1.14405,1.1436600000000001,1.14375,245,2,0
2026-03-13 18:55:00,1.14375,1.14375,1.14349,1.14359,283,2,0
2026-03-13 19:00:00,1.14359,1.14368,1.14331,1.14335,189,2,0
2026-03-13 19:05:00,1.14335,1.14335,1.14307,1.14316,213,2,0
2026-03-13 19:10:00,1.14317,1.1432,1.14277,1.14284,262,2,0
2026-03-13 19:15:00,1.14284,1.14286,1.1425,1.1428,205,2,0
2026-03-13 19:20:00,1.1428,1.14285,1.14256,1.1428099999999999,211,2,0
2026-03-13 19:25:00,1.1428099999999999,1.14282,1.14251,1.14252,205,2,0
2026-03-13 19:30:00,1.14252,1.14279,1.14251,1.14264,222,2,0
2026-03-13 19:35:00,1.14265,1.14269,1.14247,1.14249,228,2,0
2026-03-13 19:40:00,1.14249,1.14256,1.14242,1.14247,197,2,0
2026-03-13 19:45:00,1.14247,1.14252,1.14226,1.14231,211,2,0
2026-03-13 19:50:00,1.14231,1.14232,1.14199,1.14216,283,2,0
2026-03-13 19:55:00,1.14216,1.14225,1.14204,1.14223,180,2,0
2026-03-13 20:00:00,1.14222,1.14226,1.14202,1.14206,248,2,0
2026-03-13 20:05:00,1.14206,1.1421000000000001,1.14166,1.14172,177,2,0
2026-03-13 20:10:00,1.14172,1.1418300000000001,1.1415899999999999,1.14164,168,2,0
2026-03-13 20:15:00,1.14164,1.14176,1.14157,1.14165,117,2,0
2026-03-13 20:20:00,1.14165,1.14171,1.14131,1.14137,151,2,0
2026-03-13 20:25:00,1.14137,1.14147,1.14131,1.14146,79,2,0
2026-03-13 20:30:00,1.14146,1.14161,1.14117,1.14119,191,2,0
2026-03-13 20:35:00,1.14119,1.14119,1.1411,1.14112,110,2,0
2026-03-13 20:40:00,1.14112,1.14129,1.14107,1.14129,101,2,0
2026-03-13 20:45:00,1.14129,1.14141,1.1412,1.14138,208,2,0
2026-03-13 20:50:00,1.14138,1.14151,1.1412,1.1414,347,4,0
2026-03-15 21:10:00,1.1414900000000001,1.14163,1.1414900000000001,1.14161,26,117,0
2026-03-15 21:15:00,1.1416,1.14207,1.14157,1.14207,47,78,0
2026-03-15 21:20:00,1.14207,1.14226,1.14207,1.14219,31,68,0
2026-03-15 21:25:00,1.14219,1.14224,1.14213,1.14217,19,102,0
2026-03-15 21:30:00,1.14217,1.1424400000000001,1.14214,1.14243,32,73,0
2026-03-15 21:35:00,1.14243,1.14247,1.14187,1.14239,55,62,0
2026-03-15 21:40:00,1.14239,1.14263,1.14226,1.14243,45,60,0
2026-03-15 21:45:00,1.14243,1.14259,1.14189,1.14253,37,59,0
2026-03-15 21:50:00,1.14253,1.14253,1.14217,1.14219,49,59,0
2026-03-15 21:55:00,1.14219,1.14253,1.14186,1.1419,52,68,0
2026-03-15 22:00:00,1.1419,1.1437,1.1418300000000001,1.14292,277,47,0
2026-03-15 22:05:00,1.1429,1.1429,1.14177,1.1418,178,45,0
2026-03-15 22:10:00,1.1418,1.14306,1.1418,1.14259,263,42,0
2026-03-15 22:15:00,1.14259,1.1427100000000001,1.14174,1.14185,290,42,0
2026-03-15 22:20:00,1.1418300000000001,1.14201,1.14167,1.14184,410,42,0
2026-03-15 22:25:00,1.14184,1.14186,1.14178,1.14184,95,47,0
2026-03-15 22:30:00,1.14184,1.14224,1.14184,1.14191,373,42,0
2026-03-15 22:35:00,1.14191,1.14215,1.14185,1.14204,274,42,0
2026-03-15 22:40:00,1.14204,1.1421000000000001,1.14179,1.14186,357,43,0
2026-03-15 22:45:00,1.14187,1.14237,1.14187,1.14229,240,42,0
2026-03-15 22:50:00,1.14229,1.14253,1.14208,1.14231,284,42,0
2026-03-15 22:55:00,1.14231,1.14304,1.1423,1.14296,308,3,0
2026-03-15 23:00:00,1.14297,1.14309,1.14258,1.1428099999999999,373,2,0
2026-03-15 23:05:00,1.1428099999999999,1.14337,1.1428099999999999,1.1432,345,2,0
2026-03-15 23:10:00,1.1432,1.1434199999999999,1.14301,1.14318,327,2,0
2026-03-15 23:15:00,1.14319,1.14328,1.1428099999999999,1.14297,213,2,0
2026-03-15 23:20:00,1.14297,1.14301,1.14279,1.14284,244,2,0
2026-03-15 23:25:00,1.14284,1.14293,1.14263,1.14285,143,2,0
2026-03-15 23:30:00,1.14284,1.1431,1.1426,1.14292,145,2,0
2026-03-15 23:35:00,1.14292,1.14309,1.14287,1.14302,107,2,0
2026-03-15 23:40:00,1.14302,1.14327,1.143,1.14323,182,2,0
2026-03-15 23:45:00,1.14321,1.1434199999999999,1.14321,1.14337,210,2,0
2026-03-15 23:50:00,1.14337,1.14347,1.14327,1.14343,166,2,0
2026-03-15 23:55:00,1.14343,1.14356,1.14328,1.14353,191,2,0
2026-03-16 00:00:00,1.14353,1.14428,1.1435,1.14409,427,2,0
2026-03-16 00:05:00,1.14409,1.1445400000000001,1.14408,1.14446,278,2,0
2026-03-16 00:10:00,1.14446,1.14472,1.14426,1.1446399999999999,301,2,0
2026-03-16 00:15:00,1.1446399999999999,1.14477,1.14445,1.14462,271,2,0
2026-03-16 00:20:00,1.14462,1.1448800000000001,1.14443,1.14487,256,2,0
2026-03-16 00:25:00,1.14487,1.14496,1.14473,1.14487,145,2,0
2026-03-16 00:30:00,1.14487,1.14504,1.14478,1.14499,148,2,0
2026-03-16 00:35:00,1.14499,1.14526,1.1448,1.14513,168,2,0
2026-03-16 00:40:00,1.14513,1.14527,1.14505,1.14507,183,2,0
2026-03-16 00:45:00,1.14507,1.14533,1.14504,1.14519,115,2,0
2026-03-16 00:50:00,1.14519,1.14539,1.14501,1.14519,260,2,0
2026-03-16 00:55:00,1.14518,1.14554,1.14516,1.14548,270,2,0
2026-03-16 01:00:00,1.14548,1.14564,1.14494,1.14504,427,2,0
2026-03-16 01:05:00,1.14504,1.14505,1.1446399999999999,1.14465,310,2,0
2026-03-16 01:10:00,1.14468,1.14479,1.14435,1.14448,276,2,0
2026-03-16 01:15:00,1.14448,1.14468,1.14425,1.14461,411,2,0
2026-03-16 01:20:00,1.14461,1.14463,1.14418,1.14426,358,2,0
2026-03-16 01:25:00,1.14426,1.14444,1.14422,1.14424,240,2,0
2026-03-16 01:30:00,1.14424,1.14431,1.14396,1.14412,304,2,0
2026-03-16 01:35:00,1.14412,1.1445,1.14412,1.14442,371,2,0
2026-03-16 01:40:00,1.14442,1.14461,1.14442,1.14458,198,2,0
2026-03-16 01:45:00,1.14458,1.1449,1.14458,1.14468,218,2,0
2026-03-16 01:50:00,1.14468,1.14481,1.14448,1.1448,211,2,0
2026-03-16 01:55:00,1.1448,1.14494,1.14477,1.14493,228,2,0
2026-03-16 02:00:00,1.14493,1.14503,1.14448,1.14485,243,2,0
2026-03-16 02:05:00,1.14484,1.1448800000000001,1.1445400000000001,1.14486,199,2,0
2026-03-16 02:10:00,1.14486,1.14494,1.14478,1.14484,159,2,0
2026-03-16 02:15:00,1.14484,1.14489,1.14468,1.14489,187,2,0
2026-03-16 02:20:00,1.14489,1.14502,1.14485,1.14492,131,2,0
2026-03-16 02:25:00,1.14492,1.14492,1.14467,1.14485,147,2,0
2026-03-16 02:30:00,1.14485,1.14486,1.14455,1.14467,219,2,0
2026-03-16 02:35:00,1.14467,1.14476,1.14463,1.14473,190,2,0
2026-03-16 02:40:00,1.14473,1.14489,1.14471,1.14479,145,2,0
2026-03-16 02:45:00,1.14479,1.1451500000000001,1.14474,1.14507,264,2,0
2026-03-16 02:50:00,1.14507,1.14509,1.14474,1.14478,186,2,0
2026-03-16 02:55:00,1.14478,1.14503,1.14478,1.1448,155,2,0
2026-03-16 03:00:00,1.1448,1.14495,1.14457,1.14493,227,2,0
2026-03-16 03:05:00,1.14493,1.14518,1.14484,1.14504,190,2,0
2026-03-16 03:10:00,1.14504,1.14511,1.14484,1.14485,162,2,0
2026-03-16 03:15:00,1.14485,1.14494,1.14476,1.14493,154,2,0
2026-03-16 03:20:00,1.14493,1.14499,1.14483,1.14493,111,2,0
2026-03-16 03:25:00,1.14493,1.14504,1.14487,1.14503,139,2,0
2026-03-16 03:30:00,1.14503,1.14529,1.14502,1.1452,140,2,0
2026-03-16 03:35:00,1.1452,1.14523,1.14506,1.14511,111,2,0
2026-03-16 03:40:00,1.14511,1.14532,1.1451,1.14531,89,2,0
2026-03-16 03:45:00,1.14531,1.14539,1.1451500000000001,1.14528,123,2,0
2026-03-16 03:50:00,1.14528,1.14531,1.14508,1.14508,102,2,0
2026-03-16 03:55:00,1.14508,1.14513,1.14494,1.14505,96,2,0
2026-03-16 04:00:00,1.14505,1.14513,1.145,1.14503,77,2,0
2026-03-16 04:05:00,1.14503,1.1451,1.14476,1.14482,100,2,0
2026-03-16 04:10:00,1.14482,1.14496,1.14481,1.14487,81,2,0
2026-03-16 04:15:00,1.14487,1.14496,1.1446,1.14468,160,2,0
2026-03-16 04:20:00,1.14468,1.14473,1.14456,1.14459,74,2,0
2026-03-16 04:25:00,1.14459,1.14469,1.14452,1.14457,97,2,0
2026-03-16 04:30:00,1.14457,1.1446399999999999,1.14455,1.14461,58,2,0
2026-03-16 04:35:00,1.14461,1.14461,1.14447,1.14447,85,2,0
2026-03-16 04:40:00,1.14447,1.14448,1.14432,1.14434,66,2,0
2026-03-16 04:45:00,1.14434,1.14443,1.14428,1.14435,103,2,0
2026-03-16 04:50:00,1.14435,1.14449,1.14426,1.14446,94,2,0
2026-03-16 04:55:00,1.14446,1.14446,1.14413,1.14413,134,2,0
2026-03-16 05:00:00,1.14413,1.14433,1.144,1.14417,187,2,0
2026-03-16 05:05:00,1.14417,1.14433,1.14411,1.14418,125,2,0
2026-03-16 05:10:00,1.14418,1.14432,1.1441,1.14414,136,2,0
2026-03-16 05:15:00,1.14414,1.14418,1.1440299999999999,1.14413,149,2,0
2026-03-16 05:20:00,1.14413,1.14417,1.14396,1.14405,100,2,0
2026-03-16 05:25:00,1.14405,1.14411,1.14391,1.1439300000000001,107,2,0
2026-03-16 05:30:00,1.1439300000000001,1.14397,1.14363,1.14363,166,2,0
2026-03-16 05:35:00,1.14363,1.14392,1.14356,1.1438,195,2,0
2026-03-16 05:40:00,1.14381,1.14396,1.14372,1.14373,115,2,0
2026-03-16 05:45:00,1.14373,1.1437599999999999,1.1436,1.14372,112,2,0
2026-03-16 05:50:00,1.14371,1.1437599999999999,1.14351,1.14356,126,2,0
2026-03-16 05:55:00,1.14356,1.14363,1.1433,1.14344,339,2,0
2026-03-16 06:00:00,1.14344,1.14353,1.14316,1.14323,288,2,0
2026-03-16 06:05:00,1.14323,1.1434199999999999,1.14317,1.1434199999999999,203,2,0
2026-03-16 06:10:00,1.14341,1.14359,1.14335,1.14346,126,2,0
2026-03-16 06:15:00,1.14346,1.14365,1.14345,1.14346,215,2,0
2026-03-16 06:20:00,1.14346,1.14347,1.14274,1.14275,215,2,0
2026-03-16 06:25:00,1.14275,1.14285,1.14259,1.14282,257,2,0
2026-03-16 06:30:00,1.14283,1.14312,1.14283,1.14292,197,2,0
2026-03-16 06:35:00,1.14292,1.14292,1.14251,1.1427,185,2,0
2026-03-16 06:40:00,1.1427,1.14277,1.14246,1.14275,159,2,0
2026-03-16 06:45:00,1.14275,1.14282,1.14245,1.14256,114,2,0
2026-03-16 06:50:00,1.14256,1.14289,1.14241,1.14287,216,2,0
2026-03-16 06:55:00,1.14287,1.14317,1.14285,1.14317,161,2,0
2026-03-16 07:00:00,1.14317,1.14344,1.14287,1.14333,302,2,0
2026-03-16 07:05:00,1.14333,1.14339,1.14308,1.1433200000000001,173,2,0
2026-03-16 07:10:00,1.1433200000000001,1.14347,1.1431,1.14311,260,2,0
2026-03-16 07:15:00,1.1431,1.14326,1.14293,1.14318,219,2,0
2026-03-16 07:20:00,1.14318,1.14321,1.14303,1.14313,206,2,0
2026-03-16 07:25:00,1.14313,1.14313,1.14247,1.14272,192,2,0
2026-03-16 07:30:00,1.14272,1.14277,1.1421000000000001,1.14211,367,2,0
2026-03-16 07:35:00,1.14212,1.14214,1.1414900000000001,1.14151,572,2,0
2026-03-16 07:40:00,1.14151,1.14202,1.1414,1.14201,336,2,0
2026-03-16 07:45:00,1.14201,1.14268,1.14194,1.14264,251,2,0
2026-03-16 07:50:00,1.14264,1.14267,1.14225,1.14242,271,2,0
2026-03-16 07:55:00,1.14242,1.14257,1.14234,1.14257,252,2,0
2026-03-16 08:00:00,1.14256,1.14318,1.14256,1.14282,537,2,0
2026-03-16 08:05:00,1.14282,1.14336,1.1428099999999999,1.14335,283,2,0
2026-03-16 08:10:00,1.14335,1.14346,1.14272,1.14285,346,2,0
2026-03-16 08:15:00,1.14285,1.14306,1.1426,1.14303,321,2,0
2026-03-16 08:20:00,1.14306,1.14444,1.14303,1.14432,428,2,0
2026-03-16 08:25:00,1.14432,1.14438,1.1440299999999999,1.1442,459,2,0
2026-03-16 08:30:00,1.14419,1.14442,1.14398,1.14402,415,2,0
2026-03-16 08:35:00,1.14402,1.1442,1.14379,1.14379,376,2,0
2026-03-16 08:40:00,1.1438,1.14411,1.14354,1.1439300000000001,434,2,0
2026-03-16 08:45:00,1.1439300000000001,1.14453,1.14389,1.14416,459,2,0
2026-03-16 08:50:00,1.14417,1.14447,1.14387,1.14431,382,2,0
2026-03-16 08:55:00,1.14431,1.14448,1.14413,1.14447,276,2,0
2026-03-16 09:00:00,1.14447,1.14467,1.14421,1.14428,299,2,0
2026-03-16 09:05:00,1.1442700000000001,1.14457,1.14409,1.14439,281,2,0
2026-03-16 09:10:00,1.14439,1.1447,1.14425,1.14461,314,2,0
2026-03-16 09:15:00,1.14462,1.14476,1.1445,1.14459,283,2,0
2026-03-16 09:20:00,1.14459,1.14472,1.14451,1.14465,241,2,0
2026-03-16 09:25:00,1.14465,1.14492,1.14451,1.14472,215,2,0
2026-03-16 09:30:00,1.14472,1.14479,1.14446,1.14448,195,2,0
2026-03-16 09:35:00,1.14448,1.14455,1.1443,1.14438,266,2,0
2026-03-16 09:40:00,1.14438,1.14478,1.14431,1.14477,386,2,0
2026-03-16 09:45:00,1.14477,1.1451500000000001,1.14477,1.14508,364,2,0
2026-03-16 09:50:00,1.14508,1.1452499999999999,1.14484,1.1452,338,2,0
2026-03-16 09:55:00,1.1452,1.1452499999999999,1.14491,1.145,303,2,0
2026-03-16 10:00:00,1.145,1.14522,1.14478,1.14489,335,2,0
2026-03-16 10:05:00,1.14489,1.14524,1.14475,1.14524,270,2,0
2026-03-16 10:10:00,1.14524,1.14594,1.14524,1.14581,312,2,0
2026-03-16 10:15:00,1.14581,1.14675,1.14579,1.14674,368,2,0
2026-03-16 10:20:00,1.14675,1.1476600000000001,1.14674,1.14748,460,2,0
2026-03-16 10:25:00,1.14748,1.14777,1.14722,1.14753,455,2,0
2026-03-16 10:30:00,1.14753,1.14773,1.14698,1.14703,377,2,0
2026-03-16 10:35:00,1.14702,1.14724,1.14692,1.1470799999999999,254,2,0
2026-03-16 10:40:00,1.1470799999999999,1.14722,1.14682,1.14691,391,2,0
2026-03-16 10:45:00,1.1469,1.14712,1.14676,1.1471,206,2,0
2026-03-16 10:50:00,1.1471,1.14722,1.1468,1.14706,306,2,0
2026-03-16 10:55:00,1.14706,1.1476600000000001,1.14706,1.14753,386,2,0
2026-03-16 11:00:00,1.14753,1.14753,1.1470799999999999,1.14725,361,2,0
2026-03-16 11:05:00,1.14726,1.14763,1.14717,1.1475,309,2,0
2026-03-16 11:10:00,1.1475,1.14764,1.14729,1.14744,280,2,0
2026-03-16 11:15:00,1.14744,1.14777,1.14744,1.14771,342,2,0
2026-03-16 11:20:00,1.14771,1.14814,1.14753,1.14773,376,2,0
2026-03-16 11:25:00,1.14773,1.14778,1.14735,1.1474,271,2,0
2026-03-16 11:30:00,1.1474,1.14748,1.14722,1.14743,385,2,0
2026-03-16 11:35:00,1.14743,1.14772,1.1474,1.14753,290,2,0
2026-03-16 11:40:00,1.14753,1.14824,1.14736,1.14823,360,2,0
2026-03-16 11:45:00,1.14823,1.14871,1.14802,1.1484,392,2,0
2026-03-16 11:50:00,1.1484,1.14842,1.14773,1.14789,306,2,0
2026-03-16 11:55:00,1.14789,1.1481,1.14773,1.1479300000000001,388,2,0
2026-03-16 12:00:00,1.14794,1.14822,1.14783,1.14806,372,2,0
2026-03-16 12:05:00,1.14806,1.14811,1.14779,1.14801,323,2,0
2026-03-16 12:10:00,1.14801,1.1485,1.14762,1.14826,364,2,0
2026-03-16 12:15:00,1.14826,1.14834,1.14807,1.14823,375,2,0
2026-03-16 12:20:00,1.1482,1.1482700000000001,1.14785,1.1481,374,2,0
2026-03-16 12:25:00,1.1481,1.1482700000000001,1.148,1.1481,233,2,0
2026-03-16 12:30:00,1.1481,1.14878,1.14806,1.14846,389,2,0
2026-03-16 12:35:00,1.14846,1.14848,1.14812,1.14812,444,2,0
2026-03-16 12:40:00,1.14812,1.1482700000000001,1.14785,1.14802,556,2,0
2026-03-16 12:45:00,1.14802,1.14821,1.14758,1.14786,468,2,0
2026-03-16 12:50:00,1.14786,1.14791,1.14753,1.14775,356,2,0
2026-03-16 12:55:00,1.14772,1.14772,1.14721,1.14737,345,2,0
2026-03-16 13:00:00,1.14738,1.14776,1.14738,1.14773,550,2,0
2026-03-16 13:05:00,1.14773,1.14792,1.14767,1.14777,350,2,0
2026-03-16 13:10:00,1.14777,1.1481,1.14764,1.148,326,2,0
2026-03-16 13:15:00,1.14799,1.14806,1.1476899999999999,1.1477,347,2,0
2026-03-16 13:20:00,1.1477,1.14822,1.14745,1.1481,359,2,0
2026-03-16 13:25:00,1.1481,1.14833,1.14807,1.14817,236,2,0
2026-03-16 13:30:00,1.14818,1.14872,1.14812,1.14831,618,2,0
2026-03-16 13:35:00,1.14831,1.14883,1.14821,1.14878,583,2,0
2026-03-16 13:40:00,1.14878,1.149,1.14855,1.14887,536,2,0
2026-03-16 13:45:00,1.14887,1.14929,1.14879,1.14906,435,2,0
2026-03-16 13:50:00,1.14906,1.14972,1.149,1.1497,508,2,0
2026-03-16 13:55:00,1.1497,1.15007,1.14968,1.15002,453,2,0
2026-03-16 14:00:00,1.15002,1.1502,1.14957,1.14958,670,2,0
2026-03-16 14:05:00,1.14958,1.15006,1.14935,1.14984,636,2,0
2026-03-16 14:10:00,1.14984,1.15021,1.14974,1.15016,558,2,0
2026-03-16 14:15:00,1.15016,1.15017,1.14921,1.1492499999999999,464,2,0
2026-03-16 14:20:00,1.1492499999999999,1.14971,1.1492499999999999,1.14971,470,2,0
2026-03-16 14:25:00,1.14971,1.14975,1.14948,1.1495199999999999,422,2,0
2026-03-16 14:30:00,1.1495199999999999,1.14954,1.14878,1.14878,752,2,0
2026-03-16 14:35:00,1.1488,1.14908,1.1484,1.14849,574,2,0
2026-03-16 14:40:00,1.14849,1.14863,1.14832,1.14838,427,2,0
2026-03-16 14:45:00,1.14838,1.14845,1.1480299999999999,1.14837,564,2,0
2026-03-16 14:50:00,1.14835,1.1488800000000001,1.14834,1.14885,414,2,0
2026-03-16 14:55:00,1.14885,1.14899,1.1488,1.14886,344,2,0
2026-03-16 15:00:00,1.14886,1.14907,1.14885,1.14902,331,2,0
2026-03-16 15:05:00,1.14903,1.14944,1.14882,1.14936,424,2,0
2026-03-16 15:10:00,1.14936,1.14972,1.14917,1.14972,351,2,0
2026-03-16 15:15:00,1.14972,1.14987,1.14956,1.14974,251,2,0
2026-03-16 15:20:00,1.14974,1.14983,1.14965,1.1497600000000001,238,2,0
2026-03-16 15:25:00,1.1497600000000001,1.1497600000000001,1.1491500000000001,1.14922,299,2,0
2026-03-16 15:30:00,1.14922,1.14951,1.14917,1.14951,245,2,0
2026-03-16 15:35:00,1.14951,1.14988,1.14943,1.14984,268,2,0
2026-03-16 15:40:00,1.14984,1.15002,1.1495199999999999,1.1495199999999999,362,2,0
2026-03-16 15:45:00,1.14951,1.14974,1.14942,1.1495199999999999,250,2,0
2026-03-16 15:50:00,1.1495199999999999,1.1495199999999999,1.14802,1.14852,754,2,0
2026-03-16 15:55:00,1.14852,1.1487,1.14807,1.14869,507,2,0
2026-03-16 16:00:00,1.14869,1.1492499999999999,1.1485,1.14884,439,2,0
2026-03-16 16:05:00,1.14884,1.14927,1.14884,1.14906,400,2,0
2026-03-16 16:10:00,1.14905,1.14928,1.14898,1.14909,254,2,0
2026-03-16 16:15:00,1.14909,1.14936,1.14879,1.14907,417,2,0
2026-03-16 16:20:00,1.14907,1.14922,1.14809,1.14809,646,2,0
2026-03-16 16:25:00,1.14807,1.14825,1.14781,1.1479300000000001,631,2,0
2026-03-16 16:30:00,1.14791,1.14806,1.14775,1.14792,539,2,0
2026-03-16 16:35:00,1.14791,1.14893,1.14791,1.14893,485,2,0
2026-03-16 16:40:00,1.14893,1.14943,1.14882,1.14921,375,2,0
2026-03-16 16:45:00,1.14921,1.14958,1.14903,1.14957,335,2,0
2026-03-16 16:50:00,1.14957,1.14992,1.14957,1.14973,300,2,0
2026-03-16 16:55:00,1.14973,1.14985,1.1492499999999999,1.14935,442,2,0
2026-03-16 17:00:00,1.14936,1.15038,1.1493,1.14982,976,2,0
2026-03-16 17:05:00,1.14982,1.15036,1.14981,1.14988,555,2,0
2026-03-16 17:10:00,1.14988,1.15038,1.14961,1.14997,489,2,0
2026-03-16 17:15:00,1.14997,1.15003,1.1494900000000001,1.14979,441,2,0
2026-03-16 17:20:00,1.14979,1.14995,1.14966,1.14987,300,2,0
2026-03-16 17:25:00,1.14987,1.15006,1.14972,1.14979,312,2,0
2026-03-16 17:30:00,1.14979,1.1499,1.14963,1.14969,319,2,0
2026-03-16 17:35:00,1.14969,1.14974,1.14935,1.14939,247,2,0
2026-03-16 17:40:00,1.14939,1.1497,1.14937,1.14945,272,2,0
2026-03-16 17:45:00,1.14945,1.14978,1.14927,1.1493,287,2,0
2026-03-16 17:50:00,1.1493,1.14945,1.14904,1.14926,345,2,0
2026-03-16 17:55:00,1.14926,1.14944,1.1492,1.14921,258,2,0
2026-03-16 18:00:00,1.14921,1.14994,1.1492,1.14994,261,2,0
2026-03-16 18:05:00,1.14994,1.15065,1.14992,1.15046,628,2,0
2026-03-16 18:10:00,1.15046,1.15062,1.15023,1.15053,463,2,0
2026-03-16 18:15:00,1.15053,1.1508099999999999,1.15042,1.15072,289,2,0
2026-03-16 18:20:00,1.15072,1.15131,1.15062,1.15126,247,2,0
2026-03-16 18:25:00,1.15126,1.15224,1.15123,1.1521,439,2,0
2026-03-16 18:30:00,1.1521,1.15216,1.15171,1.15208,368,2,0
2026-03-16 18:35:00,1.15208,1.15229,1.1519300000000001,1.15217,272,2,0
2026-03-16 18:40:00,1.15217,1.15232,1.15205,1.15231,211,2,0
2026-03-16 18:45:00,1.15231,1.15237,1.15181,1.15184,280,2,0
2026-03-16 18:50:00,1.15183,1.15199,1.1516899999999999,1.15196,295,2,0
2026-03-16 18:55:00,1.15196,1.15201,1.15168,1.15185,236,2,0
2026-03-16 19:00:00,1.15186,1.15209,1.15178,1.15183,314,2,0
2026-03-16 19:05:00,1.15183,1.15234,1.15171,1.1522999999999999,262,2,0
2026-03-16 19:10:00,1.1522999999999999,1.15249,1.15187,1.15213,536,2,0
2026-03-16 19:15:00,1.15213,1.15232,1.15197,1.152,382,2,0
2026-03-16 19:20:00,1.152,1.1521,1.15173,1.15174,344,2,0
2026-03-16 19:25:00,1.15174,1.15216,1.1515,1.1518,339,2,0
2026-03-16 19:30:00,1.1518,1.15207,1.15165,1.15173,401,2,0
2026-03-16 19:35:00,1.15173,1.15212,1.15163,1.15179,296,2,0
2026-03-16 19:40:00,1.15179,1.15187,1.15109,1.15119,334,2,0
2026-03-16 19:45:00,1.15118,1.15119,1.15082,1.15083,278,2,0
2026-03-16 19:50:00,1.15083,1.15103,1.15059,1.15073,234,2,0
2026-03-16 19:55:00,1.15073,1.15089,1.1506,1.15078,279,2,0
2026-03-16 20:00:00,1.15079,1.151,1.15077,1.15085,215,2,0
2026-03-16 20:05:00,1.15085,1.15104,1.15084,1.1509,108,2,0
2026-03-16 20:10:00,1.1509,1.15095,1.15083,1.15083,53,2,0
2026-03-16 20:15:00,1.15083,1.15083,1.15052,1.15052,50,2,0
2026-03-16 20:20:00,1.15052,1.15064,1.15031,1.15035,136,2,0
2026-03-16 20:25:00,1.15035,1.15064,1.15032,1.15064,87,2,0
2026-03-16 20:30:00,1.15064,1.15066,1.1505,1.15052,85,2,0
2026-03-16 20:35:00,1.15051,1.1506,1.15049,1.15058,112,2,0
2026-03-16 20:40:00,1.15058,1.15069,1.15046,1.15052,150,2,0
2026-03-16 20:45:00,1.15052,1.15068,1.15052,1.15064,101,2,0
2026-03-16 20:50:00,1.15064,1.15073,1.15052,1.15063,90,2,0
2026-03-16 20:55:00,1.15061,1.15064,1.15014,1.15025,340,5,0
2026-03-16 21:00:00,1.15024,1.15027,1.15024,1.15027,7,57,0
2026-03-16 21:05:00,1.15025,1.15038,1.15007,1.15031,33,50,0
2026-03-16 21:10:00,1.15031,1.15038,1.15026,1.15026,77,50,0
2026-03-16 21:15:00,1.15027,1.1504699999999999,1.15027,1.15041,18,68,0
2026-03-16 21:20:00,1.15041,1.15042,1.1504,1.15041,13,76,0
2026-03-16 21:25:00,1.15041,1.15042,1.15034,1.15035,14,78,0
2026-03-16 21:30:00,1.15038,1.15044,1.1503700000000001,1.15043,17,80,0
2026-03-16 21:35:00,1.15043,1.15043,1.15039,1.15039,14,71,0
2026-03-16 21:40:00,1.15039,1.1505,1.15039,1.15048,38,66,0
2026-03-16 21:45:00,1.15048,1.15048,1.15038,1.15039,29,70,0
2026-03-16 21:50:00,1.15039,1.15041,1.15038,1.15039,14,75,0
2026-03-16 21:55:00,1.15039,1.1504,1.15013,1.15028,155,69,0
2026-03-16 22:00:00,1.15034,1.15034,1.14997,1.15007,100,44,0
2026-03-16 22:05:00,1.15007,1.1504,1.15007,1.15036,57,9,0
2026-03-16 22:10:00,1.15036,1.15043,1.15033,1.15035,139,10,0
2026-03-16 22:15:00,1.15036,1.15048,1.15031,1.15044,136,4,0
2026-03-16 22:20:00,1.15045,1.15049,1.15028,1.15028,29,3,0
2026-03-16 22:25:00,1.15028,1.15028,1.1502,1.15027,120,3,0
2026-03-16 22:30:00,1.15027,1.15027,1.15012,1.15013,74,4,0
2026-03-16 22:35:00,1.15013,1.15015,1.15001,1.15002,46,3,0
2026-03-16 22:40:00,1.15002,1.15008,1.14995,1.15004,40,2,0
2026-03-16 22:45:00,1.15004,1.15006,1.14999,1.15003,69,4,0
2026-03-16 22:50:00,1.15003,1.15003,1.14988,1.14989,49,3,0
2026-03-16 22:55:00,1.14989,1.1499,1.14978,1.1498599999999999,82,3,0
2026-03-16 23:00:00,1.1498599999999999,1.14994,1.14978,1.1498,100,2,0
2026-03-16 23:05:00,1.1498,1.14985,1.14972,1.14973,67,2,0
2026-03-16 23:10:00,1.14973,1.14974,1.14946,1.1496,107,2,0
2026-03-16 23:15:00,1.1496,1.14964,1.1494900000000001,1.14961,146,2,0
2026-03-16 23:20:00,1.14961,1.14964,1.1495199999999999,1.14954,75,2,0
2026-03-16 23:25:00,1.14954,1.14971,1.14954,1.14966,81,2,0
2026-03-16 23:30:00,1.14966,1.14974,1.14962,1.14969,71,2,0
2026-03-16 23:35:00,1.14969,1.14982,1.14964,1.14981,38,2,0
2026-03-16 23:40:00,1.14981,1.14989,1.14974,1.1498,51,2,0
2026-03-16 23:45:00,1.1498,1.14997,1.1496,1.14993,155,2,0
2026-03-16 23:50:00,1.14993,1.14997,1.14985,1.14992,145,2,0
2026-03-16 23:55:00,1.14992,1.14994,1.14981,1.14982,130,2,0
2026-03-17 00:00:00,1.14982,1.14984,1.14938,1.1494,233,2,0
2026-03-17 00:05:00,1.1494,1.14958,1.14926,1.14929,184,2,0
2026-03-17 00:10:00,1.14929,1.1494,1.14919,1.1492499999999999,170,2,0
2026-03-17 00:15:00,1.1492499999999999,1.14943,1.14921,1.14923,163,2,0
2026-03-17 00:20:00,1.14923,1.14928,1.14909,1.1491,106,2,0
2026-03-17 00:25:00,1.1491,1.1491,1.14893,1.149,124,2,0
2026-03-17 00:30:00,1.149,1.14923,1.14899,1.14922,81,2,0
2026-03-17 00:35:00,1.14922,1.14933,1.1491500000000001,1.14917,121,2,0
2026-03-17 00:40:00,1.14917,1.14918,1.14899,1.1491,74,2,0
2026-03-17 00:45:00,1.14911,1.1493,1.1491,1.14911,170,2,0
2026-03-17 00:50:00,1.14911,1.14942,1.14901,1.14904,425,2,0
2026-03-17 00:55:00,1.14904,1.14934,1.1489099999999999,1.1492499999999999,248,2,0
2026-03-17 01:00:00,1.1492499999999999,1.1492499999999999,1.14895,1.14896,241,2,0
2026-03-17 01:05:00,1.14896,1.14937,1.14896,1.1493,246,2,0
2026-03-17 01:10:00,1.1493,1.14956,1.14923,1.14932,259,2,0
2026-03-17 01:15:00,1.14932,1.14945,1.14871,1.14872,230,2,0
2026-03-17 01:20:00,1.14872,1.14896,1.14872,1.14885,188,2,0
2026-03-17 01:25:00,1.14885,1.14896,1.14874,1.14886,134,2,0
2026-03-17 01:30:00,1.14886,1.14904,1.14885,1.14899,179,2,0
2026-03-17 01:35:00,1.14899,1.14916,1.14866,1.14866,191,2,0
2026-03-17 01:40:00,1.14866,1.14878,1.1486399999999999,1.14876,226,2,0
2026-03-17 01:45:00,1.14876,1.14903,1.14867,1.14896,191,2,0
2026-03-17 01:50:00,1.14896,1.14934,1.14895,1.14933,224,2,0
2026-03-17 01:55:00,1.14933,1.14939,1.14921,1.14929,185,2,0
2026-03-17 02:00:00,1.14929,1.14932,1.1491500000000001,1.14928,120,2,0
2026-03-17 02:05:00,1.14928,1.14935,1.14918,1.14921,76,2,0
2026-03-17 02:10:00,1.14921,1.14922,1.14907,1.14916,117,2,0
2026-03-17 02:15:00,1.14916,1.14932,1.14914,1.1492,85,2,0
2026-03-17 02:20:00,1.1492,1.1493,1.14917,1.1492499999999999,78,2,0
2026-03-17 02:25:00,1.1492499999999999,1.14966,1.14921,1.14951,134,2,0
2026-03-17 02:30:00,1.14951,1.14967,1.14946,1.14965,121,2,0
2026-03-17 02:35:00,1.14965,1.14969,1.1495,1.14969,74,2,0
2026-03-17 02:40:00,1.14969,1.1497600000000001,1.14964,1.14975,86,2,0
2026-03-17 02:45:00,1.14975,1.14985,1.14974,1.1498,54,2,0
2026-03-17 02:50:00,1.1498,1.1498,1.1496,1.1497,111,2,0
2026-03-17 02:55:00,1.1497,1.14971,1.1494900000000001,1.14951,95,2,0
2026-03-17 03:00:00,1.14951,1.14956,1.14933,1.14955,102,2,0
2026-03-17 03:05:00,1.14955,1.1496,1.14947,1.14959,68,2,0
2026-03-17 03:10:00,1.14959,1.14972,1.14957,1.14972,61,2,0
2026-03-17 03:15:00,1.14972,1.14987,1.1497,1.14987,81,2,0
2026-03-17 03:20:00,1.14987,1.15001,1.14985,1.15,92,2,0
2026-03-17 03:25:00,1.15,1.15011,1.14989,1.15009,48,2,0
2026-03-17 03:30:00,1.1501000000000001,1.15024,1.14975,1.15008,393,2,0
2026-03-17 03:35:00,1.15008,1.15029,1.1498,1.1499,227,2,0
2026-03-17 03:40:00,1.1499,1.14991,1.14975,1.1497600000000001,192,2,0
2026-03-17 03:45:00,1.1497600000000001,1.14977,1.14933,1.14935,187,2,0
2026-03-17 03:50:00,1.14935,1.14936,1.14918,1.14922,113,2,0
2026-03-17 03:55:00,1.14922,1.14931,1.14917,1.14919,98,2,0
2026-03-17 04:00:00,1.14919,1.14933,1.14914,1.14926,122,2,0
2026-03-17 04:05:00,1.14926,1.14927,1.14892,1.14897,102,2,0
2026-03-17 04:10:00,1.14897,1.14913,1.14897,1.14904,98,2,0
2026-03-17 04:15:00,1.14904,1.14913,1.14903,1.14908,44,2,0
2026-03-17 04:20:00,1.14908,1.14927,1.14902,1.14924,65,2,0
2026-03-17 04:25:00,1.14924,1.14924,1.14913,1.14914,41,2,0
2026-03-17 04:30:00,1.14914,1.14945,1.14914,1.14944,92,2,0
2026-03-17 04:35:00,1.14944,1.14954,1.14944,1.14944,54,2,0
2026-03-17 04:40:00,1.14944,1.14965,1.14939,1.14965,79,2,0
2026-03-17 04:45:00,1.14965,1.14985,1.14964,1.14984,79,2,0
2026-03-17 04:50:00,1.14984,1.14999,1.14981,1.14995,62,2,0
2026-03-17 04:55:00,1.14995,1.14995,1.14966,1.14969,79,2,0
2026-03-17 05:00:00,1.14969,1.14972,1.14953,1.1497,135,2,0
2026-03-17 05:05:00,1.1497,1.14975,1.14964,1.14966,79,2,0
2026-03-17 05:10:00,1.14966,1.14972,1.14939,1.14971,141,2,0
2026-03-17 05:15:00,1.14971,1.1499,1.1497,1.14974,156,2,0
2026-03-17 05:20:00,1.14974,1.14974,1.1495199999999999,1.14959,90,2,0
2026-03-17 05:25:00,1.14959,1.14959,1.14945,1.1495199999999999,129,2,0
2026-03-17 05:30:00,1.1495199999999999,1.14957,1.14938,1.14942,100,2,0
2026-03-17 05:35:00,1.14942,1.1495,1.14928,1.1493,83,2,0
2026-03-17 05:40:00,1.1493,1.14931,1.14871,1.14873,117,2,0
2026-03-17 05:45:00,1.14873,1.14873,1.1484,1.14848,143,2,0
2026-03-17 05:50:00,1.14848,1.14849,1.14811,1.14814,198,2,0
2026-03-17 05:55:00,1.14814,1.14814,1.14779,1.1479300000000001,238,2,0
2026-03-17 06:00:00,1.1479300000000001,1.14804,1.14734,1.1474199999999999,383,2,0
2026-03-17 06:05:00,1.1474199999999999,1.1474199999999999,1.14688,1.14692,336,2,0
2026-03-17 06:10:00,1.14692,1.14725,1.14659,1.14696,346,2,0
2026-03-17 06:15:00,1.14696,1.14716,1.1468,1.14713,218,2,0
2026-03-17 06:20:00,1.14713,1.14745,1.14701,1.14744,321,2,0
2026-03-17 06:25:00,1.14744,1.14754,1.1472,1.14753,189,2,0
2026-03-17 06:30:00,1.14752,1.14781,1.1475,1.14762,229,2,0
2026-03-17 06:35:00,1.14763,1.14774,1.14749,1.14773,137,2,0
2026-03-17 06:40:00,1.14773,1.1479300000000001,1.14763,1.14784,140,2,0
2026-03-17 06:45:00,1.14784,1.14785,1.14748,1.1475,145,2,0
2026-03-17 06:50:00,1.1475,1.14776,1.14746,1.14775,131,2,0
2026-03-17 06:55:00,1.14775,1.14816,1.14773,1.14816,124,2,0
2026-03-17 07:00:00,1.14816,1.14848,1.14797,1.14836,234,2,0
2026-03-17 07:05:00,1.14836,1.14882,1.14835,1.14876,179,2,0
2026-03-17 07:10:00,1.14876,1.14902,1.1487,1.14884,207,2,0
2026-03-17 07:15:00,1.14884,1.14886,1.14823,1.14865,257,2,0
2026-03-17 07:20:00,1.14865,1.14899,1.14858,1.14894,282,2,0
2026-03-17 07:25:00,1.14894,1.1496,1.14894,1.14934,293,2,0
2026-03-17 07:30:00,1.14934,1.1497,1.14934,1.14947,352,2,0
2026-03-17 07:35:00,1.14947,1.15,1.14947,1.14988,242,2,0
2026-03-17 07:40:00,1.14988,1.15001,1.1496,1.1496,234,2,0
2026-03-17 07:45:00,1.1496,1.1497600000000001,1.1495,1.14965,228,2,0
2026-03-17 07:50:00,1.14965,1.14992,1.14959,1.14962,189,2,0
2026-03-17 07:55:00,1.14962,1.14962,1.14912,1.1494900000000001,274,2,0
2026-03-17 08:00:00,1.1494900000000001,1.14994,1.14909,1.14933,457,2,0
2026-03-17 08:05:00,1.14933,1.14951,1.1491500000000001,1.14927,357,2,0
2026-03-17 08:10:00,1.14927,1.14945,1.1489099999999999,1.14905,326,2,0
2026-03-17 08:15:00,1.14905,1.14916,1.14876,1.14913,384,2,0
2026-03-17 08:20:00,1.14913,1.14951,1.14902,1.14942,224,2,0
2026-03-17 08:25:00,1.14942,1.14999,1.14939,1.14994,373,2,0
2026-03-17 08:30:00,1.14994,1.15005,1.1495,1.1495,476,2,0
2026-03-17 08:35:00,1.1495,1.15018,1.14908,1.15014,332,2,0
2026-03-17 08:40:00,1.15014,1.15113,1.15014,1.15104,481,2,0
2026-03-17 08:45:00,1.15104,1.15149,1.15088,1.15145,399,2,0
2026-03-17 08:50:00,1.15145,1.1518,1.15114,1.15133,484,2,0
2026-03-17 08:55:00,1.15133,1.15134,1.1505,1.15103,389,2,0
2026-03-17 09:00:00,1.15103,1.15154,1.15103,1.15131,394,2,0
2026-03-17 09:05:00,1.15131,1.1516899999999999,1.15127,1.15143,283,2,0
2026-03-17 09:10:00,1.15143,1.1515900000000001,1.15117,1.15118,308,2,0
2026-03-17 09:15:00,1.15118,1.15133,1.15079,1.15097,314,2,0
2026-03-17 09:20:00,1.15097,1.15128,1.15087,1.15125,275,2,0
2026-03-17 09:25:00,1.15123,1.15247,1.15123,1.1522000000000001,366,2,0
2026-03-17 09:30:00,1.1522000000000001,1.15239,1.15151,1.15154,359,2,0
2026-03-17 09:35:00,1.1515,1.15153,1.15101,1.15107,355,2,0
2026-03-17 09:40:00,1.15107,1.15121,1.15087,1.1510799999999999,279,2,0
2026-03-17 09:45:00,1.1510799999999999,1.15139,1.15083,1.15103,284,2,0
2026-03-17 09:50:00,1.15103,1.15115,1.15092,1.15114,155,2,0
2026-03-17 09:55:00,1.15114,1.15165,1.15105,1.15165,269,2,0
2026-03-17 10:00:00,1.15165,1.15165,1.15073,1.15115,540,2,0
2026-03-17 10:05:00,1.15115,1.15161,1.15097,1.1514,399,2,0
2026-03-17 10:10:00,1.1514,1.15146,1.15099,1.15101,217,2,0
2026-03-17 10:15:00,1.15101,1.15102,1.15039,1.15075,304,2,0
2026-03-17 10:20:00,1.15075,1.15101,1.15063,1.15073,291,2,0
2026-03-17 10:25:00,1.15073,1.15114,1.1507100000000001,1.1510799999999999,200,2,0
2026-03-17 10:30:00,1.1510799999999999,1.1511,1.15063,1.15093,288,2,0
2026-03-17 10:35:00,1.15092,1.15125,1.15086,1.15103,301,2,0
2026-03-17 10:40:00,1.15103,1.15125,1.15092,1.15102,237,2,0
2026-03-17 10:45:00,1.15102,1.15119,1.15053,1.15056,282,2,0
2026-03-17 10:50:00,1.15056,1.1508,1.15056,1.1507,165,2,0
2026-03-17 10:55:00,1.1507,1.15084,1.15058,1.15061,171,2,0
2026-03-17 11:00:00,1.15061,1.15077,1.15045,1.15073,219,2,0
2026-03-17 11:05:00,1.15073,1.15121,1.15073,1.15117,248,2,0
2026-03-17 11:10:00,1.15117,1.15141,1.15113,1.1513200000000001,218,2,0
2026-03-17 11:15:00,1.1513200000000001,1.1515,1.15118,1.15141,240,2,0
2026-03-17 11:20:00,1.15141,1.15171,1.1513200000000001,1.1516899999999999,257,2,0
2026-03-17 11:25:00,1.1516899999999999,1.15187,1.1514,1.15141,223,2,0
2026-03-17 11:30:00,1.1514,1.1514,1.15102,1.1512,248,2,0
2026-03-17 11:35:00,1.1512,1.15146,1.15111,1.15143,217,2,0
2026-03-17 11:40:00,1.15143,1.15155,1.15131,1.15145,257,2,0
2026-03-17 11:45:00,1.15145,1.15167,1.15116,1.1513200000000001,255,2,0
2026-03-17 11:50:00,1.1513200000000001,1.15147,1.1509800000000001,1.151,280,2,0
2026-03-17 11:55:00,1.151,1.151,1.15065,1.15073,373,2,0
2026-03-17 12:00:00,1.15073,1.15111,1.15043,1.15109,452,2,0
2026-03-17 12:05:00,1.15109,1.15224,1.15104,1.15212,418,2,0
2026-03-17 12:10:00,1.15212,1.15231,1.15187,1.15218,401,2,0
2026-03-17 12:15:00,1.15217,1.15232,1.15165,1.15177,481,2,0
2026-03-17 12:20:00,1.15177,1.1518,1.15139,1.15151,389,2,0
2026-03-17 12:25:00,1.15151,1.1517,1.15104,1.15123,255,2,0
2026-03-17 12:30:00,1.15123,1.152,1.15122,1.15195,300,2,0
2026-03-17 12:35:00,1.15194,1.15207,1.15155,1.15162,329,2,0
2026-03-17 12:40:00,1.15162,1.15172,1.1514,1.15162,347,2,0
2026-03-17 12:45:00,1.15162,1.15222,1.15157,1.15206,254,2,0
2026-03-17 12:50:00,1.15206,1.15246,1.15186,1.15239,221,2,0
2026-03-17 12:55:00,1.15239,1.15243,1.15212,1.1524,278,2,0
2026-03-17 13:00:00,1.1524,1.15364,1.1524,1.15344,702,2,0
2026-03-17 13:05:00,1.15344,1.15354,1.15292,1.15313,612,2,0
2026-03-17 13:10:00,1.15313,1.15347,1.15302,1.15338,635,2,0
2026-03-17 13:15:00,1.15337,1.1535,1.1532,1.1534200000000001,584,2,0
2026-03-17 13:20:00,1.1534200000000001,1.15436,1.1533,1.15392,714,2,0
2026-03-17 13:25:00,1.15392,1.15392,1.15334,1.15345,530,2,0
2026-03-17 13:30:00,1.15345,1.15398,1.15338,1.15383,732,2,0
2026-03-17 13:35:00,1.15383,1.15418,1.15372,1.15402,616,2,0
2026-03-17 13:40:00,1.15402,1.15402,1.15332,1.15349,534,2,0
2026-03-17 13:45:00,1.15349,1.15397,1.15345,1.15366,497,2,0
2026-03-17 13:50:00,1.15366,1.15367,1.15282,1.15302,526,2,0
2026-03-17 13:55:00,1.15302,1.15321,1.15284,1.15303,303,2,0
2026-03-17 14:00:00,1.15303,1.15326,1.15272,1.15314,443,2,0
2026-03-17 14:05:00,1.15314,1.15372,1.15314,1.15361,496,2,0
2026-03-17 14:10:00,1.15361,1.15366,1.15297,1.15297,485,2,0
2026-03-17 14:15:00,1.15299,1.15301,1.15247,1.15257,512,2,0
2026-03-17 14:20:00,1.15257,1.15267,1.15224,1.15224,499,2,0
2026-03-17 14:25:00,1.15224,1.15262,1.15206,1.15243,445,2,0
2026-03-17 14:30:00,1.15243,1.1527,1.15217,1.15259,414,2,0
2026-03-17 14:35:00,1.15259,1.15294,1.1524,1.15257,399,2,0
2026-03-17 14:40:00,1.15257,1.15354,1.1524,1.15341,487,2,0
2026-03-17 14:45:00,1.15341,1.15375,1.15327,1.15372,409,2,0
2026-03-17 14:50:00,1.15372,1.15388,1.15345,1.15364,473,2,0
2026-03-17 14:55:00,1.15364,1.15368,1.1532499999999999,1.15332,338,2,0
2026-03-17 15:00:00,1.15332,1.15388,1.15328,1.15371,432,2,0
2026-03-17 15:05:00,1.15371,1.15374,1.1529099999999999,1.15293,475,2,0
2026-03-17 15:10:00,1.15293,1.15314,1.15284,1.15292,401,2,0
2026-03-17 15:15:00,1.15292,1.15329,1.15284,1.15293,530,2,0
2026-03-17 15:20:00,1.15293,1.15346,1.15241,1.15304,656,2,0
2026-03-17 15:25:00,1.15304,1.15345,1.15267,1.15267,502,2,0
2026-03-17 15:30:00,1.15267,1.15301,1.15229,1.15233,629,2,0
2026-03-17 15:35:00,1.15234,1.15258,1.15205,1.15236,616,2,0
2026-03-17 15:40:00,1.15236,1.1525,1.15209,1.1525,501,2,0
2026-03-17 15:45:00,1.1525,1.15272,1.1522999999999999,1.1522999999999999,357,2,0
2026-03-17 15:50:00,1.1522999999999999,1.15247,1.15214,1.15241,636,2,0
2026-03-17 15:55:00,1.15241,1.1526399999999999,1.15232,1.15248,668,2,0
2026-03-17 16:00:00,1.15248,1.15252,1.15181,1.15201,445,2,0
2026-03-17 16:05:00,1.15202,1.15253,1.15191,1.15226,779,2,0
2026-03-17 16:10:00,1.15226,1.153,1.15226,1.15233,533,2,0
2026-03-17 16:15:00,1.15233,1.1531,1.15209,1.1531,443,2,0
2026-03-17 16:20:00,1.1531,1.15311,1.15273,1.15293,350,2,0
2026-03-17 16:25:00,1.15293,1.153,1.15272,1.15293,329,2,0
2026-03-17 16:30:00,1.15293,1.15318,1.15268,1.15294,412,2,0
2026-03-17 16:35:00,1.15294,1.15297,1.15266,1.15293,372,2,0
2026-03-17 16:40:00,1.15293,1.15312,1.1528100000000001,1.15305,317,2,0
2026-03-17 16:45:00,1.15306,1.15329,1.15286,1.15299,247,2,0
2026-03-17 16:50:00,1.15298,1.15311,1.15288,1.15311,285,2,0
2026-03-17 16:55:00,1.15311,1.15313,1.15277,1.15279,241,2,0
2026-03-17 17:00:00,1.15279,1.15301,1.15267,1.15294,239,2,0
2026-03-17 17:05:00,1.15294,1.15321,1.15277,1.15317,226,2,0
2026-03-17 17:10:00,1.15317,1.1532499999999999,1.1528100000000001,1.15283,223,2,0
2026-03-17 17:15:00,1.15283,1.15294,1.1526399999999999,1.15286,239,2,0
2026-03-17 17:20:00,1.15286,1.1533,1.15276,1.15311,228,2,0
2026-03-17 17:25:00,1.15311,1.15328,1.15297,1.15328,238,2,0
2026-03-17 17:30:00,1.15328,1.15354,1.15316,1.15353,297,2,0
2026-03-17 17:35:00,1.15353,1.15391,1.1535199999999999,1.1539,184,2,0
2026-03-17 17:40:00,1.15389,1.15396,1.15343,1.15355,218,2,0
2026-03-17 17:45:00,1.15356,1.1538599999999999,1.15354,1.15383,205,2,0
2026-03-17 17:50:00,1.15383,1.15396,1.15372,1.15396,138,2,0
2026-03-17 17:55:00,1.15396,1.15401,1.15377,1.15396,221,2,0
2026-03-17 18:00:00,1.15396,1.15449,1.15396,1.15446,319,2,0
2026-03-17 18:05:00,1.15446,1.15467,1.15434,1.15457,299,2,0
2026-03-17 18:10:00,1.15457,1.15471,1.15444,1.1545,171,2,0
2026-03-17 18:15:00,1.1545,1.15463,1.1544699999999999,1.15452,194,2,0
2026-03-17 18:20:00,1.15452,1.15465,1.1544,1.15442,140,2,0
2026-03-17 18:25:00,1.15442,1.15453,1.15426,1.1543,202,2,0
2026-03-17 18:30:00,1.1543,1.15431,1.154,1.15404,224,2,0
2026-03-17 18:35:00,1.15404,1.15408,1.15393,1.15395,172,2,0
2026-03-17 18:40:00,1.15395,1.15412,1.15393,1.15405,134,2,0
2026-03-17 18:45:00,1.15405,1.15431,1.15402,1.15416,156,2,0
2026-03-17 18:50:00,1.15416,1.1542,1.15405,1.15417,157,2,0
2026-03-17 18:55:00,1.15417,1.15417,1.15383,1.15389,235,2,0
2026-03-17 19:00:00,1.15389,1.15395,1.15379,1.1539,256,2,0
2026-03-17 19:05:00,1.1539,1.15412,1.15389,1.154,125,2,0
2026-03-17 19:10:00,1.154,1.154,1.1539,1.15398,114,2,0
2026-03-17 19:15:00,1.15398,1.15411,1.15394,1.15409,146,2,0
2026-03-17 19:20:00,1.15409,1.1541,1.1539,1.154,130,2,0
2026-03-17 19:25:00,1.154,1.15401,1.15374,1.15379,127,2,0
2026-03-17 19:30:00,1.15379,1.15384,1.15354,1.15361,157,2,0
2026-03-17 19:35:00,1.15361,1.1537,1.15357,1.15359,93,2,0
2026-03-17 19:40:00,1.15359,1.15378,1.15357,1.15367,107,2,0
2026-03-17 19:45:00,1.15367,1.15373,1.15359,1.15366,130,2,0
2026-03-17 19:50:00,1.15366,1.15368,1.15356,1.15361,122,2,0
2026-03-17 19:55:00,1.15361,1.15361,1.15337,1.15355,181,2,0
2026-03-17 20:00:00,1.15355,1.15401,1.1535,1.15393,139,2,0
2026-03-17 20:05:00,1.15393,1.15398,1.1537600000000001,1.15377,58,2,0
2026-03-17 20:10:00,1.15377,1.15377,1.15354,1.15374,82,2,0
2026-03-17 20:15:00,1.15374,1.15379,1.15371,1.15374,55,2,0
2026-03-17 20:20:00,1.15374,1.15374,1.15371,1.15373,13,2,0
2026-03-17 20:25:00,1.15373,1.15373,1.15363,1.15366,38,2,0
2026-03-17 20:30:00,1.15366,1.15381,1.15366,1.15377,36,2,0
2026-03-17 20:35:00,1.15377,1.15381,1.15373,1.15381,32,2,0
2026-03-17 20:40:00,1.15381,1.15394,1.15378,1.15393,47,2,0
2026-03-17 20:45:00,1.15393,1.15407,1.15391,1.15392,110,2,0
2026-03-17 20:50:00,1.15392,1.15412,1.15373,1.15405,264,2,0
2026-03-17 20:55:00,1.15405,1.15418,1.15378,1.15383,264,2,0
2026-03-17 21:00:00,1.15363,1.15363,1.15244,1.15336,12,64,0
2026-03-17 21:05:00,1.15336,1.15343,1.15314,1.1532499999999999,16,78,0
2026-03-17 21:10:00,1.1532499999999999,1.15331,1.15324,1.1533,21,86,0
2026-03-17 21:15:00,1.1533,1.15332,1.15324,1.15329,15,87,0
2026-03-17 21:20:00,1.15329,1.15335,1.15329,1.15335,7,86,0
2026-03-17 21:25:00,1.15329,1.15351,1.15329,1.15351,16,81,0
2026-03-17 21:30:00,1.15351,1.15357,1.15338,1.15339,20,73,0
2026-03-17 21:35:00,1.15339,1.1534,1.15335,1.15335,11,75,0
2026-03-17 21:40:00,1.15335,1.15336,1.15334,1.15334,16,81,0
2026-03-17 21:45:00,1.15334,1.15336,1.15332,1.15334,43,73,0
2026-03-17 21:50:00,1.15334,1.15346,1.15334,1.15345,82,65,0
2026-03-17 21:55:00,1.15345,1.15345,1.15322,1.15324,87,66,0
2026-03-17 22:00:00,1.15324,1.15367,1.15317,1.15362,111,50,0
2026-03-17 22:05:00,1.15362,1.15411,1.15358,1.15408,111,7,0
2026-03-17 22:10:00,1.15408,1.15434,1.15408,1.15425,692,5,0
2026-03-17 22:15:00,1.15425,1.15431,1.1542,1.15426,89,5,0
2026-03-17 22:20:00,1.15426,1.1543,1.15416,1.15425,131,8,0
2026-03-17 22:25:00,1.15425,1.15429,1.15418,1.15418,82,9,0
2026-03-17 22:30:00,1.15418,1.1542,1.15402,1.1540300000000001,159,6,0
2026-03-17 22:35:00,1.15404,1.15412,1.15399,1.15402,108,6,0
2026-03-17 22:40:00,1.15402,1.15404,1.15394,1.15397,213,6,0
2026-03-17 22:45:00,1.15397,1.15404,1.15391,1.15399,109,6,0
2026-03-17 22:50:00,1.15399,1.15407,1.15393,1.15395,87,6,0
2026-03-17 22:55:00,1.15395,1.15398,1.1539,1.15395,129,7,0
2026-03-17 23:00:00,1.15396,1.15401,1.1537,1.15383,468,8,0
2026-03-17 23:05:00,1.15381,1.1539,1.15379,1.1538599999999999,163,9,0
2026-03-17 23:10:00,1.1538599999999999,1.15387,1.15378,1.15384,215,7,0
2026-03-17 23:15:00,1.15384,1.15395,1.1537600000000001,1.15393,226,4,0
2026-03-17 23:20:00,1.15393,1.15397,1.15383,1.1538599999999999,388,4,0
2026-03-17 23:25:00,1.15385,1.15392,1.15381,1.1539,480,2,0
2026-03-17 23:30:00,1.1539,1.1540300000000001,1.15383,1.15396,435,2,0
2026-03-17 23:35:00,1.15396,1.15402,1.15388,1.15401,194,3,0
2026-03-17 23:40:00,1.15401,1.1540300000000001,1.15394,1.15398,968,2,0
2026-03-17 23:45:00,1.15398,1.15409,1.15393,1.1540300000000001,521,2,0
2026-03-17 23:50:00,1.1540300000000001,1.15411,1.15402,1.15409,80,2,0
2026-03-17 23:55:00,1.15407,1.15409,1.15382,1.15387,511,2,0
2026-03-18 00:00:00,1.15388,1.15402,1.15368,1.15394,582,2,0
2026-03-18 00:05:00,1.15394,1.15423,1.15393,1.15418,482,2,0
2026-03-18 00:10:00,1.15418,1.1543700000000001,1.1541299999999999,1.15426,324,2,0
2026-03-18 00:15:00,1.15426,1.15434,1.15397,1.15398,139,2,0
2026-03-18 00:20:00,1.15398,1.15411,1.1537600000000001,1.15382,153,2,0
2026-03-18 00:25:00,1.15382,1.15399,1.1537,1.15378,239,2,0
2026-03-18 00:30:00,1.15379,1.15395,1.15356,1.15357,222,2,0
2026-03-18 00:35:00,1.15357,1.15366,1.15335,1.15338,529,2,0
2026-03-18 00:40:00,1.15338,1.15353,1.1533,1.15346,222,2,0
2026-03-18 00:45:00,1.15347,1.15366,1.15346,1.15351,154,2,0
2026-03-18 00:50:00,1.15351,1.1536,1.15336,1.15337,250,2,0
2026-03-18 00:55:00,1.15336,1.15344,1.1532,1.1532499999999999,259,2,0
2026-03-18 01:00:00,1.1532499999999999,1.15402,1.1532499999999999,1.15389,411,2,0
2026-03-18 01:05:00,1.15389,1.15399,1.15378,1.15383,134,2,0
2026-03-18 01:10:00,1.15383,1.15389,1.15343,1.15347,138,2,0
2026-03-18 01:15:00,1.15347,1.15355,1.15339,1.15344,108,2,0
2026-03-18 01:20:00,1.15344,1.15355,1.15334,1.15339,81,2,0
2026-03-18 01:25:00,1.15339,1.15353,1.15335,1.15344,75,2,0
2026-03-18 01:30:00,1.15344,1.15361,1.15333,1.15356,129,2,0
2026-03-18 01:35:00,1.15356,1.15365,1.15353,1.15359,125,2,0
2026-03-18 01:40:00,1.15359,1.15372,1.15356,1.15356,86,2,0
2026-03-18 01:45:00,1.15356,1.15361,1.1534200000000001,1.15344,114,2,0
2026-03-18 01:50:00,1.15344,1.15346,1.15322,1.15335,160,2,0
2026-03-18 01:55:00,1.15335,1.15343,1.15331,1.15338,121,2,0
2026-03-18 02:00:00,1.15338,1.1535,1.1533,1.15333,140,2,0
2026-03-18 02:05:00,1.15333,1.15341,1.15327,1.1534,106,2,0
2026-03-18 02:10:00,1.1534,1.1534,1.15329,1.15333,62,2,0
2026-03-18 02:15:00,1.15333,1.1535199999999999,1.1532499999999999,1.15345,101,2,0
2026-03-18 02:20:00,1.15345,1.15356,1.15341,1.15341,64,2,0
2026-03-18 02:25:00,1.15341,1.1536,1.15341,1.15356,72,2,0
2026-03-18 02:30:00,1.15356,1.15381,1.15351,1.1537600000000001,102,2,0
2026-03-18 02:35:00,1.15375,1.1537600000000001,1.15338,1.15344,101,2,0
2026-03-18 02:40:00,1.15344,1.15358,1.15344,1.15355,78,2,0
2026-03-18 02:45:00,1.15355,1.15358,1.15347,1.15349,94,2,0
2026-03-18 02:50:00,1.15349,1.15358,1.15344,1.15351,88,2,0
2026-03-18 02:55:00,1.15351,1.15353,1.1532,1.1532499999999999,120,2,0
2026-03-18 03:00:00,1.1532499999999999,1.15336,1.15321,1.15324,100,2,0
2026-03-18 03:05:00,1.15324,1.15331,1.15321,1.1532499999999999,87,2,0
2026-03-18 03:10:00,1.1532499999999999,1.15337,1.15323,1.15335,57,2,0
2026-03-18 03:15:00,1.15335,1.15337,1.15324,1.15329,57,2,0
2026-03-18 03:20:00,1.15329,1.15335,1.1532499999999999,1.15327,80,2,0
2026-03-18 03:25:00,1.15327,1.15332,1.15323,1.1532499999999999,61,2,0
2026-03-18 03:30:00,1.1532499999999999,1.15333,1.15322,1.15331,68,2,0
2026-03-18 03:35:00,1.15331,1.15333,1.15323,1.15324,58,2,0
2026-03-18 03:40:00,1.15324,1.15335,1.15324,1.15335,59,2,0
2026-03-18 03:45:00,1.15335,1.15349,1.15334,1.1534,66,2,0
2026-03-18 03:50:00,1.1534,1.1535,1.1534,1.15345,35,2,0
2026-03-18 03:55:00,1.15345,1.15367,1.15344,1.15359,94,2,0
2026-03-18 04:00:00,1.15359,1.1538599999999999,1.15359,1.15382,107,2,0
2026-03-18 04:05:00,1.15382,1.15393,1.15382,1.15392,64,2,0
2026-03-18 04:10:00,1.15392,1.15397,1.1537,1.15379,74,2,0
2026-03-18 04:15:00,1.15379,1.15389,1.15379,1.15385,54,2,0
2026-03-18 04:20:00,1.15385,1.15396,1.15381,1.15385,90,2,0
2026-03-18 04:25:00,1.15385,1.15385,1.15379,1.15384,60,2,0
2026-03-18 04:30:00,1.15384,1.15396,1.15384,1.15394,84,2,0
2026-03-18 04:35:00,1.15394,1.1540300000000001,1.15385,1.1538599999999999,61,2,0
2026-03-18 04:40:00,1.1538599999999999,1.15397,1.15385,1.1539,53,2,0
2026-03-18 04:45:00,1.1539,1.15407,1.1538599999999999,1.15407,54,2,0
2026-03-18 04:50:00,1.15407,1.15424,1.15405,1.15405,86,2,0
2026-03-18 04:55:00,1.15405,1.15415,1.15398,1.15415,81,2,0
2026-03-18 05:00:00,1.15415,1.1542,1.15405,1.15406,90,2,0
2026-03-18 05:05:00,1.15406,1.15416,1.154,1.15411,73,2,0
2026-03-18 05:10:00,1.15411,1.15433,1.15411,1.15427,52,2,0
2026-03-18 05:15:00,1.15427,1.15438,1.15426,1.15426,50,2,0
2026-03-18 05:20:00,1.15426,1.15438,1.15416,1.15433,81,2,0
2026-03-18 05:25:00,1.15433,1.15438,1.15421,1.15421,75,2,0
2026-03-18 05:30:00,1.15421,1.1543,1.15417,1.15426,79,2,0
2026-03-18 05:35:00,1.15426,1.15454,1.15422,1.15445,74,2,0
2026-03-18 05:40:00,1.15445,1.15452,1.15435,1.15444,77,2,0
2026-03-18 05:45:00,1.15443,1.15457,1.15435,1.15456,118,2,0
2026-03-18 05:50:00,1.15456,1.15468,1.15452,1.15467,75,2,0
2026-03-18 05:55:00,1.15467,1.15467,1.15446,1.15454,124,2,0
2026-03-18 06:00:00,1.15454,1.15461,1.15445,1.15454,172,2,0
2026-03-18 06:05:00,1.15454,1.15475,1.15452,1.15473,87,2,0
2026-03-18 06:10:00,1.15473,1.15476,1.1546,1.15463,94,2,0
2026-03-18 06:15:00,1.15463,1.15477,1.15463,1.15473,115,2,0
2026-03-18 06:20:00,1.15473,1.15489,1.15473,1.15486,133,2,0
2026-03-18 06:25:00,1.15486,1.15492,1.15463,1.15487,124,2,0
2026-03-18 06:30:00,1.15487,1.15487,1.1544,1.15443,132,2,0
2026-03-18 06:35:00,1.15443,1.1544699999999999,1.15395,1.15404,154,2,0
2026-03-18 06:40:00,1.15404,1.15431,1.15401,1.1543,109,2,0
2026-03-18 06:45:00,1.1543,1.1543,1.15415,1.15419,77,2,0
2026-03-18 06:50:00,1.15419,1.15419,1.15394,1.15409,143,2,0
2026-03-18 06:55:00,1.15409,1.1543,1.15402,1.15422,105,2,0
2026-03-18 07:00:00,1.15422,1.15451,1.15406,1.15451,209,2,0
2026-03-18 07:05:00,1.15451,1.15457,1.15435,1.1544699999999999,180,2,0
2026-03-18 07:10:00,1.1544699999999999,1.1544699999999999,1.15418,1.15423,189,2,0
2026-03-18 07:15:00,1.15423,1.15424,1.15393,1.15407,182,2,0
2026-03-18 07:20:00,1.15407,1.1541,1.15391,1.15397,129,2,0
2026-03-18 07:25:00,1.15397,1.15401,1.15358,1.15374,190,2,0
2026-03-18 07:30:00,1.15374,1.1537600000000001,1.15321,1.15327,139,2,0
2026-03-18 07:35:00,1.15327,1.15327,1.15294,1.1532,186,2,0
2026-03-18 07:40:00,1.1532,1.15321,1.15268,1.15269,136,2,0
2026-03-18 07:45:00,1.15269,1.15272,1.15233,1.15262,185,2,0
2026-03-18 07:50:00,1.15262,1.15304,1.15248,1.15287,175,2,0
2026-03-18 07:55:00,1.15287,1.15287,1.15238,1.1526399999999999,266,2,0
2026-03-18 08:00:00,1.1526399999999999,1.15303,1.15257,1.15294,321,2,0
2026-03-18 08:05:00,1.15294,1.15294,1.15242,1.15259,194,2,0
2026-03-18 08:10:00,1.15259,1.15297,1.15255,1.15283,168,2,0
2026-03-18 08:15:00,1.15283,1.15298,1.1522999999999999,1.15233,223,2,0
2026-03-18 08:20:00,1.15233,1.15248,1.15209,1.15212,266,2,0
2026-03-18 08:25:00,1.15212,1.15217,1.15178,1.15207,266,2,0
2026-03-18 08:30:00,1.15207,1.15244,1.1520299999999999,1.15243,180,2,0
2026-03-18 08:35:00,1.15243,1.15263,1.1522999999999999,1.1525400000000001,235,2,0
2026-03-18 08:40:00,1.1525400000000001,1.1526399999999999,1.15236,1.1526,224,2,0
2026-03-18 08:45:00,1.1526,1.15296,1.15251,1.15293,192,2,0
2026-03-18 08:50:00,1.15293,1.1534200000000001,1.15293,1.15331,294,2,0
2026-03-18 08:55:00,1.15331,1.1534200000000001,1.15317,1.15324,220,2,0
2026-03-18 09:00:00,1.15324,1.1532499999999999,1.1529,1.15321,188,2,0
2026-03-18 09:05:00,1.15321,1.15332,1.15297,1.15322,169,2,0
2026-03-18 09:10:00,1.15322,1.15322,1.15253,1.15253,192,2,0
2026-03-18 09:15:00,1.15253,1.15317,1.15252,1.15317,168,2,0
2026-03-18 09:20:00,1.15317,1.15355,1.15317,1.15349,157,2,0
2026-03-18 09:25:00,1.15349,1.15354,1.15307,1.15349,268,2,0
2026-03-18 09:30:00,1.15349,1.1535,1.15328,1.15339,120,2,0
2026-03-18 09:35:00,1.15339,1.15355,1.15337,1.15348,147,2,0
2026-03-18 09:40:00,1.15348,1.15395,1.1534200000000001,1.15385,169,2,0
2026-03-18 09:45:00,1.15385,1.15393,1.15357,1.1537,194,2,0
2026-03-18 09:50:00,1.1537,1.15389,1.1536,1.15362,168,2,0
2026-03-18 09:55:00,1.15362,1.1539,1.15362,1.15385,156,2,0
2026-03-18 10:00:00,1.15385,1.15398,1.1538,1.15388,156,2,0
2026-03-18 10:05:00,1.15388,1.15438,1.15383,1.15434,159,2,0
2026-03-18 10:10:00,1.15434,1.15438,1.15419,1.15432,106,2,0
2026-03-18 10:15:00,1.15432,1.15434,1.15407,1.15407,200,2,0
2026-03-18 10:20:00,1.15407,1.1541299999999999,1.1538599999999999,1.15387,127,2,0
2026-03-18 10:25:00,1.15387,1.15394,1.15364,1.15366,164,2,0
2026-03-18 10:30:00,1.15366,1.15372,1.15336,1.15358,248,2,0
2026-03-18 10:35:00,1.15358,1.15374,1.15357,1.15366,202,2,0
2026-03-18 10:40:00,1.15366,1.15397,1.15366,1.15396,157,2,0
2026-03-18 10:45:00,1.15396,1.15423,1.15389,1.15422,227,2,0
2026-03-18 10:50:00,1.15422,1.15423,1.15367,1.1538599999999999,197,2,0
2026-03-18 10:55:00,1.1538599999999999,1.1541,1.15384,1.15398,172,2,0
2026-03-18 11:00:00,1.15396,1.15455,1.15395,1.15449,202,2,0
2026-03-18 11:05:00,1.15449,1.15455,1.15435,1.15449,229,2,0
2026-03-18 11:10:00,1.15449,1.15491,1.15448,1.15488,217,2,0
2026-03-18 11:15:00,1.15488,1.15552,1.15481,1.15549,222,2,0
2026-03-18 11:20:00,1.15549,1.15551,1.15511,1.15513,249,2,0
2026-03-18 11:25:00,1.15513,1.15513,1.15319,1.15322,803,2,0
2026-03-18 11:30:00,1.15322,1.15453,1.15299,1.15417,606,2,0
2026-03-18 11:35:00,1.15416,1.15417,1.1535199999999999,1.15357,452,2,0
2026-03-18 11:40:00,1.15357,1.15457,1.15341,1.15436,330,2,0
2026-03-18 11:45:00,1.15436,1.1543700000000001,1.15378,1.1542,391,2,0
2026-03-18 11:50:00,1.1542,1.15482,1.15396,1.1547,328,2,0
2026-03-18 11:55:00,1.1547,1.15495,1.15434,1.15467,520,2,0
2026-03-18 12:00:00,1.15467,1.1548,1.15419,1.1542,619,2,0
2026-03-18 12:05:00,1.15416,1.15435,1.15311,1.15317,758,2,0
2026-03-18 12:10:00,1.15317,1.15364,1.15306,1.15355,579,2,0
2026-03-18 12:15:00,1.15354,1.15354,1.15275,1.1528,659,2,0
2026-03-18 12:20:00,1.1528100000000001,1.15337,1.1528100000000001,1.15287,776,2,0
2026-03-18 12:25:00,1.15287,1.15301,1.15242,1.15255,607,2,0
2026-03-18 12:30:00,1.15255,1.15258,1.15178,1.15228,903,2,0
2026-03-18 12:35:00,1.15227,1.15275,1.15208,1.1526,538,2,0
2026-03-18 12:40:00,1.1526,1.1529,1.1513,1.15164,984,2,0
2026-03-18 12:45:00,1.15165,1.15187,1.15114,1.1512,920,2,0
2026-03-18 12:50:00,1.15121,1.15155,1.15082,1.15092,766,2,0
2026-03-18 12:55:00,1.15091,1.1514199999999999,1.15055,1.15073,817,2,0
2026-03-18 13:00:00,1.15073,1.15087,1.15016,1.15043,1153,2,0
2026-03-18 13:05:00,1.15043,1.15069,1.14979,1.14998,854,2,0
2026-03-18 13:10:00,1.14999,1.15001,1.1493,1.14953,768,2,0
2026-03-18 13:15:00,1.14953,1.14991,1.14906,1.14977,630,2,0
2026-03-18 13:20:00,1.14972,1.15041,1.14971,1.1503700000000001,517,2,0
2026-03-18 13:25:00,1.1503700000000001,1.15073,1.15024,1.1507,459,2,0
2026-03-18 13:30:00,1.15069,1.15075,1.15014,1.1503700000000001,757,2,0
2026-03-18 13:35:00,1.1503700000000001,1.15128,1.15035,1.15107,693,2,0
2026-03-18 13:40:00,1.15107,1.15121,1.15024,1.15054,512,2,0
2026-03-18 13:45:00,1.15054,1.1512,1.15045,1.15082,649,2,0
2026-03-18 13:50:00,1.15082,1.15095,1.15039,1.15078,772,2,0
2026-03-18 13:55:00,1.15078,1.15155,1.1507,1.15147,634,2,0
2026-03-18 14:00:00,1.15148,1.1522999999999999,1.15145,1.15225,709,2,0
2026-03-18 14:05:00,1.15225,1.15274,1.15155,1.15156,986,2,0
2026-03-18 14:10:00,1.15156,1.15156,1.1506,1.151,842,2,0
2026-03-18 14:15:00,1.151,1.1513,1.15087,1.15111,625,2,0
2026-03-18 14:20:00,1.15111,1.15111,1.15065,1.15073,582,2,0
2026-03-18 14:25:00,1.1507100000000001,1.15089,1.1504,1.15077,514,2,0
2026-03-18 14:30:00,1.15077,1.1514199999999999,1.1507100000000001,1.15119,652,2,0
2026-03-18 14:35:00,1.15118,1.15152,1.15092,1.15121,531,2,0
2026-03-18 14:40:00,1.15121,1.15134,1.15084,1.15129,562,2,0
2026-03-18 14:45:00,1.15129,1.15171,1.1509,1.15099,578,2,0
2026-03-18 14:50:00,1.15099,1.1514199999999999,1.15096,1.15101,569,2,0
2026-03-18 14:55:00,1.15101,1.1517,1.151,1.15165,608,2,0
2026-03-18 15:00:00,1.15165,1.15243,1.1516,1.1522999999999999,680,2,0
2026-03-18 15:05:00,1.1522999999999999,1.15296,1.15216,1.15243,606,2,0
2026-03-18 15:10:00,1.15244,1.15248,1.15185,1.15209,592,2,0
2026-03-18 15:15:00,1.15209,1.15225,1.15186,1.15208,448,2,0
2026-03-18 15:20:00,1.15209,1.15227,1.15163,1.15225,536,2,0
2026-03-18 15:25:00,1.15224,1.15232,1.1518,1.15197,388,2,0
2026-03-18 15:30:00,1.15197,1.15243,1.15191,1.15219,412,2,0
2026-03-18 15:35:00,1.15218,1.15269,1.15214,1.15252,381,2,0
2026-03-18 15:40:00,1.15252,1.15255,1.15207,1.15225,412,2,0
2026-03-18 15:45:00,1.15225,1.15231,1.15196,1.15206,388,2,0
2026-03-18 15:50:00,1.15206,1.15234,1.15155,1.15161,555,2,0
2026-03-18 15:55:00,1.15162,1.15171,1.15113,1.15128,573,2,0
2026-03-18 16:00:00,1.15128,1.15167,1.15112,1.15139,456,2,0
2026-03-18 16:05:00,1.15139,1.15154,1.15123,1.15141,296,2,0
2026-03-18 16:10:00,1.15141,1.15182,1.15127,1.15174,347,2,0
2026-03-18 16:15:00,1.15174,1.15176,1.15117,1.15151,384,2,0
2026-03-18 16:20:00,1.15151,1.15222,1.15148,1.15219,314,2,0
2026-03-18 16:25:00,1.15219,1.15219,1.15158,1.15187,352,2,0
2026-03-18 16:30:00,1.15186,1.15186,1.15127,1.15128,449,2,0
2026-03-18 16:35:00,1.15127,1.15127,1.15077,1.15118,478,2,0
2026-03-18 16:40:00,1.15118,1.15138,1.151,1.15113,288,2,0
2026-03-18 16:45:00,1.15113,1.15114,1.15083,1.15088,224,2,0
2026-03-18 16:50:00,1.15088,1.15106,1.15068,1.1509800000000001,330,2,0
2026-03-18 16:55:00,1.1509800000000001,1.15114,1.15096,1.15107,246,2,0
2026-03-18 17:00:00,1.15106,1.1512,1.15091,1.15099,340,2,0
2026-03-18 17:05:00,1.15099,1.15099,1.15053,1.15068,283,2,0
2026-03-18 17:10:00,1.15068,1.15073,1.1503,1.1503700000000001,225,2,0
2026-03-18 17:15:00,1.1503700000000001,1.15086,1.15026,1.1508,307,2,0
2026-03-18 17:20:00,1.1508,1.15088,1.15072,1.15082,213,2,0
2026-03-18 17:25:00,1.15082,1.15082,1.15057,1.15068,292,2,0
2026-03-18 17:30:00,1.15068,1.15105,1.15044,1.15102,337,2,0
2026-03-18 17:35:00,1.15102,1.15129,1.15097,1.15124,198,2,0
2026-03-18 17:40:00,1.15124,1.15124,1.15074,1.15114,315,2,0
2026-03-18 17:45:00,1.15114,1.1516,1.15111,1.15113,342,2,0
2026-03-18 17:50:00,1.15113,1.15154,1.1511,1.15153,228,2,0
2026-03-18 17:55:00,1.15153,1.15165,1.1514199999999999,1.15158,224,2,0
2026-03-18 18:00:00,1.15157,1.15249,1.15103,1.15202,850,2,0
2026-03-18 18:05:00,1.15202,1.15222,1.15143,1.15152,773,2,0
2026-03-18 18:10:00,1.15152,1.15174,1.15115,1.1513200000000001,615,2,0
2026-03-18 18:15:00,1.1513200000000001,1.1513200000000001,1.15026,1.15093,1022,2,0
2026-03-18 18:20:00,1.15093,1.1511,1.15072,1.15096,516,2,0
2026-03-18 18:25:00,1.15096,1.1511,1.15072,1.15099,326,2,0
2026-03-18 18:30:00,1.15099,1.15119,1.14991,1.15038,830,2,0
2026-03-18 18:35:00,1.15038,1.15117,1.14939,1.14947,1251,2,0
2026-03-18 18:40:00,1.14948,1.14999,1.14904,1.14907,1145,2,0
2026-03-18 18:45:00,1.14907,1.14926,1.1487,1.1489099999999999,722,2,0
2026-03-18 18:50:00,1.14892,1.14903,1.14835,1.1485,728,2,0
2026-03-18 18:55:00,1.1485,1.14866,1.1476899999999999,1.14771,742,2,0
2026-03-18 19:00:00,1.14771,1.14817,1.1475,1.14816,898,2,0
2026-03-18 19:05:00,1.14814,1.14825,1.14778,1.1482,455,2,0
2026-03-18 19:10:00,1.1482,1.1482,1.14753,1.14757,463,2,0
2026-03-18 19:15:00,1.14757,1.14788,1.14757,1.14759,304,2,0
2026-03-18 19:20:00,1.14759,1.14782,1.14701,1.14712,356,2,0
2026-03-18 19:25:00,1.14712,1.14753,1.1470799999999999,1.14739,280,2,0
2026-03-18 19:30:00,1.14738,1.14798,1.14733,1.14796,259,2,0
2026-03-18 19:35:00,1.14796,1.14809,1.14785,1.14795,161,2,0
2026-03-18 19:40:00,1.14795,1.14801,1.14745,1.14755,226,2,0
2026-03-18 19:45:00,1.14755,1.14757,1.14703,1.14724,395,2,0
2026-03-18 19:50:00,1.14724,1.14755,1.14691,1.14695,468,2,0
2026-03-18 19:55:00,1.14694,1.14712,1.14684,1.14693,262,2,0
2026-03-18 20:00:00,1.14693,1.14703,1.14678,1.14692,212,2,0
2026-03-18 20:05:00,1.14692,1.14694,1.14659,1.14669,134,2,0
2026-03-18 20:10:00,1.14669,1.14692,1.1461999999999999,1.14632,270,2,0
2026-03-18 20:15:00,1.14632,1.14632,1.1458,1.14582,222,2,0
2026-03-18 20:20:00,1.14581,1.14611,1.14527,1.14527,226,2,0
2026-03-18 20:25:00,1.14527,1.14548,1.14518,1.1453,193,2,0
2026-03-18 20:30:00,1.14526,1.14539,1.1451,1.14511,150,2,0
2026-03-18 20:35:00,1.14511,1.14529,1.1449799999999999,1.14514,143,2,0
2026-03-18 20:40:00,1.14514,1.14547,1.14514,1.14547,142,2,0
2026-03-18 20:45:00,1.14547,1.14562,1.14536,1.14548,158,2,0
2026-03-18 20:50:00,1.14548,1.1455,1.1449799999999999,1.14508,167,2,0
2026-03-18 20:55:00,1.14508,1.14523,1.14482,1.14487,488,2,0
2026-03-18 21:00:00,1.14492,1.14496,1.14482,1.14483,16,54,0
2026-03-18 21:05:00,1.1448800000000001,1.14519,1.14483,1.14514,372,74,0
2026-03-18 21:10:00,1.14518,1.14556,1.14486,1.14551,76,59,0
2026-03-18 21:15:00,1.14551,1.14553,1.14453,1.14548,168,87,0
2026-03-18 21:20:00,1.14548,1.14611,1.14545,1.14582,147,87,0
2026-03-18 21:25:00,1.14582,1.14638,1.14569,1.14597,28,78,0
2026-03-18 21:30:00,1.14597,1.14648,1.14597,1.14597,31,65,0
2026-03-18 21:35:00,1.14597,1.14597,1.14597,1.14597,5,107,0
2026-03-18 21:40:00,1.14597,1.14666,1.14597,1.14642,43,78,0
2026-03-18 21:45:00,1.14642,1.14653,1.14641,1.14653,37,66,0
2026-03-18 21:50:00,1.14653,1.14672,1.14597,1.14597,13,96,0
2026-03-18 21:55:00,1.14597,1.14625,1.14591,1.14603,55,98,0
2026-03-18 22:00:00,1.14603,1.1463,1.14535,1.14565,163,43,0
2026-03-18 22:05:00,1.14565,1.1461999999999999,1.14563,1.14607,72,6,0
2026-03-18 22:10:00,1.14607,1.14607,1.14524,1.1452499999999999,152,2,0
2026-03-18 22:15:00,1.1452499999999999,1.14562,1.1451500000000001,1.14529,207,4,0
2026-03-18 22:20:00,1.14529,1.14537,1.14509,1.1452499999999999,202,5,0
2026-03-18 22:25:00,1.1452499999999999,1.14548,1.14524,1.14528,136,5,0
2026-03-18 22:30:00,1.14528,1.14544,1.14513,1.14519,79,4,0
2026-03-18 22:35:00,1.14519,1.14547,1.14516,1.14546,160,4,0
2026-03-18 22:40:00,1.14546,1.14566,1.14528,1.14558,123,5,0
2026-03-18 22:45:00,1.14558,1.14578,1.14555,1.1457,159,4,0
2026-03-18 22:50:00,1.1457,1.14583,1.1456,1.14574,185,4,0
2026-03-18 22:55:00,1.14574,1.14581,1.14556,1.14564,77,4,0
2026-03-18 23:00:00,1.14565,1.146,1.1455,1.14594,243,2,0
2026-03-18 23:05:00,1.14594,1.14605,1.1458599999999999,1.1458599999999999,167,3,0
2026-03-18 23:10:00,1.14587,1.14592,1.14571,1.14581,152,3,0
2026-03-18 23:15:00,1.14581,1.14587,1.14573,1.14582,60,2,0
2026-03-18 23:20:00,1.14581,1.14609,1.14581,1.14609,107,2,0
2026-03-18 23:25:00,1.14609,1.14625,1.14601,1.14623,151,3,0
2026-03-18 23:30:00,1.14623,1.14632,1.14612,1.14626,134,2,0
2026-03-18 23:35:00,1.14626,1.1463700000000001,1.14611,1.1463700000000001,160,2,0
2026-03-18 23:40:00,1.1463700000000001,1.14657,1.14589,1.14593,202,2,0
2026-03-18 23:45:00,1.14595,1.14658,1.14575,1.1464699999999999,423,2,0
2026-03-18 23:50:00,1.1464699999999999,1.1464699999999999,1.14623,1.14638,164,2,0
2026-03-18 23:55:00,1.14638,1.14648,1.14626,1.14632,204,2,0
2026-03-19 00:00:00,1.14632,1.14685,1.14621,1.14684,426,2,0
2026-03-19 00:05:00,1.14684,1.14693,1.14662,1.14666,177,2,0
2026-03-19 00:10:00,1.14666,1.14672,1.14635,1.14654,234,2,0
2026-03-19 00:15:00,1.14655,1.1467,1.14648,1.14664,181,2,0
2026-03-19 00:20:00,1.14664,1.14674,1.14641,1.14652,221,2,0
2026-03-19 00:25:00,1.14652,1.14695,1.1464699999999999,1.1469,114,2,0
2026-03-19 00:30:00,1.1469,1.14707,1.14661,1.14665,233,2,0
2026-03-19 00:35:00,1.14665,1.14695,1.14662,1.14688,166,2,0
2026-03-19 00:40:00,1.14688,1.14695,1.14661,1.14666,208,2,0
2026-03-19 00:45:00,1.14666,1.14723,1.14666,1.14715,263,2,0
2026-03-19 00:50:00,1.14715,1.14717,1.14686,1.14697,278,2,0
2026-03-19 00:55:00,1.14697,1.14744,1.14692,1.14741,257,2,0
2026-03-19 01:00:00,1.14741,1.1477,1.14734,1.14754,344,2,0
2026-03-19 01:05:00,1.14754,1.14773,1.14744,1.14768,152,2,0
2026-03-19 01:10:00,1.14768,1.14785,1.14743,1.1477,290,2,0
2026-03-19 01:15:00,1.1477,1.14792,1.14755,1.14776,243,2,0
2026-03-19 01:20:00,1.14776,1.14778,1.14756,1.14776,259,2,0
2026-03-19 01:25:00,1.14776,1.14797,1.14773,1.14792,151,2,0
2026-03-19 01:30:00,1.14792,1.14807,1.14783,1.14806,214,2,0
2026-03-19 01:35:00,1.14806,1.14837,1.148,1.14819,243,2,0
2026-03-19 01:40:00,1.14819,1.14828,1.14802,1.14807,177,2,0
2026-03-19 01:45:00,1.14807,1.1481,1.14784,1.14805,196,2,0
2026-03-19 01:50:00,1.14805,1.14806,1.14782,1.14797,169,2,0
2026-03-19 01:55:00,1.14797,1.14805,1.14759,1.1476,203,2,0
2026-03-19 02:00:00,1.1476,1.14761,1.14731,1.1474199999999999,338,2,0
2026-03-19 02:05:00,1.1474199999999999,1.14897,1.14717,1.1482700000000001,697,2,0
2026-03-19 02:10:00,1.1482700000000001,1.1488800000000001,1.14821,1.14883,365,2,0
2026-03-19 02:15:00,1.14883,1.14904,1.14855,1.14901,301,2,0
2026-03-19 02:20:00,1.149,1.14912,1.14872,1.14898,159,2,0
2026-03-19 02:25:00,1.14898,1.14908,1.14885,1.149,149,2,0
2026-03-19 02:30:00,1.149,1.14901,1.14877,1.14894,157,2,0
2026-03-19 02:35:00,1.14894,1.14906,1.14879,1.14887,196,2,0
2026-03-19 02:40:00,1.14887,1.149,1.14877,1.1488800000000001,230,2,0
2026-03-19 02:45:00,1.1488800000000001,1.14892,1.14851,1.14875,361,2,0
2026-03-19 02:50:00,1.14875,1.14875,1.14834,1.14845,209,2,0
2026-03-19 02:55:00,1.14844,1.14859,1.14813,1.14819,187,2,0
2026-03-19 03:00:00,1.14819,1.14834,1.14798,1.14818,174,2,0
2026-03-19 03:05:00,1.14818,1.14825,1.14796,1.14806,109,2,0
2026-03-19 03:10:00,1.14806,1.14832,1.14797,1.14823,111,2,0
2026-03-19 03:15:00,1.14823,1.14829,1.14811,1.14815,92,2,0
2026-03-19 03:20:00,1.14815,1.1482700000000001,1.14809,1.14813,103,2,0
2026-03-19 03:25:00,1.14813,1.14814,1.14785,1.14792,107,2,0
2026-03-19 03:30:00,1.14792,1.14792,1.14757,1.14774,177,2,0
2026-03-19 03:35:00,1.14774,1.14776,1.14752,1.14765,96,2,0
2026-03-19 03:40:00,1.14765,1.14777,1.14762,1.14765,74,2,0
2026-03-19 03:45:00,1.14765,1.14779,1.14762,1.14778,90,2,0
2026-03-19 03:50:00,1.14778,1.14779,1.14747,1.14748,136,2,0
2026-03-19 03:55:00,1.14748,1.14763,1.14745,1.14748,89,2,0
2026-03-19 04:00:00,1.14745,1.14749,1.14735,1.14738,133,2,0
2026-03-19 04:05:00,1.14738,1.1474,1.14716,1.14716,104,2,0
2026-03-19 04:10:00,1.14716,1.14731,1.14713,1.14729,79,2,0
2026-03-19 04:15:00,1.14729,1.14735,1.1471,1.14713,148,2,0
2026-03-19 04:20:00,1.14713,1.14737,1.14711,1.14712,100,2,0
2026-03-19 04:25:00,1.14712,1.14721,1.14702,1.14711,102,2,0
2026-03-19 04:30:00,1.14711,1.14728,1.14707,1.14723,95,2,0
2026-03-19 04:35:00,1.14723,1.14724,1.14698,1.14698,77,2,0
2026-03-19 04:40:00,1.14699,1.14699,1.14669,1.1469,110,2,0
2026-03-19 04:45:00,1.1469,1.14695,1.14669,1.14673,102,2,0
2026-03-19 04:50:00,1.14673,1.14695,1.14673,1.14688,110,2,0
2026-03-19 04:55:00,1.14688,1.14703,1.14685,1.14689,104,2,0
2026-03-19 05:00:00,1.14689,1.14703,1.14678,1.14688,121,2,0
2026-03-19 05:05:00,1.14688,1.14696,1.14679,1.1469,87,2,0
2026-03-19 05:10:00,1.1469,1.14693,1.14675,1.14684,79,2,0
2026-03-19 05:15:00,1.14684,1.14693,1.14679,1.14692,74,2,0
2026-03-19 05:20:00,1.14692,1.1471,1.1469,1.14706,99,2,0
2026-03-19 05:25:00,1.14706,1.14706,1.1469,1.14694,68,2,0
2026-03-19 05:30:00,1.14694,1.14699,1.14682,1.14698,107,2,0
2026-03-19 05:35:00,1.14698,1.1471,1.14669,1.14675,126,2,0
2026-03-19 05:40:00,1.14675,1.1468099999999999,1.14633,1.14648,146,2,0
2026-03-19 05:45:00,1.14648,1.14684,1.14648,1.14673,147,2,0
2026-03-19 05:50:00,1.14673,1.14687,1.14659,1.14679,104,2,0
2026-03-19 05:55:00,1.14679,1.14693,1.14656,1.14659,104,2,0
2026-03-19 06:00:00,1.14661,1.14661,1.14635,1.14655,193,2,0
2026-03-19 06:05:00,1.14655,1.14667,1.14651,1.14658,196,2,0
2026-03-19 06:10:00,1.14658,1.14725,1.14658,1.14725,195,2,0
2026-03-19 06:15:00,1.14723,1.14767,1.14714,1.14753,240,2,0
2026-03-19 06:20:00,1.14753,1.1476,1.14728,1.14734,193,2,0
2026-03-19 06:25:00,1.14735,1.14743,1.14686,1.14687,220,2,0
2026-03-19 06:30:00,1.14687,1.14688,1.14631,1.14644,242,2,0
2026-03-19 06:35:00,1.14644,1.14657,1.14619,1.14654,312,2,0
2026-03-19 06:40:00,1.14654,1.14669,1.14635,1.14669,228,2,0
2026-03-19 06:45:00,1.14669,1.14682,1.14622,1.14623,324,2,0
2026-03-19 06:50:00,1.14623,1.14646,1.1461000000000001,1.14622,332,2,0
2026-03-19 06:55:00,1.14622,1.14652,1.14609,1.14652,305,2,0
2026-03-19 07:00:00,1.14652,1.14678,1.1452499999999999,1.14578,644,2,0
2026-03-19 07:05:00,1.14578,1.1473,1.14556,1.14684,830,2,0
2026-03-19 07:10:00,1.14684,1.14706,1.14614,1.14675,635,2,0
2026-03-19 07:15:00,1.14676,1.14752,1.14675,1.14724,517,2,0
2026-03-19 07:20:00,1.14725,1.1474,1.14653,1.1469,473,2,0
2026-03-19 07:25:00,1.1469,1.14698,1.14643,1.1465,381,2,0
2026-03-19 07:30:00,1.1465,1.1468,1.14625,1.14627,362,2,0
2026-03-19 07:35:00,1.14627,1.14645,1.14598,1.14643,420,2,0
2026-03-19 07:40:00,1.14643,1.14646,1.14581,1.146,435,2,0
2026-03-19 07:45:00,1.146,1.14658,1.14572,1.14643,448,2,0
2026-03-19 07:50:00,1.14643,1.1465,1.14563,1.14569,345,2,0
2026-03-19 07:55:00,1.1457,1.14572,1.14507,1.14524,562,2,0
2026-03-19 08:00:00,1.1452499999999999,1.14552,1.145,1.145,666,2,0
2026-03-19 08:05:00,1.145,1.1452,1.14446,1.1448,597,2,0
2026-03-19 08:10:00,1.1448,1.14486,1.14438,1.14477,512,2,0
2026-03-19 08:15:00,1.14477,1.14561,1.14477,1.1455,506,2,0
2026-03-19 08:20:00,1.14552,1.14592,1.14507,1.14535,577,2,0
2026-03-19 08:25:00,1.14535,1.14541,1.14495,1.14517,531,2,0
2026-03-19 08:30:00,1.14517,1.14567,1.14499,1.14547,759,2,0
2026-03-19 08:35:00,1.14547,1.14588,1.1452,1.14526,575,2,0
2026-03-19 08:40:00,1.14526,1.14526,1.14429,1.1446,817,2,0
2026-03-19 08:45:00,1.1446,1.14508,1.14459,1.14491,544,2,0
2026-03-19 08:50:00,1.14491,1.1454900000000001,1.1448,1.1451500000000001,542,2,0
2026-03-19 08:55:00,1.1451500000000001,1.14523,1.14475,1.14509,526,2,0
2026-03-19 09:00:00,1.14509,1.14618,1.14509,1.14612,542,2,0
2026-03-19 09:05:00,1.14612,1.14655,1.1461000000000001,1.14644,475,2,0
2026-03-19 09:10:00,1.14644,1.14651,1.14613,1.14641,563,2,0
2026-03-19 09:15:00,1.14641,1.1471,1.14616,1.1471,661,2,0
2026-03-19 09:20:00,1.14709,1.14796,1.14685,1.1474,580,2,0
2026-03-19 09:25:00,1.1474,1.14754,1.14568,1.14609,1350,2,0
2026-03-19 09:30:00,1.14609,1.1471,1.146,1.1468,1079,2,0
2026-03-19 09:35:00,1.1468,1.14719,1.14632,1.1467100000000001,842,2,0
2026-03-19 09:40:00,1.1467100000000001,1.14721,1.14651,1.14673,655,2,0
2026-03-19 09:45:00,1.14673,1.1476899999999999,1.14655,1.14767,954,2,0
2026-03-19 09:50:00,1.14767,1.14879,1.1476,1.1479300000000001,1196,2,0
2026-03-19 09:55:00,1.1479300000000001,1.14847,1.14778,1.14802,853,2,0
2026-03-19 10:00:00,1.14802,1.14802,1.14735,1.14761,657,2,0
2026-03-19 10:05:00,1.14761,1.14791,1.14745,1.14746,635,2,0
2026-03-19 10:10:00,1.14746,1.14758,1.1471,1.14733,504,2,0
2026-03-19 10:15:00,1.14733,1.14743,1.14703,1.14721,456,2,0
2026-03-19 10:20:00,1.14721,1.14722,1.14667,1.14678,391,2,0
2026-03-19 10:25:00,1.14677,1.14707,1.14665,1.14696,458,2,0
2026-03-19 10:30:00,1.14696,1.1471,1.14668,1.14697,415,2,0
2026-03-19 10:35:00,1.14697,1.14698,1.14665,1.14695,291,2,0
2026-03-19 10:40:00,1.14695,1.14731,1.14693,1.1473,350,2,0
2026-03-19 10:45:00,1.1473,1.1476600000000001,1.14721,1.14765,355,2,0
2026-03-19 10:50:00,1.14765,1.14779,1.14713,1.14734,404,2,0
2026-03-19 10:55:00,1.14734,1.14767,1.14728,1.14738,334,2,0
2026-03-19 11:00:00,1.14738,1.14797,1.1473,1.14792,409,2,0
2026-03-19 11:05:00,1.14786,1.14808,1.14771,1.14801,393,2,0
2026-03-19 11:10:00,1.14801,1.14813,1.14762,1.14789,397,2,0
2026-03-19 11:15:00,1.14789,1.14791,1.14753,1.14774,462,2,0
2026-03-19 11:20:00,1.14774,1.14775,1.1468,1.14682,388,2,0
2026-03-19 11:25:00,1.14682,1.14719,1.14656,1.14717,366,2,0
2026-03-19 11:30:00,1.14717,1.14733,1.14697,1.14715,293,2,0
2026-03-19 11:35:00,1.14715,1.14729,1.14685,1.14714,377,2,0
2026-03-19 11:40:00,1.14714,1.1472,1.14673,1.14685,306,2,0
2026-03-19 11:45:00,1.14685,1.1473200000000001,1.14676,1.14717,302,2,0
2026-03-19 11:50:00,1.1472,1.14775,1.1472,1.14752,354,2,0
2026-03-19 11:55:00,1.14752,1.14797,1.14746,1.14796,304,2,0
2026-03-19 12:00:00,1.14796,1.14805,1.1473200000000001,1.1476899999999999,854,2,0
2026-03-19 12:05:00,1.1476899999999999,1.14834,1.14747,1.14782,1155,2,0
2026-03-19 12:10:00,1.1478,1.1479300000000001,1.14724,1.14748,723,2,0
2026-03-19 12:15:00,1.14747,1.14783,1.14728,1.14738,710,2,0
2026-03-19 12:20:00,1.14739,1.1476,1.1469,1.147,634,2,0
2026-03-19 12:25:00,1.147,1.147,1.14635,1.14651,427,2,0
2026-03-19 12:30:00,1.1464699999999999,1.14764,1.14625,1.14748,1098,2,0
2026-03-19 12:35:00,1.14748,1.14852,1.14744,1.14814,932,2,0
2026-03-19 12:40:00,1.14814,1.14898,1.14807,1.14852,742,2,0
2026-03-19 12:45:00,1.14852,1.14884,1.14826,1.14869,837,2,0
2026-03-19 12:50:00,1.14869,1.14896,1.14824,1.14885,1031,2,0
2026-03-19 12:55:00,1.14885,1.14896,1.14852,1.1487,702,2,0
2026-03-19 13:00:00,1.1487,1.14947,1.14816,1.14934,1134,2,0
2026-03-19 13:05:00,1.14934,1.14961,1.14866,1.14882,968,2,0
2026-03-19 13:10:00,1.14882,1.14899,1.14833,1.14883,648,2,0
2026-03-19 13:15:00,1.14882,1.14977,1.14807,1.14971,1349,2,0
2026-03-19 13:20:00,1.14971,1.15044,1.14828,1.14829,1496,2,0
2026-03-19 13:25:00,1.14826,1.14858,1.14774,1.14815,1284,2,0
2026-03-19 13:30:00,1.14811,1.14813,1.14691,1.14778,1586,2,0
2026-03-19 13:35:00,1.14778,1.14851,1.14737,1.14811,1412,2,0
2026-03-19 13:40:00,1.1481,1.14894,1.14795,1.14819,1579,2,0
2026-03-19 13:45:00,1.14819,1.14923,1.14779,1.14923,1594,2,0
2026-03-19 13:50:00,1.14923,1.15187,1.14919,1.15174,1816,2,0
2026-03-19 13:55:00,1.15174,1.15273,1.15134,1.15173,1658,2,0
2026-03-19 14:00:00,1.15171,1.15271,1.15139,1.15165,1765,2,0
2026-03-19 14:05:00,1.15164,1.15282,1.15144,1.15231,1725,2,0
2026-03-19 14:10:00,1.15232,1.15244,1.15133,1.15135,1529,2,0
2026-03-19 14:15:00,1.15134,1.15152,1.15074,1.1514199999999999,1373,2,0
2026-03-19 14:20:00,1.15141,1.15171,1.15075,1.15107,1447,2,0
2026-03-19 14:25:00,1.15107,1.15123,1.15006,1.15043,1298,2,0
2026-03-19 14:30:00,1.15042,1.15162,1.15022,1.1515900000000001,1130,2,0
2026-03-19 14:35:00,1.1515900000000001,1.15199,1.15133,1.15147,1109,2,0
2026-03-19 14:40:00,1.15148,1.1516899999999999,1.15129,1.15135,1059,2,0
2026-03-19 14:45:00,1.15135,1.1519300000000001,1.15121,1.15167,853,2,0
2026-03-19 14:50:00,1.15167,1.15218,1.15152,1.15161,893,2,0
2026-03-19 14:55:00,1.15161,1.15179,1.1514199999999999,1.15164,637,2,0
2026-03-19 15:00:00,1.15161,1.15237,1.15129,1.15237,814,2,0
2026-03-19 15:05:00,1.15237,1.15388,1.15232,1.15277,1025,2,0
2026-03-19 15:10:00,1.15278,1.15322,1.15245,1.153,768,2,0
2026-03-19 15:15:00,1.153,1.15309,1.15188,1.15196,864,2,0
2026-03-19 15:20:00,1.15196,1.15201,1.15138,1.15146,727,2,0
2026-03-19 15:25:00,1.15146,1.15163,1.15059,1.15107,796,2,0
2026-03-19 15:30:00,1.15107,1.15113,1.15058,1.15085,734,2,0
2026-03-19 15:35:00,1.15085,1.15104,1.15007,1.15021,701,2,0
2026-03-19 15:40:00,1.15023,1.15066,1.15005,1.15023,877,2,0
2026-03-19 15:45:00,1.15023,1.15063,1.14984,1.15062,1074,2,0
2026-03-19 15:50:00,1.15061,1.15101,1.15036,1.15067,921,2,0
2026-03-19 15:55:00,1.15067,1.15179,1.15067,1.15141,1199,2,0
2026-03-19 16:00:00,1.15141,1.15247,1.15117,1.15219,1165,2,0
2026-03-19 16:05:00,1.15219,1.15277,1.15198,1.15262,962,2,0
2026-03-19 16:10:00,1.15263,1.15377,1.15247,1.15265,1495,2,0
2026-03-19 16:15:00,1.15267,1.15306,1.15233,1.15269,1034,2,0
2026-03-19 16:20:00,1.15269,1.15344,1.15249,1.15318,933,2,0
2026-03-19 16:25:00,1.15318,1.15349,1.15306,1.15335,683,2,0
2026-03-19 16:30:00,1.15335,1.15357,1.15307,1.15334,725,2,0
2026-03-19 16:35:00,1.15334,1.15334,1.15265,1.15297,724,2,0
2026-03-19 16:40:00,1.15297,1.15356,1.15297,1.15339,626,2,0
2026-03-19 16:45:00,1.15339,1.15356,1.1528,1.15293,615,2,0
2026-03-19 16:50:00,1.15293,1.15309,1.15238,1.1529099999999999,719,2,0
2026-03-19 16:55:00,1.1529099999999999,1.15366,1.1529099999999999,1.15357,548,2,0
2026-03-19 17:00:00,1.15357,1.15463,1.15356,1.15392,590,2,0
2026-03-19 17:05:00,1.15392,1.15419,1.15359,1.15393,559,2,0
2026-03-19 17:10:00,1.15395,1.15451,1.1537600000000001,1.15442,518,2,0
2026-03-19 17:15:00,1.15442,1.1549800000000001,1.1544,1.15497,440,2,0
2026-03-19 17:20:00,1.15497,1.1555,1.15487,1.1553200000000001,491,2,0
2026-03-19 17:25:00,1.15533,1.15601,1.15524,1.15573,589,2,0
2026-03-19 17:30:00,1.15573,1.1559599999999999,1.15537,1.15553,492,2,0
2026-03-19 17:35:00,1.15553,1.1559300000000001,1.15544,1.15553,436,2,0
2026-03-19 17:40:00,1.15553,1.15617,1.15551,1.156,387,2,0
2026-03-19 17:45:00,1.156,1.15608,1.15549,1.15551,320,2,0
2026-03-19 17:50:00,1.15552,1.15658,1.15548,1.15643,420,2,0
2026-03-19 17:55:00,1.15643,1.15676,1.15594,1.15601,418,2,0
2026-03-19 18:00:00,1.15601,1.15605,1.15539,1.15571,417,2,0
2026-03-19 18:05:00,1.15571,1.15591,1.15552,1.15557,585,2,0
2026-03-19 18:10:00,1.1555900000000001,1.15592,1.15534,1.15578,531,2,0
2026-03-19 18:15:00,1.15578,1.15586,1.15511,1.15534,508,2,0
2026-03-19 18:20:00,1.15534,1.15588,1.1553200000000001,1.15587,482,2,0
2026-03-19 18:25:00,1.15587,1.15606,1.15582,1.15602,271,2,0
2026-03-19 18:30:00,1.15602,1.15609,1.15584,1.15592,269,2,0
2026-03-19 18:35:00,1.15592,1.15603,1.15552,1.15554,286,2,0
2026-03-19 18:40:00,1.15554,1.1555900000000001,1.1553499999999999,1.15536,259,2,0
2026-03-19 18:45:00,1.15536,1.15574,1.15531,1.15567,248,2,0
2026-03-19 18:50:00,1.15567,1.15635,1.15563,1.15632,261,2,0
2026-03-19 18:55:00,1.15632,1.15841,1.15625,1.15836,733,2,0
2026-03-19 19:00:00,1.1583700000000001,1.1596,1.15826,1.15943,973,2,0
2026-03-19 19:05:00,1.15943,1.1616,1.15939,1.16052,1929,2,0
2026-03-19 19:10:00,1.16053,1.16146,1.16,1.16082,2220,2,0
2026-03-19 19:15:00,1.1608,1.16131,1.15997,1.16012,1755,2,0
2026-03-19 19:20:00,1.16012,1.16022,1.15917,1.15921,1234,2,0
2026-03-19 19:25:00,1.15921,1.15937,1.15828,1.15885,901,2,0
2026-03-19 19:30:00,1.15886,1.1590799999999999,1.1583700000000001,1.15871,843,2,0
2026-03-19 19:35:00,1.15871,1.15894,1.1581299999999999,1.1587399999999999,772,2,0
2026-03-19 19:40:00,1.1587399999999999,1.159,1.15848,1.15851,677,2,0
2026-03-19 19:45:00,1.15851,1.15854,1.15814,1.15824,455,2,0
2026-03-19 19:50:00,1.15824,1.15827,1.15772,1.15789,488,2,0
2026-03-19 19:55:00,1.15789,1.15882,1.1577,1.15846,495,2,0
2026-03-19 20:00:00,1.15846,1.15865,1.15832,1.15865,385,2,0
2026-03-19 20:05:00,1.1586400000000001,1.1588,1.15831,1.15838,200,2,0
2026-03-19 20:10:00,1.15838,1.15838,1.15818,1.15829,141,2,0
2026-03-19 20:15:00,1.15829,1.15833,1.15804,1.15822,94,2,0
2026-03-19 20:20:00,1.15822,1.15859,1.15817,1.15857,85,2,0
2026-03-19 20:25:00,1.15857,1.15891,1.15857,1.15884,126,2,0
2026-03-19 20:30:00,1.15885,1.15885,1.1586,1.15863,74,2,0
2026-03-19 20:35:00,1.15863,1.15869,1.15851,1.1586,83,2,0
2026-03-19 20:40:00,1.1586,1.15862,1.15849,1.15855,71,2,0
2026-03-19 20:45:00,1.15855,1.15881,1.15855,1.15862,70,2,0
2026-03-19 20:50:00,1.15862,1.15868,1.15845,1.15858,70,2,0
2026-03-19 20:55:00,1.15858,1.1589800000000001,1.1584699999999999,1.1585,262,4,0
2026-03-19 21:00:00,1.15859,1.15859,1.15856,1.15857,8,54,0
2026-03-19 21:05:00,1.15854,1.15855,1.1585,1.15852,19,57,0
2026-03-19 21:10:00,1.15852,1.15858,1.15852,1.15852,33,57,0
2026-03-19 21:15:00,1.15852,1.15853,1.15801,1.15823,71,56,0
2026-03-19 21:20:00,1.15823,1.15823,1.15817,1.15819,14,66,0
2026-03-19 21:25:00,1.15819,1.15819,1.1581299999999999,1.15817,26,63,0
2026-03-19 21:30:00,1.15817,1.15828,1.15816,1.15828,29,73,0
2026-03-19 21:35:00,1.15828,1.15828,1.15821,1.15822,70,77,0
2026-03-19 21:40:00,1.15821,1.15829,1.15819,1.15825,23,77,0
2026-03-19 21:45:00,1.15825,1.15825,1.15821,1.15825,26,75,0
2026-03-19 21:50:00,1.15825,1.15825,1.1582,1.15822,13,75,0
2026-03-19 21:55:00,1.15822,1.15823,1.1577600000000001,1.15787,43,76,0
2026-03-19 22:00:00,1.15787,1.15926,1.15778,1.15915,139,42,0
2026-03-19 22:05:00,1.15915,1.15941,1.15894,1.15921,91,4,0
2026-03-19 22:10:00,1.15921,1.15924,1.15873,1.15876,141,2,0
2026-03-19 22:15:00,1.15876,1.15879,1.15849,1.15851,85,5,0
2026-03-19 22:20:00,1.15851,1.15867,1.1584699999999999,1.1584699999999999,125,4,0
2026-03-19 22:25:00,1.1584699999999999,1.15852,1.1583700000000001,1.15841,138,4,0
2026-03-19 22:30:00,1.15841,1.15842,1.15812,1.15812,102,3,0
2026-03-19 22:35:00,1.15812,1.15812,1.15789,1.15797,145,3,0
2026-03-19 22:40:00,1.15797,1.15808,1.15785,1.15791,134,3,0
2026-03-19 22:45:00,1.15791,1.15807,1.15781,1.15791,79,3,0
2026-03-19 22:50:00,1.15791,1.15791,1.15773,1.15779,86,3,0
2026-03-19 22:55:00,1.15779,1.15793,1.1577600000000001,1.1578,100,4,0
2026-03-19 23:00:00,1.15781,1.15816,1.15781,1.15799,205,3,0
2026-03-19 23:05:00,1.15799,1.15809,1.15774,1.15782,202,2,0
2026-03-19 23:10:00,1.15782,1.15799,1.15773,1.15781,132,2,0
2026-03-19 23:15:00,1.15781,1.15784,1.15772,1.15773,71,3,0
2026-03-19 23:20:00,1.15773,1.15778,1.15754,1.15754,59,2,0
2026-03-19 23:25:00,1.15754,1.1577,1.15754,1.15764,94,2,0
2026-03-19 23:30:00,1.15764,1.15783,1.15753,1.1576,114,2,0
2026-03-19 23:35:00,1.1576,1.15764,1.1575199999999999,1.1576,86,2,0
2026-03-19 23:40:00,1.1576,1.15768,1.15754,1.15764,74,2,0
2026-03-19 23:45:00,1.15764,1.15774,1.15751,1.15753,92,2,0
2026-03-19 23:50:00,1.15753,1.15777,1.15743,1.15773,115,2,0
2026-03-19 23:55:00,1.15773,1.15784,1.15761,1.15763,120,2,0
2026-03-20 00:00:00,1.15763,1.15781,1.15732,1.1574,301,2,0
2026-03-20 00:05:00,1.1574,1.15744,1.15725,1.15739,190,2,0
2026-03-20 00:10:00,1.15739,1.15761,1.15739,1.15755,179,2,0
2026-03-20 00:15:00,1.15755,1.158,1.15754,1.15754,183,2,0
2026-03-20 00:20:00,1.15754,1.15772,1.1574200000000001,1.15743,249,2,0
2026-03-20 00:25:00,1.15743,1.15759,1.15738,1.1574,182,2,0
2026-03-20 00:30:00,1.1574,1.1574200000000001,1.15713,1.15714,176,2,0
2026-03-20 00:35:00,1.1571500000000001,1.15733,1.1571500000000001,1.15729,210,2,0
2026-03-20 00:40:00,1.15729,1.15739,1.15726,1.15738,155,2,0
2026-03-20 00:45:00,1.1574200000000001,1.1574200000000001,1.15722,1.15723,199,2,0
2026-03-20 00:50:00,1.15723,1.15723,1.15709,1.15714,191,2,0
2026-03-20 00:55:00,1.15714,1.15739,1.15712,1.15737,171,2,0
2026-03-20 01:00:00,1.15737,1.15768,1.15717,1.15753,425,2,0
2026-03-20 01:05:00,1.15753,1.15763,1.15738,1.15756,313,2,0
2026-03-20 01:10:00,1.15756,1.15756,1.15731,1.15744,219,2,0
2026-03-20 01:15:00,1.15744,1.15749,1.15705,1.15716,341,2,0
2026-03-20 01:20:00,1.15716,1.15716,1.15689,1.15693,217,2,0
2026-03-20 01:25:00,1.15693,1.1571,1.15686,1.15695,192,2,0
2026-03-20 01:30:00,1.15695,1.15708,1.15694,1.15701,198,2,0
2026-03-20 01:35:00,1.15701,1.15703,1.15664,1.15671,173,2,0
2026-03-20 01:40:00,1.15671,1.15686,1.15669,1.15677,199,2,0
2026-03-20 01:45:00,1.15677,1.15682,1.15663,1.15665,167,2,0
2026-03-20 01:50:00,1.15665,1.15665,1.15653,1.15662,124,2,0
2026-03-20 01:55:00,1.15662,1.15662,1.15634,1.15651,163,2,0
2026-03-20 02:00:00,1.15651,1.15653,1.15626,1.15626,114,2,0
2026-03-20 02:05:00,1.15626,1.15679,1.15626,1.15665,144,2,0
2026-03-20 02:10:00,1.15665,1.15665,1.15646,1.15658,120,2,0
2026-03-20 02:15:00,1.15658,1.15661,1.15642,1.15642,108,2,0
2026-03-20 02:20:00,1.15642,1.15652,1.15639,1.15643,131,2,0
2026-03-20 02:25:00,1.15643,1.15653,1.15642,1.15644,97,2,0
2026-03-20 02:30:00,1.15644,1.1567,1.15642,1.15667,167,2,0
2026-03-20 02:35:00,1.15667,1.15668,1.15616,1.15624,190,2,0
2026-03-20 02:40:00,1.15624,1.1564,1.1562000000000001,1.15622,144,2,0
2026-03-20 02:45:00,1.15622,1.15642,1.1562000000000001,1.15636,97,2,0
2026-03-20 02:50:00,1.15636,1.15655,1.15631,1.15653,92,2,0
2026-03-20 02:55:00,1.15653,1.15653,1.15635,1.15635,130,2,0
2026-03-20 03:00:00,1.15635,1.15636,1.15611,1.15627,116,2,0
2026-03-20 03:05:00,1.15627,1.15627,1.15605,1.15616,97,2,0
2026-03-20 03:10:00,1.15616,1.15619,1.15599,1.156,107,2,0
2026-03-20 03:15:00,1.156,1.15615,1.15595,1.156,129,2,0
2026-03-20 03:20:00,1.156,1.156,1.1559,1.15597,106,2,0
2026-03-20 03:25:00,1.15597,1.15607,1.15589,1.156,99,2,0
2026-03-20 03:30:00,1.156,1.15601,1.15579,1.15587,131,2,0
2026-03-20 03:35:00,1.15588,1.15591,1.15573,1.15578,89,2,0
2026-03-20 03:40:00,1.15578,1.15583,1.1556899999999999,1.15575,78,2,0
2026-03-20 03:45:00,1.15575,1.15581,1.15574,1.15575,61,2,0
2026-03-20 03:50:00,1.15575,1.15576,1.15564,1.15575,89,2,0
2026-03-20 03:55:00,1.15575,1.15577,1.15562,1.15566,59,2,0
2026-03-20 04:00:00,1.15566,1.15576,1.15564,1.15574,58,2,0
2026-03-20 04:05:00,1.15574,1.1558,1.15565,1.15575,69,2,0
2026-03-20 04:10:00,1.15575,1.15581,1.1556899999999999,1.15576,61,2,0
2026-03-20 04:15:00,1.15576,1.15581,1.1556899999999999,1.15575,68,2,0
2026-03-20 04:20:00,1.15575,1.15587,1.15574,1.15584,76,2,0
2026-03-20 04:25:00,1.15584,1.15591,1.1558,1.15585,65,2,0
2026-03-20 04:30:00,1.15585,1.15588,1.15579,1.15586,66,2,0
2026-03-20 04:35:00,1.15586,1.15587,1.15576,1.15586,48,2,0
2026-03-20 04:40:00,1.15586,1.15597,1.15581,1.15585,60,2,0
2026-03-20 04:45:00,1.15585,1.15586,1.1557,1.15578,94,2,0
2026-03-20 04:50:00,1.15578,1.15585,1.15575,1.15582,69,2,0
2026-03-20 04:55:00,1.15582,1.15582,1.1555,1.15556,78,2,0
2026-03-20 05:00:00,1.15556,1.15586,1.15551,1.15585,81,2,0
2026-03-20 05:05:00,1.15585,1.1559300000000001,1.15581,1.15585,122,2,0
2026-03-20 05:10:00,1.15585,1.15591,1.15564,1.1559,103,2,0
2026-03-20 05:15:00,1.1559,1.1559599999999999,1.15576,1.1558,129,2,0
2026-03-20 05:20:00,1.1558,1.156,1.1558,1.15598,109,2,0
2026-03-20 05:25:00,1.15598,1.1561,1.15585,1.1559,114,2,0
2026-03-20 05:30:00,1.1559,1.15591,1.15561,1.15561,140,2,0
2026-03-20 05:35:00,1.15561,1.15561,1.15544,1.15545,108,2,0
2026-03-20 05:40:00,1.15545,1.15564,1.15545,1.15564,100,2,0
2026-03-20 05:45:00,1.15564,1.15567,1.1553499999999999,1.15539,100,2,0
2026-03-20 05:50:00,1.15539,1.1554,1.15524,1.15534,124,2,0
2026-03-20 05:55:00,1.15534,1.1554,1.15523,1.15523,100,2,0
2026-03-20 06:00:00,1.15523,1.15579,1.15523,1.15577,123,2,0
2026-03-20 06:05:00,1.15577,1.15605,1.15575,1.15605,98,2,0
2026-03-20 06:10:00,1.15605,1.15623,1.15595,1.1561,137,2,0
2026-03-20 06:15:00,1.1561,1.15615,1.1559,1.1559599999999999,104,2,0
2026-03-20 06:20:00,1.1559599999999999,1.15606,1.15575,1.15605,103,2,0
2026-03-20 06:25:00,1.15605,1.1562000000000001,1.156,1.1562000000000001,107,2,0
2026-03-20 06:30:00,1.1562000000000001,1.15661,1.15618,1.15655,313,2,0
2026-03-20 06:35:00,1.15655,1.15661,1.15618,1.15626,139,2,0
2026-03-20 06:40:00,1.15626,1.15637,1.15617,1.15622,140,2,0
2026-03-20 06:45:00,1.15622,1.15641,1.15616,1.15631,112,2,0
2026-03-20 06:50:00,1.15631,1.15635,1.15602,1.15603,133,2,0
2026-03-20 06:55:00,1.15603,1.15605,1.15583,1.15588,240,2,0
2026-03-20 07:00:00,1.15588,1.15622,1.15556,1.15612,559,2,0
2026-03-20 07:05:00,1.15612,1.15721,1.15598,1.15711,384,2,0
2026-03-20 07:10:00,1.15711,1.1574,1.15696,1.15721,297,2,0
2026-03-20 07:15:00,1.15721,1.15726,1.15685,1.15693,295,2,0
2026-03-20 07:20:00,1.15693,1.15741,1.15693,1.15698,332,2,0
2026-03-20 07:25:00,1.15698,1.15733,1.15672,1.15704,417,2,0
2026-03-20 07:30:00,1.15704,1.15714,1.15652,1.15696,415,2,0
2026-03-20 07:35:00,1.15696,1.15713,1.15676,1.15687,313,2,0
2026-03-20 07:40:00,1.15687,1.15717,1.1568100000000001,1.1571500000000001,291,2,0
2026-03-20 07:45:00,1.1571500000000001,1.15751,1.1569099999999999,1.15696,333,2,0
2026-03-20 07:50:00,1.15696,1.15711,1.1568,1.1568,244,2,0
2026-03-20 07:55:00,1.1568,1.15735,1.15679,1.15728,325,2,0
2026-03-20 08:00:00,1.15729,1.15749,1.1571,1.15726,541,2,0
2026-03-20 08:05:00,1.15726,1.15744,1.15709,1.15721,401,2,0
2026-03-20 08:10:00,1.15721,1.1575,1.15698,1.15741,342,2,0
2026-03-20 08:15:00,1.15741,1.15781,1.15739,1.15771,249,2,0
2026-03-20 08:20:00,1.15771,1.15798,1.15754,1.15796,292,2,0
2026-03-20 08:25:00,1.15796,1.15806,1.15771,1.15771,362,2,0
2026-03-20 08:30:00,1.15771,1.15771,1.1571500000000001,1.15729,512,2,0
2026-03-20 08:35:00,1.1573,1.15765,1.15721,1.15762,372,2,0
2026-03-20 08:40:00,1.15762,1.15782,1.15748,1.15748,322,2,0
2026-03-20 08:45:00,1.15748,1.15748,1.1569,1.1569099999999999,325,2,0
2026-03-20 08:50:00,1.1569099999999999,1.15711,1.1568100000000001,1.15699,242,2,0
2026-03-20 08:55:00,1.15699,1.15748,1.15672,1.15677,357,2,0
2026-03-20 09:00:00,1.15677,1.1568100000000001,1.15642,1.15653,368,2,0
2026-03-20 09:05:00,1.15653,1.15687,1.15631,1.15687,356,2,0
2026-03-20 09:10:00,1.15687,1.15728,1.15675,1.1568100000000001,279,2,0
2026-03-20 09:15:00,1.1568100000000001,1.15684,1.15646,1.15647,379,2,0
2026-03-20 09:20:00,1.15647,1.1567,1.15639,1.15652,342,2,0
2026-03-20 09:25:00,1.15652,1.15668,1.15641,1.15655,405,2,0
2026-03-20 09:30:00,1.15655,1.15668,1.1561,1.15633,404,2,0
2026-03-20 09:35:00,1.15632,1.15632,1.1558,1.15582,347,2,0
2026-03-20 09:40:00,1.15582,1.1559,1.15554,1.1558,355,2,0
2026-03-20 09:45:00,1.1558,1.15582,1.15513,1.15536,683,2,0
2026-03-20 09:50:00,1.15536,1.15552,1.15478,1.15479,549,2,0
2026-03-20 09:55:00,1.15479,1.15506,1.15478,1.15484,564,2,0
2026-03-20 10:00:00,1.15487,1.15488,1.15391,1.15396,676,2,0
2026-03-20 10:05:00,1.15396,1.15422,1.15356,1.15366,566,2,0
2026-03-20 10:10:00,1.15367,1.1544699999999999,1.15351,1.15424,560,2,0
2026-03-20 10:15:00,1.15424,1.15468,1.15422,1.15448,367,2,0
2026-03-20 10:20:00,1.15448,1.15448,1.1541299999999999,1.15435,412,2,0
2026-03-20 10:25:00,1.15435,1.15453,1.15427,1.15444,384,2,0
2026-03-20 10:30:00,1.15444,1.1547399999999999,1.15433,1.15471,415,2,0
2026-03-20 10:35:00,1.15471,1.15514,1.15458,1.15511,318,2,0
2026-03-20 10:40:00,1.15511,1.15587,1.1551,1.15579,349,2,0
2026-03-20 10:45:00,1.15578,1.1558,1.15538,1.15555,324,2,0
2026-03-20 10:50:00,1.15555,1.15618,1.1555,1.15579,465,2,0
2026-03-20 10:55:00,1.15579,1.15625,1.15574,1.15598,370,2,0
2026-03-20 11:00:00,1.15598,1.15627,1.15572,1.15623,560,2,0
2026-03-20 11:05:00,1.15623,1.15679,1.15622,1.15679,380,2,0
2026-03-20 11:10:00,1.15679,1.15694,1.1566,1.15667,344,2,0
2026-03-20 11:15:00,1.15668,1.15678,1.15651,1.15672,366,2,0
2026-03-20 11:20:00,1.15672,1.15705,1.15671,1.15699,357,2,0
2026-03-20 11:25:00,1.15699,1.15719,1.15675,1.15685,312,2,0
2026-03-20 11:30:00,1.15685,1.1572,1.15682,1.15709,309,2,0
2026-03-20 11:35:00,1.15709,1.1575,1.15685,1.15748,336,2,0
2026-03-20 11:40:00,1.15748,1.15799,1.15748,1.15786,345,2,0
2026-03-20 11:45:00,1.15786,1.15786,1.15733,1.15735,300,2,0
2026-03-20 11:50:00,1.15735,1.15735,1.15672,1.15698,425,2,0
2026-03-20 11:55:00,1.15698,1.15717,1.15688,1.15714,344,2,0
2026-03-20 12:00:00,1.15714,1.15729,1.15664,1.1567,745,2,0
2026-03-20 12:05:00,1.15669,1.1578,1.15669,1.15764,696,2,0
2026-03-20 12:10:00,1.15764,1.1579,1.1571799999999999,1.15735,525,2,0
2026-03-20 12:15:00,1.15735,1.15777,1.15712,1.1577600000000001,355,2,0
2026-03-20 12:20:00,1.15775,1.15777,1.15743,1.15761,412,2,0
2026-03-20 12:25:00,1.15761,1.15773,1.15741,1.15764,246,2,0
2026-03-20 12:30:00,1.15763,1.15796,1.15758,1.15769,454,2,0
2026-03-20 12:35:00,1.15769,1.15796,1.1571,1.15711,706,2,0
2026-03-20 12:40:00,1.15711,1.15722,1.15659,1.15699,781,2,0
2026-03-20 12:45:00,1.15699,1.15699,1.15631,1.15663,524,2,0
2026-03-20 12:50:00,1.15663,1.15721,1.15659,1.15699,537,2,0
2026-03-20 12:55:00,1.15699,1.15699,1.15619,1.15643,646,2,0
2026-03-20 13:00:00,1.15643,1.1566,1.15599,1.15601,608,2,0
2026-03-20 13:05:00,1.15601,1.15601,1.15539,1.15544,488,2,0
2026-03-20 13:10:00,1.15544,1.15586,1.1553499999999999,1.15576,431,2,0
2026-03-20 13:15:00,1.15576,1.15582,1.15546,1.15557,403,2,0
2026-03-20 13:20:00,1.15557,1.1559599999999999,1.15557,1.15572,323,2,0
2026-03-20 13:25:00,1.15572,1.1558,1.1553,1.1554,377,2,0
2026-03-20 13:30:00,1.15537,1.15565,1.15516,1.15548,791,2,0
2026-03-20 13:35:00,1.15548,1.15567,1.15505,1.15509,669,2,0
2026-03-20 13:40:00,1.15509,1.15583,1.1550799999999999,1.15579,643,2,0
2026-03-20 13:45:00,1.15579,1.1559599999999999,1.1553499999999999,1.15538,822,2,0
2026-03-20 13:50:00,1.15538,1.15538,1.1541299999999999,1.15459,1077,2,0
2026-03-20 13:55:00,1.15462,1.15501,1.15398,1.15411,738,2,0
2026-03-20 14:00:00,1.15411,1.15425,1.15375,1.15389,970,2,0
2026-03-20 14:05:00,1.15389,1.1543700000000001,1.15361,1.15382,945,2,0
2026-03-20 14:10:00,1.15382,1.15405,1.15365,1.15369,878,2,0
2026-03-20 14:15:00,1.15368,1.15391,1.15313,1.15337,966,2,0
2026-03-20 14:20:00,1.15337,1.15347,1.15292,1.153,897,2,0
2026-03-20 14:25:00,1.153,1.15302,1.15246,1.1526,840,2,0
2026-03-20 14:30:00,1.1526,1.15349,1.15258,1.15348,828,2,0
2026-03-20 14:35:00,1.15348,1.1536,1.15316,1.15334,867,2,0
2026-03-20 14:40:00,1.15333,1.15361,1.15323,1.1533,699,2,0
2026-03-20 14:45:00,1.1533,1.15379,1.15328,1.15358,745,2,0
2026-03-20 14:50:00,1.15358,1.15388,1.15299,1.1531,780,2,0
2026-03-20 14:55:00,1.1531,1.15368,1.15309,1.15348,738,2,0
2026-03-20 15:00:00,1.15348,1.1542,1.15348,1.15385,906,2,0
2026-03-20 15:05:00,1.15385,1.15425,1.15357,1.1537600000000001,742,2,0
2026-03-20 15:10:00,1.1537600000000001,1.15484,1.15369,1.15475,792,2,0
2026-03-20 15:15:00,1.15475,1.15475,1.15402,1.15402,806,2,0
2026-03-20 15:20:00,1.15402,1.15577,1.15402,1.15455,1100,2,0
2026-03-20 15:25:00,1.15456,1.15482,1.15405,1.15459,1016,2,0
2026-03-20 15:30:00,1.15459,1.15536,1.15449,1.15487,940,2,0
2026-03-20 15:35:00,1.15487,1.15511,1.15464,1.15464,803,2,0
2026-03-20 15:40:00,1.15461,1.15478,1.15423,1.15457,707,2,0
2026-03-20 15:45:00,1.15457,1.15489,1.15419,1.15424,630,2,0
2026-03-20 15:50:00,1.15425,1.15466,1.15411,1.15422,774,2,0
2026-03-20 15:55:00,1.15422,1.1545,1.15379,1.15421,736,2,0
2026-03-20 16:00:00,1.15421,1.15557,1.15414,1.15554,590,2,0
2026-03-20 16:05:00,1.15554,1.15554,1.15488,1.1552,628,2,0
2026-03-20 16:10:00,1.15519,1.15587,1.15516,1.15572,422,2,0
2026-03-20 16:15:00,1.15572,1.15642,1.15567,1.15639,540,2,0
2026-03-20 16:20:00,1.15639,1.15664,1.1562000000000001,1.15628,437,2,0
2026-03-20 16:25:00,1.15628,1.1562999999999999,1.15586,1.15586,544,2,0
2026-03-20 16:30:00,1.15586,1.15591,1.1551,1.15563,759,2,0
2026-03-20 16:35:00,1.15566,1.15607,1.1555900000000001,1.15585,496,2,0
2026-03-20 16:40:00,1.15586,1.15594,1.1555900000000001,1.15582,540,2,0
2026-03-20 16:45:00,1.15582,1.15592,1.15547,1.15568,418,2,0
2026-03-20 16:50:00,1.15568,1.15621,1.15547,1.15618,483,2,0
2026-03-20 16:55:00,1.15618,1.15649,1.15585,1.15591,441,2,0
2026-03-20 17:00:00,1.15591,1.15626,1.15584,1.1562000000000001,546,2,0
2026-03-20 17:05:00,1.1562000000000001,1.15653,1.15495,1.15622,1542,2,0
2026-03-20 17:10:00,1.15622,1.15662,1.1559599999999999,1.15622,806,2,0
2026-03-20 17:15:00,1.15622,1.15643,1.15595,1.1564,540,2,0
2026-03-20 17:20:00,1.1564,1.15682,1.15625,1.15667,551,2,0
2026-03-20 17:25:00,1.15667,1.15695,1.1566,1.15678,441,2,0
2026-03-20 17:30:00,1.15678,1.15705,1.15615,1.15624,540,2,0
2026-03-20 17:35:00,1.15624,1.15651,1.15566,1.15623,549,2,0
2026-03-20 17:40:00,1.15623,1.15649,1.15604,1.15625,443,2,0
2026-03-20 17:45:00,1.15625,1.1562999999999999,1.15594,1.15617,422,2,0
2026-03-20 17:50:00,1.15617,1.15631,1.15602,1.15613,405,2,0
2026-03-20 17:55:00,1.15613,1.15622,1.15568,1.15577,325,2,0
2026-03-20 18:00:00,1.15577,1.15617,1.15577,1.15592,523,2,0
2026-03-20 18:05:00,1.15592,1.15619,1.15589,1.15599,405,2,0
2026-03-20 18:10:00,1.15599,1.15618,1.15562,1.15607,291,2,0
2026-03-20 18:15:00,1.15607,1.15628,1.156,1.15625,273,2,0
2026-03-20 18:20:00,1.15625,1.15633,1.15476,1.15522,1022,2,0
2026-03-20 18:25:00,1.15522,1.15716,1.15521,1.15669,1016,2,0
2026-03-20 18:30:00,1.15669,1.15695,1.1565699999999999,1.15675,805,2,0
2026-03-20 18:35:00,1.15674,1.15695,1.15632,1.15672,924,2,0
2026-03-20 18:40:00,1.15672,1.1569099999999999,1.15585,1.15601,747,2,0
2026-03-20 18:45:00,1.15601,1.15616,1.15544,1.15554,519,2,0
2026-03-20 18:50:00,1.15555,1.15572,1.1553,1.15552,494,2,0
2026-03-20 18:55:00,1.15552,1.15555,1.15475,1.15505,502,2,0
2026-03-20 19:00:00,1.15505,1.15548,1.15503,1.15524,574,2,0
2026-03-20 19:05:00,1.15524,1.15534,1.15468,1.15507,294,2,0
2026-03-20 19:10:00,1.15507,1.15519,1.15477,1.1550799999999999,388,2,0
2026-03-20 19:15:00,1.1550799999999999,1.15579,1.15506,1.15553,458,2,0
2026-03-20 19:20:00,1.15553,1.15553,1.15505,1.15511,432,2,0
2026-03-20 19:25:00,1.15509,1.15533,1.15502,1.15526,331,2,0
2026-03-20 19:30:00,1.15526,1.15533,1.15506,1.1551,345,2,0
2026-03-20 19:35:00,1.15511,1.15514,1.15469,1.15497,414,2,0
2026-03-20 19:40:00,1.15497,1.15598,1.15495,1.15589,460,2,0
2026-03-20 19:45:00,1.15589,1.15594,1.15528,1.15534,407,2,0
2026-03-20 19:50:00,1.15534,1.15599,1.15533,1.1559599999999999,378,2,0
2026-03-20 19:55:00,1.1559599999999999,1.15619,1.15567,1.15583,369,2,0
2026-03-20 20:00:00,1.15583,1.15621,1.15573,1.15614,206,2,0
2026-03-20 20:05:00,1.15614,1.15614,1.15591,1.15603,95,2,0
2026-03-20 20:10:00,1.15603,1.15618,1.15601,1.15616,74,2,0
2026-03-20 20:15:00,1.15616,1.15648,1.15606,1.15648,109,2,0
2026-03-20 20:20:00,1.15648,1.15658,1.15627,1.15627,131,2,0
2026-03-20 20:25:00,1.15627,1.15642,1.15623,1.15641,97,2,0
2026-03-20 20:30:00,1.15641,1.15655,1.1562999999999999,1.1565400000000001,164,2,0
2026-03-20 20:35:00,1.1565400000000001,1.15661,1.15646,1.15658,124,2,0
2026-03-20 20:40:00,1.15658,1.1566,1.15612,1.15626,191,2,0
2026-03-20 20:45:00,1.15626,1.15655,1.15618,1.15632,263,4,0
2026-03-20 20:50:00,1.15632,1.15705,1.15629,1.15699,421,6,0
2026-03-22 21:10:00,1.1534200000000001,1.1534200000000001,1.15341,1.1534200000000001,11,67,0
2026-03-22 21:15:00,1.1534200000000001,1.15369,1.1534200000000001,1.15369,9,60,0
2026-03-22 21:20:00,1.15371,1.15371,1.1535,1.1535,13,58,0
2026-03-22 21:25:00,1.15345,1.1535,1.15343,1.15349,20,67,0
2026-03-22 21:30:00,1.15349,1.15365,1.1534200000000001,1.15349,19,54,0
2026-03-22 21:35:00,1.15349,1.15368,1.15349,1.1536,9,50,0
2026-03-22 21:40:00,1.1536,1.1536,1.1535,1.1535199999999999,17,57,0
2026-03-22 21:45:00,1.1535199999999999,1.15353,1.15351,1.15353,11,61,0
2026-03-22 21:50:00,1.15353,1.15365,1.15344,1.15345,33,57,0
2026-03-22 21:55:00,1.15345,1.1539,1.15344,1.15356,26,56,0
2026-03-22 22:00:00,1.15356,1.15478,1.15356,1.15473,162,47,0
2026-03-22 22:05:00,1.15473,1.15527,1.15462,1.15527,114,45,0
2026-03-22 22:10:00,1.15527,1.15541,1.15455,1.15456,236,43,0
2026-03-22 22:15:00,1.15456,1.1549800000000001,1.15436,1.1547399999999999,227,42,0
2026-03-22 22:20:00,1.1547399999999999,1.15567,1.15472,1.15552,245,43,0
2026-03-22 22:25:00,1.15552,1.15598,1.15536,1.15566,148,42,0
2026-03-22 22:30:00,1.15566,1.15604,1.1556,1.15572,163,43,0
2026-03-22 22:35:00,1.15572,1.15578,1.1552,1.15544,164,42,0
2026-03-22 22:40:00,1.15544,1.15561,1.15514,1.1553,202,42,0
2026-03-22 22:45:00,1.1553,1.15568,1.1553,1.15561,95,43,0
2026-03-22 22:50:00,1.15561,1.15572,1.1555,1.15567,105,43,0
2026-03-22 22:55:00,1.15567,1.15579,1.1555,1.15578,133,3,0
2026-03-22 23:00:00,1.1558,1.15606,1.15568,1.15601,297,2,0
2026-03-22 23:05:00,1.15601,1.15622,1.15589,1.15613,255,2,0
2026-03-22 23:10:00,1.15613,1.15624,1.15597,1.15614,200,2,0
2026-03-22 23:15:00,1.15614,1.15628,1.15599,1.15609,167,2,0
2026-03-22 23:20:00,1.15609,1.1564,1.15605,1.15636,146,2,0
2026-03-22 23:25:00,1.15637,1.15637,1.15605,1.15636,193,2,0
2026-03-22 23:30:00,1.15636,1.15645,1.15602,1.15616,161,2,0
2026-03-22 23:35:00,1.15616,1.15616,1.1559599999999999,1.1559599999999999,136,2,0
2026-03-22 23:40:00,1.1559599999999999,1.15634,1.1559599999999999,1.15631,146,2,0
2026-03-22 23:45:00,1.15631,1.15642,1.15615,1.15628,259,2,0
2026-03-22 23:50:00,1.15628,1.15639,1.15594,1.1559599999999999,175,2,0
2026-03-22 23:55:00,1.1559599999999999,1.1562000000000001,1.15587,1.1562000000000001,210,2,0
2026-03-23 00:00:00,1.1562000000000001,1.15635,1.15565,1.15591,450,2,0
2026-03-23 00:05:00,1.15592,1.15631,1.15542,1.15603,413,2,0
2026-03-23 00:10:00,1.15603,1.15641,1.15602,1.15615,252,2,0
2026-03-23 00:15:00,1.15615,1.15621,1.15577,1.15581,388,2,0
2026-03-23 00:20:00,1.15581,1.15634,1.15577,1.15591,296,2,0
2026-03-23 00:25:00,1.15591,1.15608,1.15571,1.15578,294,2,0
2026-03-23 00:30:00,1.15578,1.15582,1.1552,1.15522,291,2,0
2026-03-23 00:35:00,1.15522,1.15522,1.1543,1.15443,547,2,0
2026-03-23 00:40:00,1.15443,1.15443,1.15385,1.15407,447,2,0
2026-03-23 00:45:00,1.15407,1.15458,1.154,1.15445,442,2,0
2026-03-23 00:50:00,1.15445,1.15465,1.15407,1.15411,452,2,0
2026-03-23 00:55:00,1.15411,1.15473,1.15408,1.15443,626,2,0
2026-03-23 01:00:00,1.15443,1.15519,1.15441,1.15517,627,2,0
2026-03-23 01:05:00,1.15517,1.15579,1.1549,1.15551,406,2,0
2026-03-23 01:10:00,1.15551,1.15589,1.15541,1.15586,398,2,0
2026-03-23 01:15:00,1.15586,1.15608,1.1558,1.15595,464,2,0
2026-03-23 01:20:00,1.15595,1.15598,1.15567,1.15571,481,2,0
2026-03-23 01:25:00,1.15571,1.15574,1.15552,1.15566,387,2,0
2026-03-23 01:30:00,1.15566,1.1559300000000001,1.15528,1.15577,607,2,0
2026-03-23 01:35:00,1.15577,1.15616,1.15553,1.15591,474,2,0
2026-03-23 01:40:00,1.15591,1.15597,1.15562,1.15597,458,2,0
2026-03-23 01:45:00,1.15597,1.15597,1.1555900000000001,1.15583,409,2,0
2026-03-23 01:50:00,1.15583,1.15594,1.15548,1.15563,395,2,0
2026-03-23 01:55:00,1.15563,1.15572,1.15526,1.15542,313,2,0
2026-03-23 02:00:00,1.15542,1.15571,1.15534,1.15554,396,2,0
2026-03-23 02:05:00,1.15554,1.15572,1.1553,1.15541,345,2,0
2026-03-23 02:10:00,1.15541,1.15543,1.15488,1.15502,349,2,0
2026-03-23 02:15:00,1.15502,1.1553499999999999,1.15501,1.1553,258,2,0
2026-03-23 02:20:00,1.1553,1.15546,1.15505,1.15505,249,2,0
2026-03-23 02:25:00,1.15505,1.15536,1.15502,1.1551,278,2,0
2026-03-23 02:30:00,1.1551,1.1551,1.15442,1.15454,311,2,0
2026-03-23 02:35:00,1.15454,1.1547,1.15429,1.1544699999999999,261,2,0
2026-03-23 02:40:00,1.1544699999999999,1.1548,1.15442,1.15477,216,2,0
2026-03-23 02:45:00,1.15477,1.15478,1.15449,1.15454,180,2,0
2026-03-23 02:50:00,1.15454,1.15472,1.15434,1.15468,196,2,0
2026-03-23 02:55:00,1.15468,1.15484,1.1546,1.15465,208,2,0
2026-03-23 03:00:00,1.15465,1.15488,1.15453,1.15484,229,2,0
2026-03-23 03:05:00,1.15484,1.15488,1.15444,1.15448,196,2,0
2026-03-23 03:10:00,1.15448,1.15451,1.15425,1.15451,235,2,0
2026-03-23 03:15:00,1.15451,1.15473,1.15445,1.15467,197,2,0
2026-03-23 03:20:00,1.15467,1.15483,1.15467,1.15473,163,2,0
2026-03-23 03:25:00,1.15473,1.1549,1.15468,1.15478,146,2,0
2026-03-23 03:30:00,1.15478,1.15488,1.15468,1.15485,189,2,0
2026-03-23 03:35:00,1.15486,1.15486,1.15466,1.1547399999999999,145,2,0
2026-03-23 03:40:00,1.1547399999999999,1.15497,1.15468,1.15489,132,2,0
2026-03-23 03:45:00,1.15489,1.15503,1.15478,1.15496,131,2,0
2026-03-23 03:50:00,1.15496,1.15499,1.15484,1.15486,158,2,0
2026-03-23 03:55:00,1.15486,1.15496,1.15467,1.1547,146,2,0
2026-03-23 04:00:00,1.1547,1.1550799999999999,1.15464,1.15469,213,2,0
2026-03-23 04:05:00,1.15469,1.15502,1.15469,1.15494,120,2,0
2026-03-23 04:10:00,1.15494,1.15504,1.15481,1.15494,125,2,0
2026-03-23 04:15:00,1.15492,1.15513,1.15483,1.15503,125,2,0
2026-03-23 04:20:00,1.15503,1.1550799999999999,1.15494,1.1550799999999999,98,2,0
2026-03-23 04:25:00,1.1550799999999999,1.1550799999999999,1.15482,1.15483,73,2,0
2026-03-23 04:30:00,1.15483,1.15483,1.15457,1.15478,133,2,0
2026-03-23 04:35:00,1.15478,1.15493,1.15468,1.15478,134,2,0
2026-03-23 04:40:00,1.15478,1.1548,1.15467,1.15472,103,2,0
2026-03-23 04:45:00,1.15472,1.15478,1.15465,1.15465,100,2,0
2026-03-23 04:50:00,1.15465,1.15489,1.15465,1.15488,134,2,0
2026-03-23 04:55:00,1.15488,1.15507,1.15479,1.15504,88,2,0
2026-03-23 05:00:00,1.15504,1.1552,1.1549,1.1551,177,2,0
2026-03-23 05:05:00,1.1551,1.15524,1.1549800000000001,1.15499,166,2,0
2026-03-23 05:10:00,1.15499,1.15502,1.15484,1.15491,146,2,0
2026-03-23 05:15:00,1.1549,1.1549,1.15422,1.15424,170,2,0
2026-03-23 05:20:00,1.15424,1.1543,1.15393,1.15408,204,2,0
2026-03-23 05:25:00,1.15408,1.15423,1.15408,1.15416,110,2,0
2026-03-23 05:30:00,1.15416,1.15416,1.15367,1.15369,270,2,0
2026-03-23 05:35:00,1.15369,1.1542,1.15368,1.15398,255,2,0
2026-03-23 05:40:00,1.15398,1.15398,1.15367,1.15374,150,2,0
2026-03-23 05:45:00,1.15374,1.15374,1.15351,1.15359,181,2,0
2026-03-23 05:50:00,1.15359,1.1538,1.1534200000000001,1.1537600000000001,195,2,0
2026-03-23 05:55:00,1.1537600000000001,1.15377,1.1534,1.1534,245,2,0
2026-03-23 06:00:00,1.1534,1.1534200000000001,1.15298,1.15307,356,2,0
2026-03-23 06:05:00,1.15307,1.15323,1.15284,1.15288,313,2,0
2026-03-23 06:10:00,1.15288,1.15295,1.15246,1.1529099999999999,359,2,0
2026-03-23 06:15:00,1.1529099999999999,1.15302,1.15237,1.15237,384,2,0
2026-03-23 06:20:00,1.15237,1.15265,1.15223,1.15252,355,2,0
2026-03-23 06:25:00,1.15253,1.15272,1.1524,1.15259,425,2,0
2026-03-23 06:30:00,1.15259,1.15272,1.15236,1.1525400000000001,498,2,0
2026-03-23 06:35:00,1.1525400000000001,1.15278,1.15238,1.15256,293,2,0
2026-03-23 06:40:00,1.15256,1.15267,1.1520299999999999,1.1521,305,2,0
2026-03-23 06:45:00,1.1521,1.1526399999999999,1.15202,1.15263,400,2,0
2026-03-23 06:50:00,1.15263,1.1529099999999999,1.15257,1.15282,350,2,0
2026-03-23 06:55:00,1.15282,1.15316,1.1528100000000001,1.15305,367,2,0
2026-03-23 07:00:00,1.15305,1.15344,1.15301,1.15335,503,2,0
2026-03-23 07:05:00,1.15335,1.15353,1.15307,1.15327,479,2,0
2026-03-23 07:10:00,1.15327,1.15373,1.15321,1.15328,472,2,0
2026-03-23 07:15:00,1.15328,1.15329,1.1528100000000001,1.15301,492,2,0
2026-03-23 07:20:00,1.15301,1.1532499999999999,1.15276,1.15284,443,2,0
2026-03-23 07:25:00,1.15284,1.15306,1.15234,1.15242,543,2,0
2026-03-23 07:30:00,1.15242,1.15323,1.15235,1.15323,530,2,0
2026-03-23 07:35:00,1.15323,1.1540300000000001,1.15294,1.15368,464,2,0
2026-03-23 07:40:00,1.15368,1.15383,1.15345,1.15382,361,2,0
2026-03-23 07:45:00,1.15382,1.15388,1.15356,1.15358,430,2,0
2026-03-23 07:50:00,1.15358,1.15373,1.15285,1.15294,561,2,0
2026-03-23 07:55:00,1.15294,1.15303,1.15261,1.15271,616,2,0
2026-03-23 08:00:00,1.15271,1.15298,1.15259,1.15283,913,2,0
2026-03-23 08:05:00,1.15283,1.15347,1.15271,1.15336,766,2,0
2026-03-23 08:10:00,1.15335,1.15373,1.15307,1.15359,624,2,0
2026-03-23 08:15:00,1.15359,1.15371,1.15312,1.15367,641,2,0
2026-03-23 08:20:00,1.15368,1.15435,1.1535199999999999,1.15417,631,2,0
2026-03-23 08:25:00,1.15417,1.15453,1.15417,1.15434,673,2,0
2026-03-23 08:30:00,1.15433,1.15462,1.15391,1.15396,642,2,0
2026-03-23 08:35:00,1.15396,1.15396,1.15327,1.15363,652,2,0
2026-03-23 08:40:00,1.15363,1.15372,1.15295,1.1532,578,2,0
2026-03-23 08:45:00,1.1532,1.15357,1.15304,1.15328,600,2,0
2026-03-23 08:50:00,1.15328,1.15355,1.15319,1.15338,463,2,0
2026-03-23 08:55:00,1.15338,1.15346,1.15292,1.15296,656,2,0
2026-03-23 09:00:00,1.15296,1.15341,1.15255,1.15261,771,2,0
2026-03-23 09:05:00,1.15261,1.15296,1.1522999999999999,1.15262,578,2,0
2026-03-23 09:10:00,1.15262,1.15282,1.15241,1.15251,552,2,0
2026-03-23 09:15:00,1.15251,1.15251,1.15185,1.15186,459,2,0
2026-03-23 09:20:00,1.15186,1.15191,1.15147,1.15148,602,2,0
2026-03-23 09:25:00,1.15148,1.15155,1.15115,1.15152,497,2,0
2026-03-23 09:30:00,1.15152,1.15171,1.15097,1.1509800000000001,487,2,0
2026-03-23 09:35:00,1.15099,1.15102,1.15057,1.15076,612,2,0
2026-03-23 09:40:00,1.15074,1.15074,1.1498,1.1499,551,2,0
2026-03-23 09:45:00,1.1499,1.15016,1.1494,1.14948,618,2,0
2026-03-23 09:50:00,1.14948,1.14989,1.1491,1.1491500000000001,582,2,0
2026-03-23 09:55:00,1.1491500000000001,1.14957,1.14909,1.1494900000000001,509,2,0
2026-03-23 10:00:00,1.14946,1.14959,1.14894,1.14922,621,2,0
2026-03-23 10:05:00,1.14922,1.14941,1.14875,1.14927,499,2,0
2026-03-23 10:10:00,1.14926,1.14934,1.14874,1.14883,413,2,0
2026-03-23 10:15:00,1.14886,1.14933,1.14866,1.14912,407,2,0
2026-03-23 10:20:00,1.14912,1.14924,1.14886,1.14907,433,2,0
2026-03-23 10:25:00,1.14907,1.14919,1.14851,1.14878,401,2,0
2026-03-23 10:30:00,1.14878,1.14943,1.1487,1.14893,469,2,0
2026-03-23 10:35:00,1.14893,1.1492,1.14862,1.14883,512,2,0
2026-03-23 10:40:00,1.14883,1.1492,1.14867,1.14905,403,2,0
2026-03-23 10:45:00,1.14905,1.14905,1.14859,1.14896,432,2,0
2026-03-23 10:50:00,1.14896,1.15013,1.14885,1.14886,992,2,0
2026-03-23 10:55:00,1.14886,1.1489099999999999,1.14843,1.14855,482,2,0
2026-03-23 11:00:00,1.14856,1.14934,1.14856,1.1487,638,2,0
2026-03-23 11:05:00,1.1487,1.16194,1.1487,1.15735,3421,2,0
2026-03-23 11:10:00,1.15736,1.15993,1.15578,1.15655,3159,2,0
2026-03-23 11:15:00,1.15653,1.15888,1.15599,1.15659,2896,2,0
2026-03-23 11:20:00,1.1566,1.15673,1.15263,1.15545,3070,2,0
2026-03-23 11:25:00,1.15544,1.15643,1.15425,1.15609,2582,2,0
2026-03-23 11:30:00,1.15609,1.15918,1.15587,1.15883,2200,2,0
2026-03-23 11:35:00,1.15879,1.15961,1.15784,1.15799,2079,2,0
2026-03-23 11:40:00,1.15798,1.1587,1.15734,1.158,1712,2,0
2026-03-23 11:45:00,1.15801,1.15869,1.15577,1.15719,2229,2,0
2026-03-23 11:50:00,1.15719,1.15768,1.15582,1.15731,1849,2,0
2026-03-23 11:55:00,1.15731,1.15733,1.15511,1.15563,1953,2,0
2026-03-23 12:00:00,1.15563,1.15632,1.15486,1.15602,1793,2,0
2026-03-23 12:05:00,1.156,1.15663,1.15461,1.15663,1701,2,0
2026-03-23 12:10:00,1.15663,1.1569,1.15554,1.15555,1708,2,0
2026-03-23 12:15:00,1.15555,1.1575,1.15552,1.15723,1526,2,0
2026-03-23 12:20:00,1.1572,1.15793,1.15662,1.1568100000000001,1414,2,0
2026-03-23 12:25:00,1.1568100000000001,1.1574200000000001,1.15667,1.15722,722,2,0
2026-03-23 12:30:00,1.15722,1.15722,1.1559,1.15708,1295,2,0
2026-03-23 12:35:00,1.15707,1.15821,1.15701,1.15772,1416,2,0
2026-03-23 12:40:00,1.15774,1.16011,1.15725,1.15998,2265,2,0
2026-03-23 12:45:00,1.15998,1.16015,1.1591,1.1599,1960,2,0
2026-03-23 12:50:00,1.15987,1.16077,1.15976,1.16068,1642,2,0
2026-03-23 12:55:00,1.16068,1.16143,1.16049,1.16124,1361,2,0
2026-03-23 13:00:00,1.16124,1.16154,1.15978,1.16039,1636,2,0
2026-03-23 13:05:00,1.16039,1.16049,1.1592500000000001,1.15954,1292,2,0
2026-03-23 13:10:00,1.15954,1.15958,1.15876,1.15914,1173,2,0
2026-03-23 13:15:00,1.15914,1.15931,1.15828,1.15833,1068,2,0
2026-03-23 13:20:00,1.15833,1.15882,1.15799,1.1583700000000001,1001,2,0
2026-03-23 13:25:00,1.1583700000000001,1.15927,1.158,1.15872,939,2,0
2026-03-23 13:30:00,1.15872,1.1592500000000001,1.15826,1.15849,2039,2,0
2026-03-23 13:35:00,1.15849,1.15981,1.15802,1.15974,1679,2,0
2026-03-23 13:40:00,1.15974,1.16077,1.15901,1.15906,2090,2,0
2026-03-23 13:45:00,1.15906,1.16016,1.15888,1.1601,2062,2,0
2026-03-23 13:50:00,1.16012,1.1607,1.15951,1.15951,1531,2,0
2026-03-23 13:55:00,1.15951,1.15997,1.159,1.1599599999999999,1206,2,0
2026-03-23 14:00:00,1.1599599999999999,1.16111,1.15928,1.1602000000000001,1641,2,0
2026-03-23 14:05:00,1.1602000000000001,1.16036,1.15952,1.16013,1699,2,0
2026-03-23 14:10:00,1.16016,1.16053,1.15949,1.16009,1595,2,0
2026-03-23 14:15:00,1.16009,1.16189,1.15983,1.16171,1164,2,0
2026-03-23 14:20:00,1.16171,1.16296,1.16163,1.1627,1277,2,0
2026-03-23 14:25:00,1.16271,1.16312,1.16187,1.16262,1531,2,0
2026-03-23 14:30:00,1.16261,1.16384,1.1621,1.16347,1535,2,0
2026-03-23 14:35:00,1.16348,1.16398,1.16337,1.16343,1251,2,0
2026-03-23 14:40:00,1.16344,1.16344,1.16198,1.16256,1729,2,0
2026-03-23 14:45:00,1.16255,1.16293,1.1617899999999999,1.16269,1760,2,0
2026-03-23 14:50:00,1.16268,1.16268,1.1615,1.1617,1392,2,0
2026-03-23 14:55:00,1.16167,1.16228,1.16151,1.1615199999999999,1047,2,0
2026-03-23 15:00:00,1.1615199999999999,1.16293,1.16146,1.16267,1068,2,0
2026-03-23 15:05:00,1.16266,1.1631,1.16237,1.16272,1473,2,0
2026-03-23 15:10:00,1.16271,1.16285,1.16173,1.16221,1442,2,0
2026-03-23 15:15:00,1.16221,1.16233,1.16146,1.16153,1048,2,0
2026-03-23 15:20:00,1.16153,1.16215,1.16103,1.16196,1397,2,0
2026-03-23 15:25:00,1.16198,1.16205,1.16073,1.16094,1186,2,0
2026-03-23 15:30:00,1.16094,1.16116,1.1606,1.16067,1116,2,0
2026-03-23 15:35:00,1.16067,1.16068,1.15998,1.16006,1116,2,0
2026-03-23 15:40:00,1.16003,1.16073,1.15985,1.16007,1150,2,0
2026-03-23 15:45:00,1.16004,1.16016,1.15947,1.15989,1095,2,0
2026-03-23 15:50:00,1.15987,1.16008,1.15819,1.15851,1735,2,0
2026-03-23 15:55:00,1.1585,1.15927,1.15831,1.1586,1388,2,0
2026-03-23 16:00:00,1.15858,1.15921,1.158,1.15811,1331,2,0
2026-03-23 16:05:00,1.15811,1.159,1.15775,1.15846,1019,2,0
2026-03-23 16:10:00,1.15846,1.15895,1.15814,1.15856,1182,2,0
2026-03-23 16:15:00,1.15856,1.15856,1.15764,1.15791,1004,2,0
2026-03-23 16:20:00,1.15791,1.15831,1.15769,1.15828,1198,2,0
2026-03-23 16:25:00,1.15828,1.1583,1.15768,1.15786,1114,2,0
2026-03-23 16:30:00,1.15785,1.15894,1.15778,1.15893,1125,2,0
2026-03-23 16:35:00,1.15892,1.15918,1.15866,1.15869,835,2,0
2026-03-23 16:40:00,1.15868,1.15937,1.15855,1.15932,961,2,0
2026-03-23 16:45:00,1.15932,1.15979,1.15916,1.15972,899,2,0
2026-03-23 16:50:00,1.15973,1.16006,1.15963,1.15985,880,2,0
2026-03-23 16:55:00,1.1598600000000001,1.1599599999999999,1.15872,1.15909,849,2,0
2026-03-23 17:00:00,1.15909,1.15952,1.15865,1.159,929,2,0
2026-03-23 17:05:00,1.159,1.15998,1.1588,1.15988,760,2,0
2026-03-23 17:10:00,1.15988,1.15999,1.15941,1.15953,669,2,0
2026-03-23 17:15:00,1.15953,1.16003,1.15927,1.15955,950,2,0
2026-03-23 17:20:00,1.15955,1.15964,1.159,1.1594,697,2,0
2026-03-23 17:25:00,1.15939,1.16014,1.15937,1.16004,731,2,0
2026-03-23 17:30:00,1.15999,1.16032,1.15985,1.16032,638,2,0
2026-03-23 17:35:00,1.16032,1.16096,1.16032,1.16066,731,2,0
2026-03-23 17:40:00,1.16066,1.1608,1.1598,1.15982,751,2,0
2026-03-23 17:45:00,1.15982,1.15991,1.15927,1.15953,559,2,0
2026-03-23 17:50:00,1.15952,1.16002,1.15943,1.15997,504,2,0
2026-03-23 17:55:00,1.15997,1.16043,1.15985,1.16018,449,2,0
2026-03-23 18:00:00,1.16018,1.16051,1.16003,1.16051,426,2,0
2026-03-23 18:05:00,1.16051,1.16059,1.15918,1.16009,1006,2,0
2026-03-23 18:10:00,1.16009,1.16082,1.16007,1.16054,672,2,0
2026-03-23 18:15:00,1.16055,1.16062,1.16005,1.16037,690,2,0
2026-03-23 18:20:00,1.16037,1.16092,1.16025,1.16084,474,2,0
2026-03-23 18:25:00,1.16084,1.1613,1.16076,1.16123,531,2,0
2026-03-23 18:30:00,1.16123,1.16272,1.16123,1.16262,529,2,0
2026-03-23 18:35:00,1.16262,1.16346,1.16262,1.1627,1000,2,0
2026-03-23 18:40:00,1.1627,1.16294,1.16244,1.16284,699,2,0
2026-03-23 18:45:00,1.16284,1.16326,1.1626400000000001,1.1632500000000001,673,2,0
2026-03-23 18:50:00,1.1632500000000001,1.16361,1.16291,1.16354,651,2,0
2026-03-23 18:55:00,1.16354,1.16373,1.16321,1.1635,701,2,0
2026-03-23 19:00:00,1.1635,1.16353,1.1626400000000001,1.16268,568,2,0
2026-03-23 19:05:00,1.16268,1.1629800000000001,1.16258,1.16287,386,2,0
2026-03-23 19:10:00,1.16288,1.16302,1.16244,1.16251,433,2,0
2026-03-23 19:15:00,1.16251,1.16261,1.16204,1.16252,374,2,0
2026-03-23 19:20:00,1.16252,1.16255,1.16216,1.16237,386,2,0
2026-03-23 19:25:00,1.16237,1.16243,1.16167,1.16173,435,2,0
2026-03-23 19:30:00,1.16173,1.1617899999999999,1.1613,1.1617,331,2,0
2026-03-23 19:35:00,1.1617,1.16192,1.16154,1.16157,278,2,0
2026-03-23 19:40:00,1.16157,1.16172,1.16128,1.16161,248,2,0
2026-03-23 19:45:00,1.16161,1.16181,1.16151,1.16158,315,2,0
2026-03-23 19:50:00,1.16158,1.1616900000000001,1.16133,1.16133,361,2,0
2026-03-23 19:55:00,1.16133,1.16149,1.16124,1.16133,247,2,0
2026-03-23 20:00:00,1.16133,1.1614200000000001,1.16104,1.1612,252,2,0
2026-03-23 20:05:00,1.1612,1.1615199999999999,1.16113,1.16149,91,2,0
2026-03-23 20:10:00,1.16149,1.16149,1.16129,1.16144,102,2,0
2026-03-23 20:15:00,1.16144,1.16149,1.16133,1.16133,92,2,0
2026-03-23 20:20:00,1.16133,1.16138,1.16116,1.1611799999999999,85,2,0
2026-03-23 20:25:00,1.1611799999999999,1.16121,1.16101,1.16102,114,2,0
2026-03-23 20:30:00,1.16102,1.16122,1.16093,1.16116,136,2,0
2026-03-23 20:35:00,1.16116,1.16122,1.161,1.16122,95,2,0
2026-03-23 20:40:00,1.16122,1.16128,1.16105,1.16128,83,2,0
2026-03-23 20:45:00,1.16128,1.16135,1.16116,1.16116,97,2,0
2026-03-23 20:50:00,1.16116,1.16127,1.16094,1.16097,99,2,0
2026-03-23 20:55:00,1.16097,1.1611,1.16042,1.16042,275,5,0
2026-03-23 21:00:00,1.1608100000000001,1.1608100000000001,1.16067,1.16079,9,108,0
2026-03-23 21:05:00,1.16079,1.16099,1.16079,1.16099,22,83,0
2026-03-23 21:10:00,1.16099,1.16101,1.16093,1.16101,30,68,0
2026-03-23 21:15:00,1.16101,1.16107,1.16098,1.16102,13,59,0
2026-03-23 21:20:00,1.16102,1.16102,1.16099,1.16102,7,66,0
2026-03-23 21:25:00,1.161,1.16103,1.16097,1.161,26,66,0
2026-03-23 21:30:00,1.161,1.1611,1.16096,1.1610800000000001,34,61,0
2026-03-23 21:35:00,1.1610800000000001,1.16116,1.1610800000000001,1.16114,10,58,0
2026-03-23 21:40:00,1.16114,1.16124,1.16113,1.16123,23,54,0
2026-03-23 21:45:00,1.16123,1.16127,1.16104,1.16115,34,52,0
2026-03-23 21:50:00,1.16115,1.16122,1.16115,1.16121,9,52,0
2026-03-23 21:55:00,1.16121,1.16124,1.16121,1.16123,34,53,0
2026-03-23 22:00:00,1.16123,1.16124,1.16058,1.16083,96,42,0
2026-03-23 22:05:00,1.16082,1.1615199999999999,1.16082,1.16137,101,3,0
2026-03-23 22:10:00,1.16137,1.1615199999999999,1.16128,1.16148,92,3,0
2026-03-23 22:15:00,1.16148,1.1615199999999999,1.16115,1.16123,140,2,0
2026-03-23 22:20:00,1.16123,1.16149,1.16123,1.1614,114,4,0
2026-03-23 22:25:00,1.1614,1.16153,1.16134,1.1615,122,4,0
2026-03-23 22:30:00,1.1615,1.1615,1.16127,1.16134,87,2,0
2026-03-23 22:35:00,1.16134,1.16146,1.16133,1.16133,189,2,0
2026-03-23 22:40:00,1.16133,1.16133,1.1611,1.1611,141,4,0
2026-03-23 22:45:00,1.16111,1.16123,1.16099,1.16121,230,4,0
2026-03-23 22:50:00,1.1612,1.1616900000000001,1.16104,1.16159,296,2,0
2026-03-23 22:55:00,1.16159,1.16175,1.1614200000000001,1.1614200000000001,206,3,0
2026-03-23 23:00:00,1.16143,1.16158,1.16133,1.16136,254,2,0
2026-03-23 23:05:00,1.16136,1.16149,1.16119,1.1613,180,3,0
2026-03-23 23:10:00,1.1613,1.1613,1.16109,1.16116,157,2,0
2026-03-23 23:15:00,1.16117,1.1614200000000001,1.16112,1.16128,128,2,0
2026-03-23 23:20:00,1.16128,1.16139,1.16115,1.16138,121,2,0
2026-03-23 23:25:00,1.16138,1.1614,1.1612,1.1612,107,2,0
2026-03-23 23:30:00,1.1612,1.16122,1.16103,1.1611,81,2,0
2026-03-23 23:35:00,1.1611,1.16114,1.16095,1.16102,97,2,0
2026-03-23 23:40:00,1.16102,1.16113,1.16085,1.16112,122,3,0
2026-03-23 23:45:00,1.16112,1.16116,1.16062,1.16076,278,2,0
2026-03-23 23:50:00,1.16076,1.16083,1.16063,1.1607,186,2,0
2026-03-23 23:55:00,1.1607,1.1608100000000001,1.16058,1.1608100000000001,190,2,0
2026-03-24 00:00:00,1.1608,1.16086,1.16006,1.16007,536,2,0
2026-03-24 00:05:00,1.16008,1.16024,1.15997,1.16007,338,2,0
2026-03-24 00:10:00,1.16007,1.16014,1.15937,1.15937,351,2,0
2026-03-24 00:15:00,1.15937,1.15939,1.15895,1.15932,486,2,0
2026-03-24 00:20:00,1.15931,1.15968,1.15903,1.15962,455,2,0
2026-03-24 00:25:00,1.15962,1.15974,1.15936,1.15942,374,2,0
2026-03-24 00:30:00,1.15942,1.15964,1.15924,1.15956,462,2,0
2026-03-24 00:35:00,1.15956,1.15956,1.15808,1.15846,707,2,0
2026-03-24 00:40:00,1.15849,1.1588,1.15824,1.15841,962,2,0
2026-03-24 00:45:00,1.15841,1.15872,1.15841,1.15852,511,2,0
2026-03-24 00:50:00,1.15852,1.1592,1.15852,1.15914,602,2,0
2026-03-24 00:55:00,1.15914,1.1593,1.15881,1.15884,635,2,0
2026-03-24 01:00:00,1.15884,1.15913,1.1586400000000001,1.15904,650,2,0
2026-03-24 01:05:00,1.15904,1.1593,1.1589,1.15924,474,2,0
2026-03-24 01:10:00,1.15924,1.1595900000000001,1.15921,1.15943,487,2,0
2026-03-24 01:15:00,1.15943,1.15943,1.15867,1.15902,619,2,0
2026-03-24 01:20:00,1.15902,1.15924,1.15882,1.1589,668,2,0
2026-03-24 01:25:00,1.1589,1.15916,1.15877,1.15885,480,2,0
2026-03-24 01:30:00,1.15885,1.15893,1.15844,1.15863,559,2,0
2026-03-24 01:35:00,1.15863,1.15863,1.15814,1.15818,422,2,0
2026-03-24 01:40:00,1.15818,1.15828,1.15804,1.15805,390,2,0
2026-03-24 01:45:00,1.15806,1.15825,1.15783,1.15801,358,2,0
2026-03-24 01:50:00,1.15801,1.15859,1.15801,1.15824,330,2,0
2026-03-24 01:55:00,1.15824,1.15861,1.15824,1.15845,361,2,0
2026-03-24 02:00:00,1.15845,1.15867,1.1583700000000001,1.1586400000000001,462,2,0
2026-03-24 02:05:00,1.1586400000000001,1.15868,1.15843,1.1586400000000001,374,2,0
2026-03-24 02:10:00,1.1586400000000001,1.1586400000000001,1.15828,1.15842,382,2,0
2026-03-24 02:15:00,1.15842,1.15866,1.15829,1.15854,351,2,0
2026-03-24 02:20:00,1.15854,1.15892,1.15851,1.15879,363,2,0
2026-03-24 02:25:00,1.15879,1.15909,1.1586400000000001,1.15907,395,2,0
2026-03-24 02:30:00,1.15907,1.15922,1.15895,1.15907,480,2,0
2026-03-24 02:35:00,1.15907,1.15911,1.15881,1.15881,274,2,0
2026-03-24 02:40:00,1.15881,1.159,1.15876,1.1589800000000001,193,2,0
2026-03-24 02:45:00,1.1589800000000001,1.15914,1.15872,1.15872,230,2,0
2026-03-24 02:50:00,1.15872,1.15872,1.15827,1.15863,343,2,0
2026-03-24 02:55:00,1.15863,1.15871,1.15848,1.15858,282,2,0
2026-03-24 03:00:00,1.15858,1.15868,1.1581299999999999,1.15819,262,2,0
2026-03-24 03:05:00,1.15819,1.1585,1.15819,1.15845,268,2,0
2026-03-24 03:10:00,1.15845,1.15877,1.15845,1.1586400000000001,270,2,0
2026-03-24 03:15:00,1.1586400000000001,1.15891,1.15861,1.15885,210,2,0
2026-03-24 03:20:00,1.15885,1.15892,1.1587,1.15871,159,2,0
2026-03-24 03:25:00,1.15871,1.15891,1.15866,1.15884,226,2,0
2026-03-24 03:30:00,1.15884,1.15885,1.15834,1.1584699999999999,303,2,0
2026-03-24 03:35:00,1.1584699999999999,1.15853,1.15822,1.15832,216,2,0
2026-03-24 03:40:00,1.15832,1.15853,1.15832,1.1583700000000001,174,2,0
2026-03-24 03:45:00,1.1583700000000001,1.1585,1.15822,1.15833,242,2,0
2026-03-24 03:50:00,1.15833,1.15838,1.15822,1.15828,130,2,0
2026-03-24 03:55:00,1.15828,1.15845,1.15815,1.15829,198,2,0
2026-03-24 04:00:00,1.15829,1.15833,1.15808,1.15815,171,2,0
2026-03-24 04:05:00,1.15815,1.15821,1.15792,1.1580300000000001,143,2,0
2026-03-24 04:10:00,1.1580300000000001,1.1581,1.1577600000000001,1.15784,134,2,0
2026-03-24 04:15:00,1.15784,1.15784,1.15761,1.15766,120,2,0
2026-03-24 04:20:00,1.15766,1.15786,1.15764,1.15771,123,2,0
2026-03-24 04:25:00,1.15771,1.15777,1.15756,1.15772,138,2,0
2026-03-24 04:30:00,1.15772,1.15778,1.15759,1.15775,145,2,0
2026-03-24 04:35:00,1.15775,1.15794,1.1577,1.15787,184,2,0
2026-03-24 04:40:00,1.15787,1.15798,1.15786,1.15793,133,2,0
2026-03-24 04:45:00,1.15794,1.15827,1.15793,1.15822,147,2,0
2026-03-24 04:50:00,1.15822,1.15826,1.15811,1.15815,112,2,0
2026-03-24 04:55:00,1.15815,1.15817,1.15792,1.15801,176,2,0
2026-03-24 05:00:00,1.15801,1.15807,1.1577,1.15771,299,2,0
2026-03-24 05:05:00,1.15771,1.15774,1.15757,1.1577,260,2,0
2026-03-24 05:10:00,1.1577,1.15811,1.15762,1.15789,277,2,0
2026-03-24 05:15:00,1.15789,1.15845,1.15789,1.15809,408,2,0
2026-03-24 05:20:00,1.15811,1.1583700000000001,1.15798,1.15826,406,2,0
2026-03-24 05:25:00,1.15826,1.15836,1.1581,1.15814,262,2,0
2026-03-24 05:30:00,1.15814,1.15822,1.15802,1.15816,334,2,0
2026-03-24 05:35:00,1.15816,1.1583,1.15809,1.15826,242,2,0
2026-03-24 05:40:00,1.15826,1.15872,1.15824,1.15866,305,2,0
2026-03-24 05:45:00,1.15866,1.1589,1.15858,1.15877,241,2,0
2026-03-24 05:50:00,1.15877,1.15891,1.15856,1.15856,233,2,0
2026-03-24 05:55:00,1.15856,1.15856,1.15826,1.15836,216,2,0
2026-03-24 06:00:00,1.15836,1.15879,1.15812,1.15859,443,2,0
2026-03-24 06:05:00,1.15859,1.15886,1.15852,1.15882,396,2,0
2026-03-24 06:10:00,1.15882,1.15882,1.15789,1.15814,400,2,0
2026-03-24 06:15:00,1.15814,1.15841,1.15799,1.1580300000000001,308,2,0
2026-03-24 06:20:00,1.15804,1.1583,1.15791,1.15815,253,2,0
2026-03-24 06:25:00,1.15815,1.15863,1.15815,1.15828,344,2,0
2026-03-24 06:30:00,1.15828,1.15843,1.1581,1.15816,348,2,0
2026-03-24 06:35:00,1.15816,1.15839,1.15801,1.1582,335,2,0
2026-03-24 06:40:00,1.1582,1.15843,1.15819,1.15828,259,2,0
2026-03-24 06:45:00,1.15829,1.15859,1.15802,1.1583,289,2,0
2026-03-24 06:50:00,1.1583,1.15891,1.15823,1.15889,375,2,0
2026-03-24 06:55:00,1.15889,1.15923,1.15886,1.15917,504,2,0
2026-03-24 07:00:00,1.15917,1.15985,1.15891,1.15971,556,2,0
2026-03-24 07:05:00,1.15971,1.16038,1.15961,1.16031,528,2,0
2026-03-24 07:10:00,1.16031,1.16176,1.16029,1.1615,738,2,0
2026-03-24 07:15:00,1.1615,1.1615,1.1605699999999999,1.16067,595,2,0
2026-03-24 07:20:00,1.16067,1.16111,1.16044,1.161,494,2,0
2026-03-24 07:25:00,1.161,1.161,1.16031,1.16032,432,2,0
2026-03-24 07:30:00,1.16033,1.16046,1.15963,1.16013,681,2,0
2026-03-24 07:35:00,1.16013,1.16058,1.15981,1.16037,635,2,0
2026-03-24 07:40:00,1.16037,1.16096,1.16028,1.1608100000000001,479,2,0
2026-03-24 07:45:00,1.1608,1.1608,1.16009,1.16023,454,2,0
2026-03-24 07:50:00,1.16023,1.16058,1.16009,1.1605699999999999,548,2,0
2026-03-24 07:55:00,1.1605699999999999,1.16089,1.16028,1.16086,495,2,0
2026-03-24 08:00:00,1.16086,1.16086,1.16007,1.16063,855,2,0
2026-03-24 08:05:00,1.16063,1.16092,1.16022,1.16068,932,2,0
2026-03-24 08:10:00,1.16069,1.16076,1.15995,1.16006,582,2,0
2026-03-24 08:15:00,1.16006,1.16044,1.15941,1.15942,758,2,0
2026-03-24 08:20:00,1.15942,1.15973,1.15931,1.15956,586,2,0
2026-03-24 08:25:00,1.15956,1.1596,1.15909,1.15926,588,2,0
2026-03-24 08:30:00,1.15927,1.15954,1.15911,1.1592500000000001,477,2,0
2026-03-24 08:35:00,1.1592500000000001,1.15973,1.15913,1.15921,566,2,0
2026-03-24 08:40:00,1.1592,1.15966,1.15912,1.15953,531,2,0
2026-03-24 08:45:00,1.15955,1.15985,1.15931,1.15936,540,2,0
2026-03-24 08:50:00,1.1593499999999999,1.15947,1.15818,1.15895,962,2,0
2026-03-24 08:55:00,1.15895,1.1592500000000001,1.15854,1.15883,762,2,0
2026-03-24 09:00:00,1.15883,1.1593,1.15862,1.15922,737,2,0
2026-03-24 09:05:00,1.15922,1.15939,1.15835,1.15872,667,2,0
2026-03-24 09:10:00,1.15872,1.15897,1.15812,1.15824,496,2,0
2026-03-24 09:15:00,1.15824,1.15854,1.15786,1.15846,611,2,0
2026-03-24 09:20:00,1.15846,1.1584699999999999,1.15792,1.15829,496,2,0
2026-03-24 09:25:00,1.15829,1.15873,1.15826,1.15848,375,2,0
2026-03-24 09:30:00,1.15848,1.15915,1.15838,1.15897,365,2,0
2026-03-24 09:35:00,1.15897,1.15914,1.15871,1.15914,385,2,0
2026-03-24 09:40:00,1.15914,1.15954,1.15913,1.15943,397,2,0
2026-03-24 09:45:00,1.15943,1.15951,1.15917,1.15934,514,2,0
2026-03-24 09:50:00,1.15934,1.15934,1.15906,1.15924,385,2,0
2026-03-24 09:55:00,1.15924,1.15968,1.15924,1.15947,398,2,0
2026-03-24 10:00:00,1.15947,1.15963,1.15893,1.15926,446,2,0
2026-03-24 10:05:00,1.15926,1.15948,1.15907,1.1594,376,2,0
2026-03-24 10:10:00,1.1594,1.15948,1.15912,1.15928,352,2,0
2026-03-24 10:15:00,1.15928,1.15958,1.15912,1.15945,354,2,0
2026-03-24 10:20:00,1.15945,1.15946,1.15911,1.15917,322,2,0
2026-03-24 10:25:00,1.15917,1.15926,1.15872,1.15888,329,2,0
2026-03-24 10:30:00,1.15888,1.15901,1.15849,1.15851,483,2,0
2026-03-24 10:35:00,1.15851,1.15897,1.15844,1.15887,342,2,0
2026-03-24 10:40:00,1.15887,1.15894,1.15855,1.1589,438,2,0
2026-03-24 10:45:00,1.15891,1.15901,1.15832,1.15839,477,2,0
2026-03-24 10:50:00,1.15839,1.15889,1.15839,1.15873,447,2,0
2026-03-24 10:55:00,1.15871,1.15922,1.15852,1.15921,383,2,0
2026-03-24 11:00:00,1.15921,1.15938,1.15873,1.15915,821,2,0
2026-03-24 11:05:00,1.15915,1.15991,1.15913,1.15988,448,2,0
2026-03-24 11:10:00,1.15988,1.16004,1.15956,1.1596899999999999,325,2,0
2026-03-24 11:15:00,1.1596899999999999,1.1597,1.159,1.15933,444,2,0
2026-03-24 11:20:00,1.15933,1.15953,1.15933,1.15949,249,2,0
2026-03-24 11:25:00,1.15949,1.15958,1.15913,1.1594,284,2,0
2026-03-24 11:30:00,1.1594,1.15951,1.15917,1.15929,318,2,0
2026-03-24 11:35:00,1.15928,1.15942,1.15905,1.15929,321,2,0
2026-03-24 11:40:00,1.15929,1.15972,1.1592,1.15947,349,2,0
2026-03-24 11:45:00,1.1595,1.1595900000000001,1.15921,1.15936,490,2,0
2026-03-24 11:50:00,1.15936,1.15936,1.15787,1.15844,851,2,0
2026-03-24 11:55:00,1.15844,1.15904,1.15834,1.15893,595,2,0
2026-03-24 12:00:00,1.15893,1.15937,1.15893,1.15917,661,2,0
2026-03-24 12:05:00,1.15917,1.15917,1.15869,1.15892,535,2,0
2026-03-24 12:10:00,1.15894,1.15906,1.15865,1.1589,344,2,0
2026-03-24 12:15:00,1.1589,1.1589,1.15848,1.15855,411,2,0
2026-03-24 12:20:00,1.15855,1.1589800000000001,1.15839,1.15887,497,2,0
2026-03-24 12:25:00,1.15887,1.15943,1.15879,1.15926,423,2,0
2026-03-24 12:30:00,1.15926,1.15937,1.15828,1.1584699999999999,583,2,0
2026-03-24 12:35:00,1.1584699999999999,1.15875,1.15824,1.15825,505,2,0
2026-03-24 12:40:00,1.15825,1.15853,1.1581,1.15817,489,2,0
2026-03-24 12:45:00,1.15817,1.15896,1.15817,1.15881,592,2,0
2026-03-24 12:50:00,1.15881,1.15992,1.15857,1.15933,951,2,0
2026-03-24 12:55:00,1.15933,1.15942,1.15838,1.15845,624,2,0
2026-03-24 13:00:00,1.15845,1.15906,1.15823,1.15881,838,2,0
2026-03-24 13:05:00,1.15882,1.1589800000000001,1.15678,1.15712,1265,2,0
2026-03-24 13:10:00,1.15714,1.15795,1.15688,1.15768,1194,2,0
2026-03-24 13:15:00,1.1577,1.15795,1.15727,1.1574200000000001,843,2,0
2026-03-24 13:20:00,1.15743,1.15791,1.15732,1.1574,568,2,0
2026-03-24 13:25:00,1.15741,1.15791,1.15698,1.15705,761,2,0
2026-03-24 13:30:00,1.15703,1.15754,1.15676,1.15731,1295,2,0
2026-03-24 13:35:00,1.15732,1.1575199999999999,1.1569099999999999,1.1571500000000001,1262,2,0
2026-03-24 13:40:00,1.1571500000000001,1.15747,1.15688,1.15688,762,2,0
2026-03-24 13:45:00,1.15689,1.15731,1.15672,1.15703,911,2,0
2026-03-24 13:50:00,1.15702,1.15755,1.15692,1.15743,926,2,0
2026-03-24 13:55:00,1.15743,1.15784,1.15729,1.15774,898,2,0
2026-03-24 14:00:00,1.15775,1.15862,1.15774,1.15861,909,2,0
2026-03-24 14:05:00,1.1586,1.15904,1.15807,1.1589800000000001,915,2,0
2026-03-24 14:10:00,1.15899,1.15926,1.15843,1.15886,847,2,0
2026-03-24 14:15:00,1.15885,1.15931,1.15867,1.15916,866,2,0
2026-03-24 14:20:00,1.15916,1.15933,1.15894,1.15927,774,2,0
2026-03-24 14:25:00,1.15927,1.15961,1.15903,1.15937,761,2,0
2026-03-24 14:30:00,1.15937,1.15957,1.159,1.1591,708,2,0
2026-03-24 14:35:00,1.1591,1.1592500000000001,1.1587399999999999,1.15905,647,2,0
2026-03-24 14:40:00,1.15905,1.15948,1.15889,1.15921,722,2,0
2026-03-24 14:45:00,1.15922,1.15922,1.15852,1.15853,879,2,0
2026-03-24 14:50:00,1.15853,1.16069,1.15832,1.15976,2043,2,0
2026-03-24 14:55:00,1.15975,1.1602000000000001,1.15802,1.15891,1854,2,0
2026-03-24 15:00:00,1.15893,1.15951,1.15886,1.15903,1994,2,0
2026-03-24 15:05:00,1.15903,1.15905,1.15852,1.15865,1258,2,0
2026-03-24 15:10:00,1.15865,1.15886,1.15843,1.15886,907,2,0
2026-03-24 15:15:00,1.15886,1.1589,1.15845,1.1587399999999999,800,2,0
2026-03-24 15:20:00,1.1587399999999999,1.15922,1.15839,1.15914,783,2,0
2026-03-24 15:25:00,1.15914,1.15962,1.15912,1.1593499999999999,662,2,0
2026-03-24 15:30:00,1.1593499999999999,1.15973,1.15869,1.15881,826,2,0
2026-03-24 15:35:00,1.15881,1.15909,1.1587,1.15875,618,2,0
2026-03-24 15:40:00,1.15875,1.15907,1.1586400000000001,1.15881,522,2,0
2026-03-24 15:45:00,1.15881,1.15881,1.1582,1.15824,520,2,0
2026-03-24 15:50:00,1.15823,1.15839,1.15789,1.15792,588,2,0
2026-03-24 15:55:00,1.15792,1.15815,1.15758,1.1577600000000001,913,2,0
2026-03-24 16:00:00,1.1577600000000001,1.15801,1.15741,1.15791,759,2,0
2026-03-24 16:05:00,1.15791,1.1583,1.15778,1.15818,551,2,0
2026-03-24 16:10:00,1.15818,1.15855,1.15796,1.1584699999999999,600,2,0
2026-03-24 16:15:00,1.1584699999999999,1.15873,1.15846,1.15861,469,2,0
2026-03-24 16:20:00,1.15861,1.1588,1.15846,1.15867,441,2,0
2026-03-24 16:25:00,1.15867,1.1592,1.15859,1.15906,475,2,0
2026-03-24 16:30:00,1.15905,1.15924,1.1587399999999999,1.15878,403,2,0
2026-03-24 16:35:00,1.15878,1.15885,1.15815,1.15815,520,2,0
2026-03-24 16:40:00,1.15815,1.15869,1.15814,1.15869,448,2,0
2026-03-24 16:45:00,1.15869,1.15887,1.15839,1.15862,438,2,0
2026-03-24 16:50:00,1.15862,1.15887,1.15854,1.15854,302,2,0
2026-03-24 16:55:00,1.15854,1.1587,1.15825,1.15826,471,2,0
2026-03-24 17:00:00,1.15826,1.15832,1.157,1.15704,593,2,0
2026-03-24 17:05:00,1.15704,1.15704,1.1557,1.15594,1854,2,0
2026-03-24 17:10:00,1.15595,1.1565,1.1558,1.15635,1145,2,0
2026-03-24 17:15:00,1.15635,1.15685,1.15627,1.1567,1138,2,0
2026-03-24 17:20:00,1.1567,1.15722,1.15663,1.15699,884,2,0
2026-03-24 17:25:00,1.15699,1.15716,1.15665,1.15708,683,2,0
2026-03-24 17:30:00,1.15708,1.15748,1.15673,1.15677,648,2,0
2026-03-24 17:35:00,1.15677,1.15731,1.15673,1.15708,503,2,0
2026-03-24 17:40:00,1.15708,1.15732,1.15666,1.15678,568,2,0
2026-03-24 17:45:00,1.15678,1.15688,1.1565,1.15668,491,2,0
2026-03-24 17:50:00,1.15668,1.15706,1.1565,1.15669,638,2,0
2026-03-24 17:55:00,1.15669,1.15838,1.15659,1.15759,1799,2,0
2026-03-24 18:00:00,1.15759,1.15808,1.15716,1.15741,1161,2,0
2026-03-24 18:05:00,1.1574200000000001,1.15748,1.15675,1.1568,701,2,0
2026-03-24 18:10:00,1.1568,1.15734,1.15676,1.1571799999999999,617,2,0
2026-03-24 18:15:00,1.1571799999999999,1.15757,1.15692,1.15744,702,2,0
2026-03-24 18:20:00,1.15744,1.15791,1.15721,1.15754,754,2,0
2026-03-24 18:25:00,1.15754,1.15793,1.15748,1.15791,664,2,0
2026-03-24 18:30:00,1.1579,1.15845,1.15773,1.15829,563,2,0
2026-03-24 18:35:00,1.1583,1.15919,1.1583,1.15913,554,2,0
2026-03-24 18:40:00,1.15913,1.15924,1.15844,1.15855,912,2,0
2026-03-24 18:45:00,1.15855,1.15862,1.15817,1.15834,562,2,0
2026-03-24 18:50:00,1.15831,1.1586400000000001,1.1582,1.1585,478,2,0
2026-03-24 18:55:00,1.1585,1.1585,1.15785,1.15821,548,2,0
2026-03-24 19:00:00,1.15821,1.1587,1.15821,1.15866,366,2,0
2026-03-24 19:05:00,1.15866,1.15917,1.15853,1.15913,262,2,0
2026-03-24 19:10:00,1.15913,1.15927,1.1589800000000001,1.15906,284,2,0
2026-03-24 19:15:00,1.15906,1.15909,1.15888,1.15905,369,2,0
2026-03-24 19:20:00,1.15905,1.15913,1.15887,1.15906,327,2,0
2026-03-24 19:25:00,1.15906,1.15909,1.1587399999999999,1.15877,254,2,0
2026-03-24 19:30:00,1.15877,1.15878,1.15842,1.15845,383,2,0
2026-03-24 19:35:00,1.15845,1.1586,1.15839,1.15846,307,2,0
2026-03-24 19:40:00,1.15846,1.15872,1.15842,1.1586,265,2,0
2026-03-24 19:45:00,1.1586,1.1588,1.15856,1.15875,182,2,0
2026-03-24 19:50:00,1.15875,1.15879,1.15852,1.1586400000000001,324,2,0
2026-03-24 19:55:00,1.1586400000000001,1.15868,1.15844,1.15855,315,2,0
2026-03-24 20:00:00,1.15855,1.15861,1.15836,1.15836,163,2,0
2026-03-24 20:05:00,1.15836,1.15843,1.15828,1.15842,72,2,0
2026-03-24 20:10:00,1.15842,1.1584699999999999,1.15831,1.15836,72,2,0
2026-03-24 20:15:00,1.15836,1.15876,1.15836,1.15872,82,2,0
2026-03-24 20:20:00,1.15873,1.16197,1.15873,1.16185,1610,2,0
2026-03-24 20:25:00,1.16183,1.16281,1.16042,1.16064,1565,2,0
2026-03-24 20:30:00,1.16064,1.16105,1.16007,1.16043,971,2,0
2026-03-24 20:35:00,1.16043,1.16154,1.1602000000000001,1.16141,856,2,0
2026-03-24 20:40:00,1.16144,1.16149,1.16005,1.16051,1185,2,0
2026-03-24 20:45:00,1.16051,1.16078,1.15992,1.16059,728,2,0
2026-03-24 20:50:00,1.1606,1.16075,1.1602999999999999,1.1606,364,2,0
2026-03-24 20:55:00,1.1606,1.16096,1.16029,1.16041,555,2,0
2026-03-24 21:00:00,1.16058,1.1606,1.16012,1.16013,15,55,0
2026-03-24 21:05:00,1.16013,1.16074,1.16013,1.1607,30,52,0
2026-03-24 21:10:00,1.1607,1.16077,1.15995,1.1599599999999999,95,42,0
2026-03-24 21:15:00,1.1599599999999999,1.16025,1.15983,1.16011,30,57,0
2026-03-24 21:20:00,1.16003,1.16025,1.16003,1.16021,19,67,0
2026-03-24 21:25:00,1.16019,1.16022,1.16019,1.1602000000000001,8,87,0
2026-03-24 21:30:00,1.1602000000000001,1.16025,1.16004,1.16009,111,89,0
2026-03-24 21:35:00,1.16007,1.16028,1.16007,1.16026,75,82,0
2026-03-24 21:40:00,1.16026,1.16056,1.16023,1.16056,46,76,0
2026-03-24 21:45:00,1.16056,1.16063,1.16019,1.16023,52,75,0
2026-03-24 21:50:00,1.16023,1.16031,1.16022,1.16024,22,124,0
2026-03-24 21:55:00,1.16024,1.16104,1.16023,1.16033,55,62,0
2026-03-24 22:00:00,1.16068,1.16127,1.1604,1.16125,132,46,0
2026-03-24 22:05:00,1.16125,1.16189,1.16106,1.16157,178,2,0
2026-03-24 22:10:00,1.16157,1.16163,1.16103,1.16115,203,2,0
2026-03-24 22:15:00,1.16115,1.16121,1.1605699999999999,1.16119,248,2,0
2026-03-24 22:20:00,1.16119,1.16124,1.16099,1.16102,136,3,0
2026-03-24 22:25:00,1.16102,1.16111,1.16042,1.16111,328,2,0
2026-03-24 22:30:00,1.16111,1.16138,1.16107,1.16122,306,2,0
2026-03-24 22:35:00,1.16122,1.16133,1.16097,1.16109,190,3,0
2026-03-24 22:40:00,1.16109,1.16132,1.16104,1.16128,129,4,0
2026-03-24 22:45:00,1.16128,1.16148,1.16123,1.16138,159,2,0
2026-03-24 22:50:00,1.16138,1.16147,1.1611799999999999,1.16125,172,3,0
2026-03-24 22:55:00,1.16126,1.16154,1.16125,1.16138,150,5,0
2026-03-24 23:00:00,1.16139,1.16155,1.16087,1.16096,296,2,0
2026-03-24 23:05:00,1.16097,1.1611799999999999,1.16086,1.1611,217,2,0
2026-03-24 23:10:00,1.16114,1.16124,1.16106,1.16122,160,3,0
2026-03-24 23:15:00,1.16122,1.1614200000000001,1.16096,1.16122,182,2,0
2026-03-24 23:20:00,1.16122,1.16165,1.16112,1.1616,98,2,0
2026-03-24 23:25:00,1.1616,1.16182,1.16154,1.16177,121,2,0
2026-03-24 23:30:00,1.16177,1.16177,1.16149,1.16165,156,2,0
2026-03-24 23:35:00,1.16165,1.16172,1.16145,1.16167,187,2,0
2026-03-24 23:40:00,1.16167,1.16167,1.16117,1.1611799999999999,160,2,0
2026-03-24 23:45:00,1.1611799999999999,1.16136,1.16106,1.16132,138,2,0
2026-03-24 23:50:00,1.16132,1.16133,1.16119,1.16133,99,2,0
2026-03-24 23:55:00,1.16133,1.1615,1.16133,1.16137,100,2,0
2026-03-25 00:00:00,1.16137,1.1617899999999999,1.16125,1.16161,442,2,0
2026-03-25 00:05:00,1.16161,1.16234,1.1614200000000001,1.16225,404,2,0
2026-03-25 00:10:00,1.16225,1.1627399999999999,1.16224,1.16243,396,2,0
2026-03-25 00:15:00,1.16243,1.16249,1.16177,1.16193,447,2,0
2026-03-25 00:20:00,1.16193,1.16212,1.1616900000000001,1.1620300000000001,349,2,0
2026-03-25 00:25:00,1.1620300000000001,1.16214,1.16193,1.1620300000000001,269,2,0
2026-03-25 00:30:00,1.1620300000000001,1.16262,1.16132,1.1626,619,2,0
2026-03-25 00:35:00,1.16259,1.16306,1.16253,1.16282,318,2,0
2026-03-25 00:40:00,1.16282,1.16302,1.1627,1.1628,311,2,0
2026-03-25 00:45:00,1.1628,1.16297,1.16273,1.16281,225,2,0
2026-03-25 00:50:00,1.16281,1.16294,1.16246,1.16283,433,2,0
2026-03-25 00:55:00,1.16282,1.16284,1.16229,1.16232,394,2,0
2026-03-25 01:00:00,1.16232,1.16237,1.16176,1.16196,643,2,0
2026-03-25 01:05:00,1.16196,1.16221,1.16184,1.16221,361,2,0
2026-03-25 01:10:00,1.16221,1.16241,1.1617899999999999,1.16181,327,2,0
2026-03-25 01:15:00,1.16181,1.16219,1.16181,1.16207,287,2,0
2026-03-25 01:20:00,1.16207,1.16243,1.16206,1.16219,283,2,0
2026-03-25 01:25:00,1.16219,1.1622,1.1619,1.16197,327,2,0
2026-03-25 01:30:00,1.16197,1.162,1.16168,1.16187,301,2,0
2026-03-25 01:35:00,1.16187,1.16214,1.16175,1.162,291,2,0
2026-03-25 01:40:00,1.162,1.16235,1.1617,1.16184,438,2,0
2026-03-25 01:45:00,1.16184,1.16205,1.16164,1.16174,328,2,0
2026-03-25 01:50:00,1.16174,1.16177,1.16139,1.16144,284,2,0
2026-03-25 01:55:00,1.16144,1.16147,1.1611799999999999,1.16119,231,2,0
2026-03-25 02:00:00,1.16119,1.16129,1.16095,1.16099,306,2,0
2026-03-25 02:05:00,1.16097,1.16113,1.16076,1.16079,232,2,0
2026-03-25 02:10:00,1.16079,1.1608,1.16043,1.16061,261,2,0
2026-03-25 02:15:00,1.16061,1.16088,1.1604700000000001,1.16088,259,2,0
2026-03-25 02:20:00,1.16088,1.16088,1.16044,1.1606,237,2,0
2026-03-25 02:25:00,1.1606,1.16078,1.1605699999999999,1.16073,129,2,0
2026-03-25 02:30:00,1.16073,1.16074,1.16041,1.16059,158,2,0
2026-03-25 02:35:00,1.16059,1.16077,1.16054,1.16066,116,2,0
2026-03-25 02:40:00,1.16066,1.1607,1.16051,1.16065,112,2,0
2026-03-25 02:45:00,1.16065,1.16082,1.16041,1.16045,165,2,0
2026-03-25 02:50:00,1.16045,1.16052,1.16013,1.16024,186,2,0
2026-03-25 02:55:00,1.16024,1.16046,1.1601,1.16041,222,2,0
2026-03-25 03:00:00,1.16041,1.16046,1.16027,1.16036,186,2,0
2026-03-25 03:05:00,1.16036,1.16049,1.16022,1.16037,177,2,0
2026-03-25 03:10:00,1.16037,1.16056,1.16017,1.16027,212,2,0
2026-03-25 03:15:00,1.16027,1.16054,1.16022,1.16042,130,2,0
2026-03-25 03:20:00,1.16042,1.16045,1.16021,1.16037,129,2,0
2026-03-25 03:25:00,1.16037,1.16037,1.16016,1.16023,139,2,0
2026-03-25 03:30:00,1.16023,1.16027,1.16006,1.16025,131,2,0
2026-03-25 03:35:00,1.16025,1.16046,1.16025,1.1604,149,2,0
2026-03-25 03:40:00,1.1604,1.16042,1.16024,1.16034,128,2,0
2026-03-25 03:45:00,1.16034,1.1604,1.16027,1.16031,90,2,0
2026-03-25 03:50:00,1.16031,1.16039,1.16024,1.1602999999999999,103,2,0
2026-03-25 03:55:00,1.1602999999999999,1.16044,1.16029,1.16036,125,2,0
2026-03-25 04:00:00,1.16036,1.16036,1.16021,1.16033,134,2,0
2026-03-25 04:05:00,1.16033,1.16035,1.1598,1.1599599999999999,140,2,0
2026-03-25 04:10:00,1.1599599999999999,1.16002,1.15989,1.16002,110,2,0
2026-03-25 04:15:00,1.16002,1.16019,1.15997,1.16019,129,2,0
2026-03-25 04:20:00,1.16019,1.16036,1.16016,1.16036,122,2,0
2026-03-25 04:25:00,1.16036,1.1604,1.16023,1.16026,86,2,0
2026-03-25 04:30:00,1.16026,1.16037,1.15999,1.16006,179,2,0
2026-03-25 04:35:00,1.16006,1.16016,1.16001,1.16011,101,2,0
2026-03-25 04:40:00,1.16011,1.16011,1.15988,1.15989,124,2,0
2026-03-25 04:45:00,1.15989,1.15993,1.15978,1.15984,146,2,0
2026-03-25 04:50:00,1.15984,1.15991,1.15972,1.15974,97,2,0
2026-03-25 04:55:00,1.15974,1.15992,1.15974,1.15978,106,2,0
2026-03-25 05:00:00,1.15978,1.15978,1.15946,1.15949,173,2,0
2026-03-25 05:05:00,1.15949,1.15957,1.15939,1.15949,132,2,0
2026-03-25 05:10:00,1.15949,1.15968,1.15948,1.15961,140,2,0
2026-03-25 05:15:00,1.15961,1.15961,1.15942,1.15946,191,2,0
2026-03-25 05:20:00,1.15946,1.1595,1.1593,1.15933,133,2,0
2026-03-25 05:25:00,1.15933,1.15947,1.15922,1.15946,143,2,0
2026-03-25 05:30:00,1.15946,1.15976,1.15945,1.1597,167,2,0
2026-03-25 05:35:00,1.1597,1.15982,1.15961,1.15965,174,2,0
2026-03-25 05:40:00,1.15965,1.15971,1.15951,1.15957,149,2,0
2026-03-25 05:45:00,1.15957,1.15958,1.15913,1.15918,181,2,0
2026-03-25 05:50:00,1.15918,1.15919,1.159,1.159,151,2,0
2026-03-25 05:55:00,1.159,1.1592500000000001,1.15889,1.1592,280,2,0
2026-03-25 06:00:00,1.1592,1.15943,1.15896,1.15938,350,2,0
2026-03-25 06:05:00,1.15939,1.15944,1.15868,1.15873,203,2,0
2026-03-25 06:10:00,1.15873,1.15912,1.15871,1.1589,201,2,0
2026-03-25 06:15:00,1.1589,1.15924,1.15888,1.15912,209,2,0
2026-03-25 06:20:00,1.15912,1.1593499999999999,1.1591,1.1593,192,2,0
2026-03-25 06:25:00,1.1593,1.15934,1.15906,1.15911,238,2,0
2026-03-25 06:30:00,1.15912,1.15938,1.15911,1.15932,187,2,0
2026-03-25 06:35:00,1.15932,1.15949,1.15931,1.15947,120,2,0
2026-03-25 06:40:00,1.15947,1.15964,1.15939,1.15943,177,2,0
2026-03-25 06:45:00,1.15943,1.15973,1.1592,1.15966,229,2,0
2026-03-25 06:50:00,1.15966,1.15997,1.15951,1.15952,215,2,0
2026-03-25 06:55:00,1.15952,1.15974,1.15942,1.15963,163,2,0
2026-03-25 07:00:00,1.15962,1.15994,1.15951,1.15985,326,2,0
2026-03-25 07:05:00,1.15985,1.16008,1.15965,1.15965,251,2,0
2026-03-25 07:10:00,1.15965,1.16026,1.15965,1.16014,305,2,0
2026-03-25 07:15:00,1.16014,1.16029,1.16001,1.16027,236,2,0
2026-03-25 07:20:00,1.16027,1.16051,1.15982,1.1599,291,2,0
2026-03-25 07:25:00,1.1599,1.16022,1.15971,1.16009,380,2,0
2026-03-25 07:30:00,1.16008,1.16011,1.15924,1.15928,362,2,0
2026-03-25 07:35:00,1.15928,1.15938,1.15883,1.15915,381,2,0
2026-03-25 07:40:00,1.15915,1.15974,1.15915,1.1595,308,2,0
2026-03-25 07:45:00,1.1595,1.15991,1.1595,1.1598600000000001,229,2,0
2026-03-25 07:50:00,1.1598600000000001,1.16015,1.15962,1.15985,315,2,0
2026-03-25 07:55:00,1.15985,1.16033,1.1595900000000001,1.15975,449,2,0
2026-03-25 08:00:00,1.15975,1.15979,1.15905,1.15945,600,2,0
2026-03-25 08:05:00,1.15945,1.16036,1.15915,1.1602000000000001,776,2,0
2026-03-25 08:10:00,1.1602000000000001,1.16083,1.16008,1.16062,530,2,0
2026-03-25 08:15:00,1.16063,1.16107,1.16041,1.16083,557,2,0
2026-03-25 08:20:00,1.16083,1.16141,1.16082,1.16138,468,2,0
2026-03-25 08:25:00,1.1614,1.16158,1.16117,1.16137,542,2,0
2026-03-25 08:30:00,1.16137,1.16164,1.16113,1.16157,478,2,0
2026-03-25 08:35:00,1.16158,1.16158,1.1605699999999999,1.1610800000000001,960,2,0
2026-03-25 08:40:00,1.1610800000000001,1.16144,1.16106,1.1611799999999999,444,2,0
2026-03-25 08:45:00,1.1611799999999999,1.16149,1.1609,1.16111,633,2,0
2026-03-25 08:50:00,1.16111,1.16111,1.16045,1.1604700000000001,452,2,0
2026-03-25 08:55:00,1.1604700000000001,1.16054,1.16017,1.16026,336,2,0
2026-03-25 09:00:00,1.16025,1.16093,1.1601,1.1605699999999999,471,2,0
2026-03-25 09:05:00,1.16056,1.16087,1.16031,1.16034,413,2,0
2026-03-25 09:10:00,1.16034,1.16058,1.16027,1.16042,349,2,0
2026-03-25 09:15:00,1.16042,1.16046,1.15991,1.16022,394,2,0
2026-03-25 09:20:00,1.16022,1.16038,1.15981,1.15991,301,2,0
2026-03-25 09:25:00,1.15991,1.15995,1.1595900000000001,1.1597,397,2,0
2026-03-25 09:30:00,1.15971,1.15975,1.15936,1.15948,315,2,0
2026-03-25 09:35:00,1.15948,1.1596,1.15914,1.15939,355,2,0
2026-03-25 09:40:00,1.15939,1.15987,1.15937,1.1595900000000001,311,2,0
2026-03-25 09:45:00,1.1595900000000001,1.15973,1.15913,1.15945,293,2,0
2026-03-25 09:50:00,1.15945,1.15975,1.15936,1.1597,283,2,0
2026-03-25 09:55:00,1.1597,1.16014,1.15951,1.1599,623,2,0
2026-03-25 10:00:00,1.1599,1.16055,1.1599,1.16036,641,2,0
2026-03-25 10:05:00,1.16036,1.16044,1.16018,1.16043,383,2,0
2026-03-25 10:10:00,1.16043,1.16043,1.16001,1.1601,254,2,0
2026-03-25 10:15:00,1.1601,1.16028,1.15994,1.16018,332,2,0
2026-03-25 10:20:00,1.16018,1.16035,1.15978,1.15994,290,2,0
2026-03-25 10:25:00,1.15994,1.15997,1.15968,1.1597,332,2,0
2026-03-25 10:30:00,1.1597,1.15985,1.15958,1.1596899999999999,285,2,0
2026-03-25 10:35:00,1.1596899999999999,1.16004,1.1596899999999999,1.15992,267,2,0
2026-03-25 10:40:00,1.15992,1.16024,1.1595900000000001,1.15967,252,2,0
2026-03-25 10:45:00,1.15967,1.16052,1.15964,1.16033,403,2,0
2026-03-25 10:50:00,1.16033,1.16048,1.16018,1.16046,345,2,0
2026-03-25 10:55:00,1.16046,1.16052,1.16028,1.16043,276,2,0
2026-03-25 11:00:00,1.16044,1.16113,1.16041,1.16105,308,2,0
2026-03-25 11:05:00,1.16105,1.16109,1.16066,1.16078,329,2,0
2026-03-25 11:10:00,1.16078,1.16078,1.16041,1.1604700000000001,275,2,0
2026-03-25 11:15:00,1.1604700000000001,1.16059,1.16024,1.16038,244,2,0
2026-03-25 11:20:00,1.16038,1.1608100000000001,1.16038,1.1608,229,2,0
2026-03-25 11:25:00,1.1608,1.1609,1.16049,1.16058,286,2,0
2026-03-25 11:30:00,1.16058,1.16067,1.16031,1.16039,227,2,0
2026-03-25 11:35:00,1.16039,1.16041,1.16021,1.16031,205,2,0
2026-03-25 11:40:00,1.16031,1.16066,1.16021,1.16063,231,2,0
2026-03-25 11:45:00,1.16063,1.16072,1.15941,1.16007,849,2,0
2026-03-25 11:50:00,1.16007,1.16028,1.15973,1.16027,653,2,0
2026-03-25 11:55:00,1.16027,1.16056,1.16021,1.16054,447,2,0
2026-03-25 12:00:00,1.16053,1.16096,1.16053,1.16071,520,2,0
2026-03-25 12:05:00,1.16071,1.1613,1.16058,1.16126,373,2,0
2026-03-25 12:10:00,1.16124,1.16136,1.16097,1.16102,418,2,0
2026-03-25 12:15:00,1.16102,1.1610800000000001,1.15956,1.15966,1007,2,0
2026-03-25 12:20:00,1.15967,1.15997,1.15876,1.15939,1182,2,0
2026-03-25 12:25:00,1.15939,1.15982,1.15933,1.15954,776,2,0
2026-03-25 12:30:00,1.15953,1.15955,1.15906,1.15932,838,2,0
2026-03-25 12:35:00,1.15932,1.1598,1.15921,1.15967,644,2,0
2026-03-25 12:40:00,1.15966,1.15972,1.15906,1.15917,607,2,0
2026-03-25 12:45:00,1.15917,1.15918,1.1586400000000001,1.15878,512,2,0
2026-03-25 12:50:00,1.15878,1.1592,1.15872,1.15919,385,2,0
2026-03-25 12:55:00,1.15919,1.15926,1.15897,1.15912,403,2,0
2026-03-25 13:00:00,1.15912,1.15984,1.15879,1.15972,939,2,0
2026-03-25 13:05:00,1.15972,1.15988,1.15911,1.15916,513,2,0
2026-03-25 13:10:00,1.15916,1.15954,1.15869,1.1589800000000001,562,2,0
2026-03-25 13:15:00,1.1589800000000001,1.15901,1.15868,1.159,453,2,0
2026-03-25 13:20:00,1.159,1.15905,1.15852,1.15896,453,2,0
2026-03-25 13:25:00,1.15896,1.15899,1.1584,1.15841,378,2,0
2026-03-25 13:30:00,1.15841,1.15883,1.1581,1.15827,777,2,0
2026-03-25 13:35:00,1.15827,1.15852,1.15785,1.15788,773,2,0
2026-03-25 13:40:00,1.1579,1.15829,1.15785,1.15802,654,2,0
2026-03-25 13:45:00,1.15802,1.15812,1.15729,1.15733,612,2,0
2026-03-25 13:50:00,1.15733,1.15764,1.15725,1.15736,756,2,0
2026-03-25 13:55:00,1.15733,1.15768,1.1571500000000001,1.15729,757,2,0
2026-03-25 14:00:00,1.15729,1.1574,1.15662,1.15666,888,2,0
2026-03-25 14:05:00,1.15666,1.15753,1.15665,1.15744,792,2,0
2026-03-25 14:10:00,1.1574200000000001,1.15764,1.15704,1.15764,580,2,0
2026-03-25 14:15:00,1.15764,1.15825,1.1576,1.1581299999999999,523,2,0
2026-03-25 14:20:00,1.1581299999999999,1.1583,1.15719,1.15732,785,2,0
2026-03-25 14:25:00,1.15733,1.15822,1.15726,1.15814,1107,2,0
2026-03-25 14:30:00,1.15815,1.15854,1.15811,1.15823,737,2,0
2026-03-25 14:35:00,1.15823,1.15834,1.15771,1.1579,567,2,0
2026-03-25 14:40:00,1.1579,1.15815,1.15772,1.15782,522,2,0
2026-03-25 14:45:00,1.1578,1.15857,1.1577600000000001,1.15845,486,2,0
2026-03-25 14:50:00,1.15844,1.15877,1.15838,1.15857,504,2,0
2026-03-25 14:55:00,1.15857,1.15873,1.15841,1.15859,425,2,0
2026-03-25 15:00:00,1.15859,1.15892,1.1585,1.1586400000000001,550,2,0
2026-03-25 15:05:00,1.1586400000000001,1.1587,1.15773,1.15779,629,2,0
2026-03-25 15:10:00,1.15779,1.15795,1.15747,1.1575199999999999,591,2,0
2026-03-25 15:15:00,1.1575199999999999,1.15769,1.1565699999999999,1.15678,1111,2,0
2026-03-25 15:20:00,1.15678,1.15743,1.15668,1.15698,825,2,0
2026-03-25 15:25:00,1.15698,1.15748,1.15687,1.15748,726,2,0
2026-03-25 15:30:00,1.15748,1.15778,1.15741,1.15778,610,2,0
2026-03-25 15:35:00,1.15778,1.15779,1.15716,1.15721,594,2,0
2026-03-25 15:40:00,1.1572,1.15736,1.15652,1.15677,608,2,0
2026-03-25 15:45:00,1.15677,1.15688,1.15653,1.15671,507,2,0
2026-03-25 15:50:00,1.15671,1.1569,1.1562999999999999,1.15639,593,2,0
2026-03-25 15:55:00,1.15639,1.15705,1.15639,1.15697,770,2,0
2026-03-25 16:00:00,1.15697,1.15733,1.15659,1.15664,755,2,0
2026-03-25 16:05:00,1.15664,1.15668,1.15583,1.15588,604,2,0
2026-03-25 16:10:00,1.15588,1.15615,1.15552,1.15615,537,2,0
2026-03-25 16:15:00,1.15615,1.15633,1.15583,1.15615,479,2,0
2026-03-25 16:20:00,1.15615,1.1573,1.15615,1.15729,478,2,0
2026-03-25 16:25:00,1.15724,1.15766,1.15679,1.15712,1112,2,0
2026-03-25 16:30:00,1.15713,1.15724,1.15688,1.1571500000000001,689,2,0
2026-03-25 16:35:00,1.1571500000000001,1.15723,1.15684,1.15688,566,2,0
2026-03-25 16:40:00,1.15689,1.15723,1.15682,1.15707,462,2,0
2026-03-25 16:45:00,1.15707,1.15714,1.1568100000000001,1.1569,355,2,0
2026-03-25 16:50:00,1.1569,1.15725,1.1568,1.15714,385,2,0
2026-03-25 16:55:00,1.15714,1.1572,1.1567,1.15675,332,2,0
2026-03-25 17:00:00,1.15675,1.15695,1.15645,1.15675,472,2,0
2026-03-25 17:05:00,1.15675,1.15679,1.15651,1.15664,348,2,0
2026-03-25 17:10:00,1.15664,1.15727,1.15661,1.15702,421,2,0
2026-03-25 17:15:00,1.15702,1.15733,1.15682,1.15717,388,2,0
2026-03-25 17:20:00,1.15717,1.15751,1.15704,1.15735,326,2,0
2026-03-25 17:25:00,1.15735,1.15765,1.15734,1.15759,279,2,0
2026-03-25 17:30:00,1.15759,1.15799,1.15741,1.15795,330,2,0
2026-03-25 17:35:00,1.15795,1.1582,1.15795,1.15804,287,2,0
2026-03-25 17:40:00,1.15804,1.15838,1.15787,1.15806,452,2,0
2026-03-25 17:45:00,1.15806,1.15814,1.15786,1.15807,275,2,0
2026-03-25 17:50:00,1.15807,1.15834,1.15762,1.15769,492,2,0
2026-03-25 17:55:00,1.15769,1.15828,1.15747,1.15783,489,2,0
2026-03-25 18:00:00,1.15783,1.15801,1.15754,1.15778,507,2,0
2026-03-25 18:05:00,1.15778,1.15809,1.15778,1.15783,320,2,0
2026-03-25 18:10:00,1.15783,1.158,1.15769,1.15783,317,2,0
2026-03-25 18:15:00,1.15783,1.15804,1.15773,1.1578,340,2,0
2026-03-25 18:20:00,1.1578,1.15805,1.1577600000000001,1.15805,270,2,0
2026-03-25 18:25:00,1.15805,1.15808,1.15779,1.15783,227,2,0
2026-03-25 18:30:00,1.15783,1.15799,1.15769,1.15774,239,2,0
2026-03-25 18:35:00,1.15774,1.1577600000000001,1.15736,1.1574,173,2,0
2026-03-25 18:40:00,1.1574,1.15745,1.15703,1.15704,179,2,0
2026-03-25 18:45:00,1.15704,1.15711,1.15697,1.15698,191,2,0
2026-03-25 18:50:00,1.15698,1.15701,1.15684,1.15693,147,2,0
2026-03-25 18:55:00,1.15693,1.15694,1.1561,1.15664,730,2,0
2026-03-25 19:00:00,1.15663,1.15663,1.15613,1.15629,405,2,0
2026-03-25 19:05:00,1.15629,1.15638,1.156,1.15605,203,2,0
2026-03-25 19:10:00,1.15605,1.15615,1.1559,1.15605,296,2,0
2026-03-25 19:15:00,1.15605,1.15655,1.15604,1.15652,329,2,0
2026-03-25 19:20:00,1.15652,1.15661,1.15634,1.15646,287,2,0
2026-03-25 19:25:00,1.15646,1.15652,1.15621,1.15631,206,2,0
2026-03-25 19:30:00,1.15631,1.1564,1.15616,1.15624,224,2,0
2026-03-25 19:35:00,1.15624,1.15642,1.15621,1.15634,195,2,0
2026-03-25 19:40:00,1.15634,1.15663,1.15632,1.15645,188,2,0
2026-03-25 19:45:00,1.15645,1.15652,1.15625,1.15636,227,2,0
2026-03-25 19:50:00,1.15636,1.15647,1.15631,1.15644,200,2,0
2026-03-25 19:55:00,1.15644,1.1565,1.15617,1.15632,393,2,0
2026-03-25 20:00:00,1.15631,1.15635,1.15603,1.15607,224,2,0
2026-03-25 20:05:00,1.15607,1.15619,1.15594,1.15606,96,2,0
2026-03-25 20:10:00,1.15606,1.15612,1.156,1.15601,69,2,0
2026-03-25 20:15:00,1.15601,1.15601,1.15588,1.15589,64,2,0
2026-03-25 20:20:00,1.15589,1.1559599999999999,1.15589,1.1559,36,2,0
2026-03-25 20:25:00,1.1559,1.15591,1.1557,1.1557,84,2,0
2026-03-25 20:30:00,1.1557,1.15575,1.1555900000000001,1.15575,123,2,0
2026-03-25 20:35:00,1.15575,1.15586,1.1557,1.15582,144,2,0
2026-03-25 20:40:00,1.15582,1.15594,1.15579,1.15583,68,2,0
2026-03-25 20:45:00,1.15583,1.15583,1.1555900000000001,1.1556899999999999,81,2,0
2026-03-25 20:50:00,1.1556899999999999,1.15584,1.15568,1.15581,60,2,0
2026-03-25 20:55:00,1.15581,1.15599,1.15562,1.15563,174,4,0
2026-03-25 21:00:00,1.1556,1.15563,1.1556,1.15562,12,58,0
2026-03-25 21:05:00,1.1555900000000001,1.15563,1.1555900000000001,1.15561,11,56,0
2026-03-25 21:10:00,1.15561,1.15585,1.15561,1.15583,36,51,0
2026-03-25 21:15:00,1.15584,1.15585,1.15582,1.15584,11,62,0
2026-03-25 21:20:00,1.15584,1.15587,1.15582,1.15582,22,60,0
2026-03-25 21:25:00,1.15582,1.15584,1.1558,1.1558,8,67,0
2026-03-25 21:30:00,1.1558,1.15584,1.1558,1.15581,24,65,0
2026-03-25 21:35:00,1.15581,1.15583,1.15581,1.15582,6,66,0
2026-03-25 21:40:00,1.15582,1.15582,1.15582,1.15582,5,68,0
2026-03-25 21:45:00,1.15582,1.15583,1.15564,1.15582,13,56,0
2026-03-25 21:50:00,1.15582,1.15582,1.15572,1.15573,7,66,0
2026-03-25 21:55:00,1.15573,1.15582,1.15564,1.1556899999999999,26,58,0
2026-03-25 22:00:00,1.1556899999999999,1.15575,1.15564,1.15573,64,46,0
2026-03-25 22:05:00,1.15573,1.15606,1.1556899999999999,1.15586,110,5,0
2026-03-25 22:10:00,1.15586,1.15586,1.15575,1.15575,48,2,0
2026-03-25 22:15:00,1.15575,1.15577,1.15557,1.15563,45,2,0
2026-03-25 22:20:00,1.15563,1.15574,1.15563,1.1557,18,5,0
2026-03-25 22:25:00,1.1557,1.15579,1.15567,1.15579,11,5,0
2026-03-25 22:30:00,1.15579,1.15595,1.15579,1.15594,52,5,0
2026-03-25 22:35:00,1.15594,1.15594,1.1559300000000001,1.1559300000000001,12,5,0
2026-03-25 22:40:00,1.1559300000000001,1.15618,1.1559300000000001,1.15617,41,5,0
2026-03-25 22:45:00,1.15617,1.15621,1.15617,1.15617,30,5,0
2026-03-25 22:50:00,1.15617,1.15621,1.15602,1.15602,63,6,0
2026-03-25 22:55:00,1.15602,1.15606,1.15598,1.15602,38,4,0
2026-03-25 23:00:00,1.15602,1.1561,1.1559300000000001,1.15601,103,2,0
2026-03-25 23:05:00,1.15601,1.1561,1.15592,1.15602,102,4,0
2026-03-25 23:10:00,1.15602,1.15613,1.15598,1.15608,65,4,0
2026-03-25 23:15:00,1.15608,1.15609,1.15592,1.1559300000000001,63,3,0
2026-03-25 23:20:00,1.1559300000000001,1.15606,1.1559300000000001,1.15601,33,3,0
2026-03-25 23:25:00,1.15601,1.15615,1.156,1.15613,47,2,0
2026-03-25 23:30:00,1.15613,1.15614,1.15586,1.1559,48,3,0
2026-03-25 23:35:00,1.1559,1.15604,1.1559,1.15601,58,2,0
2026-03-25 23:40:00,1.15601,1.15603,1.15591,1.15595,51,2,0
2026-03-25 23:45:00,1.15595,1.15605,1.15589,1.15603,69,2,0
2026-03-25 23:50:00,1.15603,1.15614,1.156,1.15606,65,3,0
2026-03-25 23:55:00,1.15606,1.15618,1.15599,1.15614,77,2,0
2026-03-26 00:00:00,1.15614,1.15625,1.15608,1.15608,205,2,0
2026-03-26 00:05:00,1.15608,1.15644,1.15607,1.15633,185,2,0
2026-03-26 00:10:00,1.15633,1.15645,1.15625,1.15639,152,2,0
2026-03-26 00:15:00,1.15639,1.15639,1.15612,1.15619,195,2,0
2026-03-26 00:20:00,1.15619,1.15647,1.1561,1.15635,134,2,0
2026-03-26 00:25:00,1.15635,1.15635,1.15602,1.15605,154,2,0
2026-03-26 00:30:00,1.15604,1.15612,1.15578,1.1558,108,2,0
2026-03-26 00:35:00,1.1558,1.1559,1.15566,1.15566,161,2,0
2026-03-26 00:40:00,1.15566,1.15582,1.15545,1.15546,146,2,0
2026-03-26 00:45:00,1.15546,1.15561,1.15538,1.1555900000000001,128,2,0
2026-03-26 00:50:00,1.1555900000000001,1.15571,1.15556,1.15557,222,2,0
2026-03-26 00:55:00,1.15557,1.1559,1.15554,1.15582,226,2,0
2026-03-26 01:00:00,1.15582,1.1565699999999999,1.15581,1.15638,329,2,0
2026-03-26 01:05:00,1.15638,1.15641,1.15598,1.15623,167,2,0
2026-03-26 01:10:00,1.15623,1.15636,1.15609,1.15632,92,2,0
2026-03-26 01:15:00,1.15632,1.15639,1.15608,1.15608,131,2,0
2026-03-26 01:20:00,1.15608,1.15627,1.15608,1.15622,144,2,0
2026-03-26 01:25:00,1.15622,1.15645,1.15611,1.15644,96,2,0
2026-03-26 01:30:00,1.15644,1.15662,1.15637,1.15649,178,2,0
2026-03-26 01:35:00,1.15649,1.15668,1.15649,1.1565699999999999,175,2,0
2026-03-26 01:40:00,1.1565699999999999,1.15668,1.15653,1.1565400000000001,136,2,0
2026-03-26 01:45:00,1.1565400000000001,1.15668,1.15636,1.15638,172,2,0
2026-03-26 01:50:00,1.15638,1.15645,1.15627,1.1562999999999999,97,2,0
2026-03-26 01:55:00,1.1562999999999999,1.15651,1.1562999999999999,1.15643,129,2,0
2026-03-26 02:00:00,1.15643,1.15648,1.15634,1.15644,123,2,0
2026-03-26 02:05:00,1.15644,1.15653,1.1562000000000001,1.15623,113,2,0
2026-03-26 02:10:00,1.15623,1.15638,1.15623,1.15623,79,2,0
2026-03-26 02:15:00,1.15623,1.15638,1.15622,1.15628,87,2,0
2026-03-26 02:20:00,1.15628,1.15656,1.15628,1.15634,111,2,0
2026-03-26 02:25:00,1.15634,1.15638,1.15626,1.15628,61,2,0
2026-03-26 02:30:00,1.15628,1.15629,1.15588,1.15591,195,2,0
2026-03-26 02:35:00,1.15591,1.15595,1.15545,1.15556,205,2,0
2026-03-26 02:40:00,1.15558,1.1559300000000001,1.15558,1.15582,126,2,0
2026-03-26 02:45:00,1.15583,1.15601,1.15578,1.15598,141,2,0
2026-03-26 02:50:00,1.15599,1.15608,1.15594,1.15595,65,2,0
2026-03-26 02:55:00,1.15595,1.15595,1.15583,1.15588,96,2,0
2026-03-26 03:00:00,1.15588,1.15595,1.15578,1.1559,172,2,0
2026-03-26 03:05:00,1.1559,1.15597,1.15585,1.15587,120,2,0
2026-03-26 03:10:00,1.15587,1.15634,1.15585,1.15632,126,2,0
2026-03-26 03:15:00,1.15632,1.15635,1.15619,1.15625,124,2,0
2026-03-26 03:20:00,1.15625,1.1565400000000001,1.15625,1.15649,122,2,0
2026-03-26 03:25:00,1.15649,1.1568,1.15644,1.15674,160,2,0
2026-03-26 03:30:00,1.15674,1.15695,1.15674,1.15692,178,2,0
2026-03-26 03:35:00,1.15692,1.15692,1.15675,1.15679,112,2,0
2026-03-26 03:40:00,1.15679,1.15687,1.1567,1.15672,121,2,0
2026-03-26 03:45:00,1.15672,1.15678,1.15663,1.15673,102,2,0
2026-03-26 03:50:00,1.15673,1.1568100000000001,1.15666,1.15677,125,2,0
2026-03-26 03:55:00,1.15678,1.15686,1.15674,1.15685,116,2,0
2026-03-26 04:00:00,1.15685,1.15689,1.15673,1.15674,144,2,0
2026-03-26 04:05:00,1.15674,1.15685,1.15674,1.15683,76,2,0
2026-03-26 04:10:00,1.15683,1.15693,1.15678,1.15689,79,2,0
2026-03-26 04:15:00,1.15689,1.15696,1.15688,1.15692,68,2,0
2026-03-26 04:20:00,1.15692,1.15702,1.15692,1.15696,97,2,0
2026-03-26 04:25:00,1.15696,1.1571,1.15696,1.15709,92,2,0
2026-03-26 04:30:00,1.15709,1.15725,1.15709,1.15716,85,2,0
2026-03-26 04:35:00,1.15716,1.15716,1.15697,1.15697,61,2,0
2026-03-26 04:40:00,1.15697,1.15708,1.15697,1.15706,38,2,0
2026-03-26 04:45:00,1.15706,1.15716,1.15698,1.15702,105,2,0
2026-03-26 04:50:00,1.15702,1.15702,1.1569099999999999,1.15701,109,2,0
2026-03-26 04:55:00,1.15701,1.15704,1.15685,1.1569099999999999,114,2,0
2026-03-26 05:00:00,1.1569099999999999,1.15697,1.15682,1.1569099999999999,178,2,0
2026-03-26 05:05:00,1.1569099999999999,1.15698,1.1568100000000001,1.15695,126,2,0
2026-03-26 05:10:00,1.15695,1.15696,1.15682,1.15688,158,2,0
2026-03-26 05:15:00,1.15688,1.15688,1.1567,1.15671,86,2,0
2026-03-26 05:20:00,1.15671,1.15673,1.15661,1.15666,97,2,0
2026-03-26 05:25:00,1.15666,1.1567,1.15614,1.15652,238,2,0
2026-03-26 05:30:00,1.15652,1.1565699999999999,1.15633,1.1565,165,2,0
2026-03-26 05:35:00,1.1565,1.15655,1.15633,1.15637,137,2,0
2026-03-26 05:40:00,1.15637,1.15663,1.15628,1.15638,210,2,0
2026-03-26 05:45:00,1.15638,1.15638,1.15607,1.15612,196,2,0
2026-03-26 05:50:00,1.15612,1.15617,1.15592,1.1559599999999999,168,2,0
2026-03-26 05:55:00,1.1559599999999999,1.15608,1.15577,1.15578,174,2,0
2026-03-26 06:00:00,1.15578,1.15597,1.15572,1.1559300000000001,222,2,0
2026-03-26 06:05:00,1.1559300000000001,1.15597,1.15565,1.15594,256,2,0
2026-03-26 06:10:00,1.15594,1.15603,1.15544,1.15545,219,2,0
2026-03-26 06:15:00,1.15545,1.15576,1.15531,1.15546,247,2,0
2026-03-26 06:20:00,1.15546,1.15553,1.15534,1.15553,152,2,0
2026-03-26 06:25:00,1.15553,1.15602,1.15553,1.15591,248,2,0
2026-03-26 06:30:00,1.15591,1.15607,1.15584,1.15584,204,2,0
2026-03-26 06:35:00,1.15584,1.1559599999999999,1.15566,1.15576,175,2,0
2026-03-26 06:40:00,1.15576,1.1558,1.15517,1.15547,221,2,0
2026-03-26 06:45:00,1.15547,1.15581,1.15546,1.15581,189,2,0
2026-03-26 06:50:00,1.15581,1.15628,1.15575,1.15627,122,2,0
2026-03-26 06:55:00,1.15627,1.15669,1.15625,1.15664,362,2,0
2026-03-26 07:00:00,1.15664,1.15666,1.15583,1.15583,320,2,0
2026-03-26 07:05:00,1.15584,1.1559,1.15544,1.15589,288,2,0
2026-03-26 07:10:00,1.15589,1.15603,1.15563,1.15588,201,2,0
2026-03-26 07:15:00,1.15588,1.156,1.15568,1.15588,148,2,0
2026-03-26 07:20:00,1.15588,1.15623,1.15544,1.15597,433,2,0
2026-03-26 07:25:00,1.15597,1.1561,1.15571,1.15583,208,2,0
2026-03-26 07:30:00,1.15583,1.15598,1.15541,1.15553,316,2,0
2026-03-26 07:35:00,1.15553,1.15583,1.15526,1.15582,215,2,0
2026-03-26 07:40:00,1.15582,1.1559,1.15534,1.15547,210,2,0
2026-03-26 07:45:00,1.15547,1.15562,1.15536,1.15546,216,2,0
2026-03-26 07:50:00,1.15546,1.15552,1.15505,1.1553,247,2,0
2026-03-26 07:55:00,1.15531,1.15564,1.15529,1.15537,349,2,0
2026-03-26 08:00:00,1.15537,1.15539,1.1547399999999999,1.15499,550,2,0
2026-03-26 08:05:00,1.15499,1.15504,1.15478,1.15499,243,2,0
2026-03-26 08:10:00,1.15499,1.15533,1.15497,1.15528,271,2,0
2026-03-26 08:15:00,1.15528,1.1559300000000001,1.15524,1.15575,229,2,0
2026-03-26 08:20:00,1.15575,1.15583,1.15563,1.15583,251,2,0
2026-03-26 08:25:00,1.15583,1.1559300000000001,1.15531,1.1553200000000001,296,2,0
2026-03-26 08:30:00,1.1553,1.15604,1.1552,1.1559,416,2,0
2026-03-26 08:35:00,1.1559,1.1559,1.15543,1.15584,299,2,0
2026-03-26 08:40:00,1.15584,1.15602,1.1555900000000001,1.15564,204,2,0
2026-03-26 08:45:00,1.15564,1.15605,1.15563,1.15578,290,2,0
2026-03-26 08:50:00,1.15578,1.15587,1.15566,1.15581,264,2,0
2026-03-26 08:55:00,1.15581,1.1561,1.15576,1.1559599999999999,234,2,0
2026-03-26 09:00:00,1.15597,1.15623,1.15567,1.15622,441,2,0
2026-03-26 09:05:00,1.15622,1.15637,1.15589,1.15608,326,2,0
2026-03-26 09:10:00,1.15608,1.15648,1.15601,1.15605,275,2,0
2026-03-26 09:15:00,1.15605,1.15608,1.1553,1.1555,300,2,0
2026-03-26 09:20:00,1.1555,1.15577,1.15525,1.15575,237,2,0
2026-03-26 09:25:00,1.15575,1.15583,1.15553,1.15575,185,2,0
2026-03-26 09:30:00,1.15575,1.15602,1.15555,1.1557,371,2,0
2026-03-26 09:35:00,1.15571,1.15582,1.15547,1.15564,347,2,0
2026-03-26 09:40:00,1.15564,1.1556899999999999,1.1553200000000001,1.15542,401,2,0
2026-03-26 09:45:00,1.15542,1.1558,1.15538,1.15538,250,2,0
2026-03-26 09:50:00,1.15538,1.15586,1.15537,1.15585,268,2,0
2026-03-26 09:55:00,1.15585,1.15602,1.1557,1.15595,257,2,0
2026-03-26 10:00:00,1.15595,1.15601,1.15561,1.15572,351,2,0
2026-03-26 10:05:00,1.15572,1.1565,1.15572,1.15616,413,2,0
2026-03-26 10:10:00,1.15617,1.1564,1.15606,1.15629,253,2,0
2026-03-26 10:15:00,1.15629,1.15646,1.15613,1.15622,274,2,0
2026-03-26 10:20:00,1.15622,1.15628,1.1561,1.15618,211,2,0
2026-03-26 10:25:00,1.15618,1.1564,1.15615,1.15615,240,2,0
2026-03-26 10:30:00,1.15615,1.15626,1.15598,1.1562000000000001,242,2,0
2026-03-26 10:35:00,1.1562000000000001,1.15636,1.15587,1.1559,251,2,0
2026-03-26 10:40:00,1.15592,1.15621,1.15583,1.15589,381,2,0
2026-03-26 10:45:00,1.15589,1.15603,1.15545,1.15576,285,2,0
2026-03-26 10:50:00,1.15576,1.15589,1.15572,1.15573,172,2,0
2026-03-26 10:55:00,1.15573,1.15576,1.15563,1.15571,178,2,0
2026-03-26 11:00:00,1.15571,1.15586,1.15551,1.15553,207,2,0
2026-03-26 11:05:00,1.15553,1.15572,1.15547,1.1557,189,2,0
2026-03-26 11:10:00,1.1557,1.1557,1.1551,1.15512,167,2,0
2026-03-26 11:15:00,1.15512,1.15524,1.15505,1.15505,237,2,0
2026-03-26 11:20:00,1.15505,1.15505,1.15467,1.1547,192,2,0
2026-03-26 11:25:00,1.1547,1.1547,1.1543,1.15436,226,2,0
2026-03-26 11:30:00,1.15436,1.15445,1.1541,1.15417,208,2,0
2026-03-26 11:35:00,1.15417,1.1542,1.1538599999999999,1.15394,223,2,0
2026-03-26 11:40:00,1.15394,1.15394,1.15321,1.15332,264,2,0
2026-03-26 11:45:00,1.15333,1.1534,1.15279,1.15282,270,2,0
2026-03-26 11:50:00,1.15282,1.15303,1.15268,1.15285,308,2,0
2026-03-26 11:55:00,1.15285,1.15287,1.15232,1.15241,363,2,0
2026-03-26 12:00:00,1.15242,1.1527,1.15224,1.15253,383,2,0
2026-03-26 12:05:00,1.15253,1.15318,1.15246,1.15286,356,2,0
2026-03-26 12:10:00,1.15286,1.15338,1.1528,1.15317,331,2,0
2026-03-26 12:15:00,1.15317,1.15343,1.15307,1.15313,253,2,0
2026-03-26 12:20:00,1.15313,1.1534,1.15299,1.15327,318,2,0
2026-03-26 12:25:00,1.15327,1.1535,1.15327,1.15334,221,2,0
2026-03-26 12:30:00,1.15335,1.15343,1.15275,1.15276,368,2,0
2026-03-26 12:35:00,1.15276,1.15334,1.15268,1.15329,373,2,0
2026-03-26 12:40:00,1.15329,1.15329,1.15267,1.15271,371,2,0
2026-03-26 12:45:00,1.15272,1.15326,1.15271,1.1532499999999999,364,2,0
2026-03-26 12:50:00,1.1532499999999999,1.1532499999999999,1.15293,1.15306,291,2,0
2026-03-26 12:55:00,1.15306,1.15353,1.15301,1.15349,417,2,0
2026-03-26 13:00:00,1.15349,1.15389,1.15349,1.15375,493,2,0
2026-03-26 13:05:00,1.15375,1.15409,1.15374,1.15385,380,2,0
2026-03-26 13:10:00,1.15384,1.1541,1.15355,1.154,335,2,0
2026-03-26 13:15:00,1.154,1.15445,1.15394,1.15414,381,2,0
2026-03-26 13:20:00,1.15414,1.15436,1.15411,1.1542,274,2,0
2026-03-26 13:25:00,1.1542,1.15443,1.15406,1.15426,265,2,0
2026-03-26 13:30:00,1.15426,1.15439,1.15372,1.15407,493,2,0
2026-03-26 13:35:00,1.15407,1.15428,1.15379,1.15399,571,2,0
2026-03-26 13:40:00,1.15399,1.15495,1.15379,1.15495,619,2,0
2026-03-26 13:45:00,1.15495,1.15527,1.15445,1.1544699999999999,762,2,0
2026-03-26 13:50:00,1.1544699999999999,1.1549800000000001,1.15444,1.15465,818,2,0
2026-03-26 13:55:00,1.15465,1.15469,1.15358,1.15421,970,2,0
2026-03-26 14:00:00,1.15421,1.15442,1.15393,1.15405,818,2,0
2026-03-26 14:05:00,1.15405,1.15435,1.15368,1.15411,658,2,0
2026-03-26 14:10:00,1.15411,1.15428,1.15371,1.15427,604,2,0
2026-03-26 14:15:00,1.15427,1.1549800000000001,1.15397,1.15477,624,2,0
2026-03-26 14:20:00,1.15477,1.15512,1.15451,1.1548,482,2,0
2026-03-26 14:25:00,1.15477,1.15504,1.15464,1.15481,559,2,0
2026-03-26 14:30:00,1.15481,1.15542,1.1548,1.15542,498,2,0
2026-03-26 14:35:00,1.15542,1.1555,1.1549,1.15516,597,2,0
2026-03-26 14:40:00,1.15516,1.15548,1.1541,1.15431,1507,2,0
2026-03-26 14:45:00,1.15431,1.15502,1.15421,1.15461,905,2,0
2026-03-26 14:50:00,1.15461,1.15517,1.15419,1.15421,888,2,0
2026-03-26 14:55:00,1.15421,1.15484,1.15406,1.1547399999999999,886,2,0
2026-03-26 15:00:00,1.15475,1.15499,1.1545,1.15451,685,2,0
2026-03-26 15:05:00,1.1545,1.15511,1.15441,1.15462,734,2,0
2026-03-26 15:10:00,1.15462,1.1551,1.15462,1.15468,484,2,0
2026-03-26 15:15:00,1.15471,1.15491,1.15427,1.1545,595,2,0
2026-03-26 15:20:00,1.1545,1.15481,1.15441,1.15469,555,2,0
2026-03-26 15:25:00,1.15469,1.15484,1.15433,1.15438,448,2,0
2026-03-26 15:30:00,1.15438,1.15445,1.15401,1.15412,585,2,0
2026-03-26 15:35:00,1.15412,1.1542,1.15372,1.15378,494,2,0
2026-03-26 15:40:00,1.15378,1.15382,1.15312,1.15329,428,2,0
2026-03-26 15:45:00,1.15329,1.15407,1.15324,1.15382,879,2,0
2026-03-26 15:50:00,1.15382,1.15422,1.15378,1.15392,604,2,0
2026-03-26 15:55:00,1.15392,1.15429,1.15388,1.1541299999999999,674,2,0
2026-03-26 16:00:00,1.1541299999999999,1.15428,1.15394,1.15418,418,2,0
2026-03-26 16:05:00,1.15419,1.15428,1.15369,1.15407,373,2,0
2026-03-26 16:10:00,1.15407,1.15431,1.15371,1.15424,440,2,0
2026-03-26 16:15:00,1.15423,1.15426,1.1535,1.15363,573,2,0
2026-03-26 16:20:00,1.15363,1.15363,1.15309,1.15336,422,2,0
2026-03-26 16:25:00,1.15336,1.1535,1.15316,1.15349,349,2,0
2026-03-26 16:30:00,1.15349,1.15354,1.15313,1.15349,371,2,0
2026-03-26 16:35:00,1.15349,1.1535,1.15323,1.15329,302,2,0
2026-03-26 16:40:00,1.15329,1.15374,1.15318,1.1537,321,2,0
2026-03-26 16:45:00,1.1537,1.15389,1.15359,1.15378,281,2,0
2026-03-26 16:50:00,1.15378,1.15392,1.15354,1.15388,329,2,0
2026-03-26 16:55:00,1.15389,1.15389,1.15353,1.15355,225,2,0
2026-03-26 17:00:00,1.15355,1.15359,1.15324,1.15336,303,2,0
2026-03-26 17:05:00,1.15336,1.15368,1.15335,1.15349,291,2,0
2026-03-26 17:10:00,1.15349,1.1535,1.1532499999999999,1.15336,227,2,0
2026-03-26 17:15:00,1.15336,1.15343,1.1531,1.15338,251,2,0
2026-03-26 17:20:00,1.15338,1.1536,1.15316,1.15349,282,2,0
2026-03-26 17:25:00,1.15349,1.15349,1.1532499999999999,1.1534,329,2,0
2026-03-26 17:30:00,1.1534,1.15359,1.15326,1.15355,419,2,0
2026-03-26 17:35:00,1.15356,1.15375,1.15319,1.15319,254,2,0
2026-03-26 17:40:00,1.15319,1.15319,1.15271,1.15282,257,2,0
2026-03-26 17:45:00,1.15282,1.15285,1.1526399999999999,1.15278,179,2,0
2026-03-26 17:50:00,1.15278,1.15278,1.1526,1.15265,202,2,0
2026-03-26 17:55:00,1.15266,1.15282,1.15253,1.15257,317,2,0
2026-03-26 18:00:00,1.15257,1.1529,1.15251,1.15285,246,2,0
2026-03-26 18:05:00,1.15285,1.15309,1.15285,1.15308,187,2,0
2026-03-26 18:10:00,1.15308,1.15316,1.1529099999999999,1.15307,258,2,0
2026-03-26 18:15:00,1.15307,1.1531,1.1529099999999999,1.15293,340,2,0
2026-03-26 18:20:00,1.15293,1.15297,1.15273,1.15292,292,2,0
2026-03-26 18:25:00,1.15292,1.15299,1.15268,1.15277,220,2,0
2026-03-26 18:30:00,1.15276,1.15304,1.15272,1.15298,199,2,0
2026-03-26 18:35:00,1.15298,1.15328,1.15294,1.15321,185,2,0
2026-03-26 18:40:00,1.15321,1.15331,1.15308,1.15329,191,2,0
2026-03-26 18:45:00,1.15329,1.15337,1.15316,1.15332,155,2,0
2026-03-26 18:50:00,1.15332,1.15335,1.15314,1.15329,164,2,0
2026-03-26 18:55:00,1.15329,1.15341,1.15323,1.15338,154,2,0
2026-03-26 19:00:00,1.15338,1.15345,1.15298,1.15302,267,2,0
2026-03-26 19:05:00,1.15302,1.1531,1.15272,1.15276,221,2,0
2026-03-26 19:10:00,1.15276,1.15277,1.15234,1.15244,269,2,0
2026-03-26 19:15:00,1.15244,1.1527,1.15243,1.15259,226,2,0
2026-03-26 19:20:00,1.15259,1.15274,1.15255,1.15259,170,2,0
2026-03-26 19:25:00,1.15259,1.1526399999999999,1.15226,1.15235,212,2,0
2026-03-26 19:30:00,1.15235,1.15255,1.15229,1.15252,201,2,0
2026-03-26 19:35:00,1.15252,1.15285,1.1525,1.15268,233,2,0
2026-03-26 19:40:00,1.15268,1.15268,1.15235,1.15238,141,2,0
2026-03-26 19:45:00,1.15238,1.15242,1.15221,1.1522999999999999,109,2,0
2026-03-26 19:50:00,1.1522999999999999,1.15244,1.15224,1.15235,192,2,0
2026-03-26 19:55:00,1.15235,1.15248,1.15215,1.15218,282,2,0
2026-03-26 20:00:00,1.15218,1.1522000000000001,1.152,1.15219,174,2,0
2026-03-26 20:05:00,1.15219,1.1522000000000001,1.15194,1.15196,126,2,0
2026-03-26 20:10:00,1.15196,1.15589,1.15195,1.15468,1765,2,0
2026-03-26 20:15:00,1.15468,1.15487,1.1538599999999999,1.15398,1433,2,0
2026-03-26 20:20:00,1.15395,1.15438,1.1534,1.15348,991,2,0
2026-03-26 20:25:00,1.15349,1.15375,1.15301,1.15335,524,2,0
2026-03-26 20:30:00,1.15335,1.15373,1.15326,1.15362,474,2,0
2026-03-26 20:35:00,1.15362,1.15384,1.1535199999999999,1.15384,196,2,0
2026-03-26 20:40:00,1.15384,1.15384,1.15324,1.1532499999999999,236,2,0
2026-03-26 20:45:00,1.15324,1.15334,1.15289,1.15298,228,2,0
2026-03-26 20:50:00,1.15298,1.15302,1.15276,1.1529099999999999,118,2,0
2026-03-26 20:55:00,1.1529099999999999,1.15313,1.15235,1.15236,341,4,0
2026-03-26 21:00:00,1.15229,1.15252,1.15227,1.15249,12,82,0
2026-03-26 21:05:00,1.15256,1.15262,1.15255,1.15262,30,88,0
2026-03-26 21:10:00,1.15245,1.15299,1.15245,1.15292,434,72,0
2026-03-26 21:15:00,1.15292,1.15298,1.15256,1.15257,128,68,0
2026-03-26 21:20:00,1.15257,1.15261,1.15255,1.15261,23,68,0
2026-03-26 21:25:00,1.1526,1.15265,1.1526,1.15263,19,80,0
2026-03-26 21:30:00,1.15263,1.15308,1.15263,1.15306,17,77,0
2026-03-26 21:35:00,1.15306,1.1533,1.15301,1.15328,24,87,0
2026-03-26 21:40:00,1.15328,1.15331,1.15311,1.15313,31,80,0
2026-03-26 21:45:00,1.15313,1.15314,1.15313,1.15313,9,79,0
2026-03-26 21:50:00,1.15313,1.1532,1.15312,1.1532,12,75,0
2026-03-26 21:55:00,1.1532,1.15321,1.15286,1.15286,12,68,0
2026-03-26 22:00:00,1.15286,1.15357,1.15274,1.15351,87,43,0
2026-03-26 22:05:00,1.1535199999999999,1.15401,1.15345,1.15366,85,6,0
2026-03-26 22:10:00,1.15366,1.1538,1.15361,1.15362,71,5,0
2026-03-26 22:15:00,1.15362,1.15381,1.15362,1.15381,38,6,0
2026-03-26 22:20:00,1.15381,1.15381,1.15358,1.15358,48,6,0
2026-03-26 22:25:00,1.15358,1.15361,1.1535199999999999,1.1536,33,5,0
2026-03-26 22:30:00,1.1536,1.15383,1.15357,1.15382,79,4,0
2026-03-26 22:35:00,1.15382,1.1538599999999999,1.1537600000000001,1.15377,43,6,0
2026-03-26 22:40:00,1.15377,1.15388,1.15372,1.1538599999999999,38,7,0
2026-03-26 22:45:00,1.15385,1.15394,1.15381,1.15392,74,6,0
2026-03-26 22:50:00,1.15392,1.15393,1.15382,1.15387,51,4,0
2026-03-26 22:55:00,1.15387,1.15387,1.1537600000000001,1.1538,65,5,0
2026-03-26 23:00:00,1.15381,1.15391,1.1538,1.15382,79,5,0
2026-03-26 23:05:00,1.15382,1.15388,1.15371,1.15381,105,5,0
2026-03-26 23:10:00,1.15381,1.15383,1.15371,1.15373,105,3,0
2026-03-26 23:15:00,1.15374,1.1538599999999999,1.15374,1.15385,55,3,0
2026-03-26 23:20:00,1.15385,1.15385,1.15374,1.15383,47,3,0
2026-03-26 23:25:00,1.15383,1.15383,1.15373,1.15378,33,2,0
2026-03-26 23:30:00,1.15378,1.15394,1.15375,1.15393,42,2,0
2026-03-26 23:35:00,1.15393,1.15397,1.15383,1.15383,43,2,0
2026-03-26 23:40:00,1.15383,1.15384,1.15355,1.15361,68,3,0
2026-03-26 23:45:00,1.15361,1.15368,1.15344,1.15353,75,2,0
2026-03-26 23:50:00,1.15353,1.15362,1.15349,1.1535,38,3,0
2026-03-26 23:55:00,1.1535,1.15351,1.15338,1.1534200000000001,42,3,0
2026-03-27 00:00:00,1.1534200000000001,1.15379,1.15333,1.15369,222,2,0
2026-03-27 00:05:00,1.15369,1.1537600000000001,1.15346,1.15362,135,2,0
2026-03-27 00:10:00,1.15362,1.15363,1.15322,1.15323,160,2,0
2026-03-27 00:15:00,1.15323,1.15345,1.15289,1.15292,232,2,0
2026-03-27 00:20:00,1.15293,1.15298,1.15243,1.15283,422,2,0
2026-03-27 00:25:00,1.15283,1.15285,1.15258,1.1527,268,2,0
2026-03-27 00:30:00,1.1527,1.153,1.15263,1.15284,256,2,0
2026-03-27 00:35:00,1.15284,1.15285,1.15266,1.15283,227,2,0
2026-03-27 00:40:00,1.15283,1.15295,1.15273,1.15282,168,2,0
2026-03-27 00:45:00,1.15282,1.15282,1.15243,1.1526,294,2,0
2026-03-27 00:50:00,1.1526,1.15287,1.15243,1.15282,329,2,0
2026-03-27 00:55:00,1.15283,1.15313,1.1528100000000001,1.15304,321,2,0
2026-03-27 01:00:00,1.15304,1.15324,1.15297,1.15299,379,2,0
2026-03-27 01:05:00,1.15299,1.1532,1.15299,1.1531,254,2,0
2026-03-27 01:10:00,1.1531,1.15345,1.1531,1.15332,211,2,0
2026-03-27 01:15:00,1.15332,1.15355,1.15323,1.15345,235,2,0
2026-03-27 01:20:00,1.15345,1.15366,1.15337,1.15363,179,2,0
2026-03-27 01:25:00,1.15363,1.15365,1.15349,1.15362,179,2,0
2026-03-27 01:30:00,1.15362,1.15398,1.1536,1.1538599999999999,201,2,0
2026-03-27 01:35:00,1.1538599999999999,1.1540300000000001,1.15384,1.15389,156,2,0
2026-03-27 01:40:00,1.15389,1.15401,1.15379,1.15381,142,2,0
2026-03-27 01:45:00,1.15381,1.15389,1.15361,1.15383,171,2,0
2026-03-27 01:50:00,1.15383,1.15383,1.15361,1.15368,231,2,0
2026-03-27 01:55:00,1.15368,1.15409,1.15364,1.15398,206,2,0
2026-03-27 02:00:00,1.15405,1.15426,1.15405,1.1541,243,2,0
2026-03-27 02:05:00,1.1541,1.1541,1.15381,1.15389,160,2,0
2026-03-27 02:10:00,1.15389,1.1539,1.15374,1.15383,138,2,0
2026-03-27 02:15:00,1.15383,1.15392,1.15374,1.15383,125,2,0
2026-03-27 02:20:00,1.15383,1.15388,1.1536,1.15377,148,2,0
2026-03-27 02:25:00,1.15377,1.15389,1.15369,1.15389,144,2,0
2026-03-27 02:30:00,1.15389,1.15409,1.1538,1.15406,132,2,0
2026-03-27 02:35:00,1.15406,1.15409,1.15389,1.15402,140,2,0
2026-03-27 02:40:00,1.15402,1.15412,1.15394,1.15406,79,2,0
2026-03-27 02:45:00,1.15406,1.15419,1.1538599999999999,1.15391,114,2,0
2026-03-27 02:50:00,1.15392,1.15395,1.15381,1.1538599999999999,110,2,0
2026-03-27 02:55:00,1.1538599999999999,1.15397,1.15381,1.15385,117,2,0
2026-03-27 03:00:00,1.15384,1.15402,1.1538,1.15382,154,2,0
2026-03-27 03:05:00,1.15382,1.15382,1.15347,1.15356,165,2,0
2026-03-27 03:10:00,1.15356,1.15371,1.15349,1.15357,124,2,0
2026-03-27 03:15:00,1.15357,1.1536,1.15344,1.1535,114,2,0
2026-03-27 03:20:00,1.1535,1.15351,1.15337,1.15337,92,2,0
2026-03-27 03:25:00,1.15337,1.15355,1.15337,1.15351,82,2,0
2026-03-27 03:30:00,1.15351,1.1537600000000001,1.15351,1.15369,130,2,0
2026-03-27 03:35:00,1.15369,1.1539,1.15365,1.1539,136,2,0
2026-03-27 03:40:00,1.1539,1.15396,1.15382,1.1538599999999999,102,2,0
2026-03-27 03:45:00,1.15385,1.15387,1.15375,1.1537600000000001,140,2,0
2026-03-27 03:50:00,1.1537600000000001,1.1539,1.15371,1.15377,106,2,0
2026-03-27 03:55:00,1.15377,1.1539,1.15371,1.15389,98,2,0
2026-03-27 04:00:00,1.15389,1.15397,1.1537,1.15396,151,2,0
2026-03-27 04:05:00,1.15396,1.15402,1.1538599999999999,1.1538599999999999,76,2,0
2026-03-27 04:10:00,1.1538599999999999,1.15396,1.15383,1.15393,83,2,0
2026-03-27 04:15:00,1.15393,1.15393,1.15384,1.15388,74,2,0
2026-03-27 04:20:00,1.15388,1.15406,1.15388,1.154,110,2,0
2026-03-27 04:25:00,1.154,1.15402,1.1539,1.15396,137,2,0
2026-03-27 04:30:00,1.15396,1.15404,1.15389,1.15401,85,2,0
2026-03-27 04:35:00,1.15401,1.15421,1.15396,1.1542,77,2,0
2026-03-27 04:40:00,1.1542,1.15426,1.15415,1.15425,34,2,0
2026-03-27 04:45:00,1.15425,1.1543,1.15417,1.1542,64,2,0
2026-03-27 04:50:00,1.1542,1.15421,1.1541299999999999,1.15421,53,2,0
2026-03-27 04:55:00,1.15421,1.1543700000000001,1.15415,1.15427,97,2,0
2026-03-27 05:00:00,1.15427,1.15429,1.1541299999999999,1.15422,146,2,0
2026-03-27 05:05:00,1.15422,1.1545,1.1542,1.15442,173,2,0
2026-03-27 05:10:00,1.15442,1.15455,1.15429,1.15454,127,2,0
2026-03-27 05:15:00,1.15454,1.15455,1.15443,1.15445,147,2,0
2026-03-27 05:20:00,1.15445,1.1544699999999999,1.15412,1.1541299999999999,175,2,0
2026-03-27 05:25:00,1.1541299999999999,1.15415,1.154,1.15404,138,2,0
2026-03-27 05:30:00,1.15404,1.15409,1.15371,1.15391,213,2,0
2026-03-27 05:35:00,1.15391,1.15414,1.1539,1.1541299999999999,138,2,0
2026-03-27 05:40:00,1.15412,1.15431,1.15407,1.1543,159,2,0
2026-03-27 05:45:00,1.1543,1.1546,1.1543,1.15441,137,2,0
2026-03-27 05:50:00,1.15441,1.15452,1.15436,1.15449,97,2,0
2026-03-27 05:55:00,1.15449,1.15452,1.15401,1.1541,195,2,0
2026-03-27 06:00:00,1.15409,1.15419,1.15394,1.15411,309,2,0
2026-03-27 06:05:00,1.15411,1.15427,1.15387,1.15426,192,2,0
2026-03-27 06:10:00,1.15426,1.15436,1.15399,1.15434,179,2,0
2026-03-27 06:15:00,1.15434,1.1543700000000001,1.15391,1.15392,148,2,0
2026-03-27 06:20:00,1.15392,1.154,1.15383,1.15393,170,2,0
2026-03-27 06:25:00,1.15393,1.15395,1.15378,1.15393,164,2,0
2026-03-27 06:30:00,1.15393,1.15398,1.15358,1.15378,173,2,0
2026-03-27 06:35:00,1.1537600000000001,1.15382,1.15373,1.1538,105,2,0
2026-03-27 06:40:00,1.1538,1.15384,1.15374,1.15381,44,2,0
2026-03-27 06:45:00,1.15381,1.15381,1.15356,1.15365,154,2,0
2026-03-27 06:50:00,1.15365,1.15371,1.15348,1.15361,146,2,0
2026-03-27 06:55:00,1.15362,1.15375,1.15337,1.1534200000000001,202,2,0
2026-03-27 07:00:00,1.1534200000000001,1.15347,1.15316,1.15347,302,2,0
2026-03-27 07:05:00,1.15347,1.15347,1.15313,1.15328,209,2,0
2026-03-27 07:10:00,1.15328,1.15344,1.15297,1.15307,203,2,0
2026-03-27 07:15:00,1.15307,1.15311,1.15277,1.1528,194,2,0
2026-03-27 07:20:00,1.1528,1.1529,1.15268,1.15282,186,2,0
2026-03-27 07:25:00,1.15282,1.15282,1.15227,1.15232,243,2,0
2026-03-27 07:30:00,1.15232,1.15247,1.15214,1.15238,258,2,0
2026-03-27 07:35:00,1.15238,1.15248,1.1522000000000001,1.1524,211,2,0
2026-03-27 07:40:00,1.1524,1.1524,1.15209,1.15213,180,2,0
2026-03-27 07:45:00,1.15213,1.15262,1.15209,1.15251,227,2,0
2026-03-27 07:50:00,1.15251,1.15251,1.15229,1.1522999999999999,265,2,0
2026-03-27 07:55:00,1.1522999999999999,1.15236,1.15168,1.15187,283,2,0
2026-03-27 08:00:00,1.15187,1.15224,1.1517,1.15179,584,2,0
2026-03-27 08:05:00,1.15178,1.15191,1.15158,1.15181,322,2,0
2026-03-27 08:10:00,1.15181,1.15208,1.1515900000000001,1.15202,216,2,0
2026-03-27 08:15:00,1.15202,1.15214,1.15182,1.15186,247,2,0
2026-03-27 08:20:00,1.15186,1.1520299999999999,1.1516899999999999,1.15185,365,2,0
2026-03-27 08:25:00,1.15185,1.15226,1.15183,1.15221,229,2,0
2026-03-27 08:30:00,1.15221,1.15244,1.15205,1.15213,327,2,0
2026-03-27 08:35:00,1.15213,1.15225,1.15184,1.15204,302,2,0
2026-03-27 08:40:00,1.15204,1.15251,1.152,1.15233,389,2,0
2026-03-27 08:45:00,1.15233,1.1524,1.15207,1.15218,202,2,0
2026-03-27 08:50:00,1.15218,1.15225,1.15197,1.15213,255,2,0
2026-03-27 08:55:00,1.15213,1.15219,1.15198,1.15207,294,2,0
2026-03-27 09:00:00,1.15206,1.1522000000000001,1.15171,1.15171,311,2,0
2026-03-27 09:05:00,1.15171,1.15189,1.15143,1.15155,318,2,0
2026-03-27 09:10:00,1.15155,1.15214,1.15145,1.15185,353,2,0
2026-03-27 09:15:00,1.15185,1.15212,1.15176,1.1519300000000001,319,2,0
2026-03-27 09:20:00,1.1519300000000001,1.1522999999999999,1.15184,1.15212,325,2,0
2026-03-27 09:25:00,1.15212,1.15241,1.15211,1.15225,217,2,0
2026-03-27 09:30:00,1.15225,1.1526,1.15207,1.15252,352,2,0
2026-03-27 09:35:00,1.15252,1.15259,1.15231,1.15237,260,2,0
2026-03-27 09:40:00,1.15237,1.15237,1.15197,1.15214,236,2,0
2026-03-27 09:45:00,1.15214,1.15216,1.15186,1.15202,202,2,0
2026-03-27 09:50:00,1.15202,1.15211,1.15186,1.15204,198,2,0
2026-03-27 09:55:00,1.15204,1.15209,1.15175,1.15191,307,2,0
2026-03-27 10:00:00,1.15192,1.15232,1.15183,1.1522000000000001,316,2,0
2026-03-27 10:05:00,1.1522000000000001,1.15241,1.15207,1.15212,339,2,0
2026-03-27 10:10:00,1.15212,1.15221,1.15185,1.15202,253,2,0
2026-03-27 10:15:00,1.15202,1.15208,1.15183,1.15205,245,2,0
2026-03-27 10:20:00,1.15207,1.15208,1.15184,1.15202,208,2,0
2026-03-27 10:25:00,1.15202,1.1526,1.15202,1.15252,231,2,0
2026-03-27 10:30:00,1.15252,1.15256,1.15206,1.15223,320,2,0
2026-03-27 10:35:00,1.15223,1.15223,1.15156,1.15163,334,2,0
2026-03-27 10:40:00,1.15163,1.15164,1.15133,1.15143,291,2,0
2026-03-27 10:45:00,1.15143,1.15156,1.1513200000000001,1.15153,223,2,0
2026-03-27 10:50:00,1.15153,1.15165,1.1514199999999999,1.15149,230,2,0
2026-03-27 10:55:00,1.15149,1.15149,1.15101,1.15109,313,2,0
2026-03-27 11:00:00,1.15109,1.15133,1.15095,1.15123,410,2,0
2026-03-27 11:05:00,1.15124,1.15135,1.15092,1.15105,235,2,0
2026-03-27 11:10:00,1.15106,1.15129,1.15103,1.15114,198,2,0
2026-03-27 11:15:00,1.15114,1.15134,1.1511,1.15128,214,2,0
2026-03-27 11:20:00,1.15128,1.15139,1.15092,1.15112,220,2,0
2026-03-27 11:25:00,1.15112,1.1512,1.15092,1.1512,216,2,0
2026-03-27 11:30:00,1.15119,1.15133,1.15101,1.1513200000000001,212,2,0
2026-03-27 11:35:00,1.1513200000000001,1.15133,1.15093,1.15106,204,2,0
2026-03-27 11:40:00,1.15106,1.15121,1.15099,1.15118,195,2,0
2026-03-27 11:45:00,1.15118,1.15119,1.15068,1.15073,269,2,0
2026-03-27 11:50:00,1.15073,1.15094,1.15046,1.15083,243,2,0
2026-03-27 11:55:00,1.15083,1.15104,1.15068,1.15075,340,2,0
2026-03-27 12:00:00,1.15075,1.15079,1.15028,1.15034,453,2,0
2026-03-27 12:05:00,1.15034,1.15043,1.15019,1.15029,308,2,0
2026-03-27 12:10:00,1.15029,1.1506,1.15022,1.15031,315,2,0
2026-03-27 12:15:00,1.15031,1.15075,1.15017,1.15067,275,2,0
2026-03-27 12:20:00,1.15067,1.1509,1.1504,1.15089,258,2,0
2026-03-27 12:25:00,1.15089,1.15118,1.15083,1.15099,316,2,0
2026-03-27 12:30:00,1.1509800000000001,1.15106,1.1506,1.1507100000000001,291,2,0
2026-03-27 12:35:00,1.1507100000000001,1.15105,1.15066,1.15101,292,2,0
2026-03-27 12:40:00,1.151,1.15154,1.15096,1.15154,284,2,0
2026-03-27 12:45:00,1.15155,1.1518,1.1514199999999999,1.15151,334,2,0
2026-03-27 12:50:00,1.15151,1.15173,1.15143,1.15153,346,2,0
2026-03-27 12:55:00,1.15152,1.15173,1.15148,1.15149,322,2,0
2026-03-27 13:00:00,1.15149,1.15168,1.15147,1.15167,442,2,0
2026-03-27 13:05:00,1.15167,1.15194,1.15152,1.15165,344,2,0
2026-03-27 13:10:00,1.15165,1.15167,1.15141,1.15158,395,2,0
2026-03-27 13:15:00,1.15158,1.15214,1.15154,1.152,397,2,0
2026-03-27 13:20:00,1.152,1.15269,1.152,1.15263,483,2,0
2026-03-27 13:25:00,1.15263,1.15277,1.15218,1.15249,400,2,0
2026-03-27 13:30:00,1.15249,1.15255,1.15189,1.15191,580,2,0
2026-03-27 13:35:00,1.15192,1.15276,1.15183,1.15271,662,2,0
2026-03-27 13:40:00,1.15271,1.1531500000000001,1.15243,1.15304,679,2,0
2026-03-27 13:45:00,1.15304,1.1533,1.1528100000000001,1.1531500000000001,668,2,0
2026-03-27 13:50:00,1.1531500000000001,1.15319,1.15247,1.1525,589,2,0
2026-03-27 13:55:00,1.1525,1.15259,1.15224,1.1524,443,2,0
2026-03-27 14:00:00,1.15237,1.15311,1.15232,1.15306,708,2,0
2026-03-27 14:05:00,1.15306,1.1532499999999999,1.15266,1.15276,729,2,0
2026-03-27 14:10:00,1.15276,1.1531500000000001,1.1526,1.15304,640,2,0
2026-03-27 14:15:00,1.15304,1.1534200000000001,1.15278,1.1533,595,2,0
2026-03-27 14:20:00,1.1533,1.1534,1.15297,1.15337,497,2,0
2026-03-27 14:25:00,1.15337,1.15356,1.15275,1.15276,443,2,0
2026-03-27 14:30:00,1.15277,1.15322,1.1525400000000001,1.15322,511,2,0
2026-03-27 14:35:00,1.15322,1.15323,1.15274,1.153,431,2,0
2026-03-27 14:40:00,1.153,1.15309,1.15276,1.15283,362,2,0
2026-03-27 14:45:00,1.15283,1.15313,1.15275,1.15308,496,2,0
2026-03-27 14:50:00,1.15308,1.15335,1.15292,1.15295,557,2,0
2026-03-27 14:55:00,1.15295,1.1533,1.15288,1.15288,517,2,0
2026-03-27 15:00:00,1.15288,1.15332,1.15283,1.15316,620,2,0
2026-03-27 15:05:00,1.15316,1.15322,1.1526399999999999,1.15308,535,2,0
2026-03-27 15:10:00,1.15308,1.15335,1.15297,1.15313,509,2,0
2026-03-27 15:15:00,1.15313,1.15323,1.15256,1.15273,777,2,0
2026-03-27 15:20:00,1.15273,1.1545,1.15255,1.15344,992,2,0
2026-03-27 15:25:00,1.15344,1.15383,1.15332,1.1537,1030,2,0
2026-03-27 15:30:00,1.1537,1.15478,1.1536,1.15452,740,2,0
2026-03-27 15:35:00,1.15451,1.15462,1.15383,1.15389,626,2,0
2026-03-27 15:40:00,1.15389,1.15402,1.15348,1.15367,514,2,0
2026-03-27 15:45:00,1.15367,1.15381,1.15314,1.15323,524,2,0
2026-03-27 15:50:00,1.15322,1.15327,1.15265,1.15297,600,2,0
2026-03-27 15:55:00,1.15297,1.15297,1.15179,1.1519300000000001,876,2,0
2026-03-27 16:00:00,1.1519300000000001,1.15273,1.1519,1.15252,679,2,0
2026-03-27 16:05:00,1.15252,1.15259,1.15208,1.15231,558,2,0
2026-03-27 16:10:00,1.15231,1.15231,1.15181,1.15202,452,2,0
2026-03-27 16:15:00,1.152,1.15209,1.15182,1.15197,383,2,0
2026-03-27 16:20:00,1.15197,1.15235,1.15197,1.15201,370,2,0
2026-03-27 16:25:00,1.15199,1.15233,1.15187,1.15221,534,2,0
2026-03-27 16:30:00,1.15221,1.15227,1.15182,1.15186,623,2,0
2026-03-27 16:35:00,1.15184,1.15196,1.1515,1.15154,416,2,0
2026-03-27 16:40:00,1.15154,1.15216,1.15147,1.15205,521,2,0
2026-03-27 16:45:00,1.15205,1.15235,1.15185,1.15228,454,2,0
2026-03-27 16:50:00,1.15227,1.15243,1.15202,1.15214,389,2,0
2026-03-27 16:55:00,1.15214,1.15225,1.15186,1.1519,366,2,0
2026-03-27 17:00:00,1.1519,1.15199,1.1515900000000001,1.15174,385,2,0
2026-03-27 17:05:00,1.15174,1.1529,1.15164,1.15186,955,2,0
2026-03-27 17:10:00,1.15186,1.15194,1.15141,1.15147,601,2,0
2026-03-27 17:15:00,1.15147,1.15152,1.1510799999999999,1.15115,377,2,0
2026-03-27 17:20:00,1.15115,1.1512,1.15103,1.1511,288,2,0
2026-03-27 17:25:00,1.1511,1.15114,1.15093,1.15093,230,2,0
2026-03-27 17:30:00,1.15094,1.1509800000000001,1.1507100000000001,1.15094,390,2,0
2026-03-27 17:35:00,1.15094,1.15097,1.15077,1.15083,233,2,0
2026-03-27 17:40:00,1.15083,1.1509,1.15062,1.15089,209,2,0
2026-03-27 17:45:00,1.15089,1.15125,1.15084,1.15109,194,2,0
2026-03-27 17:50:00,1.15109,1.15146,1.15106,1.15125,186,2,0
2026-03-27 17:55:00,1.15125,1.15127,1.15101,1.15124,205,2,0
2026-03-27 18:00:00,1.15124,1.15145,1.15116,1.15122,246,2,0
2026-03-27 18:05:00,1.15122,1.15126,1.15093,1.15102,232,2,0
2026-03-27 18:10:00,1.15102,1.15105,1.15072,1.1508099999999999,291,2,0
2026-03-27 18:15:00,1.1508099999999999,1.15113,1.15069,1.15113,341,2,0
2026-03-27 18:20:00,1.15113,1.15125,1.15088,1.15097,247,2,0
2026-03-27 18:25:00,1.15097,1.15135,1.15084,1.15124,307,2,0
2026-03-27 18:30:00,1.15124,1.1514199999999999,1.15118,1.15126,192,2,0
2026-03-27 18:35:00,1.15126,1.15144,1.1512,1.15138,230,2,0
2026-03-27 18:40:00,1.15138,1.15198,1.15127,1.15164,367,2,0
2026-03-27 18:45:00,1.15164,1.1516899999999999,1.1513200000000001,1.15138,217,2,0
2026-03-27 18:50:00,1.15138,1.15154,1.15129,1.15144,214,2,0
2026-03-27 18:55:00,1.15144,1.15145,1.15128,1.15135,225,2,0
2026-03-27 19:00:00,1.15135,1.15137,1.15097,1.15107,251,2,0
2026-03-27 19:05:00,1.15107,1.15117,1.15099,1.15117,147,2,0
2026-03-27 19:10:00,1.15117,1.15147,1.15114,1.15133,246,2,0
2026-03-27 19:15:00,1.15133,1.15135,1.15115,1.15135,190,2,0
2026-03-27 19:20:00,1.15135,1.15138,1.1512,1.1513,90,2,0
2026-03-27 19:25:00,1.1513,1.15135,1.15121,1.15133,94,2,0
2026-03-27 19:30:00,1.15133,1.15141,1.15128,1.1514,125,2,0
2026-03-27 19:35:00,1.1514,1.1514199999999999,1.15127,1.15129,119,2,0
2026-03-27 19:40:00,1.15129,1.15134,1.15105,1.15131,204,2,0
2026-03-27 19:45:00,1.1513,1.1514199999999999,1.15125,1.15141,134,2,0
2026-03-27 19:50:00,1.15141,1.15163,1.15131,1.15151,213,2,0
2026-03-27 19:55:00,1.15151,1.15178,1.15151,1.15171,337,2,0
2026-03-27 20:00:00,1.1517,1.15207,1.15144,1.15177,458,2,0
2026-03-27 20:05:00,1.15177,1.15179,1.15149,1.1516899999999999,155,2,0
2026-03-27 20:10:00,1.1516899999999999,1.15173,1.1516,1.1517,112,2,0
2026-03-27 20:15:00,1.1517,1.15184,1.15164,1.15165,400,2,0
2026-03-27 20:20:00,1.15165,1.15166,1.15146,1.15154,193,2,0
2026-03-27 20:25:00,1.15154,1.15158,1.15134,1.15138,145,2,0
2026-03-27 20:30:00,1.15138,1.1514199999999999,1.15092,1.15097,154,2,0
2026-03-27 20:35:00,1.15097,1.1511,1.15091,1.15095,132,2,0
2026-03-27 20:40:00,1.15095,1.15149,1.15095,1.15134,307,2,0
2026-03-27 20:45:00,1.15133,1.1514199999999999,1.15126,1.15134,201,2,0
2026-03-27 20:50:00,1.15134,1.15139,1.1511,1.1512,117,3,0
2026-03-29 21:10:00,1.1497600000000001,1.1498,1.14967,1.14967,13,75,0
2026-03-29 21:15:00,1.14967,1.14968,1.14966,1.14966,8,84,0
2026-03-29 21:20:00,1.14966,1.14966,1.14962,1.14963,20,87,0
2026-03-29 21:25:00,1.14963,1.14966,1.14962,1.14963,12,88,0
2026-03-29 21:30:00,1.14963,1.14964,1.14961,1.14962,12,88,0
2026-03-29 21:35:00,1.14962,1.14966,1.14962,1.14966,11,82,0
2026-03-29 21:40:00,1.14966,1.14969,1.14966,1.14969,8,85,0
2026-03-29 21:45:00,1.14969,1.1497,1.14961,1.1497,8,79,0
2026-03-29 21:50:00,1.1497,1.1498599999999999,1.14963,1.1498599999999999,65,66,0
2026-03-29 21:55:00,1.1498599999999999,1.1498599999999999,1.14962,1.14969,22,61,0
2026-03-29 22:00:00,1.14969,1.14995,1.14969,1.14983,240,45,0
2026-03-29 22:05:00,1.14983,1.14996,1.14903,1.14919,247,42,0
2026-03-29 22:10:00,1.14919,1.14978,1.14906,1.1495,308,42,0
2026-03-29 22:15:00,1.1495,1.14951,1.14916,1.14935,185,42,0
2026-03-29 22:20:00,1.14935,1.14975,1.1492,1.1492499999999999,193,42,0
2026-03-29 22:25:00,1.1492499999999999,1.1492499999999999,1.14889,1.14889,122,42,0
2026-03-29 22:30:00,1.1489099999999999,1.1492,1.1488,1.14904,226,42,0
2026-03-29 22:35:00,1.14904,1.14916,1.14874,1.14884,203,42,0
2026-03-29 22:40:00,1.14884,1.1488800000000001,1.14861,1.14867,113,42,0
2026-03-29 22:45:00,1.14867,1.14885,1.14866,1.14881,107,42,0
2026-03-29 22:50:00,1.14881,1.14881,1.1487,1.14875,62,42,0
2026-03-29 22:55:00,1.14875,1.14897,1.14867,1.14885,128,2,0
2026-03-29 23:00:00,1.14885,1.14938,1.14882,1.1492499999999999,161,2,0
2026-03-29 23:05:00,1.1492499999999999,1.14938,1.14892,1.14898,135,2,0
2026-03-29 23:10:00,1.14898,1.14917,1.14889,1.1489099999999999,132,2,0
2026-03-29 23:15:00,1.1489099999999999,1.14929,1.1489099999999999,1.14924,95,2,0
2026-03-29 23:20:00,1.14924,1.14944,1.14924,1.14934,56,2,0
2026-03-29 23:25:00,1.14934,1.14938,1.14916,1.14923,74,2,0
2026-03-29 23:30:00,1.14923,1.14934,1.1491,1.14912,106,2,0
2026-03-29 23:35:00,1.14912,1.14922,1.14901,1.14911,121,2,0
2026-03-29 23:40:00,1.14911,1.1491500000000001,1.14898,1.14905,79,2,0
2026-03-29 23:45:00,1.14906,1.14919,1.14874,1.14909,325,2,0
2026-03-29 23:50:00,1.14909,1.14919,1.14894,1.14904,232,2,0
2026-03-29 23:55:00,1.14904,1.14917,1.14879,1.1491500000000001,272,2,0
2026-03-30 00:00:00,1.1491500000000001,1.14926,1.14895,1.1492,344,2,0
2026-03-30 00:05:00,1.1492,1.14973,1.1492,1.14947,354,2,0
2026-03-30 00:10:00,1.14947,1.14953,1.14935,1.14938,194,2,0
2026-03-30 00:15:00,1.14938,1.15057,1.1492499999999999,1.15056,714,2,0
2026-03-30 00:20:00,1.15055,1.15089,1.1504699999999999,1.15072,796,2,0
2026-03-30 00:25:00,1.1507,1.15106,1.15055,1.1507100000000001,646,2,0
2026-03-30 00:30:00,1.1507,1.15127,1.1507,1.15115,323,2,0
2026-03-30 00:35:00,1.15115,1.15117,1.15082,1.15087,297,2,0
2026-03-30 00:40:00,1.15087,1.15101,1.15077,1.15082,270,2,0
2026-03-30 00:45:00,1.15082,1.15087,1.1507100000000001,1.15074,169,2,0
2026-03-30 00:50:00,1.15074,1.15077,1.1504699999999999,1.15055,230,2,0
2026-03-30 00:55:00,1.15056,1.15072,1.15051,1.15067,190,2,0
2026-03-30 01:00:00,1.15067,1.15109,1.15067,1.15069,294,2,0
2026-03-30 01:05:00,1.15069,1.15091,1.15063,1.15082,236,2,0
2026-03-30 01:10:00,1.15082,1.1509800000000001,1.1507,1.1508099999999999,232,2,0
2026-03-30 01:15:00,1.1508,1.15084,1.15051,1.15061,332,2,0
2026-03-30 01:20:00,1.15061,1.15063,1.15032,1.15033,210,2,0
2026-03-30 01:25:00,1.15033,1.15064,1.15027,1.15062,220,2,0
2026-03-30 01:30:00,1.15062,1.15083,1.15054,1.15082,312,2,0
2026-03-30 01:35:00,1.15082,1.15089,1.1506,1.15064,186,2,0
2026-03-30 01:40:00,1.15064,1.15064,1.15038,1.15054,241,2,0
2026-03-30 01:45:00,1.15054,1.15066,1.15044,1.15046,219,2,0
2026-03-30 01:50:00,1.1504699999999999,1.15054,1.15038,1.15045,178,2,0
2026-03-30 01:55:00,1.1504699999999999,1.15056,1.15042,1.1505,187,0,0
2026-03-30 02:00:00,1.1505,1.1505,1.15014,1.15015,207,2,0
2026-03-30 02:05:00,1.15015,1.15044,1.15014,1.15034,187,2,0
2026-03-30 02:10:00,1.15034,1.15086,1.15034,1.15084,131,2,0
2026-03-30 02:15:00,1.15084,1.15084,1.15058,1.15059,196,2,0
2026-03-30 02:20:00,1.15059,1.15064,1.1505,1.15055,188,2,0
2026-03-30 02:25:00,1.15055,1.15066,1.15042,1.15063,208,2,0
2026-03-30 02:30:00,1.15063,1.151,1.15063,1.15092,257,2,0
2026-03-30 02:35:00,1.15092,1.15109,1.15091,1.15105,147,2,0
2026-03-30 02:40:00,1.15105,1.1513200000000001,1.15105,1.15126,173,2,0
2026-03-30 02:45:00,1.15126,1.15141,1.1512,1.15136,139,2,0
2026-03-30 02:50:00,1.15136,1.15152,1.15096,1.15101,184,2,0
2026-03-30 02:55:00,1.15101,1.15117,1.15101,1.15113,188,2,0
2026-03-30 03:00:00,1.15113,1.15127,1.15101,1.15122,188,2,0
2026-03-30 03:05:00,1.15122,1.15157,1.15122,1.15157,209,2,0
2026-03-30 03:10:00,1.15157,1.15167,1.15152,1.15157,141,2,0
2026-03-30 03:15:00,1.15157,1.15178,1.15144,1.15177,139,2,0
2026-03-30 03:20:00,1.15177,1.15186,1.15172,1.15176,137,2,0
2026-03-30 03:25:00,1.15176,1.15182,1.15167,1.15173,112,2,0
2026-03-30 03:30:00,1.15172,1.15173,1.15155,1.15163,120,2,0
2026-03-30 03:35:00,1.15163,1.15167,1.15152,1.15154,97,2,0
2026-03-30 03:40:00,1.15154,1.15172,1.15152,1.15168,114,2,0
2026-03-30 03:45:00,1.15167,1.15167,1.15139,1.15155,119,2,0
2026-03-30 03:50:00,1.15155,1.15168,1.15151,1.15166,126,2,0
2026-03-30 03:55:00,1.15166,1.15167,1.15151,1.15157,104,2,0
2026-03-30 04:00:00,1.15157,1.1517,1.15149,1.15149,169,2,0
2026-03-30 04:05:00,1.15149,1.15163,1.15147,1.15155,112,2,0
2026-03-30 04:10:00,1.15155,1.15167,1.15151,1.15166,69,2,0
2026-03-30 04:15:00,1.15166,1.15171,1.15161,1.15162,48,2,0
2026-03-30 04:20:00,1.15161,1.15176,1.1516,1.15173,68,2,0
2026-03-30 04:25:00,1.15173,1.15211,1.15173,1.1519,114,2,0
2026-03-30 04:30:00,1.1519,1.15192,1.15176,1.15188,87,2,0
2026-03-30 04:35:00,1.15188,1.15188,1.15175,1.1518,76,2,0
2026-03-30 04:40:00,1.1518,1.15196,1.15173,1.15196,58,2,0
2026-03-30 04:45:00,1.15196,1.15198,1.1515900000000001,1.15161,101,2,0
2026-03-30 04:50:00,1.15161,1.15162,1.15143,1.15144,61,2,0
2026-03-30 04:55:00,1.15144,1.15148,1.15135,1.15135,67,2,0
2026-03-30 05:00:00,1.15135,1.1514,1.15126,1.1513200000000001,155,2,0
2026-03-30 05:05:00,1.1513200000000001,1.15147,1.1512,1.15147,160,2,0
2026-03-30 05:10:00,1.15146,1.15155,1.15134,1.15137,156,2,0
2026-03-30 05:15:00,1.15137,1.15151,1.15136,1.1514,137,2,0
2026-03-30 05:20:00,1.1514,1.15149,1.15138,1.15147,115,2,0
2026-03-30 05:25:00,1.15147,1.15147,1.1512,1.15124,174,2,0
2026-03-30 05:30:00,1.15124,1.15136,1.15122,1.15126,128,2,0
2026-03-30 05:35:00,1.15126,1.15129,1.15095,1.1509800000000001,181,2,0
2026-03-30 05:40:00,1.1509800000000001,1.15126,1.15096,1.15123,176,2,0
2026-03-30 05:45:00,1.15123,1.15156,1.1512,1.15152,124,2,0
2026-03-30 05:50:00,1.15152,1.15168,1.15143,1.15163,151,2,0
2026-03-30 05:55:00,1.15163,1.15181,1.15152,1.15157,193,2,0
2026-03-30 06:00:00,1.15157,1.15182,1.15147,1.15182,322,2,0
2026-03-30 06:05:00,1.15182,1.15196,1.1516899999999999,1.1518,195,2,0
2026-03-30 06:10:00,1.1518,1.1518,1.15155,1.15163,280,2,0
2026-03-30 06:15:00,1.15163,1.15176,1.1513,1.15131,269,2,0
2026-03-30 06:20:00,1.15131,1.1515,1.15115,1.15135,221,2,0
2026-03-30 06:25:00,1.15135,1.1516,1.15135,1.1514199999999999,262,2,0
2026-03-30 06:30:00,1.1514199999999999,1.15158,1.15123,1.15135,235,2,0
2026-03-30 06:35:00,1.15135,1.15154,1.15125,1.15153,155,2,0
2026-03-30 06:40:00,1.15153,1.15192,1.15138,1.1519,171,2,0
2026-03-30 06:45:00,1.1519,1.152,1.15172,1.15174,181,2,0
2026-03-30 06:50:00,1.15174,1.15174,1.15122,1.15128,227,2,0
2026-03-30 06:55:00,1.1513,1.1513200000000001,1.15116,1.15127,198,2,0
2026-03-30 07:00:00,1.15127,1.15127,1.15053,1.15058,325,2,0
2026-03-30 07:05:00,1.15058,1.15078,1.15026,1.15078,373,2,0
2026-03-30 07:10:00,1.15078,1.15079,1.15052,1.15056,247,2,0
2026-03-30 07:15:00,1.15056,1.15059,1.15014,1.15016,236,2,0
2026-03-30 07:20:00,1.15016,1.15049,1.15001,1.15032,287,2,0
2026-03-30 07:25:00,1.15033,1.15034,1.15003,1.15009,314,2,0
2026-03-30 07:30:00,1.15009,1.15019,1.14958,1.14961,347,2,0
2026-03-30 07:35:00,1.14961,1.14977,1.14946,1.14948,277,2,0
2026-03-30 07:40:00,1.14948,1.14994,1.14941,1.14984,275,2,0
2026-03-30 07:45:00,1.14984,1.14995,1.14939,1.14945,248,2,0
2026-03-30 07:50:00,1.14945,1.1499,1.14945,1.14985,234,2,0
2026-03-30 07:55:00,1.14985,1.1498599999999999,1.14964,1.14977,205,2,0
2026-03-30 08:00:00,1.14977,1.1498,1.14921,1.14959,361,2,0
2026-03-30 08:05:00,1.14959,1.14965,1.1492499999999999,1.14934,276,2,0
2026-03-30 08:10:00,1.14934,1.14956,1.14928,1.1494900000000001,245,2,0
2026-03-30 08:15:00,1.1494900000000001,1.1494900000000001,1.14929,1.14941,191,2,0
2026-03-30 08:20:00,1.14941,1.14945,1.14905,1.1492499999999999,271,2,0
2026-03-30 08:25:00,1.1492499999999999,1.14947,1.14916,1.14946,180,2,0
2026-03-30 08:30:00,1.14946,1.14987,1.14936,1.14944,254,2,0
2026-03-30 08:35:00,1.14945,1.1497,1.1493,1.14956,221,2,0
2026-03-30 08:40:00,1.14955,1.14962,1.1493,1.14938,205,2,0
2026-03-30 08:45:00,1.14937,1.14971,1.14926,1.14966,235,2,0
2026-03-30 08:50:00,1.14966,1.1498599999999999,1.14947,1.14951,267,2,0
2026-03-30 08:55:00,1.14951,1.14971,1.14939,1.1496,250,2,0
2026-03-30 09:00:00,1.1496,1.14981,1.14945,1.14962,273,2,0
2026-03-30 09:05:00,1.14962,1.1497600000000001,1.14921,1.14927,223,2,0
2026-03-30 09:10:00,1.14927,1.14929,1.14874,1.14876,213,2,0
2026-03-30 09:15:00,1.14876,1.149,1.14838,1.1488800000000001,363,2,0
2026-03-30 09:20:00,1.1488800000000001,1.14944,1.14885,1.14936,243,2,0
2026-03-30 09:25:00,1.14937,1.14939,1.1489,1.1489,229,2,0
2026-03-30 09:30:00,1.1489,1.14897,1.14851,1.1485400000000001,206,2,0
2026-03-30 09:35:00,1.1485400000000001,1.14906,1.14843,1.14905,234,2,0
2026-03-30 09:40:00,1.14905,1.14946,1.14895,1.1494,230,2,0
2026-03-30 09:45:00,1.1494,1.1495,1.14926,1.14942,233,2,0
2026-03-30 09:50:00,1.14942,1.14966,1.14934,1.14934,215,2,0
2026-03-30 09:55:00,1.14934,1.1496,1.1493,1.14944,217,2,0
2026-03-30 10:00:00,1.14944,1.14945,1.14914,1.14914,295,2,0
2026-03-30 10:05:00,1.14914,1.14966,1.14909,1.1496,201,2,0
2026-03-30 10:10:00,1.1496,1.14965,1.14935,1.14946,187,2,0
2026-03-30 10:15:00,1.14946,1.14966,1.14935,1.14964,196,2,0
2026-03-30 10:20:00,1.14964,1.14972,1.14934,1.14943,225,2,0
2026-03-30 10:25:00,1.14943,1.14944,1.1491,1.14917,154,2,0
2026-03-30 10:30:00,1.14917,1.14917,1.14879,1.14897,230,2,0
2026-03-30 10:35:00,1.14897,1.14926,1.14897,1.14917,166,2,0
2026-03-30 10:40:00,1.14917,1.14942,1.14911,1.14933,167,2,0
2026-03-30 10:45:00,1.14933,1.1495199999999999,1.14921,1.14922,212,2,0
2026-03-30 10:50:00,1.14922,1.14938,1.14912,1.14926,213,2,0
2026-03-30 10:55:00,1.14926,1.14926,1.14887,1.1489,228,2,0
2026-03-30 11:00:00,1.1489,1.14906,1.14877,1.14905,236,2,0
2026-03-30 11:05:00,1.14905,1.14919,1.14879,1.1491,263,2,0
2026-03-30 11:10:00,1.14911,1.1492,1.14887,1.14916,168,2,0
2026-03-30 11:15:00,1.14916,1.14923,1.14883,1.1491,225,2,0
2026-03-30 11:20:00,1.1491,1.14932,1.14901,1.14924,202,2,0
2026-03-30 11:25:00,1.14924,1.15003,1.14874,1.14921,1289,2,0
2026-03-30 11:30:00,1.14922,1.14947,1.14895,1.14904,687,2,0
2026-03-30 11:35:00,1.14904,1.14916,1.14866,1.14895,419,2,0
2026-03-30 11:40:00,1.14895,1.14904,1.14872,1.14889,332,2,0
2026-03-30 11:45:00,1.14889,1.14894,1.14875,1.14885,273,2,0
2026-03-30 11:50:00,1.14885,1.14912,1.14881,1.14899,350,2,0
2026-03-30 11:55:00,1.14899,1.14906,1.14837,1.14847,244,2,0
2026-03-30 12:00:00,1.14847,1.14848,1.1481,1.14828,334,2,0
2026-03-30 12:05:00,1.14828,1.14859,1.14825,1.14833,281,2,0
2026-03-30 12:10:00,1.14832,1.14832,1.14752,1.14758,331,2,0
2026-03-30 12:15:00,1.14759,1.14821,1.14729,1.14812,400,2,0
2026-03-30 12:20:00,1.14812,1.1482700000000001,1.14782,1.14824,310,2,0
2026-03-30 12:25:00,1.14824,1.14852,1.14784,1.14787,380,2,0
2026-03-30 12:30:00,1.14787,1.14822,1.14777,1.14816,414,2,0
2026-03-30 12:35:00,1.14816,1.1486399999999999,1.14816,1.14848,309,2,0
2026-03-30 12:40:00,1.14848,1.14852,1.14804,1.14817,327,2,0
2026-03-30 12:45:00,1.14816,1.14887,1.1478,1.14871,476,2,0
2026-03-30 12:50:00,1.14871,1.14871,1.14818,1.14851,474,2,0
2026-03-30 12:55:00,1.14851,1.14853,1.14815,1.1482700000000001,468,2,0
2026-03-30 13:00:00,1.1482700000000001,1.14878,1.14821,1.14821,556,2,0
2026-03-30 13:05:00,1.14821,1.14836,1.14791,1.14822,366,2,0
2026-03-30 13:10:00,1.14822,1.1487,1.14818,1.1486,341,2,0
2026-03-30 13:15:00,1.1486,1.14877,1.14847,1.14858,390,2,0
2026-03-30 13:20:00,1.14858,1.14862,1.14817,1.14817,303,2,0
2026-03-30 13:25:00,1.14817,1.14817,1.1478,1.14787,308,2,0
2026-03-30 13:30:00,1.14787,1.14806,1.14754,1.14757,577,2,0
2026-03-30 13:35:00,1.14757,1.14761,1.1473,1.14757,504,2,0
2026-03-30 13:40:00,1.14756,1.14756,1.14672,1.14687,685,2,0
2026-03-30 13:45:00,1.14687,1.14689,1.14658,1.14665,478,2,0
2026-03-30 13:50:00,1.14665,1.14679,1.14628,1.14632,492,2,0
2026-03-30 13:55:00,1.14632,1.14655,1.14621,1.1464,540,2,0
2026-03-30 14:00:00,1.1464,1.14669,1.14626,1.1465,561,2,0
2026-03-30 14:05:00,1.1465,1.14654,1.14599,1.14619,521,2,0
2026-03-30 14:10:00,1.14618,1.1463700000000001,1.14602,1.14629,444,2,0
2026-03-30 14:15:00,1.14629,1.14631,1.14582,1.14588,464,2,0
2026-03-30 14:20:00,1.14588,1.14591,1.14546,1.14589,392,2,0
2026-03-30 14:25:00,1.14589,1.14595,1.14557,1.14572,504,2,0
2026-03-30 14:30:00,1.14572,1.14632,1.14564,1.14615,471,2,0
2026-03-30 14:35:00,1.14614,1.14646,1.14597,1.1463,417,2,0
2026-03-30 14:40:00,1.1463,1.14656,1.14625,1.14651,463,2,0
2026-03-30 14:45:00,1.14651,1.14703,1.14624,1.1463700000000001,902,2,0
2026-03-30 14:50:00,1.14639,1.14685,1.14639,1.1468,683,2,0
2026-03-30 14:55:00,1.1468,1.14689,1.14643,1.14649,479,2,0
2026-03-30 15:00:00,1.14649,1.14657,1.14607,1.14621,509,2,0
2026-03-30 15:05:00,1.14621,1.1463,1.14531,1.1454,514,2,0
2026-03-30 15:10:00,1.14539,1.1454,1.14458,1.14459,445,2,0
2026-03-30 15:15:00,1.14459,1.14516,1.1443,1.1451500000000001,454,2,0
2026-03-30 15:20:00,1.1451500000000001,1.14529,1.14491,1.1452499999999999,390,2,0
2026-03-30 15:25:00,1.1452499999999999,1.14544,1.1448800000000001,1.14499,498,2,0
2026-03-30 15:30:00,1.14499,1.14535,1.14489,1.14529,423,2,0
2026-03-30 15:35:00,1.14529,1.1456,1.14514,1.14551,353,2,0
2026-03-30 15:40:00,1.14551,1.14585,1.14545,1.1457600000000001,307,2,0
2026-03-30 15:45:00,1.1457600000000001,1.1458,1.14523,1.14563,391,2,0
2026-03-30 15:50:00,1.14563,1.14575,1.14533,1.14536,325,2,0
2026-03-30 15:55:00,1.14536,1.14555,1.14531,1.14535,363,2,0
2026-03-30 16:00:00,1.14535,1.14546,1.14503,1.14516,350,2,0
2026-03-30 16:05:00,1.14516,1.1454900000000001,1.14509,1.1452,517,2,0
2026-03-30 16:10:00,1.1452,1.14538,1.14512,1.14519,324,2,0
2026-03-30 16:15:00,1.14519,1.14523,1.14503,1.14508,232,2,0
2026-03-30 16:20:00,1.14509,1.14524,1.14501,1.14514,203,2,0
2026-03-30 16:25:00,1.14514,1.14547,1.14505,1.14505,241,2,0
2026-03-30 16:30:00,1.14505,1.14539,1.14474,1.14509,289,2,0
2026-03-30 16:35:00,1.14509,1.14541,1.14509,1.14529,214,2,0
2026-03-30 16:40:00,1.14529,1.1457600000000001,1.14523,1.1457600000000001,138,2,0
2026-03-30 16:45:00,1.1457600000000001,1.14591,1.14571,1.14585,146,2,0
2026-03-30 16:50:00,1.14585,1.14588,1.14566,1.14567,165,2,0
2026-03-30 16:55:00,1.14567,1.14611,1.1454900000000001,1.14599,354,2,0
2026-03-30 17:00:00,1.14599,1.14629,1.14596,1.14618,284,2,0
2026-03-30 17:05:00,1.14618,1.1464,1.14607,1.14623,238,2,0
2026-03-30 17:10:00,1.14623,1.14629,1.14562,1.14572,287,2,0
2026-03-30 17:15:00,1.14572,1.14601,1.14556,1.1458599999999999,244,2,0
2026-03-30 17:20:00,1.1458599999999999,1.14605,1.1456,1.14605,297,2,0
2026-03-30 17:25:00,1.14605,1.14633,1.14605,1.14605,236,2,0
2026-03-30 17:30:00,1.14605,1.1461000000000001,1.14587,1.14589,234,2,0
2026-03-30 17:35:00,1.14589,1.14618,1.14578,1.14611,208,2,0
2026-03-30 17:40:00,1.14611,1.14628,1.14602,1.14627,204,2,0
2026-03-30 17:45:00,1.14627,1.1465,1.14588,1.14595,335,2,0
2026-03-30 17:50:00,1.14595,1.14609,1.14592,1.14594,232,2,0
2026-03-30 17:55:00,1.14594,1.14595,1.14561,1.14575,239,2,0
2026-03-30 18:00:00,1.14575,1.14635,1.14568,1.1461000000000001,320,2,0
2026-03-30 18:05:00,1.1461000000000001,1.14626,1.14605,1.14619,220,2,0
2026-03-30 18:10:00,1.14619,1.14634,1.14617,1.14628,202,2,0
2026-03-30 18:15:00,1.14628,1.14642,1.14609,1.14634,176,2,0
2026-03-30 18:20:00,1.14634,1.14646,1.14625,1.14628,176,2,0
2026-03-30 18:25:00,1.14628,1.14634,1.1461999999999999,1.14634,164,2,0
2026-03-30 18:30:00,1.14634,1.14649,1.14633,1.14635,157,2,0
2026-03-30 18:35:00,1.14635,1.14661,1.14628,1.14629,266,2,0
2026-03-30 18:40:00,1.14629,1.14646,1.14629,1.14638,141,2,0
2026-03-30 18:45:00,1.14638,1.14657,1.14638,1.14651,140,2,0
2026-03-30 18:50:00,1.14652,1.14652,1.14625,1.14642,233,2,0
2026-03-30 18:55:00,1.14642,1.14652,1.14601,1.14609,261,2,0
2026-03-30 19:00:00,1.14609,1.14622,1.14587,1.14597,221,2,0
2026-03-30 19:05:00,1.14597,1.14602,1.14568,1.14578,222,2,0
2026-03-30 19:10:00,1.14578,1.14578,1.14536,1.14556,276,2,0
2026-03-30 19:15:00,1.14556,1.14563,1.14547,1.14558,188,2,0
2026-03-30 19:20:00,1.14558,1.14572,1.14551,1.14561,181,2,0
2026-03-30 19:25:00,1.14561,1.14565,1.14552,1.14562,170,2,0
2026-03-30 19:30:00,1.14562,1.14575,1.1455899999999999,1.14571,183,2,0
2026-03-30 19:35:00,1.14571,1.14596,1.14571,1.1459,167,2,0
2026-03-30 19:40:00,1.1459,1.14596,1.14579,1.14591,132,2,0
2026-03-30 19:45:00,1.14591,1.14601,1.14581,1.14583,125,2,0
2026-03-30 19:50:00,1.14583,1.14598,1.14579,1.14598,115,2,0
2026-03-30 19:55:00,1.14598,1.14607,1.14577,1.14597,213,2,0
2026-03-30 20:00:00,1.14597,1.14615,1.14591,1.14614,81,2,0
2026-03-30 20:05:00,1.14614,1.14627,1.14614,1.14626,56,2,0
2026-03-30 20:10:00,1.14626,1.14626,1.14597,1.14602,202,2,0
2026-03-30 20:15:00,1.14602,1.14606,1.14591,1.14597,207,2,0
2026-03-30 20:20:00,1.14597,1.14602,1.14579,1.14581,56,2,0
2026-03-30 20:25:00,1.14581,1.14581,1.14568,1.14578,76,2,0
2026-03-30 20:30:00,1.14578,1.14593,1.1457,1.14592,73,2,0
2026-03-30 20:35:00,1.14592,1.14594,1.14585,1.14592,54,2,0
2026-03-30 20:40:00,1.14592,1.14595,1.14571,1.14591,76,2,0
2026-03-30 20:45:00,1.14591,1.14591,1.14573,1.14577,37,2,0
2026-03-30 20:50:00,1.14577,1.14603,1.14577,1.14593,44,2,0
2026-03-30 20:55:00,1.14593,1.14629,1.14591,1.14593,249,3,0
2026-03-30 21:00:00,1.14633,1.14649,1.14465,1.14538,51,53,0
2026-03-30 21:05:00,1.14538,1.14554,1.14531,1.14537,679,83,0
2026-03-30 21:10:00,1.14537,1.14543,1.14534,1.14535,8,81,0
2026-03-30 21:15:00,1.14535,1.14536,1.14533,1.14534,13,90,0
2026-03-30 21:20:00,1.14534,1.14535,1.14534,1.14535,6,99,0
2026-03-30 21:25:00,1.14535,1.14537,1.14534,1.14536,9,100,0
2026-03-30 21:30:00,1.14536,1.14565,1.14534,1.14563,13,90,0
2026-03-30 21:35:00,1.14563,1.14625,1.14563,1.14622,49,62,0
2026-03-30 21:40:00,1.14622,1.14652,1.1461999999999999,1.14623,25,66,0
2026-03-30 21:45:00,1.14623,1.14627,1.14594,1.14607,53,67,0
2026-03-30 21:50:00,1.14607,1.1461000000000001,1.146,1.14608,26,65,0
2026-03-30 21:55:00,1.14608,1.14609,1.14585,1.14585,33,59,0
2026-03-30 22:00:00,1.14585,1.14635,1.14581,1.14629,147,42,0
2026-03-30 22:05:00,1.14629,1.1464699999999999,1.14624,1.14639,80,5,0
2026-03-30 22:10:00,1.14639,1.14639,1.14622,1.14627,113,2,0
2026-03-30 22:15:00,1.14627,1.14642,1.14618,1.1461999999999999,101,2,0
2026-03-30 22:20:00,1.1461999999999999,1.14624,1.14613,1.1461999999999999,44,4,0
2026-03-30 22:25:00,1.1461999999999999,1.14634,1.14617,1.14625,69,2,0
2026-03-30 22:30:00,1.14625,1.14625,1.14611,1.14615,37,2,0
2026-03-30 22:35:00,1.14615,1.14625,1.14615,1.1461999999999999,28,3,0
2026-03-30 22:40:00,1.1461999999999999,1.1461999999999999,1.14611,1.14611,26,3,0
2026-03-30 22:45:00,1.14615,1.14617,1.14613,1.14616,16,5,0
2026-03-30 22:50:00,1.14616,1.1461999999999999,1.14605,1.1461000000000001,46,4,0
2026-03-30 22:55:00,1.1461000000000001,1.14611,1.14592,1.14592,137,3,0
2026-03-30 23:00:00,1.14592,1.14592,1.14535,1.14543,260,2,0
2026-03-30 23:05:00,1.14543,1.14551,1.1453,1.1453,84,2,0
2026-03-30 23:10:00,1.1453,1.14552,1.1452,1.14524,96,2,0
2026-03-30 23:15:00,1.14524,1.14548,1.14524,1.14536,55,2,0
2026-03-30 23:20:00,1.14536,1.14552,1.14534,1.14552,66,4,0
2026-03-30 23:25:00,1.14553,1.14553,1.14542,1.14547,22,2,0
2026-03-30 23:30:00,1.14547,1.14547,1.14535,1.14535,57,2,0
2026-03-30 23:35:00,1.14535,1.14557,1.14535,1.14551,35,3,0
2026-03-30 23:40:00,1.14551,1.14569,1.14546,1.14568,45,3,0
2026-03-30 23:45:00,1.14568,1.14568,1.14558,1.14568,36,2,0
2026-03-30 23:50:00,1.14568,1.14568,1.14545,1.14548,50,2,0
2026-03-30 23:55:00,1.14548,1.14564,1.14545,1.14564,63,2,0
2026-03-31 00:00:00,1.14564,1.14592,1.14544,1.14555,340,2,0
2026-03-31 00:05:00,1.14555,1.1456,1.14543,1.1454900000000001,283,2,0
2026-03-31 00:10:00,1.1454900000000001,1.14552,1.14511,1.14514,203,2,0
2026-03-31 00:15:00,1.14514,1.14519,1.14501,1.14512,235,2,0
2026-03-31 00:20:00,1.14512,1.14518,1.14472,1.14504,206,2,0
2026-03-31 00:25:00,1.14504,1.14533,1.14497,1.14528,144,2,0
2026-03-31 00:30:00,1.14528,1.14533,1.14502,1.14507,174,2,0
2026-03-31 00:35:00,1.14508,1.1461999999999999,1.14507,1.14582,603,2,0
2026-03-31 00:40:00,1.14582,1.14641,1.1456,1.14633,520,2,0
2026-03-31 00:45:00,1.14633,1.1474,1.14633,1.14711,672,2,0
2026-03-31 00:50:00,1.14711,1.14744,1.1470799999999999,1.14719,513,2,0
2026-03-31 00:55:00,1.14717,1.14761,1.14713,1.14746,565,2,0
2026-03-31 01:00:00,1.14746,1.14767,1.14733,1.14748,449,2,0
2026-03-31 01:05:00,1.14748,1.14754,1.1473200000000001,1.14752,259,2,0
2026-03-31 01:10:00,1.14752,1.14774,1.14751,1.14772,268,2,0
2026-03-31 01:15:00,1.14772,1.14817,1.14768,1.14815,252,2,0
2026-03-31 01:20:00,1.14815,1.14858,1.14797,1.14857,380,2,0
2026-03-31 01:25:00,1.14857,1.14896,1.1485400000000001,1.14893,292,2,0
2026-03-31 01:30:00,1.14893,1.14907,1.14858,1.14868,503,2,0
2026-03-31 01:35:00,1.14868,1.14877,1.14838,1.1486,408,2,0
2026-03-31 01:40:00,1.1486,1.14863,1.14833,1.14839,369,2,0
2026-03-31 01:45:00,1.14838,1.14843,1.14796,1.14797,328,2,0
2026-03-31 01:50:00,1.14797,1.14818,1.14784,1.14796,298,2,0
2026-03-31 01:55:00,1.14796,1.14797,1.14753,1.14759,295,2,0
2026-03-31 02:00:00,1.14759,1.1476,1.14734,1.14751,243,2,0
2026-03-31 02:05:00,1.14751,1.14773,1.14751,1.14764,229,2,0
2026-03-31 02:10:00,1.14764,1.14765,1.14749,1.14762,173,2,0
2026-03-31 02:15:00,1.14762,1.14778,1.14751,1.14762,189,2,0
2026-03-31 02:20:00,1.14762,1.14778,1.14753,1.14762,156,2,0
2026-03-31 02:25:00,1.14762,1.14775,1.14758,1.14765,134,2,0
2026-03-31 02:30:00,1.14765,1.14767,1.1473,1.14739,167,2,0
2026-03-31 02:35:00,1.14739,1.14758,1.14737,1.14749,159,2,0
2026-03-31 02:40:00,1.14749,1.14757,1.14733,1.14753,83,2,0
2026-03-31 02:45:00,1.14753,1.14764,1.14746,1.14761,102,2,0
2026-03-31 02:50:00,1.14761,1.14795,1.14761,1.14779,166,2,0
2026-03-31 02:55:00,1.14779,1.14779,1.14756,1.14757,137,2,0
2026-03-31 03:00:00,1.14756,1.14759,1.14734,1.14737,146,2,0
2026-03-31 03:05:00,1.14737,1.14759,1.14735,1.14748,164,2,0
2026-03-31 03:10:00,1.14748,1.14761,1.14737,1.14737,121,2,0
2026-03-31 03:15:00,1.14737,1.14739,1.14706,1.14707,100,2,0
2026-03-31 03:20:00,1.14707,1.14729,1.14707,1.1471,84,2,0
2026-03-31 03:25:00,1.1471,1.14728,1.1470799999999999,1.14723,114,2,0
2026-03-31 03:30:00,1.14723,1.14734,1.14718,1.14724,54,2,0
2026-03-31 03:35:00,1.14724,1.14724,1.14712,1.14714,84,2,0
2026-03-31 03:40:00,1.14714,1.14714,1.14703,1.14706,76,2,0
2026-03-31 03:45:00,1.14706,1.1470799999999999,1.14662,1.14672,146,2,0
2026-03-31 03:50:00,1.14672,1.14692,1.14672,1.14684,84,2,0
2026-03-31 03:55:00,1.14684,1.14696,1.1468099999999999,1.14695,62,2,0
2026-03-31 04:00:00,1.14695,1.14709,1.14695,1.14706,60,2,0
2026-03-31 04:05:00,1.14706,1.14712,1.14703,1.1470799999999999,57,2,0
2026-03-31 04:10:00,1.1470799999999999,1.14713,1.147,1.14705,70,2,0
2026-03-31 04:15:00,1.14705,1.14709,1.147,1.14709,43,2,0
2026-03-31 04:20:00,1.14709,1.14713,1.14699,1.14705,74,2,0
2026-03-31 04:25:00,1.14705,1.14722,1.14703,1.14712,65,2,0
2026-03-31 04:30:00,1.14712,1.14727,1.1471,1.1472,53,2,0
2026-03-31 04:35:00,1.1472,1.14728,1.14714,1.14718,54,2,0
2026-03-31 04:40:00,1.14718,1.14718,1.14699,1.14704,89,2,0
2026-03-31 04:45:00,1.14704,1.14706,1.14687,1.14691,92,2,0
2026-03-31 04:50:00,1.14691,1.14714,1.14691,1.1471,50,2,0
2026-03-31 04:55:00,1.1471,1.14713,1.14688,1.14688,116,2,0
2026-03-31 05:00:00,1.1469,1.14714,1.14684,1.1471,139,2,0
2026-03-31 05:05:00,1.1471,1.14713,1.14688,1.14693,110,2,0
2026-03-31 05:10:00,1.14693,1.14694,1.14629,1.14629,205,2,0
2026-03-31 05:15:00,1.14629,1.14668,1.14626,1.14665,140,2,0
2026-03-31 05:20:00,1.14665,1.14688,1.1466,1.1468,65,2,0
2026-03-31 05:25:00,1.1468,1.14694,1.14674,1.14679,82,2,0
2026-03-31 05:30:00,1.14679,1.14693,1.14669,1.14691,170,2,0
2026-03-31 05:35:00,1.14692,1.14697,1.14679,1.14685,88,2,0
2026-03-31 05:40:00,1.14685,1.14685,1.14658,1.14663,176,2,0
2026-03-31 05:45:00,1.14663,1.14696,1.14655,1.14696,159,2,0
2026-03-31 05:50:00,1.14698,1.14703,1.1467100000000001,1.14674,175,2,0
2026-03-31 05:55:00,1.14674,1.14674,1.14622,1.14643,172,2,0
2026-03-31 06:00:00,1.14643,1.14643,1.14608,1.1463,227,2,0
2026-03-31 06:05:00,1.1463,1.14639,1.14607,1.14626,154,2,0
2026-03-31 06:10:00,1.14626,1.14661,1.14625,1.14648,178,2,0
2026-03-31 06:15:00,1.1464699999999999,1.14655,1.14634,1.14639,133,2,0
2026-03-31 06:20:00,1.14635,1.14656,1.14625,1.14645,193,2,0
2026-03-31 06:25:00,1.14645,1.14715,1.14645,1.147,218,2,0
2026-03-31 06:30:00,1.147,1.14714,1.14691,1.14704,233,2,0
2026-03-31 06:35:00,1.14704,1.1471,1.14685,1.14697,159,2,0
2026-03-31 06:40:00,1.14697,1.14699,1.14654,1.14674,209,2,0
2026-03-31 06:45:00,1.1467,1.14674,1.14653,1.14664,139,2,0
2026-03-31 06:50:00,1.14664,1.1471,1.14658,1.14709,195,2,0
2026-03-31 06:55:00,1.14709,1.14743,1.14706,1.1472,267,2,0
2026-03-31 07:00:00,1.1472,1.14726,1.14683,1.1471,425,2,0
2026-03-31 07:05:00,1.1471,1.14741,1.14706,1.1470799999999999,240,2,0
2026-03-31 07:10:00,1.1470799999999999,1.14714,1.14665,1.14666,259,2,0
2026-03-31 07:15:00,1.14666,1.1468099999999999,1.14629,1.14645,273,2,0
2026-03-31 07:20:00,1.14645,1.1468099999999999,1.14645,1.14658,223,2,0
2026-03-31 07:25:00,1.14658,1.14686,1.14648,1.14669,238,2,0
2026-03-31 07:30:00,1.14669,1.14703,1.14669,1.14679,228,2,0
2026-03-31 07:35:00,1.1468,1.14706,1.14679,1.14687,181,2,0
2026-03-31 07:40:00,1.14687,1.14705,1.14672,1.14691,229,2,0
2026-03-31 07:45:00,1.14691,1.14713,1.1467,1.14696,214,2,0
2026-03-31 07:50:00,1.14696,1.14697,1.14673,1.14675,124,2,0
2026-03-31 07:55:00,1.14675,1.14722,1.1467100000000001,1.14722,298,2,0
2026-03-31 08:00:00,1.14722,1.14738,1.14707,1.14736,296,2,0
2026-03-31 08:05:00,1.14736,1.14736,1.14703,1.1470799999999999,238,2,0
2026-03-31 08:10:00,1.1470799999999999,1.14711,1.14665,1.1467,209,2,0
2026-03-31 08:15:00,1.1467,1.14676,1.14648,1.14648,176,2,0
2026-03-31 08:20:00,1.14648,1.14673,1.14644,1.14662,140,2,0
2026-03-31 08:25:00,1.14662,1.14682,1.14641,1.14678,160,2,0
2026-03-31 08:30:00,1.14678,1.14707,1.14666,1.14667,181,2,0
2026-03-31 08:35:00,1.14667,1.14704,1.14667,1.14687,306,2,0
2026-03-31 08:40:00,1.14687,1.1473,1.14686,1.14729,164,2,0
2026-03-31 08:45:00,1.14729,1.14745,1.14712,1.14737,152,2,0
2026-03-31 08:50:00,1.14737,1.14757,1.14695,1.14706,345,2,0
2026-03-31 08:55:00,1.14706,1.1470799999999999,1.14663,1.1467,342,2,0
2026-03-31 09:00:00,1.1467,1.14679,1.14619,1.14672,382,2,0
2026-03-31 09:05:00,1.14672,1.14687,1.14652,1.14653,194,2,0
2026-03-31 09:10:00,1.14655,1.14688,1.14655,1.14685,143,2,0
2026-03-31 09:15:00,1.14685,1.14692,1.14656,1.14691,214,2,0
2026-03-31 09:20:00,1.14691,1.14727,1.14685,1.14724,183,2,0
2026-03-31 09:25:00,1.14724,1.1473200000000001,1.1471,1.14721,146,2,0
2026-03-31 09:30:00,1.14721,1.14721,1.14685,1.14694,235,2,0
2026-03-31 09:35:00,1.14694,1.14712,1.14676,1.1468,155,2,0
2026-03-31 09:40:00,1.1468,1.14693,1.1467,1.14689,178,2,0
2026-03-31 09:45:00,1.14689,1.14689,1.1466,1.14669,200,2,0
2026-03-31 09:50:00,1.14669,1.14682,1.14661,1.14676,131,2,0
2026-03-31 09:55:00,1.14676,1.14682,1.14657,1.1468,139,2,0
2026-03-31 10:00:00,1.1468,1.14699,1.14666,1.14676,198,2,0
2026-03-31 10:05:00,1.14676,1.14691,1.1467100000000001,1.14676,130,2,0
2026-03-31 10:10:00,1.14676,1.14686,1.14654,1.14654,119,2,0
2026-03-31 10:15:00,1.14654,1.14665,1.14634,1.14645,171,2,0
2026-03-31 10:20:00,1.14645,1.14657,1.14635,1.14652,168,2,0
2026-03-31 10:25:00,1.14652,1.1467,1.14645,1.1467,168,2,0
2026-03-31 10:30:00,1.1467,1.1468099999999999,1.14664,1.14674,133,2,0
2026-03-31 10:35:00,1.14674,1.14675,1.14644,1.14651,154,2,0
2026-03-31 10:40:00,1.14651,1.1466,1.14644,1.1464699999999999,198,2,0
2026-03-31 10:45:00,1.14646,1.14646,1.14593,1.14594,163,2,0
2026-03-31 10:50:00,1.14594,1.14632,1.14584,1.1461999999999999,195,2,0
2026-03-31 10:55:00,1.1461999999999999,1.14631,1.14579,1.14589,249,2,0
2026-03-31 11:00:00,1.14589,1.14597,1.14574,1.14594,215,2,0
2026-03-31 11:05:00,1.14594,1.146,1.14579,1.14587,157,2,0
2026-03-31 11:10:00,1.14587,1.14713,1.14585,1.14614,1045,2,0
2026-03-31 11:15:00,1.14614,1.14662,1.14604,1.14641,641,2,0
2026-03-31 11:20:00,1.14642,1.14692,1.14627,1.14691,364,2,0
2026-03-31 11:25:00,1.14691,1.1485,1.14691,1.14744,587,2,0
2026-03-31 11:30:00,1.14744,1.14755,1.14719,1.14743,301,2,0
2026-03-31 11:35:00,1.14743,1.14801,1.14734,1.1479300000000001,365,2,0
2026-03-31 11:40:00,1.1479300000000001,1.1486399999999999,1.14789,1.14863,377,2,0
2026-03-31 11:45:00,1.14863,1.1489099999999999,1.14838,1.14866,402,2,0
2026-03-31 11:50:00,1.14866,1.14887,1.14825,1.14867,519,2,0
2026-03-31 11:55:00,1.14867,1.14912,1.14866,1.14911,347,2,0
2026-03-31 12:00:00,1.14911,1.1497600000000001,1.14911,1.14965,584,2,0
2026-03-31 12:05:00,1.14965,1.15016,1.1495199999999999,1.1498,418,2,0
2026-03-31 12:10:00,1.1498,1.14983,1.14868,1.1492,1065,2,0
2026-03-31 12:15:00,1.1492,1.15006,1.14895,1.15002,869,2,0
2026-03-31 12:20:00,1.14999,1.15002,1.1494900000000001,1.14953,630,2,0
2026-03-31 12:25:00,1.14953,1.15042,1.14953,1.1504,509,2,0
2026-03-31 12:30:00,1.1504,1.15075,1.1502,1.15064,495,2,0
2026-03-31 12:35:00,1.15064,1.1509800000000001,1.15053,1.15059,487,2,0
2026-03-31 12:40:00,1.15059,1.15077,1.15025,1.15076,390,2,0
2026-03-31 12:45:00,1.15076,1.15096,1.1503700000000001,1.15048,395,2,0
2026-03-31 12:50:00,1.15048,1.15085,1.15029,1.15067,393,2,0
2026-03-31 12:55:00,1.15067,1.15074,1.15022,1.15029,289,2,0
2026-03-31 13:00:00,1.15029,1.15039,1.15016,1.15018,339,2,0
2026-03-31 13:05:00,1.15018,1.15124,1.15005,1.15124,416,2,0
2026-03-31 13:10:00,1.15124,1.15136,1.15077,1.15094,364,2,0
2026-03-31 13:15:00,1.15095,1.15165,1.15092,1.15164,353,2,0
2026-03-31 13:20:00,1.15164,1.15192,1.1513,1.15131,420,2,0
2026-03-31 13:25:00,1.15131,1.1516,1.15112,1.15143,405,2,0
2026-03-31 13:30:00,1.15143,1.15183,1.15101,1.15147,812,2,0
2026-03-31 13:35:00,1.15147,1.15161,1.15128,1.1515,571,2,0
2026-03-31 13:40:00,1.15151,1.15171,1.15141,1.15164,317,2,0
2026-03-31 13:45:00,1.15165,1.15205,1.15144,1.15181,628,2,0
2026-03-31 13:50:00,1.15181,1.1532499999999999,1.15172,1.15306,662,2,0
2026-03-31 13:55:00,1.15305,1.1532499999999999,1.15282,1.1532499999999999,564,2,0
2026-03-31 14:00:00,1.1532499999999999,1.15333,1.15262,1.15267,828,2,0
2026-03-31 14:05:00,1.15267,1.15269,1.15212,1.15224,794,2,0
2026-03-31 14:10:00,1.15224,1.1527,1.15204,1.15252,685,2,0
2026-03-31 14:15:00,1.15252,1.1529,1.15241,1.15289,787,2,0
2026-03-31 14:20:00,1.15289,1.1529099999999999,1.15233,1.15278,613,2,0
2026-03-31 14:25:00,1.15278,1.15344,1.1525,1.15344,457,2,0
2026-03-31 14:30:00,1.15345,1.15406,1.15338,1.15373,488,2,0
2026-03-31 14:35:00,1.15374,1.1538599999999999,1.1522999999999999,1.15238,794,2,0
2026-03-31 14:40:00,1.15236,1.15266,1.15182,1.15189,666,2,0
2026-03-31 14:45:00,1.15189,1.15256,1.15168,1.15214,633,2,0
2026-03-31 14:50:00,1.15214,1.15294,1.1519,1.15202,1194,2,0
2026-03-31 14:55:00,1.15201,1.15228,1.1511,1.1520299999999999,2016,2,0
2026-03-31 15:00:00,1.15205,1.15248,1.15166,1.15206,1744,2,0
2026-03-31 15:05:00,1.15206,1.1526399999999999,1.1518,1.15256,1030,2,0
2026-03-31 15:10:00,1.15256,1.15319,1.15247,1.15305,632,2,0
2026-03-31 15:15:00,1.15306,1.15327,1.1529099999999999,1.15324,499,2,0
2026-03-31 15:20:00,1.15324,1.15324,1.15236,1.153,751,2,0
2026-03-31 15:25:00,1.153,1.15316,1.15236,1.15247,540,2,0
2026-03-31 15:30:00,1.15248,1.1525400000000001,1.1515900000000001,1.15181,585,2,0
2026-03-31 15:35:00,1.15181,1.15222,1.15171,1.15216,692,2,0
2026-03-31 15:40:00,1.15216,1.15216,1.15154,1.15155,543,2,0
2026-03-31 15:45:00,1.15155,1.15225,1.1514,1.15224,649,2,0
2026-03-31 15:50:00,1.15223,1.15243,1.15173,1.15178,634,2,0
2026-03-31 15:55:00,1.15178,1.15181,1.15116,1.15173,531,2,0
2026-03-31 16:00:00,1.15173,1.15258,1.15158,1.15252,563,2,0
2026-03-31 16:05:00,1.15252,1.15257,1.15188,1.1519300000000001,474,2,0
2026-03-31 16:10:00,1.1519300000000001,1.15212,1.15167,1.152,433,2,0
2026-03-31 16:15:00,1.152,1.15212,1.15154,1.15157,432,2,0
2026-03-31 16:20:00,1.15156,1.15215,1.15139,1.15215,373,2,0
2026-03-31 16:25:00,1.15217,1.15227,1.15202,1.15223,237,2,0
2026-03-31 16:30:00,1.15223,1.15295,1.15223,1.1527,550,2,0
2026-03-31 16:35:00,1.15269,1.1536,1.15235,1.15359,847,2,0
2026-03-31 16:40:00,1.15358,1.15594,1.15357,1.15467,2615,2,0
2026-03-31 16:45:00,1.15467,1.15486,1.15331,1.15383,1530,2,0
2026-03-31 16:50:00,1.15383,1.15475,1.15353,1.15385,1790,2,0
2026-03-31 16:55:00,1.15388,1.15426,1.15359,1.15402,1202,2,0
2026-03-31 17:00:00,1.15402,1.15539,1.15399,1.15483,948,2,0
2026-03-31 17:05:00,1.15483,1.15539,1.1544,1.15463,867,2,0
2026-03-31 17:10:00,1.15464,1.15527,1.1543700000000001,1.15516,1319,2,0
2026-03-31 17:15:00,1.15517,1.15534,1.15467,1.15501,896,2,0
2026-03-31 17:20:00,1.15501,1.15554,1.15483,1.15548,591,2,0
2026-03-31 17:25:00,1.15548,1.15555,1.1547,1.15478,767,2,0
2026-03-31 17:30:00,1.15478,1.15529,1.15463,1.15527,622,2,0
2026-03-31 17:35:00,1.15527,1.1553499999999999,1.15434,1.15491,1195,2,0
2026-03-31 17:40:00,1.15491,1.1553200000000001,1.15481,1.15524,910,2,0
2026-03-31 17:45:00,1.15526,1.15566,1.15503,1.15529,502,2,0
2026-03-31 17:50:00,1.15529,1.15544,1.15499,1.1550799999999999,410,2,0
2026-03-31 17:55:00,1.1550799999999999,1.1550799999999999,1.15388,1.15397,651,2,0
2026-03-31 18:00:00,1.15397,1.1543700000000001,1.15383,1.15417,724,2,0
2026-03-31 18:05:00,1.15418,1.15482,1.15415,1.15466,546,2,0
2026-03-31 18:10:00,1.15466,1.15491,1.1543700000000001,1.15482,461,2,0
2026-03-31 18:15:00,1.15482,1.15507,1.1547399999999999,1.15478,355,2,0
2026-03-31 18:20:00,1.15481,1.15489,1.15443,1.15444,286,2,0
2026-03-31 18:25:00,1.15445,1.15489,1.15423,1.1547399999999999,552,2,0
2026-03-31 18:30:00,1.1547399999999999,1.15483,1.15414,1.1542,512,2,0
2026-03-31 18:35:00,1.1542,1.15467,1.1541299999999999,1.15438,570,2,0
2026-03-31 18:40:00,1.15439,1.1544,1.15404,1.1544,256,2,0
2026-03-31 18:45:00,1.1544,1.15465,1.15383,1.15399,383,2,0
2026-03-31 18:50:00,1.15399,1.15439,1.15397,1.15436,302,2,0
2026-03-31 18:55:00,1.1543700000000001,1.1548,1.15429,1.15446,342,2,0
2026-03-31 19:00:00,1.15446,1.15465,1.15424,1.15439,506,2,0
2026-03-31 19:05:00,1.15439,1.1544,1.15387,1.1539,328,2,0
2026-03-31 19:10:00,1.1539,1.15428,1.15388,1.15428,359,2,0
2026-03-31 19:15:00,1.15428,1.15444,1.1541299999999999,1.15424,282,2,0
2026-03-31 19:20:00,1.15423,1.1545,1.15418,1.15418,288,2,0
2026-03-31 19:25:00,1.15419,1.15432,1.1541299999999999,1.15429,252,2,0
2026-03-31 19:30:00,1.15429,1.15485,1.15429,1.15477,208,2,0
2026-03-31 19:35:00,1.15478,1.15548,1.15477,1.15544,195,2,0
2026-03-31 19:40:00,1.15544,1.15545,1.15502,1.15515,266,2,0
2026-03-31 19:45:00,1.15515,1.15564,1.15509,1.15556,174,2,0
2026-03-31 19:50:00,1.15556,1.15587,1.15549,1.15585,284,2,0
2026-03-31 19:55:00,1.15585,1.15597,1.15572,1.15591,289,2,0
2026-03-31 20:00:00,1.15591,1.15624,1.15588,1.15614,364,2,0
2026-03-31 20:05:00,1.15614,1.15634,1.15605,1.15613,199,2,0
2026-03-31 20:10:00,1.15613,1.15613,1.15573,1.15583,183,2,0
2026-03-31 20:15:00,1.15583,1.1559300000000001,1.15573,1.15576,136,2,0
2026-03-31 20:20:00,1.15576,1.15597,1.15576,1.1559,665,2,0
2026-03-31 20:25:00,1.1559,1.15592,1.15564,1.15571,229,2,0
2026-03-31 20:30:00,1.1557,1.15579,1.1553499999999999,1.1555900000000001,247,2,0
2026-03-31 20:35:00,1.1555900000000001,1.15568,1.15549,1.15549,112,2,0
2026-03-31 20:40:00,1.15549,1.15556,1.15543,1.1555,106,2,0
2026-03-31 20:45:00,1.1555,1.15551,1.15527,1.15534,95,2,0
2026-03-31 20:50:00,1.15534,1.15544,1.15527,1.15534,95,2,0
2026-03-31 20:55:00,1.15533,1.15542,1.15493,1.15505,278,2,0
2026-03-31 21:00:00,1.15433,1.15487,1.15424,1.15487,9,95,0
2026-03-31 21:05:00,1.15487,1.15512,1.15482,1.15506,20,70,0
2026-03-31 21:10:00,1.15506,1.15529,1.15506,1.15509,32,65,0
2026-03-31 21:15:00,1.15509,1.15513,1.15509,1.15512,10,80,0
2026-03-31 21:20:00,1.15512,1.15514,1.15512,1.15514,11,78,0
2026-03-31 21:25:00,1.15514,1.15515,1.15481,1.15487,37,72,0
2026-03-31 21:30:00,1.15487,1.15511,1.15487,1.15505,37,75,0
2026-03-31 21:35:00,1.15505,1.15509,1.1549800000000001,1.15503,32,77,0
2026-03-31 21:40:00,1.15502,1.15513,1.15502,1.15509,55,63,0
2026-03-31 21:45:00,1.15509,1.15509,1.15503,1.15506,42,72,0
2026-03-31 21:50:00,1.15507,1.15517,1.15503,1.15517,30,66,0
2026-03-31 21:55:00,1.15517,1.15526,1.1550799999999999,1.1552,96,80,0
2026-03-31 22:00:00,1.1552,1.15574,1.15515,1.15539,138,42,0
2026-03-31 22:05:00,1.15539,1.1556899999999999,1.15523,1.1553200000000001,116,2,0
2026-03-31 22:10:00,1.1553200000000001,1.15548,1.15528,1.15548,59,3,0
2026-03-31 22:15:00,1.15548,1.15566,1.15548,1.15554,55,3,0
2026-03-31 22:20:00,1.15554,1.15557,1.15531,1.15537,62,3,0
2026-03-31 22:25:00,1.15538,1.15554,1.1553200000000001,1.15551,49,2,0
2026-03-31 22:30:00,1.15551,1.15567,1.15548,1.15551,73,3,0
2026-03-31 22:35:00,1.15551,1.15579,1.15544,1.15579,123,3,0
2026-03-31 22:40:00,1.15579,1.15579,1.1556899999999999,1.1556899999999999,42,3,0
2026-03-31 22:45:00,1.1556899999999999,1.15584,1.1555900000000001,1.15581,92,2,0
2026-03-31 22:50:00,1.15581,1.15582,1.15574,1.15579,52,2,0
2026-03-31 22:55:00,1.15579,1.15591,1.15577,1.15584,57,2,0
2026-03-31 23:00:00,1.15584,1.15588,1.1556899999999999,1.15574,104,3,0
2026-03-31 23:05:00,1.15574,1.15598,1.1556899999999999,1.1559599999999999,84,2,0
2026-03-31 23:10:00,1.1559599999999999,1.15607,1.15584,1.15604,47,2,0
2026-03-31 23:15:00,1.15605,1.15633,1.15603,1.15628,74,2,0
2026-03-31 23:20:00,1.15628,1.15647,1.15625,1.15645,69,2,0
2026-03-31 23:25:00,1.15645,1.15677,1.15645,1.15663,87,2,0
2026-03-31 23:30:00,1.15663,1.15668,1.15647,1.15665,140,2,0
2026-03-31 23:35:00,1.15665,1.15666,1.15652,1.15661,102,2,0
2026-03-31 23:40:00,1.15662,1.15664,1.1565,1.15659,78,2,0
2026-03-31 23:45:00,1.15659,1.15679,1.15651,1.15677,103,2,0
2026-03-31 23:50:00,1.15677,1.15705,1.15677,1.15702,251,2,0
2026-03-31 23:55:00,1.15702,1.15743,1.15702,1.15736,202,2,0
2026-04-01 00:00:00,1.15736,1.15736,1.15693,1.15731,395,2,0
2026-04-01 00:05:00,1.15732,1.1574200000000001,1.15722,1.15726,154,2,0
2026-04-01 00:10:00,1.15726,1.15737,1.15712,1.15735,170,2,0
2026-04-01 00:15:00,1.15735,1.15787,1.15733,1.15771,204,2,0
2026-04-01 00:20:00,1.15771,1.15778,1.1575199999999999,1.15762,228,2,0
2026-04-01 00:25:00,1.15762,1.15767,1.1574200000000001,1.15765,235,2,0
2026-04-01 00:30:00,1.15765,1.1577600000000001,1.15755,1.15763,226,2,0
2026-04-01 00:35:00,1.15763,1.15766,1.15746,1.15766,154,2,0
2026-04-01 00:40:00,1.15766,1.1577600000000001,1.15761,1.15762,125,2,0
2026-04-01 00:45:00,1.15762,1.15763,1.15724,1.15724,212,2,0
2026-04-01 00:50:00,1.15724,1.1574200000000001,1.15711,1.1574200000000001,249,2,0
2026-04-01 00:55:00,1.15746,1.1575199999999999,1.15722,1.15744,221,2,0
2026-04-01 01:00:00,1.15744,1.15755,1.15621,1.15622,737,2,0
2026-04-01 01:05:00,1.15622,1.15633,1.15567,1.15629,513,2,0
2026-04-01 01:10:00,1.15629,1.1565400000000001,1.15617,1.1565400000000001,203,2,0
2026-04-01 01:15:00,1.1565400000000001,1.1565400000000001,1.15609,1.15613,308,2,0
2026-04-01 01:20:00,1.15613,1.15634,1.15577,1.15584,320,2,0
2026-04-01 01:25:00,1.15585,1.15638,1.15585,1.15635,289,2,0
2026-04-01 01:30:00,1.15635,1.15653,1.15602,1.15603,347,2,0
2026-04-01 01:35:00,1.15603,1.15609,1.15562,1.15572,351,2,0
2026-04-01 01:40:00,1.15572,1.15574,1.15551,1.15566,228,2,0
2026-04-01 01:45:00,1.15566,1.15584,1.15547,1.1556899999999999,236,2,0
2026-04-01 01:50:00,1.1556899999999999,1.15609,1.15563,1.15606,174,2,0
2026-04-01 01:55:00,1.15606,1.15619,1.15601,1.15616,138,2,0
2026-04-01 02:00:00,1.15616,1.15649,1.15605,1.15647,232,2,0
2026-04-01 02:05:00,1.15647,1.15662,1.15647,1.15656,126,2,0
2026-04-01 02:10:00,1.15656,1.1566,1.15639,1.1565,128,2,0
2026-04-01 02:15:00,1.1565,1.15664,1.15649,1.15658,121,2,0
2026-04-01 02:20:00,1.15658,1.15667,1.15646,1.15664,125,2,0
2026-04-01 02:25:00,1.15664,1.15667,1.15647,1.1565,171,2,0
2026-04-01 02:30:00,1.15649,1.15656,1.15632,1.15644,154,2,0
2026-04-01 02:35:00,1.15644,1.15656,1.15629,1.15643,186,2,0
2026-04-01 02:40:00,1.15643,1.15672,1.15629,1.15663,179,2,0
2026-04-01 02:45:00,1.15663,1.15683,1.15663,1.15674,145,2,0
2026-04-01 02:50:00,1.15674,1.15702,1.15674,1.15697,106,2,0
2026-04-01 02:55:00,1.15697,1.15709,1.15683,1.15686,109,2,0
2026-04-01 03:00:00,1.15686,1.15686,1.15649,1.15655,220,2,0
2026-04-01 03:05:00,1.15655,1.15667,1.15647,1.15663,126,2,0
2026-04-01 03:10:00,1.15663,1.15679,1.15663,1.1567,95,2,0
2026-04-01 03:15:00,1.1567,1.15679,1.15649,1.15675,110,2,0
2026-04-01 03:20:00,1.15675,1.15675,1.1565400000000001,1.15655,91,2,0
2026-04-01 03:25:00,1.15655,1.15662,1.15649,1.15652,131,2,0
2026-04-01 03:30:00,1.15652,1.1565699999999999,1.15627,1.15627,114,2,0
2026-04-01 03:35:00,1.15627,1.15632,1.15616,1.1562999999999999,139,2,0
2026-04-01 03:40:00,1.1562999999999999,1.1562999999999999,1.15621,1.15622,67,2,0
2026-04-01 03:45:00,1.15622,1.15624,1.15598,1.15601,106,2,0
2026-04-01 03:50:00,1.15601,1.15613,1.15589,1.15612,116,2,0
2026-04-01 03:55:00,1.15612,1.15619,1.15601,1.15607,102,2,0
2026-04-01 04:00:00,1.15607,1.15613,1.1559599999999999,1.15609,107,2,0
2026-04-01 04:05:00,1.15609,1.15626,1.15606,1.15618,75,2,0
2026-04-01 04:10:00,1.15618,1.15619,1.15604,1.15609,78,2,0
2026-04-01 04:15:00,1.15609,1.15613,1.15594,1.15603,89,2,0
2026-04-01 04:20:00,1.15603,1.15618,1.15597,1.15618,109,2,0
2026-04-01 04:25:00,1.15618,1.15621,1.1561,1.15621,58,2,0
2026-04-01 04:30:00,1.15621,1.15629,1.1561,1.15619,83,2,0
2026-04-01 04:35:00,1.15619,1.15634,1.15612,1.15622,61,2,0
2026-04-01 04:40:00,1.15622,1.15642,1.15619,1.15641,65,2,0
2026-04-01 04:45:00,1.15641,1.15651,1.15633,1.15651,84,2,0
2026-04-01 04:50:00,1.15651,1.15662,1.15647,1.1565400000000001,51,2,0
2026-04-01 04:55:00,1.1565400000000001,1.1565400000000001,1.15634,1.15652,165,2,0
2026-04-01 05:00:00,1.15651,1.15666,1.15646,1.15649,200,2,0
2026-04-01 05:05:00,1.15649,1.15677,1.15648,1.15673,136,2,0
2026-04-01 05:10:00,1.15673,1.15674,1.1565699999999999,1.15663,132,2,0
2026-04-01 05:15:00,1.15663,1.15675,1.1565699999999999,1.15671,96,2,0
2026-04-01 05:20:00,1.15671,1.15693,1.1565699999999999,1.15693,101,2,0
2026-04-01 05:25:00,1.15693,1.15728,1.15693,1.15728,146,2,0
2026-04-01 05:30:00,1.15728,1.15739,1.15727,1.1573,185,2,0
2026-04-01 05:35:00,1.1573,1.15745,1.1572,1.15744,169,2,0
2026-04-01 05:40:00,1.15745,1.15759,1.15738,1.15757,174,2,0
2026-04-01 05:45:00,1.15757,1.15763,1.15741,1.15758,144,2,0
2026-04-01 05:50:00,1.15758,1.15759,1.15728,1.15728,206,2,0
2026-04-01 05:55:00,1.15729,1.15734,1.15676,1.15677,329,2,0
2026-04-01 06:00:00,1.15677,1.15706,1.15652,1.15652,484,2,0
2026-04-01 06:05:00,1.15652,1.15661,1.15619,1.15652,403,2,0
2026-04-01 06:10:00,1.15652,1.15688,1.15651,1.15665,316,2,0
2026-04-01 06:15:00,1.15665,1.15702,1.15661,1.15698,326,2,0
2026-04-01 06:20:00,1.15698,1.15784,1.15686,1.15784,379,2,0
2026-04-01 06:25:00,1.15784,1.15892,1.15774,1.15867,587,2,0
2026-04-01 06:30:00,1.15867,1.15927,1.15866,1.15876,799,2,0
2026-04-01 06:35:00,1.15876,1.15876,1.15804,1.15807,593,2,0
2026-04-01 06:40:00,1.15807,1.15879,1.15791,1.15872,626,2,0
2026-04-01 06:45:00,1.15872,1.15895,1.15834,1.1584,694,2,0
2026-04-01 06:50:00,1.1584,1.1588,1.158,1.15863,524,2,0
2026-04-01 06:55:00,1.15861,1.15921,1.15861,1.15911,560,2,0
2026-04-01 07:00:00,1.15911,1.15945,1.15845,1.1587,736,2,0
2026-04-01 07:05:00,1.15871,1.15876,1.15822,1.15854,706,2,0
2026-04-01 07:10:00,1.15853,1.1587,1.15825,1.1587,541,2,0
2026-04-01 07:15:00,1.1587,1.15904,1.15854,1.15889,403,2,0
2026-04-01 07:20:00,1.15889,1.15931,1.15872,1.15875,408,2,0
2026-04-01 07:25:00,1.15875,1.15902,1.15865,1.15894,502,2,0
2026-04-01 07:30:00,1.15894,1.15915,1.15877,1.15888,463,2,0
2026-04-01 07:35:00,1.15888,1.15924,1.15844,1.15878,578,2,0
2026-04-01 07:40:00,1.15877,1.15903,1.15825,1.1589800000000001,531,2,0
2026-04-01 07:45:00,1.1589800000000001,1.1598600000000001,1.15769,1.15788,800,2,0
2026-04-01 07:50:00,1.1579,1.15841,1.15777,1.15816,774,2,0
2026-04-01 07:55:00,1.15816,1.15856,1.15809,1.15819,668,2,0
2026-04-01 08:00:00,1.15819,1.1590799999999999,1.15774,1.15889,889,2,0
2026-04-01 08:05:00,1.15889,1.15912,1.15853,1.15865,547,2,0
2026-04-01 08:10:00,1.15865,1.15865,1.15817,1.15848,393,2,0
2026-04-01 08:15:00,1.15848,1.15905,1.1583,1.15891,410,2,0
2026-04-01 08:20:00,1.1589,1.15942,1.15888,1.15942,343,2,0
2026-04-01 08:25:00,1.15942,1.1599599999999999,1.15936,1.15995,302,2,0
2026-04-01 08:30:00,1.15995,1.16088,1.15993,1.16066,419,2,0
2026-04-01 08:35:00,1.16066,1.16086,1.16035,1.16086,412,2,0
2026-04-01 08:40:00,1.16086,1.16103,1.1605,1.16103,294,2,0
2026-04-01 08:45:00,1.16103,1.16105,1.16028,1.16042,294,2,0
2026-04-01 08:50:00,1.16042,1.16063,1.15974,1.16017,524,2,0
2026-04-01 08:55:00,1.16017,1.16037,1.15941,1.1596,765,2,0
2026-04-01 09:00:00,1.15961,1.16024,1.15955,1.16015,344,2,0
2026-04-01 09:05:00,1.16014,1.16025,1.15932,1.15937,483,2,0
2026-04-01 09:10:00,1.1593499999999999,1.1596,1.15913,1.1592,471,2,0
2026-04-01 09:15:00,1.1592,1.15924,1.15868,1.15882,465,2,0
2026-04-01 09:20:00,1.15882,1.1589800000000001,1.15857,1.15868,555,2,0
2026-04-01 09:25:00,1.15868,1.15868,1.15818,1.15845,481,2,0
2026-04-01 09:30:00,1.15845,1.15863,1.15807,1.15825,362,2,0
2026-04-01 09:35:00,1.15825,1.15852,1.15817,1.15844,287,2,0
2026-04-01 09:40:00,1.15844,1.15869,1.15828,1.15839,253,2,0
2026-04-01 09:45:00,1.15839,1.15904,1.15834,1.15904,214,2,0
2026-04-01 09:50:00,1.15904,1.15946,1.15903,1.1593499999999999,312,2,0
2026-04-01 09:55:00,1.1593499999999999,1.15973,1.15916,1.15953,498,2,0
2026-04-01 10:00:00,1.15953,1.15974,1.15934,1.15961,367,2,0
2026-04-01 10:05:00,1.15961,1.16005,1.15953,1.15953,336,2,0
2026-04-01 10:10:00,1.15953,1.15993,1.1595,1.15964,396,2,0
2026-04-01 10:15:00,1.15964,1.15973,1.15951,1.15971,316,2,0
2026-04-01 10:20:00,1.15971,1.16,1.15962,1.15974,294,2,0
2026-04-01 10:25:00,1.15974,1.15977,1.15944,1.15964,324,2,0
2026-04-01 10:30:00,1.15964,1.15997,1.15964,1.15973,220,2,0
2026-04-01 10:35:00,1.15973,1.15987,1.15958,1.15971,242,2,0
2026-04-01 10:40:00,1.15971,1.16002,1.15971,1.1599599999999999,279,2,0
2026-04-01 10:45:00,1.1599599999999999,1.16034,1.1599599999999999,1.16028,285,2,0
2026-04-01 10:50:00,1.16028,1.16036,1.15993,1.16008,269,2,0
2026-04-01 10:55:00,1.16008,1.16008,1.15953,1.15994,402,2,0
2026-04-01 11:00:00,1.15994,1.16026,1.15979,1.16015,279,2,0
2026-04-01 11:05:00,1.16015,1.16039,1.15994,1.16035,213,2,0
2026-04-01 11:10:00,1.16035,1.16056,1.16006,1.16052,191,2,0
2026-04-01 11:15:00,1.16054,1.16055,1.16009,1.16043,160,2,0
2026-04-01 11:20:00,1.16043,1.16043,1.15985,1.15999,237,2,0
2026-04-01 11:25:00,1.15999,1.1602000000000001,1.15982,1.15991,242,2,0
2026-04-01 11:30:00,1.15991,1.16014,1.15979,1.15989,280,2,0
2026-04-01 11:35:00,1.15989,1.16027,1.15988,1.16022,313,2,0
2026-04-01 11:40:00,1.16022,1.16028,1.16008,1.16023,266,2,0
2026-04-01 11:45:00,1.16023,1.16067,1.16021,1.16062,208,2,0
2026-04-01 11:50:00,1.16062,1.16072,1.16043,1.1607,232,2,0
2026-04-01 11:55:00,1.1607,1.16099,1.16062,1.16074,237,2,0
2026-04-01 12:00:00,1.16074,1.16105,1.16072,1.16078,364,2,0
2026-04-01 12:05:00,1.16078,1.16082,1.16018,1.16045,347,2,0
2026-04-01 12:10:00,1.16045,1.16064,1.16035,1.16037,302,2,0
2026-04-01 12:15:00,1.16037,1.16054,1.15993,1.1601,512,2,0
2026-04-01 12:20:00,1.16008,1.16026,1.1597,1.15999,392,2,0
2026-04-01 12:25:00,1.15999,1.16,1.15946,1.15961,392,2,0
2026-04-01 12:30:00,1.15961,1.1602000000000001,1.15938,1.16018,435,2,0
2026-04-01 12:35:00,1.16018,1.16037,1.15976,1.16016,430,2,0
2026-04-01 12:40:00,1.16015,1.16182,1.16012,1.16141,555,2,0
2026-04-01 12:45:00,1.16145,1.16235,1.16039,1.16058,2050,2,0
2026-04-01 12:50:00,1.16058,1.16079,1.16023,1.16062,938,2,0
2026-04-01 12:55:00,1.16062,1.16074,1.16017,1.16045,705,2,0
2026-04-01 13:00:00,1.16045,1.16059,1.15994,1.16006,797,2,0
2026-04-01 13:05:00,1.16006,1.16045,1.15987,1.16035,721,2,0
2026-04-01 13:10:00,1.16035,1.16116,1.16032,1.16109,680,2,0
2026-04-01 13:15:00,1.16109,1.1612,1.16074,1.16113,639,2,0
2026-04-01 13:20:00,1.16113,1.16145,1.16069,1.16124,452,2,0
2026-04-01 13:25:00,1.16127,1.16139,1.16076,1.16087,400,2,0
2026-04-01 13:30:00,1.16087,1.16234,1.16075,1.16207,918,2,0
2026-04-01 13:35:00,1.16206,1.16237,1.16188,1.16228,763,2,0
2026-04-01 13:40:00,1.16228,1.1623,1.1606,1.16154,966,2,0
2026-04-01 13:45:00,1.16153,1.16173,1.16128,1.16143,950,2,0
2026-04-01 13:50:00,1.16143,1.16187,1.16109,1.16129,778,2,0
2026-04-01 13:55:00,1.16129,1.16145,1.16103,1.1612,553,2,0
2026-04-01 14:00:00,1.1612,1.1612,1.16061,1.1607,934,2,0
2026-04-01 14:05:00,1.1607,1.1611799999999999,1.16046,1.1609099999999999,847,2,0
2026-04-01 14:10:00,1.1609099999999999,1.16111,1.16056,1.16101,708,2,0
2026-04-01 14:15:00,1.16099,1.16141,1.16094,1.16129,489,2,0
2026-04-01 14:20:00,1.16129,1.16187,1.16106,1.1614200000000001,543,2,0
2026-04-01 14:25:00,1.1614,1.16161,1.1611799999999999,1.16139,501,2,0
2026-04-01 14:30:00,1.16139,1.16151,1.16093,1.1610800000000001,556,2,0
2026-04-01 14:35:00,1.1611,1.16185,1.16069,1.16168,821,2,0
2026-04-01 14:40:00,1.16168,1.16206,1.16092,1.16163,1086,2,0
2026-04-01 14:45:00,1.16163,1.16245,1.16127,1.16239,636,2,0
2026-04-01 14:50:00,1.16239,1.16263,1.1620300000000001,1.16232,784,2,0
2026-04-01 14:55:00,1.16233,1.16269,1.16224,1.16225,696,2,0
2026-04-01 15:00:00,1.16227,1.16272,1.16227,1.16229,531,2,0
2026-04-01 15:05:00,1.16229,1.16229,1.1616900000000001,1.1616900000000001,508,2,0
2026-04-01 15:10:00,1.1616900000000001,1.16178,1.16143,1.16154,372,2,0
2026-04-01 15:15:00,1.16154,1.1617,1.16132,1.1617,322,2,0
2026-04-01 15:20:00,1.1617,1.1617,1.161,1.16113,369,2,0
2026-04-01 15:25:00,1.16113,1.16131,1.1606,1.1606,508,2,0
2026-04-01 15:30:00,1.16062,1.16095,1.16051,1.16094,381,2,0
2026-04-01 15:35:00,1.16094,1.16113,1.16073,1.16112,376,2,0
2026-04-01 15:40:00,1.16112,1.16114,1.1609,1.16106,255,2,0
2026-04-01 15:45:00,1.16106,1.1612,1.16092,1.161,208,2,0
2026-04-01 15:50:00,1.161,1.16146,1.16097,1.16133,241,2,0
2026-04-01 15:55:00,1.16133,1.1617,1.1613,1.16137,317,2,0
2026-04-01 16:00:00,1.16137,1.16155,1.16084,1.16099,481,2,0
2026-04-01 16:05:00,1.16099,1.16131,1.16093,1.1612,207,2,0
2026-04-01 16:10:00,1.1612,1.1612,1.16059,1.16064,330,2,0
2026-04-01 16:15:00,1.16064,1.1609,1.16045,1.16079,298,2,0
2026-04-01 16:20:00,1.16084,1.16094,1.16076,1.16085,270,2,0
2026-04-01 16:25:00,1.16085,1.16097,1.16059,1.16075,398,2,0
2026-04-01 16:30:00,1.16075,1.16098,1.16062,1.16085,549,2,0
2026-04-01 16:35:00,1.16085,1.16097,1.16068,1.16074,383,2,0
2026-04-01 16:40:00,1.16074,1.16076,1.16048,1.16069,264,2,0
2026-04-01 16:45:00,1.16069,1.16129,1.16063,1.16128,162,2,0
2026-04-01 16:50:00,1.16128,1.16157,1.16128,1.16154,204,2,0
2026-04-01 16:55:00,1.16154,1.1619,1.16138,1.16189,227,2,0
2026-04-01 17:00:00,1.16189,1.16207,1.16181,1.16199,353,2,0
2026-04-01 17:05:00,1.16199,1.16233,1.16134,1.16139,369,2,0
2026-04-01 17:10:00,1.16139,1.16177,1.16139,1.16159,174,2,0
2026-04-01 17:15:00,1.16159,1.1616,1.16129,1.16129,198,2,0
2026-04-01 17:20:00,1.1613,1.1616,1.16097,1.16097,280,2,0
2026-04-01 17:25:00,1.16097,1.16097,1.16072,1.16078,211,2,0
2026-04-01 17:30:00,1.16078,1.16078,1.15979,1.15998,301,2,0
2026-04-01 17:35:00,1.15998,1.16034,1.15975,1.16033,183,2,0
2026-04-01 17:40:00,1.16033,1.16073,1.16033,1.16055,140,2,0
2026-04-01 17:45:00,1.16055,1.16055,1.16025,1.16025,196,2,0
2026-04-01 17:50:00,1.16025,1.16026,1.15961,1.15971,310,2,0
2026-04-01 17:55:00,1.15972,1.15982,1.15937,1.15938,354,2,0
2026-04-01 18:00:00,1.15937,1.15942,1.15882,1.15903,539,2,0
2026-04-01 18:05:00,1.15904,1.15941,1.15902,1.15915,329,2,0
2026-04-01 18:10:00,1.15914,1.15932,1.15883,1.15883,205,2,0
2026-04-01 18:15:00,1.15883,1.15901,1.15851,1.15873,312,2,0
2026-04-01 18:20:00,1.15873,1.1587399999999999,1.15839,1.15854,328,2,0
2026-04-01 18:25:00,1.15854,1.15861,1.15831,1.15844,355,2,0
2026-04-01 18:30:00,1.15844,1.15854,1.15811,1.1581299999999999,325,2,0
2026-04-01 18:35:00,1.1581299999999999,1.15817,1.1577,1.1580300000000001,350,2,0
2026-04-01 18:40:00,1.1580300000000001,1.15875,1.15801,1.15854,226,2,0
2026-04-01 18:45:00,1.15854,1.1587399999999999,1.15821,1.15848,228,2,0
2026-04-01 18:50:00,1.15848,1.15867,1.1583700000000001,1.15841,224,2,0
2026-04-01 18:55:00,1.15841,1.15852,1.1578,1.15787,280,2,0
2026-04-01 19:00:00,1.15788,1.15805,1.15763,1.15789,261,2,0
2026-04-01 19:05:00,1.15789,1.1583700000000001,1.15787,1.15828,172,2,0
2026-04-01 19:10:00,1.15828,1.15845,1.15816,1.15829,159,2,0
2026-04-01 19:15:00,1.15829,1.15835,1.15815,1.15817,139,2,0
2026-04-01 19:20:00,1.15817,1.15832,1.15784,1.15789,177,2,0
2026-04-01 19:25:00,1.15789,1.15831,1.15789,1.1583,156,2,0
2026-04-01 19:30:00,1.1583,1.15845,1.15816,1.15845,177,2,0
2026-04-01 19:35:00,1.15845,1.15857,1.15831,1.15854,153,2,0
2026-04-01 19:40:00,1.15854,1.15869,1.15853,1.15859,102,2,0
2026-04-01 19:45:00,1.15859,1.15869,1.15852,1.15855,98,2,0
2026-04-01 19:50:00,1.15855,1.15856,1.15811,1.15815,191,2,0
2026-04-01 19:55:00,1.15815,1.15851,1.1581299999999999,1.1583700000000001,289,2,0
2026-04-01 20:00:00,1.1583700000000001,1.15855,1.15835,1.15845,190,2,0
2026-04-01 20:05:00,1.15845,1.15875,1.15843,1.15873,102,2,0
2026-04-01 20:10:00,1.15873,1.15876,1.15846,1.15863,82,2,0
2026-04-01 20:15:00,1.15863,1.15868,1.15848,1.15859,62,2,0
2026-04-01 20:20:00,1.15859,1.15859,1.15843,1.15843,84,2,0
2026-04-01 20:25:00,1.15843,1.1587399999999999,1.15843,1.15869,82,2,0
2026-04-01 20:30:00,1.15869,1.1589,1.15869,1.15886,94,2,0
2026-04-01 20:35:00,1.15886,1.15901,1.15876,1.15901,165,2,0
2026-04-01 20:40:00,1.15901,1.15911,1.159,1.1591,39,2,0
2026-04-01 20:45:00,1.1591,1.15916,1.15909,1.15914,114,2,0
2026-04-01 20:50:00,1.15914,1.15919,1.15897,1.15901,56,2,0
2026-04-01 20:55:00,1.15899,1.15905,1.15871,1.15872,194,2,0
2026-04-01 21:00:00,1.15819,1.15822,1.1578,1.15806,24,128,0
2026-04-01 21:05:00,1.15806,1.15833,1.15794,1.15833,19,81,0
2026-04-01 21:10:00,1.15833,1.15841,1.15833,1.15833,16,70,0
2026-04-01 21:15:00,1.15833,1.1585,1.15784,1.15842,55,67,0
2026-04-01 21:20:00,1.15842,1.1586400000000001,1.15819,1.1586400000000001,25,58,0
2026-04-01 21:25:00,1.1586400000000001,1.15866,1.15854,1.15859,49,68,0
2026-04-01 21:30:00,1.15859,1.1586,1.15788,1.15818,173,69,0
2026-04-01 21:35:00,1.15819,1.15822,1.15805,1.15807,389,83,0
2026-04-01 21:40:00,1.15806,1.15826,1.15794,1.15805,318,75,0
2026-04-01 21:45:00,1.15814,1.15877,1.1581,1.1587399999999999,234,62,0
2026-04-01 21:50:00,1.1587399999999999,1.15883,1.1587,1.15873,81,57,0
2026-04-01 21:55:00,1.15873,1.15879,1.15872,1.15878,80,52,0
2026-04-01 22:00:00,1.15878,1.15884,1.1587399999999999,1.15883,91,45,0
2026-04-01 22:05:00,1.15882,1.15927,1.15882,1.1592500000000001,105,4,0
2026-04-01 22:10:00,1.1592500000000001,1.15928,1.15912,1.15919,47,3,0
2026-04-01 22:15:00,1.15919,1.15919,1.15914,1.15915,20,4,0
2026-04-01 22:20:00,1.15915,1.15915,1.15904,1.15911,42,2,0
2026-04-01 22:25:00,1.15911,1.15936,1.1591,1.15932,48,3,0
2026-04-01 22:30:00,1.15932,1.15932,1.15914,1.15915,83,3,0
2026-04-01 22:35:00,1.15915,1.15921,1.15909,1.15915,60,2,0
2026-04-01 22:40:00,1.15915,1.15922,1.1590799999999999,1.15921,81,2,0
2026-04-01 22:45:00,1.15921,1.15941,1.1592,1.15934,102,2,0
2026-04-01 22:50:00,1.15934,1.15934,1.15914,1.15921,118,2,0
2026-04-01 22:55:00,1.15921,1.15921,1.15899,1.1590799999999999,86,3,0
2026-04-01 23:00:00,1.1590799999999999,1.15926,1.1590799999999999,1.15926,108,2,0
2026-04-01 23:05:00,1.15926,1.15936,1.15924,1.15934,58,2,0
2026-04-01 23:10:00,1.15934,1.15944,1.15934,1.15937,55,3,0
2026-04-01 23:15:00,1.15937,1.15937,1.1592500000000001,1.15928,61,3,0
2026-04-01 23:20:00,1.15928,1.1593,1.15918,1.15918,59,2,0
2026-04-01 23:25:00,1.15917,1.15921,1.15911,1.15917,45,3,0
2026-04-01 23:30:00,1.15917,1.15921,1.15909,1.15911,47,2,0
2026-04-01 23:35:00,1.15911,1.15919,1.15906,1.15916,63,2,0
2026-04-01 23:40:00,1.15916,1.1593,1.15911,1.15921,60,2,0
2026-04-01 23:45:00,1.15921,1.15921,1.15905,1.15907,73,2,0
2026-04-01 23:50:00,1.15907,1.15912,1.1589,1.15906,125,2,0
2026-04-01 23:55:00,1.15906,1.15907,1.15895,1.15896,85,2,0
2026-04-02 00:00:00,1.15896,1.15931,1.15882,1.15923,338,2,0
2026-04-02 00:05:00,1.15923,1.15946,1.15919,1.1594,260,2,0
2026-04-02 00:10:00,1.1594,1.15958,1.15921,1.15928,194,2,0
2026-04-02 00:15:00,1.15928,1.15937,1.15913,1.15917,165,2,0
2026-04-02 00:20:00,1.15917,1.15921,1.15885,1.15887,181,2,0
2026-04-02 00:25:00,1.15887,1.15892,1.15868,1.1587399999999999,187,2,0
2026-04-02 00:30:00,1.1587399999999999,1.15895,1.15872,1.15889,199,2,0
2026-04-02 00:35:00,1.15889,1.1590799999999999,1.15883,1.15907,206,2,0
2026-04-02 00:40:00,1.15907,1.15953,1.15901,1.15943,289,2,0
2026-04-02 00:45:00,1.15943,1.1596,1.1594,1.15943,250,2,0
2026-04-02 00:50:00,1.15942,1.15971,1.15928,1.15963,306,2,0
2026-04-02 00:55:00,1.15963,1.15978,1.15948,1.15955,231,2,0
2026-04-02 01:00:00,1.15955,1.15966,1.15824,1.15897,1026,2,0
2026-04-02 01:05:00,1.15896,1.15896,1.15792,1.15877,1360,2,0
2026-04-02 01:10:00,1.15875,1.16056,1.15875,1.15911,1434,2,0
2026-04-02 01:15:00,1.15911,1.15947,1.15634,1.15658,1749,2,0
2026-04-02 01:20:00,1.15658,1.15781,1.15642,1.15662,1633,2,0
2026-04-02 01:25:00,1.15663,1.15688,1.15601,1.15633,1203,2,0
2026-04-02 01:30:00,1.15632,1.15636,1.1547,1.15529,1430,2,0
2026-04-02 01:35:00,1.15529,1.15583,1.15485,1.15576,896,2,0
2026-04-02 01:40:00,1.15576,1.156,1.15527,1.1553,835,2,0
2026-04-02 01:45:00,1.1553,1.15537,1.15455,1.15497,728,2,0
2026-04-02 01:50:00,1.15497,1.15552,1.15496,1.15538,509,2,0
2026-04-02 01:55:00,1.15538,1.15552,1.15507,1.15524,485,2,0
2026-04-02 02:00:00,1.15524,1.1555900000000001,1.15516,1.15558,369,2,0
2026-04-02 02:05:00,1.15558,1.15603,1.15541,1.15558,410,2,0
2026-04-02 02:10:00,1.15558,1.1557,1.15533,1.15547,328,2,0
2026-04-02 02:15:00,1.15547,1.15588,1.15547,1.15574,334,2,0
2026-04-02 02:20:00,1.15574,1.15585,1.15488,1.15529,385,2,0
2026-04-02 02:25:00,1.15529,1.15538,1.15479,1.15479,340,2,0
2026-04-02 02:30:00,1.15479,1.15492,1.15462,1.15464,312,2,0
2026-04-02 02:35:00,1.15464,1.15472,1.15439,1.15445,305,2,0
2026-04-02 02:40:00,1.15445,1.15471,1.15445,1.15463,260,2,0
2026-04-02 02:45:00,1.15463,1.15487,1.15461,1.15477,149,2,0
2026-04-02 02:50:00,1.15477,1.15488,1.15467,1.15472,136,2,0
2026-04-02 02:55:00,1.15472,1.15491,1.15467,1.15467,231,2,0
2026-04-02 03:00:00,1.15467,1.15467,1.15439,1.15442,235,2,0
2026-04-02 03:05:00,1.15442,1.15468,1.15439,1.15452,197,2,0
2026-04-02 03:10:00,1.15451,1.15482,1.15451,1.15472,103,2,0
2026-04-02 03:15:00,1.15472,1.15482,1.1545,1.15454,201,2,0
2026-04-02 03:20:00,1.15454,1.1547,1.15445,1.15464,169,2,0
2026-04-02 03:25:00,1.15464,1.15466,1.15443,1.15459,210,2,0
2026-04-02 03:30:00,1.15459,1.15487,1.15458,1.1548,148,2,0
2026-04-02 03:35:00,1.1548,1.15485,1.15461,1.15475,142,2,0
2026-04-02 03:40:00,1.15475,1.15488,1.15464,1.15488,83,2,0
2026-04-02 03:45:00,1.15488,1.15489,1.15446,1.15448,111,2,0
2026-04-02 03:50:00,1.15448,1.1546,1.15411,1.15416,192,2,0
2026-04-02 03:55:00,1.15416,1.15422,1.1537600000000001,1.15396,288,2,0
2026-04-02 04:00:00,1.15396,1.15418,1.1538,1.15416,232,2,0
2026-04-02 04:05:00,1.15416,1.15416,1.15378,1.15384,195,2,0
2026-04-02 04:10:00,1.15384,1.15408,1.1537600000000001,1.15382,243,2,0
2026-04-02 04:15:00,1.15381,1.15397,1.15367,1.15372,153,2,0
2026-04-02 04:20:00,1.15372,1.15375,1.1535199999999999,1.15365,137,2,0
2026-04-02 04:25:00,1.15365,1.15367,1.15349,1.1535,197,2,0
2026-04-02 04:30:00,1.1535,1.15365,1.1534,1.15344,168,2,0
2026-04-02 04:35:00,1.15344,1.1535,1.15328,1.15338,142,2,0
2026-04-02 04:40:00,1.15338,1.15348,1.15332,1.15344,113,2,0
2026-04-02 04:45:00,1.15344,1.1535199999999999,1.15321,1.15338,136,2,0
2026-04-02 04:50:00,1.15338,1.15364,1.15338,1.15344,95,2,0
2026-04-02 04:55:00,1.15344,1.15369,1.1534,1.15369,70,2,0
2026-04-02 05:00:00,1.15369,1.15389,1.15364,1.15365,118,2,0
2026-04-02 05:05:00,1.15365,1.15369,1.15351,1.15363,105,2,0
2026-04-02 05:10:00,1.15363,1.15373,1.15339,1.1534,157,2,0
2026-04-02 05:15:00,1.1534,1.15351,1.15318,1.15318,210,2,0
2026-04-02 05:20:00,1.15317,1.15331,1.15314,1.15321,136,2,0
2026-04-02 05:25:00,1.15321,1.15334,1.15311,1.15324,140,2,0
2026-04-02 05:30:00,1.15324,1.15346,1.15317,1.15327,244,2,0
2026-04-02 05:35:00,1.15327,1.15345,1.15318,1.15341,126,2,0
2026-04-02 05:40:00,1.15341,1.15367,1.15333,1.1535199999999999,126,2,0
2026-04-02 05:45:00,1.1535199999999999,1.15353,1.15255,1.15261,358,2,0
2026-04-02 05:50:00,1.15261,1.15319,1.15253,1.15273,365,2,0
2026-04-02 05:55:00,1.15273,1.15273,1.15247,1.15252,246,2,0
2026-04-02 06:00:00,1.15252,1.15289,1.15252,1.15272,562,2,0
2026-04-02 06:05:00,1.15272,1.15274,1.15257,1.15265,251,2,0
2026-04-02 06:10:00,1.15265,1.15265,1.15165,1.15172,377,2,0
2026-04-02 06:15:00,1.15172,1.15213,1.15151,1.15205,483,2,0
2026-04-02 06:20:00,1.15205,1.15231,1.15204,1.15223,270,2,0
2026-04-02 06:25:00,1.15223,1.15267,1.15214,1.15246,251,2,0
2026-04-02 06:30:00,1.1524,1.15285,1.15233,1.15257,295,2,0
2026-04-02 06:35:00,1.15257,1.15297,1.15245,1.15296,258,2,0
2026-04-02 06:40:00,1.15296,1.15312,1.15283,1.15307,157,2,0
2026-04-02 06:45:00,1.15307,1.15338,1.1529,1.15337,203,2,0
2026-04-02 06:50:00,1.15337,1.15348,1.15305,1.15306,248,2,0
2026-04-02 06:55:00,1.15306,1.15354,1.15295,1.15343,299,2,0
2026-04-02 07:00:00,1.15343,1.1537,1.15328,1.15333,335,2,0
2026-04-02 07:05:00,1.15333,1.15333,1.15267,1.15302,419,2,0
2026-04-02 07:10:00,1.15302,1.15308,1.15263,1.15272,301,2,0
2026-04-02 07:15:00,1.15272,1.15348,1.15268,1.15318,345,2,0
2026-04-02 07:20:00,1.15318,1.1535199999999999,1.15308,1.1535199999999999,263,2,0
2026-04-02 07:25:00,1.1535199999999999,1.15378,1.1528100000000001,1.15288,399,2,0
2026-04-02 07:30:00,1.15288,1.15317,1.15202,1.1521,396,2,0
2026-04-02 07:35:00,1.1521,1.15241,1.1521,1.15214,268,2,0
2026-04-02 07:40:00,1.15214,1.15244,1.15187,1.15236,309,2,0
2026-04-02 07:45:00,1.15236,1.15306,1.15236,1.15306,196,2,0
2026-04-02 07:50:00,1.15306,1.15316,1.1529099999999999,1.15295,194,2,0
2026-04-02 07:55:00,1.15295,1.1533,1.15292,1.1532499999999999,189,2,0
2026-04-02 08:00:00,1.1532499999999999,1.15341,1.15299,1.15306,262,2,0
2026-04-02 08:05:00,1.15306,1.15332,1.1528,1.15328,303,2,0
2026-04-02 08:10:00,1.15328,1.1535,1.1532,1.15339,288,2,0
2026-04-02 08:15:00,1.15339,1.15357,1.15331,1.15341,162,2,0
2026-04-02 08:20:00,1.15341,1.1534200000000001,1.15248,1.15253,345,2,0
2026-04-02 08:25:00,1.15253,1.1528100000000001,1.15253,1.15274,169,2,0
2026-04-02 08:30:00,1.15274,1.15306,1.15272,1.15283,248,2,0
2026-04-02 08:35:00,1.15283,1.15288,1.15246,1.15274,214,2,0
2026-04-02 08:40:00,1.15274,1.15295,1.15244,1.15268,239,2,0
2026-04-02 08:45:00,1.15268,1.1529099999999999,1.1526,1.15277,188,2,0
2026-04-02 08:50:00,1.15277,1.15277,1.15245,1.15262,158,2,0
2026-04-02 08:55:00,1.15262,1.15268,1.15243,1.15252,226,2,0
2026-04-02 09:00:00,1.15252,1.15276,1.15249,1.15263,198,2,0
2026-04-02 09:05:00,1.15262,1.15274,1.15235,1.15243,134,2,0
2026-04-02 09:10:00,1.15243,1.1526399999999999,1.15232,1.15237,151,2,0
2026-04-02 09:15:00,1.15236,1.15266,1.15232,1.15233,181,2,0
2026-04-02 09:20:00,1.15233,1.15246,1.15216,1.15246,101,2,0
2026-04-02 09:25:00,1.15246,1.15284,1.15246,1.15265,180,2,0
2026-04-02 09:30:00,1.15265,1.15318,1.15257,1.15303,212,2,0
2026-04-02 09:35:00,1.15303,1.1531,1.15282,1.15303,145,2,0
2026-04-02 09:40:00,1.15303,1.15304,1.15258,1.15262,124,2,0
2026-04-02 09:45:00,1.15262,1.15282,1.15249,1.15249,174,2,0
2026-04-02 09:50:00,1.15249,1.15276,1.15246,1.15261,186,2,0
2026-04-02 09:55:00,1.15261,1.15271,1.15235,1.15261,211,2,0
2026-04-02 10:00:00,1.15261,1.15267,1.15221,1.1522999999999999,193,2,0
2026-04-02 10:05:00,1.1522999999999999,1.15232,1.15191,1.1520299999999999,178,2,0
2026-04-02 10:10:00,1.1520299999999999,1.15216,1.15153,1.15156,243,2,0
2026-04-02 10:15:00,1.15156,1.15165,1.15134,1.15164,159,2,0
2026-04-02 10:20:00,1.15164,1.1516899999999999,1.1515,1.15158,122,2,0
2026-04-02 10:25:00,1.15158,1.15194,1.15155,1.1519300000000001,134,2,0
2026-04-02 10:30:00,1.1519300000000001,1.1520299999999999,1.15178,1.15186,165,2,0
2026-04-02 10:35:00,1.15186,1.15188,1.15154,1.15156,231,2,0
2026-04-02 10:40:00,1.15156,1.15181,1.15135,1.15171,356,2,0
2026-04-02 10:45:00,1.15171,1.15187,1.15121,1.15122,239,2,0
2026-04-02 10:50:00,1.15122,1.1513,1.15109,1.15117,181,2,0
2026-04-02 10:55:00,1.15116,1.15134,1.15112,1.15121,217,2,0
2026-04-02 11:00:00,1.15121,1.15134,1.15092,1.15114,264,2,0
2026-04-02 11:05:00,1.15113,1.15127,1.15092,1.15115,192,2,0
2026-04-02 11:10:00,1.15115,1.15115,1.15091,1.1511,165,2,0
2026-04-02 11:15:00,1.1511,1.15114,1.15093,1.15112,124,2,0
2026-04-02 11:20:00,1.15112,1.15129,1.1511,1.15127,142,2,0
2026-04-02 11:25:00,1.15127,1.15141,1.15109,1.15113,181,2,0
2026-04-02 11:30:00,1.15113,1.15177,1.15104,1.15176,188,2,0
2026-04-02 11:35:00,1.15176,1.15183,1.15161,1.15164,156,2,0
2026-04-02 11:40:00,1.15164,1.1519300000000001,1.1514199999999999,1.15143,189,2,0
2026-04-02 11:45:00,1.15143,1.1515900000000001,1.1512,1.1514199999999999,204,2,0
2026-04-02 11:50:00,1.1514199999999999,1.15183,1.15125,1.15168,230,2,0
2026-04-02 11:55:00,1.15168,1.15188,1.15127,1.15176,249,2,0
2026-04-02 12:00:00,1.15176,1.15255,1.1516899999999999,1.15251,325,2,0
2026-04-02 12:05:00,1.15251,1.1529,1.15245,1.15251,367,2,0
2026-04-02 12:10:00,1.15251,1.15273,1.15237,1.15258,325,2,0
2026-04-02 12:15:00,1.15258,1.15262,1.15216,1.15221,326,2,0
2026-04-02 12:20:00,1.1522000000000001,1.1526399999999999,1.15205,1.1526399999999999,412,2,0
2026-04-02 12:25:00,1.1526399999999999,1.15282,1.15241,1.15265,155,2,0
2026-04-02 12:30:00,1.15265,1.15274,1.15234,1.15266,323,2,0
2026-04-02 12:35:00,1.15266,1.15286,1.15244,1.1528,272,2,0
2026-04-02 12:40:00,1.1528,1.1528,1.15249,1.15252,248,2,0
2026-04-02 12:45:00,1.15252,1.15302,1.15248,1.15285,379,2,0
2026-04-02 12:50:00,1.15285,1.15312,1.15263,1.15268,369,2,0
2026-04-02 12:55:00,1.15268,1.15283,1.15226,1.15245,380,2,0
2026-04-02 13:00:00,1.15245,1.15296,1.1522999999999999,1.15273,635,2,0
2026-04-02 13:05:00,1.15273,1.15297,1.15263,1.15265,420,2,0
2026-04-02 13:10:00,1.15265,1.15267,1.15202,1.15212,449,2,0
2026-04-02 13:15:00,1.15212,1.15261,1.15207,1.15242,454,2,0
2026-04-02 13:20:00,1.15242,1.15273,1.15227,1.15247,438,2,0
2026-04-02 13:25:00,1.15246,1.15284,1.15244,1.1527,371,2,0
2026-04-02 13:30:00,1.1527,1.15302,1.15253,1.15259,748,2,0
2026-04-02 13:35:00,1.15259,1.15263,1.15212,1.15213,700,2,0
2026-04-02 13:40:00,1.15213,1.15245,1.15202,1.15222,645,2,0
2026-04-02 13:45:00,1.15222,1.15308,1.15218,1.15296,578,2,0
2026-04-02 13:50:00,1.15297,1.15324,1.15276,1.15285,622,2,0
2026-04-02 13:55:00,1.15285,1.15318,1.15269,1.15311,492,2,0
2026-04-02 14:00:00,1.15311,1.15328,1.15271,1.15307,707,2,0
2026-04-02 14:05:00,1.15307,1.15344,1.15294,1.15323,488,2,0
2026-04-02 14:10:00,1.15323,1.15327,1.15286,1.15304,585,2,0
2026-04-02 14:15:00,1.15305,1.15364,1.15305,1.15343,404,2,0
2026-04-02 14:20:00,1.1534200000000001,1.15353,1.15301,1.15327,545,2,0
2026-04-02 14:25:00,1.15327,1.15332,1.15286,1.15301,468,2,0
2026-04-02 14:30:00,1.15297,1.1532,1.15266,1.15298,528,2,0
2026-04-02 14:35:00,1.15298,1.1564,1.15294,1.15548,2354,2,0
2026-04-02 14:40:00,1.15546,1.15556,1.15425,1.15518,1972,2,0
2026-04-02 14:45:00,1.15518,1.1553200000000001,1.1544,1.1546,1561,2,0
2026-04-02 14:50:00,1.1546,1.1549,1.15423,1.15457,1312,2,0
2026-04-02 14:55:00,1.15455,1.15527,1.15449,1.15512,1090,2,0
2026-04-02 15:00:00,1.15512,1.1558,1.15482,1.1558,1214,2,0
2026-04-02 15:05:00,1.1558,1.15584,1.15505,1.15523,906,2,0
2026-04-02 15:10:00,1.15523,1.15556,1.15499,1.15555,679,2,0
2026-04-02 15:15:00,1.15555,1.15585,1.15509,1.15509,803,2,0
2026-04-02 15:20:00,1.15509,1.15509,1.15433,1.15446,755,2,0
2026-04-02 15:25:00,1.15444,1.15525,1.15415,1.15503,568,2,0
2026-04-02 15:30:00,1.15503,1.15516,1.15479,1.15509,709,2,0
2026-04-02 15:35:00,1.15509,1.15526,1.15486,1.15496,561,2,0
2026-04-02 15:40:00,1.15497,1.15506,1.15465,1.15495,506,2,0
2026-04-02 15:45:00,1.15497,1.15497,1.15435,1.1544,441,2,0
2026-04-02 15:50:00,1.1544,1.15456,1.15427,1.15444,437,2,0
2026-04-02 15:55:00,1.15443,1.15457,1.15435,1.15449,383,2,0
2026-04-02 16:00:00,1.15449,1.15476,1.1544,1.15444,356,2,0
2026-04-02 16:05:00,1.15444,1.1547,1.15399,1.15426,348,2,0
2026-04-02 16:10:00,1.15426,1.15435,1.15394,1.15421,331,2,0
2026-04-02 16:15:00,1.15421,1.15467,1.15399,1.15409,347,2,0
2026-04-02 16:20:00,1.15409,1.15422,1.1539,1.15408,291,2,0
2026-04-02 16:25:00,1.15408,1.15426,1.15405,1.15409,371,2,0
2026-04-02 16:30:00,1.15409,1.15469,1.154,1.1542,351,2,0
2026-04-02 16:35:00,1.1542,1.15446,1.15404,1.1544,387,2,0
2026-04-02 16:40:00,1.15438,1.1547399999999999,1.15415,1.15462,392,2,0
2026-04-02 16:45:00,1.15462,1.15479,1.15423,1.15439,359,2,0
2026-04-02 16:50:00,1.15439,1.15464,1.15417,1.15443,421,2,0
2026-04-02 16:55:00,1.15443,1.1544699999999999,1.15391,1.15391,365,2,0
2026-04-02 17:00:00,1.15392,1.15424,1.15371,1.15422,396,2,0
2026-04-02 17:05:00,1.15422,1.1543700000000001,1.15407,1.15424,223,2,0
2026-04-02 17:10:00,1.15424,1.15461,1.15409,1.15457,300,2,0
2026-04-02 17:15:00,1.15457,1.15491,1.1545,1.15455,339,2,0
2026-04-02 17:20:00,1.15456,1.15492,1.15452,1.15484,218,2,0
2026-04-02 17:25:00,1.15484,1.15484,1.15441,1.15449,227,2,0
2026-04-02 17:30:00,1.15449,1.1545,1.1543,1.15433,170,2,0
2026-04-02 17:35:00,1.15433,1.15433,1.15414,1.15429,153,2,0
2026-04-02 17:40:00,1.15429,1.1543700000000001,1.15415,1.15436,145,2,0
2026-04-02 17:45:00,1.15436,1.15438,1.15393,1.15399,173,2,0
2026-04-02 17:50:00,1.15399,1.1541,1.15389,1.15402,246,2,0
2026-04-02 17:55:00,1.15402,1.15409,1.15363,1.15375,298,2,0
2026-04-02 18:00:00,1.15375,1.154,1.15365,1.15374,334,2,0
2026-04-02 18:05:00,1.15374,1.15395,1.15366,1.15369,221,2,0
2026-04-02 18:10:00,1.15369,1.15379,1.15351,1.15372,142,2,0
2026-04-02 18:15:00,1.15372,1.1538,1.15363,1.15378,157,2,0
2026-04-02 18:20:00,1.15378,1.1538,1.15341,1.15341,170,2,0
2026-04-02 18:25:00,1.15341,1.15359,1.15331,1.15336,237,2,0
2026-04-02 18:30:00,1.15336,1.15344,1.15331,1.1534200000000001,127,2,0
2026-04-02 18:35:00,1.1534200000000001,1.15354,1.15332,1.1534,117,2,0
2026-04-02 18:40:00,1.1534,1.1538,1.15338,1.15372,196,2,0
2026-04-02 18:45:00,1.15372,1.15397,1.15367,1.15379,138,2,0
2026-04-02 18:50:00,1.15379,1.15396,1.15366,1.15387,231,2,0
2026-04-02 18:55:00,1.15387,1.15394,1.1536,1.1536,246,2,0
2026-04-02 19:00:00,1.1536,1.15395,1.1536,1.15371,215,2,0
2026-04-02 19:05:00,1.15371,1.15396,1.1537,1.15384,157,2,0
2026-04-02 19:10:00,1.15384,1.15398,1.15369,1.15372,105,2,0
2026-04-02 19:15:00,1.15372,1.1537600000000001,1.1535199999999999,1.1537600000000001,99,2,0
2026-04-02 19:20:00,1.1537600000000001,1.1543700000000001,1.15369,1.154,190,2,0
2026-04-02 19:25:00,1.154,1.15409,1.15384,1.15393,226,2,0
2026-04-02 19:30:00,1.15393,1.15405,1.15381,1.1539,196,2,0
2026-04-02 19:35:00,1.1539,1.15402,1.15379,1.15391,147,2,0
2026-04-02 19:40:00,1.15391,1.15399,1.1537,1.15373,182,2,0
2026-04-02 19:45:00,1.15373,1.15379,1.15363,1.15364,140,2,0
2026-04-02 19:50:00,1.15364,1.1537600000000001,1.15363,1.15368,184,2,0
2026-04-02 19:55:00,1.15368,1.15383,1.15332,1.15344,383,2,0
2026-04-02 20:00:00,1.15345,1.15349,1.15321,1.15341,204,2,0
2026-04-02 20:05:00,1.15341,1.1535,1.15341,1.15345,46,2,0
2026-04-02 20:10:00,1.15345,1.15373,1.15345,1.15371,50,2,0
2026-04-02 20:15:00,1.15371,1.15382,1.15366,1.15377,44,2,0
2026-04-02 20:20:00,1.15377,1.15381,1.15374,1.15379,50,2,0
2026-04-02 20:25:00,1.15379,1.15379,1.15371,1.15379,33,2,0
2026-04-02 20:30:00,1.15379,1.1538,1.15366,1.15374,49,2,0
2026-04-02 20:35:00,1.15374,1.15381,1.15372,1.15372,32,2,0
2026-04-02 20:40:00,1.15372,1.15372,1.15363,1.15369,29,2,0
2026-04-02 20:45:00,1.15369,1.15387,1.15368,1.1538599999999999,46,2,0
2026-04-02 20:50:00,1.1538599999999999,1.15391,1.15382,1.1539,36,2,0
2026-04-02 20:55:00,1.1539,1.15395,1.1536,1.15364,286,2,0
2026-04-02 21:00:00,1.15305,1.15328,1.15296,1.15296,8,108,0
2026-04-02 21:05:00,1.15296,1.1532499999999999,1.15296,1.15318,11,134,0
2026-04-02 21:10:00,1.15321,1.15356,1.15318,1.15318,18,102,0
2026-04-02 21:15:00,1.15318,1.15319,1.1531500000000001,1.15317,25,138,0
2026-04-02 21:20:00,1.15317,1.1532,1.15314,1.15318,26,137,0
2026-04-02 21:25:00,1.15318,1.15328,1.15318,1.15328,16,131,0
2026-04-02 21:30:00,1.15329,1.15333,1.15324,1.15332,33,138,0
2026-04-02 21:35:00,1.15332,1.15348,1.1533,1.15335,67,110,0
2026-04-02 21:40:00,1.15335,1.15346,1.15316,1.15333,75,117,0
2026-04-02 21:45:00,1.15333,1.15336,1.15316,1.15319,93,136,0
2026-04-02 21:50:00,1.15319,1.15337,1.15318,1.15334,44,121,0
2026-04-02 21:55:00,1.15334,1.15346,1.15321,1.15344,362,117,0
2026-04-02 22:00:00,1.15344,1.15374,1.15344,1.15359,91,48,0
2026-04-02 22:05:00,1.15359,1.15392,1.15359,1.15391,37,3,0
2026-04-02 22:10:00,1.15391,1.15392,1.1538599999999999,1.15389,20,2,0
2026-04-02 22:15:00,1.15389,1.15398,1.15385,1.15398,21,4,0
2026-04-02 22:20:00,1.15398,1.15404,1.15393,1.15401,14,3,0
2026-04-02 22:25:00,1.15401,1.15401,1.15391,1.15392,25,4,0
2026-04-02 22:30:00,1.15392,1.154,1.15391,1.15396,37,5,0
2026-04-02 22:35:00,1.15396,1.154,1.1539,1.15393,49,5,0
2026-04-02 22:40:00,1.15393,1.15398,1.15393,1.15396,23,5,0
2026-04-02 22:45:00,1.15396,1.15397,1.15391,1.15394,25,4,0
2026-04-02 22:50:00,1.15394,1.15404,1.15393,1.15398,35,2,0
2026-04-02 22:55:00,1.15398,1.154,1.15393,1.15398,34,3,0
2026-04-02 23:00:00,1.15398,1.15408,1.15393,1.15408,27,2,0
2026-04-02 23:05:00,1.15408,1.15408,1.15404,1.15404,25,4,0
2026-04-02 23:10:00,1.15404,1.15407,1.15397,1.1540300000000001,18,3,0
2026-04-02 23:15:00,1.1540300000000001,1.15404,1.15398,1.1540300000000001,25,3,0
2026-04-02 23:20:00,1.1540300000000001,1.1541299999999999,1.15399,1.15412,36,2,0
2026-04-02 23:25:00,1.15412,1.15414,1.1541,1.1541299999999999,20,3,0
2026-04-02 23:30:00,1.1541299999999999,1.15422,1.1541299999999999,1.15422,25,3,0
2026-04-02 23:35:00,1.15422,1.15427,1.15414,1.1542,35,3,0
2026-04-02 23:40:00,1.1542,1.15422,1.1541,1.1541299999999999,33,2,0
2026-04-02 23:45:00,1.1541299999999999,1.15417,1.15408,1.1541299999999999,39,2,0
2026-04-02 23:50:00,1.1541299999999999,1.15417,1.15411,1.1541299999999999,21,3,0
2026-04-02 23:55:00,1.1541299999999999,1.15416,1.15411,1.1541299999999999,25,2,0
2026-04-03 00:00:00,1.15414,1.15449,1.15414,1.15432,83,2,0
2026-04-03 00:05:00,1.15432,1.15434,1.15423,1.15423,56,2,0
2026-04-03 00:10:00,1.15423,1.15423,1.1541,1.15418,58,2,0
2026-04-03 00:15:00,1.15418,1.15421,1.1541,1.15414,52,2,0
2026-04-03 00:20:00,1.15414,1.15419,1.15405,1.15416,99,2,0
2026-04-03 00:25:00,1.15415,1.1542,1.15407,1.15419,96,2,0
2026-04-03 00:30:00,1.15419,1.1544,1.15416,1.15434,107,2,0
2026-04-03 00:35:00,1.15434,1.1543700000000001,1.15417,1.15425,66,2,0
2026-04-03 00:40:00,1.15425,1.15429,1.15418,1.15428,194,2,0
2026-04-03 00:45:00,1.15428,1.15432,1.15424,1.15427,38,2,0
2026-04-03 00:50:00,1.15427,1.1543,1.15382,1.1538599999999999,155,2,0
2026-04-03 00:55:00,1.1538599999999999,1.15398,1.1538,1.1538,128,2,0
2026-04-03 01:00:00,1.1538,1.15391,1.15373,1.1538599999999999,193,2,0
2026-04-03 01:05:00,1.1538599999999999,1.15398,1.1538599999999999,1.15395,143,2,0
2026-04-03 01:10:00,1.15395,1.15397,1.15384,1.15384,35,2,0
2026-04-03 01:15:00,1.15384,1.15392,1.15378,1.15392,34,2,0
2026-04-03 01:20:00,1.15392,1.15394,1.15381,1.15387,79,2,0
2026-04-03 01:25:00,1.15387,1.1539,1.1538599999999999,1.15387,25,2,0
2026-04-03 01:30:00,1.15387,1.15389,1.15374,1.15375,38,2,0
2026-04-03 01:35:00,1.15375,1.15379,1.15367,1.15369,47,2,0
2026-04-03 01:40:00,1.15369,1.15369,1.15353,1.15353,45,2,0
2026-04-03 01:45:00,1.15353,1.15358,1.15348,1.15358,28,2,0
2026-04-03 01:50:00,1.15358,1.15365,1.15357,1.15357,46,2,0
2026-04-03 01:55:00,1.15357,1.15358,1.15336,1.15349,73,2,0
2026-04-03 02:00:00,1.15348,1.15354,1.15343,1.15353,42,2,0
2026-04-03 02:05:00,1.15354,1.15372,1.15353,1.15372,28,2,0
2026-04-03 02:10:00,1.15372,1.15382,1.15364,1.15368,65,2,0
2026-04-03 02:15:00,1.15368,1.15369,1.15347,1.15348,57,2,0
2026-04-03 02:20:00,1.15346,1.15346,1.15321,1.15324,79,2,0
2026-04-03 02:25:00,1.15324,1.1533,1.1532,1.1532,56,2,0
2026-04-03 02:30:00,1.1532,1.1534,1.1532,1.1534,33,2,0
2026-04-03 02:35:00,1.1534,1.15345,1.15339,1.15339,27,2,0
2026-04-03 02:40:00,1.15339,1.1535,1.15338,1.1534,33,3,0
2026-04-03 02:45:00,1.1534,1.15347,1.15339,1.15344,29,3,0
2026-04-03 02:50:00,1.15344,1.15358,1.15344,1.1535,45,3,0
2026-04-03 02:55:00,1.1535,1.15368,1.1535,1.1536,38,2,0
2026-04-03 03:00:00,1.1536,1.15361,1.15356,1.1536,17,3,0
2026-04-03 03:05:00,1.1536,1.15373,1.1536,1.15365,34,3,0
2026-04-03 03:10:00,1.15365,1.15369,1.15363,1.15369,11,3,0
2026-04-03 03:15:00,1.15369,1.15369,1.15358,1.15359,10,2,0
2026-04-03 03:20:00,1.15359,1.1536,1.15353,1.15355,14,2,0
2026-04-03 03:25:00,1.15355,1.1536,1.15354,1.1536,14,2,0
2026-04-03 03:30:00,1.1536,1.1536,1.15359,1.15359,8,3,0
2026-04-03 03:35:00,1.15359,1.15363,1.15355,1.15358,15,2,0
2026-04-03 03:40:00,1.15358,1.15359,1.15353,1.15358,29,2,0
2026-04-03 03:45:00,1.15358,1.15362,1.15353,1.15356,37,2,0
2026-04-03 03:50:00,1.15356,1.15356,1.15341,1.15343,33,2,0
2026-04-03 03:55:00,1.15343,1.15364,1.15343,1.15361,61,2,0
2026-04-03 04:00:00,1.15361,1.15363,1.15355,1.15356,44,2,0
2026-04-03 04:05:00,1.15356,1.15356,1.1534200000000001,1.15348,49,2,0
2026-04-03 04:10:00,1.15348,1.1535,1.15345,1.15347,33,2,0
2026-04-03 04:15:00,1.15347,1.1535,1.15344,1.1535,24,2,0
2026-04-03 04:20:00,1.1535,1.15355,1.15348,1.15354,15,2,0
2026-04-03 04:25:00,1.15354,1.1536,1.15349,1.15349,45,2,0
2026-04-03 04:30:00,1.15349,1.15354,1.15344,1.15353,177,2,0
2026-04-03 04:35:00,1.15354,1.15356,1.15343,1.15343,111,2,0
2026-04-03 04:40:00,1.15343,1.15348,1.15341,1.15343,28,2,0
2026-04-03 04:45:00,1.15343,1.15351,1.1534200000000001,1.15347,73,2,0
2026-04-03 04:50:00,1.15347,1.1535,1.15337,1.1534200000000001,32,2,0
2026-04-03 04:55:00,1.1534200000000001,1.1535,1.15337,1.15337,62,2,0
2026-04-03 05:00:00,1.15337,1.15339,1.15331,1.15338,21,2,0
2026-04-03 05:05:00,1.15338,1.15344,1.15337,1.1534,21,2,0
2026-04-03 05:10:00,1.1534,1.15341,1.15327,1.15327,35,2,0
2026-04-03 05:15:00,1.15327,1.15327,1.153,1.15301,78,2,0
2026-04-03 05:20:00,1.15301,1.15304,1.15292,1.15298,77,2,0
2026-04-03 05:25:00,1.15298,1.15307,1.15296,1.15307,47,2,0
2026-04-03 05:30:00,1.15307,1.15317,1.15305,1.15316,102,2,0
2026-04-03 05:35:00,1.15316,1.15328,1.1531,1.1532499999999999,62,2,0
2026-04-03 05:40:00,1.1532499999999999,1.15358,1.15324,1.15358,48,2,0
2026-04-03 05:45:00,1.15358,1.15363,1.15353,1.15357,26,2,0
2026-04-03 05:50:00,1.15357,1.15368,1.15353,1.15368,30,2,0
2026-04-03 05:55:00,1.15368,1.1538,1.15363,1.15379,40,2,0
2026-04-03 06:00:00,1.15379,1.15379,1.15372,1.15373,45,2,0
2026-04-03 06:05:00,1.15373,1.15384,1.15367,1.15384,47,2,0
2026-04-03 06:10:00,1.15384,1.1538599999999999,1.15382,1.15384,14,2,0
2026-04-03 06:15:00,1.15384,1.15385,1.15377,1.15384,26,2,0
2026-04-03 06:20:00,1.15384,1.15389,1.15383,1.15383,38,2,0
2026-04-03 06:25:00,1.15383,1.15383,1.15353,1.15354,46,2,0
2026-04-03 06:30:00,1.15354,1.15364,1.15353,1.15358,44,2,0
2026-04-03 06:35:00,1.15358,1.1536,1.1535,1.15359,43,2,0
2026-04-03 06:40:00,1.15359,1.1539,1.15359,1.15389,60,2,0
2026-04-03 06:45:00,1.15389,1.15395,1.1537600000000001,1.15394,44,2,0
2026-04-03 06:50:00,1.15394,1.15405,1.15385,1.1538599999999999,43,2,0
2026-04-03 06:55:00,1.15388,1.15401,1.15383,1.15395,70,2,0
2026-04-03 07:00:00,1.15395,1.15408,1.15394,1.15405,54,2,0
2026-04-03 07:05:00,1.15405,1.1541299999999999,1.1540300000000001,1.15409,51,2,0
2026-04-03 07:10:00,1.15409,1.15414,1.15399,1.1541299999999999,40,2,0
2026-04-03 07:15:00,1.15414,1.15416,1.15409,1.15409,46,2,0
2026-04-03 07:20:00,1.15409,1.1545,1.15408,1.15449,49,2,0
2026-04-03 07:25:00,1.15449,1.15462,1.15429,1.15439,100,2,0
2026-04-03 07:30:00,1.15439,1.15439,1.15424,1.15428,65,2,0
2026-04-03 07:35:00,1.15428,1.1545,1.15425,1.1545,96,2,0
2026-04-03 07:40:00,1.1545,1.15461,1.15443,1.15445,69,2,0
2026-04-03 07:45:00,1.15445,1.15451,1.15436,1.15444,99,2,0
2026-04-03 07:50:00,1.15444,1.15446,1.15439,1.15445,28,2,0
2026-04-03 07:55:00,1.15445,1.15451,1.15425,1.15428,76,2,0
2026-04-03 08:00:00,1.15428,1.15439,1.15418,1.15435,72,2,0
2026-04-03 08:05:00,1.15435,1.15435,1.1541299999999999,1.1541299999999999,43,2,0
2026-04-03 08:10:00,1.1541299999999999,1.15416,1.15411,1.15411,31,2,0
2026-04-03 08:15:00,1.15411,1.15415,1.154,1.15408,46,2,0
2026-04-03 08:20:00,1.15408,1.15419,1.15405,1.15416,49,3,0
2026-04-03 08:25:00,1.15416,1.15426,1.15412,1.15425,61,2,0
2026-04-03 08:30:00,1.15425,1.15432,1.15423,1.15431,54,2,0
2026-04-03 08:35:00,1.15431,1.15436,1.15427,1.1543,47,2,0
2026-04-03 08:40:00,1.1543,1.15445,1.1543,1.15444,45,2,0
2026-04-03 08:45:00,1.15444,1.15452,1.15442,1.15448,34,2,0
2026-04-03 08:50:00,1.15448,1.15448,1.15414,1.15427,67,2,0
2026-04-03 08:55:00,1.15427,1.15436,1.15424,1.1543,66,2,0
2026-04-03 09:00:00,1.1543,1.15438,1.15423,1.15425,73,2,0
2026-04-03 09:05:00,1.15425,1.1545,1.15418,1.1545,75,2,0
2026-04-03 09:10:00,1.1545,1.15454,1.15432,1.15439,46,3,0
2026-04-03 09:15:00,1.15439,1.15449,1.1543700000000001,1.15446,79,2,0
2026-04-03 09:20:00,1.15446,1.15446,1.15433,1.15435,50,2,0
2026-04-03 09:25:00,1.15435,1.15449,1.15434,1.15449,34,3,0
2026-04-03 09:30:00,1.15449,1.15449,1.15428,1.15438,30,2,0
2026-04-03 09:35:00,1.15438,1.15438,1.15427,1.15429,25,2,0
2026-04-03 09:40:00,1.15429,1.15433,1.15423,1.15425,29,2,0
2026-04-03 09:45:00,1.15425,1.15425,1.15405,1.15409,53,2,0
2026-04-03 09:50:00,1.15409,1.15434,1.15409,1.15428,63,2,0
2026-04-03 09:55:00,1.15428,1.15429,1.15415,1.15429,61,2,0
2026-04-03 10:00:00,1.15429,1.15434,1.15423,1.15429,43,2,0
2026-04-03 10:05:00,1.15429,1.15439,1.15429,1.15439,25,2,0
2026-04-03 10:10:00,1.15439,1.15442,1.15432,1.15438,30,2,0
2026-04-03 10:15:00,1.15438,1.15439,1.15427,1.15432,35,2,0
2026-04-03 10:20:00,1.15432,1.15444,1.15432,1.15444,34,2,0
2026-04-03 10:25:00,1.15444,1.1545,1.15441,1.15446,30,2,0
2026-04-03 10:30:00,1.15446,1.15446,1.1543,1.15436,29,2,0
2026-04-03 10:35:00,1.15436,1.1543700000000001,1.15429,1.15429,21,2,0
2026-04-03 10:40:00,1.15429,1.15429,1.15418,1.1542,33,2,0
2026-04-03 10:45:00,1.1542,1.15457,1.1542,1.15445,53,2,0
2026-04-03 10:50:00,1.15445,1.15488,1.15445,1.15482,64,2,0
2026-04-03 10:55:00,1.15482,1.15485,1.1544699999999999,1.1544699999999999,76,2,0
2026-04-03 11:00:00,1.1544699999999999,1.15456,1.1544699999999999,1.15454,69,2,0
2026-04-03 11:05:00,1.15454,1.15463,1.15452,1.15462,44,2,0
2026-04-03 11:10:00,1.15462,1.15467,1.1544,1.15443,74,2,0
2026-04-03 11:15:00,1.15443,1.15443,1.15431,1.15439,72,2,0
2026-04-03 11:20:00,1.15439,1.15451,1.1543,1.15438,99,2,0
2026-04-03 11:25:00,1.15438,1.15438,1.15419,1.15428,82,2,0
2026-04-03 11:30:00,1.15429,1.15442,1.15419,1.15419,65,2,0
2026-04-03 11:35:00,1.15419,1.15424,1.15407,1.15407,59,2,0
2026-04-03 11:40:00,1.15407,1.15429,1.15407,1.15425,52,2,0
2026-04-03 11:45:00,1.15425,1.15445,1.15425,1.1543,84,2,0
2026-04-03 11:50:00,1.1543,1.1544699999999999,1.15428,1.15439,55,2,0
2026-04-03 11:55:00,1.15439,1.15452,1.15433,1.15441,63,2,0
2026-04-03 12:00:00,1.15441,1.15452,1.15435,1.15445,114,2,0
2026-04-03 12:05:00,1.15445,1.15445,1.15409,1.15423,68,2,0
2026-04-03 12:10:00,1.15423,1.15439,1.15415,1.15433,121,2,0
2026-04-03 12:15:00,1.15433,1.15435,1.1541299999999999,1.15425,100,2,0
2026-04-03 12:20:00,1.15425,1.15446,1.15419,1.15438,174,2,0
2026-04-03 12:25:00,1.15438,1.15459,1.15414,1.15424,257,2,0
2026-04-03 12:30:00,1.15424,1.15424,1.15168,1.15282,1239,2,0
2026-04-03 12:35:00,1.15282,1.15311,1.1525400000000001,1.15309,427,2,0
2026-04-03 12:40:00,1.15309,1.1533,1.15293,1.15317,319,2,0
2026-04-03 12:45:00,1.15317,1.15337,1.15285,1.15311,263,2,0
2026-04-03 12:50:00,1.15311,1.1532499999999999,1.1529099999999999,1.15321,194,2,0
2026-04-03 12:55:00,1.15321,1.1532499999999999,1.153,1.15309,135,2,0
2026-04-03 13:00:00,1.15309,1.15334,1.15292,1.15323,237,2,0
2026-04-03 13:05:00,1.15323,1.15334,1.15313,1.15314,103,2,0
2026-04-03 13:10:00,1.15314,1.1538,1.15314,1.15369,206,2,0
2026-04-03 13:15:00,1.15369,1.15385,1.15355,1.15359,103,2,0
2026-04-03 13:20:00,1.15359,1.15365,1.15319,1.15329,91,2,0
2026-04-03 13:25:00,1.15329,1.15329,1.15307,1.1531,144,2,0
2026-04-03 13:30:00,1.1531,1.15326,1.15303,1.15312,116,2,0
2026-04-03 13:35:00,1.15312,1.15324,1.15278,1.15279,126,2,0
2026-04-03 13:40:00,1.15279,1.15307,1.15279,1.15304,108,3,0
2026-04-03 13:45:00,1.15304,1.15338,1.15303,1.1532,118,2,0
2026-04-03 13:50:00,1.1532,1.15324,1.15305,1.15306,119,2,0
2026-04-03 13:55:00,1.15306,1.15356,1.15305,1.15347,124,2,0
2026-04-03 14:00:00,1.15347,1.15364,1.15294,1.15295,213,2,0
2026-04-03 14:05:00,1.15295,1.15316,1.15286,1.15292,152,2,0
2026-04-03 14:10:00,1.15292,1.15292,1.15266,1.15274,129,2,0
2026-04-03 14:15:00,1.15274,1.1528100000000001,1.1526399999999999,1.15273,87,2,0
2026-04-03 14:20:00,1.15273,1.15278,1.15261,1.15262,64,2,0
2026-04-03 14:25:00,1.15262,1.15267,1.15243,1.15265,74,2,0
2026-04-03 14:30:00,1.15263,1.15276,1.15258,1.15258,91,2,0
2026-04-03 14:35:00,1.15259,1.15259,1.15246,1.15248,85,2,0
2026-04-03 14:40:00,1.15248,1.15268,1.15246,1.15258,60,2,0
2026-04-03 14:45:00,1.15258,1.15261,1.15236,1.15243,79,2,0
2026-04-03 14:50:00,1.15243,1.15249,1.15222,1.15222,76,2,0
2026-04-03 14:55:00,1.15222,1.15224,1.15206,1.15208,102,2,0
2026-04-03 15:00:00,1.15208,1.15239,1.15205,1.15238,144,2,0
2026-04-03 15:05:00,1.15238,1.15238,1.15223,1.15224,76,2,0
2026-04-03 15:10:00,1.15224,1.1525400000000001,1.15217,1.15251,138,2,0
2026-04-03 15:15:00,1.15251,1.15275,1.15249,1.1526,341,2,0
2026-04-03 15:20:00,1.1526,1.15261,1.15243,1.15249,577,3,0
2026-04-03 15:25:00,1.1525,1.15252,1.15245,1.15246,180,4,0
2026-04-03 15:30:00,1.15246,1.15253,1.15245,1.1525,130,4,0
2026-04-03 15:35:00,1.1525,1.1525,1.15222,1.15232,186,2,0
2026-04-03 15:40:00,1.15232,1.15237,1.15223,1.15225,122,4,0
2026-04-03 15:45:00,1.15225,1.15236,1.15219,1.15225,233,4,0
2026-04-03 15:50:00,1.15225,1.15239,1.15223,1.15238,120,4,0
2026-04-03 15:55:00,1.15238,1.15238,1.15197,1.15218,281,2,0
2026-04-03 16:00:00,1.15218,1.15222,1.15202,1.15205,324,2,0
2026-04-03 16:05:00,1.15205,1.15206,1.15201,1.15201,90,4,0
2026-04-03 16:10:00,1.15201,1.15216,1.15187,1.15207,314,2,0
2026-04-03 16:15:00,1.15207,1.1521,1.15195,1.15197,204,4,0
2026-04-03 16:20:00,1.15197,1.15204,1.15186,1.15191,161,4,0
2026-04-03 16:25:00,1.15191,1.15201,1.15189,1.15199,37,7,0
2026-04-03 16:30:00,1.15199,1.15208,1.15191,1.15201,144,7,0
2026-04-03 16:35:00,1.15201,1.15208,1.15196,1.15197,196,8,0
2026-04-03 16:40:00,1.15197,1.15202,1.15197,1.15198,90,7,0
2026-04-03 16:45:00,1.15198,1.15214,1.15197,1.15211,147,5,0
2026-04-03 16:50:00,1.15211,1.15213,1.15204,1.15207,67,5,0
2026-04-03 16:55:00,1.15207,1.15209,1.15187,1.15188,85,2,0
2026-04-03 17:00:00,1.15188,1.15201,1.15187,1.15196,208,3,0
2026-04-03 17:05:00,1.15196,1.15204,1.15182,1.15197,214,4,0
2026-04-03 17:10:00,1.15197,1.15204,1.15187,1.15187,75,3,0
2026-04-03 17:15:00,1.15187,1.15205,1.15183,1.15185,357,2,0
2026-04-03 17:20:00,1.15185,1.15201,1.15185,1.15189,215,3,0
2026-04-03 17:25:00,1.15189,1.15192,1.15184,1.15185,53,5,0
2026-04-03 17:30:00,1.15185,1.15195,1.15181,1.15186,129,4,0
2026-04-03 17:35:00,1.15186,1.15212,1.15186,1.15212,303,4,0
2026-04-03 17:40:00,1.15212,1.15216,1.15189,1.15204,145,3,0
2026-04-03 17:45:00,1.15204,1.15206,1.1518,1.1519300000000001,158,4,0
2026-04-03 17:50:00,1.1519300000000001,1.15199,1.15184,1.15191,393,4,0
2026-04-03 17:55:00,1.15191,1.152,1.15191,1.152,56,3,0
2026-04-03 18:00:00,1.152,1.15211,1.15194,1.15204,133,3,0
2026-04-03 18:05:00,1.15206,1.15207,1.15181,1.15189,111,2,0
2026-04-03 18:10:00,1.15189,1.1519300000000001,1.15189,1.15192,32,4,0
2026-04-03 18:15:00,1.1519300000000001,1.15194,1.15192,1.1519300000000001,43,4,0
2026-04-03 18:20:00,1.1519300000000001,1.15194,1.15191,1.15191,25,4,0
2026-04-03 18:25:00,1.15191,1.15191,1.15187,1.1519,67,2,0
2026-04-03 18:30:00,1.1519,1.15191,1.15186,1.15186,63,2,0
2026-04-03 18:35:00,1.15187,1.15189,1.1514,1.1514199999999999,79,2,0
2026-04-03 18:40:00,1.1514199999999999,1.15167,1.15141,1.15145,168,3,0
2026-04-03 18:45:00,1.15145,1.15145,1.15139,1.15143,42,6,0
2026-04-03 18:50:00,1.15143,1.15167,1.15139,1.15157,57,2,0
2026-04-03 18:55:00,1.15157,1.15161,1.15143,1.15144,69,3,0
2026-04-03 19:00:00,1.15144,1.15146,1.1514199999999999,1.15145,12,3,0
2026-04-03 19:05:00,1.15145,1.15146,1.15143,1.15145,28,5,0
2026-04-03 19:10:00,1.15145,1.15155,1.15145,1.15153,31,2,0
2026-04-03 19:15:00,1.15153,1.15153,1.1514199999999999,1.15144,40,6,0
2026-04-03 19:20:00,1.15144,1.15147,1.15144,1.15145,19,4,0
2026-04-03 19:25:00,1.15145,1.15146,1.15144,1.15145,16,4,0
2026-04-03 19:30:00,1.15145,1.15146,1.15144,1.15146,8,2,0
2026-04-03 19:35:00,1.15146,1.15146,1.15144,1.15145,11,4,0
2026-04-03 19:40:00,1.15145,1.15146,1.1514199999999999,1.15143,34,5,0
2026-04-03 19:45:00,1.15143,1.15143,1.15137,1.15141,20,4,0
2026-04-03 19:50:00,1.15141,1.15144,1.1514,1.1514199999999999,18,4,0
2026-04-03 19:55:00,1.1514199999999999,1.15145,1.15133,1.15135,27,2,0
2026-04-03 20:00:00,1.15135,1.1514,1.15135,1.1514,9,10,0
2026-04-03 20:05:00,1.1514,1.15167,1.1514,1.15167,32,9,0
2026-04-03 20:10:00,1.15167,1.15295,1.15136,1.15154,421,12,0
2026-04-03 20:15:00,1.15154,1.1516899999999999,1.15151,1.15168,62,27,0
2026-04-03 20:20:00,1.15168,1.15172,1.15135,1.15153,118,17,0
2026-04-03 20:25:00,1.15152,1.15161,1.15145,1.15145,26,77,0
2026-04-03 20:30:00,1.15145,1.1516899999999999,1.15143,1.15154,48,73,0
2026-04-03 20:35:00,1.15154,1.15161,1.1514199999999999,1.15155,31,67,0
2026-04-03 20:40:00,1.15155,1.15156,1.1510799999999999,1.15118,69,40,0
2026-04-03 20:45:00,1.15118,1.15125,1.15105,1.15119,40,123,0
2026-04-03 20:50:00,1.15119,1.15126,1.15102,1.1512,35,104,0
2026-04-05 21:10:00,1.15186,1.15187,1.15181,1.15181,9,79,0
2026-04-05 21:15:00,1.15181,1.15208,1.1518,1.15208,12,61,0
2026-04-05 21:20:00,1.15208,1.1521,1.15208,1.15209,14,56,0
2026-04-05 21:25:00,1.15209,1.15211,1.15176,1.15181,13,54,0
2026-04-05 21:30:00,1.15181,1.15202,1.15175,1.15202,13,58,0
2026-04-05 21:35:00,1.15202,1.1520299999999999,1.15167,1.15177,64,57,0
2026-04-05 21:40:00,1.15177,1.1518,1.15177,1.1518,10,57,0
2026-04-05 21:45:00,1.1518,1.15181,1.1518,1.1518,7,57,0
2026-04-05 21:50:00,1.1518,1.15183,1.1514,1.15183,13,56,0
2026-04-05 21:55:00,1.15183,1.15188,1.15182,1.15185,12,57,0
2026-04-05 22:00:00,1.15184,1.15185,1.1508,1.15082,199,44,0
2026-04-05 22:05:00,1.15082,1.15099,1.15043,1.15051,219,45,0
2026-04-05 22:10:00,1.15056,1.1509,1.15028,1.1508,621,42,0
2026-04-05 22:15:00,1.1508,1.15105,1.15059,1.15088,681,44,0
2026-04-05 22:20:00,1.15088,1.15106,1.15065,1.15091,530,43,0
2026-04-05 22:25:00,1.15092,1.1509800000000001,1.15072,1.15089,379,44,0
2026-04-05 22:30:00,1.15089,1.15101,1.15074,1.15083,423,43,0
2026-04-05 22:35:00,1.15083,1.15099,1.1507,1.15097,301,49,0
2026-04-05 22:40:00,1.15097,1.15099,1.15082,1.1509,299,43,0
2026-04-05 22:45:00,1.1509,1.15126,1.15089,1.15122,309,42,0
2026-04-05 22:50:00,1.15122,1.15133,1.1511,1.15115,170,43,0
2026-04-05 22:55:00,1.15115,1.15163,1.15112,1.15148,139,3,0
2026-04-05 23:00:00,1.15148,1.15154,1.1512,1.15124,160,3,0
2026-04-05 23:05:00,1.15124,1.15167,1.15124,1.15126,155,2,0
2026-04-05 23:10:00,1.15126,1.15135,1.15115,1.15123,77,2,0
2026-04-05 23:15:00,1.15123,1.15138,1.15113,1.15118,76,2,0
2026-04-05 23:20:00,1.15118,1.15123,1.15107,1.15107,67,2,0
2026-04-05 23:25:00,1.15107,1.15112,1.15092,1.15092,77,2,0
2026-04-05 23:30:00,1.15092,1.15111,1.15092,1.1510799999999999,118,3,0
2026-04-05 23:35:00,1.1510799999999999,1.15115,1.15094,1.15103,86,2,0
2026-04-05 23:40:00,1.15103,1.15103,1.15084,1.15093,73,2,0
2026-04-05 23:45:00,1.15093,1.15118,1.15089,1.15107,95,3,0
2026-04-05 23:50:00,1.15107,1.15107,1.15093,1.15102,53,3,0
2026-04-05 23:55:00,1.15102,1.15112,1.15092,1.15096,116,2,0
2026-04-06 00:00:00,1.15096,1.15136,1.15091,1.15136,344,2,0
2026-04-06 00:05:00,1.15136,1.15163,1.1513,1.15136,271,2,0
2026-04-06 00:10:00,1.15136,1.15155,1.15131,1.15153,167,2,0
2026-04-06 00:15:00,1.15153,1.15154,1.15138,1.15151,282,2,0
2026-04-06 00:20:00,1.15151,1.15183,1.15148,1.15174,242,2,0
2026-04-06 00:25:00,1.15174,1.15174,1.15147,1.15147,158,2,0
2026-04-06 00:30:00,1.15147,1.15165,1.15147,1.15161,189,2,0
2026-04-06 00:35:00,1.15161,1.15172,1.15141,1.15141,217,2,0
2026-04-06 00:40:00,1.15141,1.1516899999999999,1.15137,1.15163,201,2,0
2026-04-06 00:45:00,1.15162,1.15163,1.15127,1.15127,175,2,0
2026-04-06 00:50:00,1.15127,1.15133,1.15115,1.15121,213,2,0
2026-04-06 00:55:00,1.15121,1.1513,1.15107,1.15116,160,2,0
2026-04-06 01:00:00,1.15116,1.1514199999999999,1.15097,1.15099,262,2,0
2026-04-06 01:05:00,1.15099,1.1510799999999999,1.15086,1.15092,181,2,0
2026-04-06 01:10:00,1.15092,1.15103,1.15078,1.15082,145,2,0
2026-04-06 01:15:00,1.15082,1.15099,1.15079,1.15093,74,2,0
2026-04-06 01:20:00,1.15093,1.15116,1.15085,1.15093,106,2,0
2026-04-06 01:25:00,1.15093,1.15113,1.15092,1.15103,212,2,0
2026-04-06 01:30:00,1.15103,1.15109,1.1508,1.15083,160,2,0
2026-04-06 01:35:00,1.15083,1.15092,1.15079,1.15083,124,2,0
2026-04-06 01:40:00,1.15083,1.15092,1.1508099999999999,1.15087,87,2,0
2026-04-06 01:45:00,1.15087,1.15088,1.1508,1.15086,62,2,0
2026-04-06 01:50:00,1.15086,1.15095,1.15078,1.15078,86,2,0
2026-04-06 01:55:00,1.15078,1.1508,1.15062,1.15067,117,2,0
2026-04-06 02:00:00,1.15068,1.1513,1.15067,1.15124,231,2,0
2026-04-06 02:05:00,1.15124,1.15174,1.15112,1.1516899999999999,179,2,0
2026-04-06 02:10:00,1.1516899999999999,1.1522999999999999,1.15165,1.15191,466,2,0
2026-04-06 02:15:00,1.15191,1.15253,1.15182,1.15246,248,2,0
2026-04-06 02:20:00,1.15245,1.15286,1.15235,1.15256,428,2,0
2026-04-06 02:25:00,1.15256,1.15265,1.15231,1.15242,297,2,0
2026-04-06 02:30:00,1.15242,1.15258,1.15224,1.15232,234,2,0
2026-04-06 02:35:00,1.15232,1.15237,1.15205,1.15206,157,2,0
2026-04-06 02:40:00,1.15206,1.15218,1.15201,1.15207,175,2,0
2026-04-06 02:45:00,1.15207,1.15228,1.15204,1.15211,145,2,0
2026-04-06 02:50:00,1.15211,1.15222,1.15206,1.15215,162,2,0
2026-04-06 02:55:00,1.15215,1.15223,1.15204,1.15205,132,2,0
2026-04-06 03:00:00,1.15206,1.15227,1.152,1.15213,215,2,0
2026-04-06 03:05:00,1.15213,1.15215,1.15206,1.15209,120,2,0
2026-04-06 03:10:00,1.15209,1.15217,1.15202,1.15213,105,2,0
2026-04-06 03:15:00,1.15213,1.15225,1.15172,1.15188,209,2,0
2026-04-06 03:20:00,1.15186,1.15226,1.1518,1.15223,251,2,0
2026-04-06 03:25:00,1.15223,1.15231,1.15212,1.15214,131,2,0
2026-04-06 03:30:00,1.15214,1.15217,1.15198,1.1520299999999999,204,2,0
2026-04-06 03:35:00,1.1520299999999999,1.15213,1.1520299999999999,1.1520299999999999,104,2,0
2026-04-06 03:40:00,1.1520299999999999,1.15205,1.15187,1.15199,151,2,0
2026-04-06 03:45:00,1.15199,1.15201,1.15174,1.15177,131,2,0
2026-04-06 03:50:00,1.15177,1.15189,1.15174,1.15179,79,2,0
2026-04-06 03:55:00,1.15179,1.15196,1.15177,1.15189,78,2,0
2026-04-06 04:00:00,1.15189,1.15204,1.15184,1.15201,133,2,0
2026-04-06 04:05:00,1.15201,1.15204,1.1519,1.15198,112,2,0
2026-04-06 04:10:00,1.15198,1.15205,1.15189,1.15201,80,2,0
2026-04-06 04:15:00,1.15201,1.1520299999999999,1.15189,1.1519300000000001,73,2,0
2026-04-06 04:20:00,1.1519300000000001,1.15204,1.1519300000000001,1.15201,85,2,0
2026-04-06 04:25:00,1.15201,1.15212,1.1519300000000001,1.15195,110,2,0
2026-04-06 04:30:00,1.15195,1.15224,1.1519300000000001,1.15221,125,2,0
2026-04-06 04:35:00,1.15221,1.15236,1.1522000000000001,1.15224,89,2,0
2026-04-06 04:40:00,1.15224,1.15227,1.15213,1.15222,103,2,0
2026-04-06 04:45:00,1.15222,1.15238,1.15216,1.15238,69,2,0
2026-04-06 04:50:00,1.15238,1.1525,1.15238,1.15245,51,2,0
2026-04-06 04:55:00,1.15245,1.15249,1.15233,1.15242,53,2,0
2026-04-06 05:00:00,1.15242,1.15245,1.15229,1.15241,115,2,0
2026-04-06 05:05:00,1.15241,1.15255,1.15236,1.15255,92,2,0
2026-04-06 05:10:00,1.15255,1.1526,1.15252,1.15259,106,2,0
2026-04-06 05:15:00,1.15259,1.15285,1.15259,1.15274,56,2,0
2026-04-06 05:20:00,1.15274,1.15296,1.15263,1.15293,80,2,0
2026-04-06 05:25:00,1.15293,1.15293,1.15269,1.1527,81,2,0
2026-04-06 05:30:00,1.15271,1.15272,1.15249,1.15259,201,2,0
2026-04-06 05:35:00,1.15259,1.15275,1.15259,1.15266,88,2,0
2026-04-06 05:40:00,1.15266,1.15266,1.15247,1.15251,132,2,0
2026-04-06 05:45:00,1.15251,1.15259,1.1524,1.15251,147,2,0
2026-04-06 05:50:00,1.15251,1.15271,1.15249,1.1527,75,2,0
2026-04-06 05:55:00,1.1527,1.1527,1.15249,1.15253,82,2,0
2026-04-06 06:00:00,1.15253,1.15258,1.15241,1.15253,161,2,0
2026-04-06 06:05:00,1.15253,1.15277,1.15245,1.15268,200,2,0
2026-04-06 06:10:00,1.15268,1.15274,1.15263,1.15265,114,2,0
2026-04-06 06:15:00,1.15265,1.15269,1.15255,1.1526,167,2,0
2026-04-06 06:20:00,1.1526,1.1526,1.15244,1.15248,109,2,0
2026-04-06 06:25:00,1.15248,1.1525,1.15229,1.15235,103,2,0
2026-04-06 06:30:00,1.15235,1.15237,1.15219,1.15235,110,2,0
2026-04-06 06:35:00,1.15235,1.15235,1.1522000000000001,1.1522999999999999,82,2,0
2026-04-06 06:40:00,1.1522999999999999,1.15266,1.15224,1.1526399999999999,68,2,0
2026-04-06 06:45:00,1.1526399999999999,1.1526399999999999,1.15236,1.15259,108,2,0
2026-04-06 06:50:00,1.15259,1.1537600000000001,1.15251,1.1532499999999999,701,2,0
2026-04-06 06:55:00,1.1532499999999999,1.1533,1.15293,1.15329,262,2,0
2026-04-06 07:00:00,1.15329,1.15344,1.15295,1.15298,264,2,0
2026-04-06 07:05:00,1.15298,1.15299,1.15256,1.15257,204,2,0
2026-04-06 07:10:00,1.15257,1.15301,1.1525400000000001,1.15301,195,2,0
2026-04-06 07:15:00,1.15301,1.15336,1.153,1.15328,179,2,0
2026-04-06 07:20:00,1.15328,1.15338,1.15301,1.15313,148,2,0
2026-04-06 07:25:00,1.15313,1.15346,1.15309,1.15343,176,2,0
2026-04-06 07:30:00,1.15343,1.15404,1.15343,1.1540300000000001,148,2,0
2026-04-06 07:35:00,1.1540300000000001,1.15459,1.15401,1.15453,192,2,0
2026-04-06 07:40:00,1.15453,1.15533,1.15438,1.15521,367,2,0
2026-04-06 07:45:00,1.15521,1.15598,1.15517,1.1559599999999999,352,2,0
2026-04-06 07:50:00,1.1559599999999999,1.15663,1.15594,1.15628,619,2,0
2026-04-06 07:55:00,1.15629,1.15687,1.15629,1.15644,488,2,0
2026-04-06 08:00:00,1.15642,1.15684,1.15642,1.15655,546,2,0
2026-04-06 08:05:00,1.15655,1.1565699999999999,1.15567,1.15576,438,2,0
2026-04-06 08:10:00,1.15577,1.15603,1.15554,1.15586,322,2,0
2026-04-06 08:15:00,1.1559,1.15591,1.15567,1.15567,283,2,0
2026-04-06 08:20:00,1.15567,1.15611,1.15566,1.15607,314,2,0
2026-04-06 08:25:00,1.15607,1.1562999999999999,1.15577,1.1559,330,2,0
2026-04-06 08:30:00,1.1559,1.15612,1.15587,1.1561,265,2,0
2026-04-06 08:35:00,1.1561,1.1562000000000001,1.1559,1.1559300000000001,207,2,0
2026-04-06 08:40:00,1.15592,1.15602,1.15571,1.15574,165,2,0
2026-04-06 08:45:00,1.15574,1.15577,1.15556,1.15567,151,2,0
2026-04-06 08:50:00,1.15567,1.15568,1.15537,1.15547,162,2,0
2026-04-06 08:55:00,1.15547,1.15586,1.15541,1.15552,211,2,0
2026-04-06 09:00:00,1.15552,1.1556899999999999,1.1555,1.15558,254,2,0
2026-04-06 09:05:00,1.15558,1.15579,1.15557,1.15579,194,2,0
2026-04-06 09:10:00,1.15579,1.15581,1.15552,1.15554,152,2,0
2026-04-06 09:15:00,1.15554,1.15557,1.15538,1.15551,190,2,0
2026-04-06 09:20:00,1.15551,1.15577,1.15547,1.15566,158,2,0
2026-04-06 09:25:00,1.15566,1.15573,1.15556,1.15557,184,2,0
2026-04-06 09:30:00,1.15557,1.15567,1.15548,1.15549,210,2,0
2026-04-06 09:35:00,1.15549,1.15574,1.15541,1.15563,227,2,0
2026-04-06 09:40:00,1.15563,1.1557,1.15549,1.15552,105,2,0
2026-04-06 09:45:00,1.15552,1.15588,1.15552,1.15577,125,2,0
2026-04-06 09:50:00,1.15577,1.15602,1.1550799999999999,1.1551,475,2,0
2026-04-06 09:55:00,1.1551,1.15515,1.15472,1.15503,478,2,0
2026-04-06 10:00:00,1.15503,1.15525,1.15492,1.15522,441,2,0
2026-04-06 10:05:00,1.15522,1.15533,1.1551,1.15529,137,2,0
2026-04-06 10:10:00,1.15529,1.15543,1.15501,1.15512,206,2,0
2026-04-06 10:15:00,1.15512,1.15514,1.15482,1.15492,195,2,0
2026-04-06 10:20:00,1.15492,1.15512,1.15488,1.15502,109,2,0
2026-04-06 10:25:00,1.15502,1.15503,1.15472,1.15477,133,2,0
2026-04-06 10:30:00,1.15477,1.15488,1.15463,1.15488,160,2,0
2026-04-06 10:35:00,1.15488,1.15501,1.15482,1.15488,75,2,0
2026-04-06 10:40:00,1.15488,1.15514,1.15488,1.15509,122,2,0
2026-04-06 10:45:00,1.15509,1.15511,1.15374,1.15497,719,2,0
2026-04-06 10:50:00,1.15497,1.15506,1.15475,1.15476,263,2,0
2026-04-06 10:55:00,1.15476,1.15501,1.15476,1.15479,189,2,0
2026-04-06 11:00:00,1.15479,1.15499,1.15469,1.15493,260,2,0
2026-04-06 11:05:00,1.15493,1.15495,1.1547399999999999,1.15483,124,2,0
2026-04-06 11:10:00,1.15483,1.15488,1.15422,1.15428,237,2,0
2026-04-06 11:15:00,1.15428,1.15449,1.15424,1.15428,249,2,0
2026-04-06 11:20:00,1.15428,1.1543700000000001,1.15402,1.15408,205,2,0
2026-04-06 11:25:00,1.15408,1.15431,1.15401,1.1543,127,2,0
2026-04-06 11:30:00,1.1543,1.15439,1.15425,1.15432,87,2,0
2026-04-06 11:35:00,1.15432,1.15444,1.15416,1.15444,100,2,0
2026-04-06 11:40:00,1.15444,1.15459,1.15431,1.15435,105,2,0
2026-04-06 11:45:00,1.15435,1.15475,1.15435,1.1547,141,2,0
2026-04-06 11:50:00,1.15469,1.15477,1.15453,1.1546,112,2,0
2026-04-06 11:55:00,1.1546,1.15465,1.1545,1.15455,163,2,0
2026-04-06 12:00:00,1.15456,1.1548,1.1544699999999999,1.15461,162,2,0
2026-04-06 12:05:00,1.15461,1.15483,1.15456,1.15469,172,2,0
2026-04-06 12:10:00,1.15469,1.15469,1.15443,1.15456,144,2,0
2026-04-06 12:15:00,1.15456,1.15463,1.15442,1.1544699999999999,184,2,0
2026-04-06 12:20:00,1.1544699999999999,1.1544699999999999,1.15426,1.15444,149,2,0
2026-04-06 12:25:00,1.15444,1.15465,1.1544,1.1546,152,2,0
2026-04-06 12:30:00,1.1546,1.15487,1.15459,1.15486,161,2,0
2026-04-06 12:35:00,1.15486,1.15526,1.1548,1.15518,135,2,0
2026-04-06 12:40:00,1.15518,1.15519,1.15499,1.15514,173,2,0
2026-04-06 12:45:00,1.15514,1.15539,1.15512,1.15524,230,2,0
2026-04-06 12:50:00,1.15524,1.15545,1.15513,1.15543,206,2,0
2026-04-06 12:55:00,1.15543,1.15545,1.15526,1.15533,195,2,0
2026-04-06 13:00:00,1.15533,1.15542,1.15515,1.15519,261,2,0
2026-04-06 13:05:00,1.15519,1.15547,1.15492,1.15545,306,2,0
2026-04-06 13:10:00,1.15545,1.1556,1.15533,1.15554,143,2,0
2026-04-06 13:15:00,1.15554,1.15556,1.1554,1.1554,161,2,0
2026-04-06 13:20:00,1.1554,1.1555900000000001,1.1554,1.15555,182,2,0
2026-04-06 13:25:00,1.15555,1.15572,1.15545,1.15572,161,2,0
2026-04-06 13:30:00,1.15572,1.156,1.15562,1.15575,413,2,0
2026-04-06 13:35:00,1.15575,1.1559,1.1556,1.15565,302,2,0
2026-04-06 13:40:00,1.15565,1.15579,1.15556,1.1555900000000001,328,2,0
2026-04-06 13:45:00,1.1555900000000001,1.15586,1.15551,1.15557,222,2,0
2026-04-06 13:50:00,1.15557,1.15601,1.15551,1.15595,264,2,0
2026-04-06 13:55:00,1.1559599999999999,1.15612,1.15576,1.1559599999999999,266,2,0
2026-04-06 14:00:00,1.1559599999999999,1.15661,1.15565,1.15567,694,2,0
2026-04-06 14:05:00,1.15567,1.1558,1.15542,1.15555,563,2,0
2026-04-06 14:10:00,1.15555,1.15587,1.15543,1.15584,492,2,0
2026-04-06 14:15:00,1.15584,1.15629,1.15579,1.15621,538,2,0
2026-04-06 14:20:00,1.15621,1.1565699999999999,1.15604,1.15644,468,2,0
2026-04-06 14:25:00,1.15644,1.15671,1.15632,1.1565400000000001,483,2,0
2026-04-06 14:30:00,1.15655,1.15692,1.15651,1.1569,363,2,0
2026-04-06 14:35:00,1.1569,1.15716,1.15529,1.15628,1023,2,0
2026-04-06 14:40:00,1.15628,1.15671,1.15621,1.15621,700,2,0
2026-04-06 14:45:00,1.15621,1.15626,1.15547,1.15558,742,2,0
2026-04-06 14:50:00,1.15558,1.1558,1.15478,1.1549,654,2,0
2026-04-06 14:55:00,1.1549,1.1549800000000001,1.15425,1.15431,1056,2,0
2026-04-06 15:00:00,1.15431,1.15434,1.15383,1.1540300000000001,770,2,0
2026-04-06 15:05:00,1.1540300000000001,1.15422,1.15392,1.1542,349,2,0
2026-04-06 15:10:00,1.1542,1.15426,1.15372,1.1537600000000001,567,2,0
2026-04-06 15:15:00,1.15375,1.15397,1.15353,1.15385,410,2,0
2026-04-06 15:20:00,1.15385,1.1542,1.15383,1.15412,293,2,0
2026-04-06 15:25:00,1.15412,1.15412,1.15395,1.154,311,2,0
2026-04-06 15:30:00,1.154,1.1540300000000001,1.15363,1.15388,280,2,0
2026-04-06 15:35:00,1.15388,1.15414,1.15387,1.1541,150,2,0
2026-04-06 15:40:00,1.1541,1.15416,1.15395,1.15404,227,2,0
2026-04-06 15:45:00,1.1540300000000001,1.15421,1.15387,1.15401,267,2,0
2026-04-06 15:50:00,1.15401,1.15421,1.1539,1.15419,196,2,0
2026-04-06 15:55:00,1.15419,1.15442,1.15415,1.15441,161,2,0
2026-04-06 16:00:00,1.15441,1.15467,1.1544,1.15455,264,2,0
2026-04-06 16:05:00,1.15455,1.15461,1.15444,1.15454,284,2,0
2026-04-06 16:10:00,1.15454,1.15476,1.15454,1.1547,219,2,0
2026-04-06 16:15:00,1.1547,1.1547,1.15451,1.15455,134,2,0
2026-04-06 16:20:00,1.15455,1.15456,1.15421,1.1543,158,2,0
2026-04-06 16:25:00,1.1543,1.15462,1.1543,1.15462,106,2,0
2026-04-06 16:30:00,1.15462,1.15462,1.1543700000000001,1.1544699999999999,181,2,0
2026-04-06 16:35:00,1.1544699999999999,1.15475,1.15445,1.1546,165,2,0
2026-04-06 16:40:00,1.1546,1.1548,1.15452,1.15465,159,2,0
2026-04-06 16:45:00,1.15464,1.15467,1.15446,1.1546,174,2,0
2026-04-06 16:50:00,1.1546,1.15476,1.15444,1.15448,289,2,0
2026-04-06 16:55:00,1.15448,1.15454,1.15426,1.15449,419,2,0
2026-04-06 17:00:00,1.15449,1.15449,1.1538599999999999,1.15392,465,2,0
2026-04-06 17:05:00,1.15391,1.15401,1.1536,1.1537,334,2,0
2026-04-06 17:10:00,1.1537,1.15387,1.1535,1.15363,612,2,0
2026-04-06 17:15:00,1.15363,1.15381,1.1534,1.15381,423,2,0
2026-04-06 17:20:00,1.15381,1.15433,1.15373,1.15422,288,2,0
2026-04-06 17:25:00,1.15422,1.15441,1.15418,1.15435,290,2,0
2026-04-06 17:30:00,1.15435,1.15488,1.1543,1.15461,316,2,0
2026-04-06 17:35:00,1.15461,1.15463,1.15435,1.15444,300,2,0
2026-04-06 17:40:00,1.15444,1.15444,1.15407,1.15424,243,2,0
2026-04-06 17:45:00,1.15425,1.15431,1.15401,1.1541,303,2,0
2026-04-06 17:50:00,1.1541,1.15431,1.15407,1.1543,196,2,0
2026-04-06 17:55:00,1.1543,1.15441,1.1541299999999999,1.1541299999999999,258,2,0
2026-04-06 18:00:00,1.1541299999999999,1.1544,1.15395,1.15425,425,2,0
2026-04-06 18:05:00,1.15423,1.15443,1.15415,1.15442,379,2,0
2026-04-06 18:10:00,1.15442,1.15511,1.15442,1.15481,850,2,0
2026-04-06 18:15:00,1.1548,1.15515,1.15477,1.15506,648,2,0
2026-04-06 18:20:00,1.15506,1.15524,1.15495,1.155,384,2,0
2026-04-06 18:25:00,1.155,1.15518,1.15485,1.15504,468,2,0
2026-04-06 18:30:00,1.15504,1.15518,1.15472,1.15487,343,2,0
2026-04-06 18:35:00,1.15487,1.1549800000000001,1.1545,1.15451,217,2,0
2026-04-06 18:40:00,1.15451,1.15465,1.15443,1.15445,276,2,0
2026-04-06 18:45:00,1.15445,1.1546,1.15436,1.15451,242,2,0
2026-04-06 18:50:00,1.15451,1.15467,1.1545,1.15454,170,2,0
2026-04-06 18:55:00,1.15454,1.15465,1.15444,1.15456,343,2,0
2026-04-06 19:00:00,1.15456,1.15461,1.15434,1.15452,179,2,0
2026-04-06 19:05:00,1.15452,1.15467,1.15443,1.15445,182,2,0
2026-04-06 19:10:00,1.15445,1.15449,1.15436,1.1544699999999999,139,2,0
2026-04-06 19:15:00,1.1544699999999999,1.15456,1.1543,1.15432,65,2,0
2026-04-06 19:20:00,1.15432,1.15435,1.1542,1.15421,73,2,0
2026-04-06 19:25:00,1.15421,1.15427,1.15415,1.15421,101,2,0
2026-04-06 19:30:00,1.15421,1.15432,1.15406,1.15417,118,2,0
2026-04-06 19:35:00,1.15417,1.1543,1.15414,1.15429,103,2,0
2026-04-06 19:40:00,1.15429,1.15438,1.15427,1.1543700000000001,47,2,0
2026-04-06 19:45:00,1.1543700000000001,1.15455,1.15435,1.15454,58,2,0
2026-04-06 19:50:00,1.15454,1.15467,1.15433,1.15438,130,2,0
2026-04-06 19:55:00,1.15438,1.15454,1.15427,1.15427,65,2,0
2026-04-06 20:00:00,1.15427,1.15434,1.15421,1.15423,97,2,0
2026-04-06 20:05:00,1.15423,1.15425,1.15414,1.15414,93,2,0
2026-04-06 20:10:00,1.1541299999999999,1.15418,1.15407,1.15417,113,2,0
2026-04-06 20:15:00,1.15417,1.15431,1.15415,1.1543,39,2,0
2026-04-06 20:20:00,1.1543,1.15443,1.15429,1.15442,36,2,0
2026-04-06 20:25:00,1.15442,1.15444,1.15428,1.15432,65,2,0
2026-04-06 20:30:00,1.15432,1.1543700000000001,1.15428,1.15432,80,2,0
2026-04-06 20:35:00,1.15432,1.15433,1.1542,1.15426,81,3,0
2026-04-06 20:40:00,1.15426,1.15433,1.15425,1.15432,96,3,0
2026-04-06 20:45:00,1.15432,1.1543700000000001,1.15428,1.1543,105,2,0
2026-04-06 20:50:00,1.1543,1.1543700000000001,1.1542,1.15421,128,2,0
2026-04-06 20:55:00,1.15421,1.1543,1.15387,1.15396,255,5,0
2026-04-06 21:00:00,1.15354,1.15354,1.15321,1.15354,7,121,0
2026-04-06 21:05:00,1.15354,1.15368,1.15354,1.15367,8,93,0
2026-04-06 21:10:00,1.15371,1.15401,1.15368,1.15382,71,69,0
2026-04-06 21:15:00,1.15375,1.15384,1.15374,1.15379,41,93,0
2026-04-06 21:20:00,1.15379,1.15379,1.15374,1.15378,48,96,0
2026-04-06 21:25:00,1.15378,1.1538,1.15366,1.15367,45,91,0
2026-04-06 21:30:00,1.15367,1.15406,1.15367,1.15406,55,71,0
2026-04-06 21:35:00,1.15406,1.1541,1.15406,1.15409,19,64,0
2026-04-06 21:40:00,1.1541,1.1541,1.15404,1.15406,34,67,0
2026-04-06 21:45:00,1.15406,1.15408,1.15373,1.1537600000000001,38,68,0
2026-04-06 21:50:00,1.1537600000000001,1.15388,1.15375,1.15382,32,65,0
2026-04-06 21:55:00,1.15382,1.15392,1.1537,1.15384,58,75,0
2026-04-06 22:00:00,1.15384,1.15452,1.15374,1.15451,125,42,0
2026-04-06 22:05:00,1.15451,1.15475,1.15449,1.15459,36,5,0
2026-04-06 22:10:00,1.15459,1.15464,1.1544699999999999,1.1545,43,6,0
2026-04-06 22:15:00,1.1545,1.15464,1.15444,1.15457,38,3,0
2026-04-06 22:20:00,1.15457,1.15459,1.15433,1.15438,110,2,0
2026-04-06 22:25:00,1.15438,1.15442,1.15435,1.15441,46,5,0
2026-04-06 22:30:00,1.15441,1.1545,1.15433,1.1544,109,4,0
2026-04-06 22:35:00,1.1544,1.15446,1.15436,1.15442,49,5,0
2026-04-06 22:40:00,1.15442,1.15445,1.15432,1.15432,148,4,0
2026-04-06 22:45:00,1.15432,1.15441,1.1543,1.15435,54,4,0
2026-04-06 22:50:00,1.15435,1.1544,1.1543,1.15431,59,3,0
2026-04-06 22:55:00,1.15431,1.15436,1.1542,1.15425,52,3,0
2026-04-06 23:00:00,1.15425,1.15431,1.1542,1.15429,80,3,0
2026-04-06 23:05:00,1.15429,1.15431,1.1542,1.15426,82,2,0
2026-04-06 23:10:00,1.15426,1.15431,1.15425,1.15428,75,3,0
2026-04-06 23:15:00,1.15428,1.15429,1.15423,1.15424,46,2,0
2026-04-06 23:20:00,1.15424,1.15427,1.15416,1.15416,28,3,0
2026-04-06 23:25:00,1.15416,1.15418,1.1540300000000001,1.15404,39,2,0
2026-04-06 23:30:00,1.15404,1.15407,1.15401,1.15401,83,3,0
2026-04-06 23:35:00,1.15401,1.15402,1.15397,1.15402,21,2,0
2026-04-06 23:40:00,1.15402,1.15406,1.1538599999999999,1.15402,73,2,0
2026-04-06 23:45:00,1.15402,1.15419,1.15402,1.1541299999999999,75,2,0
2026-04-06 23:50:00,1.1541299999999999,1.15423,1.15407,1.1541,66,2,0
2026-04-06 23:55:00,1.1541,1.15412,1.15404,1.15407,49,2,0
2026-04-07 00:00:00,1.15407,1.15408,1.1538,1.15389,176,2,0
2026-04-07 00:05:00,1.15389,1.15405,1.15382,1.15404,130,2,0
2026-04-07 00:10:00,1.15404,1.15419,1.15394,1.15417,156,2,0
2026-04-07 00:15:00,1.15417,1.15438,1.15414,1.15414,359,2,0
2026-04-07 00:20:00,1.15414,1.15426,1.15402,1.1540300000000001,181,2,0
2026-04-07 00:25:00,1.1540300000000001,1.15414,1.15399,1.15402,84,2,0
2026-04-07 00:30:00,1.15402,1.15409,1.1539,1.15398,103,2,0
2026-04-07 00:35:00,1.15398,1.1540300000000001,1.15365,1.1537,85,2,0
2026-04-07 00:40:00,1.1537,1.1539,1.1537,1.15378,94,2,0
2026-04-07 00:45:00,1.15378,1.15389,1.15378,1.15389,83,2,0
2026-04-07 00:50:00,1.15389,1.15397,1.15383,1.15387,126,2,0
2026-04-07 00:55:00,1.15387,1.15392,1.15373,1.15373,131,2,0
2026-04-07 01:00:00,1.15374,1.15401,1.15357,1.15399,331,2,0
2026-04-07 01:05:00,1.15399,1.154,1.15359,1.15362,240,2,0
2026-04-07 01:10:00,1.15362,1.15369,1.1535,1.15358,238,2,0
2026-04-07 01:15:00,1.15358,1.15374,1.15355,1.1537,183,2,0
2026-04-07 01:20:00,1.1537,1.15372,1.1535199999999999,1.15357,191,2,0
2026-04-07 01:25:00,1.15357,1.15363,1.15347,1.15362,108,2,0
2026-04-07 01:30:00,1.15362,1.15367,1.15354,1.15357,111,2,0
2026-04-07 01:35:00,1.15357,1.15362,1.15304,1.1531500000000001,223,2,0
2026-04-07 01:40:00,1.1531500000000001,1.1531500000000001,1.15298,1.15305,285,2,0
2026-04-07 01:45:00,1.15305,1.15312,1.15298,1.15299,163,2,0
2026-04-07 01:50:00,1.15299,1.15299,1.15271,1.15279,201,2,0
2026-04-07 01:55:00,1.15279,1.153,1.15272,1.153,179,2,0
2026-04-07 02:00:00,1.153,1.15303,1.15289,1.1529,177,2,0
2026-04-07 02:05:00,1.1529,1.15296,1.15241,1.15269,255,2,0
2026-04-07 02:10:00,1.15269,1.15284,1.15265,1.15272,172,2,0
2026-04-07 02:15:00,1.15272,1.15272,1.15259,1.15265,212,2,0
2026-04-07 02:20:00,1.15265,1.15293,1.15259,1.15284,117,2,0
2026-04-07 02:25:00,1.15284,1.15296,1.15277,1.15292,88,2,0
2026-04-07 02:30:00,1.15292,1.15296,1.15283,1.15295,83,2,0
2026-04-07 02:35:00,1.15295,1.15303,1.1529,1.15303,59,2,0
2026-04-07 02:40:00,1.15303,1.15307,1.15297,1.15304,40,2,0
2026-04-07 02:45:00,1.15304,1.15319,1.15299,1.15314,71,2,0
2026-04-07 02:50:00,1.15314,1.15319,1.15296,1.15296,41,2,0
2026-04-07 02:55:00,1.15296,1.15301,1.15288,1.15296,70,2,0
2026-04-07 03:00:00,1.15296,1.15317,1.15296,1.1531,53,2,0
2026-04-07 03:05:00,1.1531,1.15312,1.15296,1.15307,51,2,0
2026-04-07 03:10:00,1.15307,1.1532,1.15304,1.15304,40,2,0
2026-04-07 03:15:00,1.15304,1.15307,1.15287,1.15287,60,2,0
2026-04-07 03:20:00,1.15287,1.15305,1.15287,1.15302,75,2,0
2026-04-07 03:25:00,1.15302,1.1531,1.15293,1.15306,95,2,0
2026-04-07 03:30:00,1.15306,1.15312,1.15304,1.1531,69,2,0
2026-04-07 03:35:00,1.1531,1.15322,1.15302,1.15322,41,2,0
2026-04-07 03:40:00,1.15322,1.15338,1.15322,1.15338,54,2,0
2026-04-07 03:45:00,1.15338,1.15344,1.15338,1.1534200000000001,30,2,0
2026-04-07 03:50:00,1.1534200000000001,1.15345,1.15333,1.15334,39,2,0
2026-04-07 03:55:00,1.15334,1.15346,1.15334,1.15343,35,2,0
2026-04-07 04:00:00,1.15343,1.15358,1.15338,1.15344,69,2,0
2026-04-07 04:05:00,1.15344,1.15344,1.15328,1.15335,83,2,0
2026-04-07 04:10:00,1.15335,1.15348,1.15333,1.15333,37,2,0
2026-04-07 04:15:00,1.15333,1.1534200000000001,1.15332,1.15335,55,2,0
2026-04-07 04:20:00,1.15335,1.15344,1.15333,1.1534,77,2,0
2026-04-07 04:25:00,1.1534,1.15349,1.15337,1.15344,120,2,0
2026-04-07 04:30:00,1.15344,1.15362,1.15344,1.15359,124,2,0
2026-04-07 04:35:00,1.15359,1.15362,1.15341,1.15343,100,2,0
2026-04-07 04:40:00,1.15343,1.15358,1.15343,1.15358,102,2,0
2026-04-07 04:45:00,1.15358,1.15381,1.15355,1.15377,89,2,0
2026-04-07 04:50:00,1.15377,1.15387,1.15371,1.1537600000000001,87,2,0
2026-04-07 04:55:00,1.1537600000000001,1.1538599999999999,1.1537600000000001,1.15382,65,2,0
2026-04-07 05:00:00,1.15382,1.15396,1.15367,1.15383,148,2,0
2026-04-07 05:05:00,1.15383,1.15392,1.15372,1.15374,95,2,0
2026-04-07 05:10:00,1.15374,1.15382,1.15372,1.15372,69,2,0
2026-04-07 05:15:00,1.15372,1.15382,1.15369,1.1538,90,2,0
2026-04-07 05:20:00,1.1538,1.15392,1.15361,1.15362,90,2,0
2026-04-07 05:25:00,1.15362,1.15372,1.1535199999999999,1.1536,153,2,0
2026-04-07 05:30:00,1.1536,1.15366,1.15341,1.15355,217,2,0
2026-04-07 05:35:00,1.15355,1.1537600000000001,1.1535199999999999,1.15375,171,2,0
2026-04-07 05:40:00,1.15375,1.1537600000000001,1.15303,1.15303,253,2,0
2026-04-07 05:45:00,1.15303,1.15321,1.15301,1.15312,176,2,0
2026-04-07 05:50:00,1.15312,1.15333,1.15312,1.15329,169,2,0
2026-04-07 05:55:00,1.15329,1.15354,1.15326,1.15353,148,2,0
2026-04-07 06:00:00,1.15353,1.15367,1.1534,1.15362,285,2,0
2026-04-07 06:05:00,1.15362,1.1538,1.15358,1.15363,192,2,0
2026-04-07 06:10:00,1.15363,1.15364,1.15341,1.15348,221,2,0
2026-04-07 06:15:00,1.15348,1.1535,1.15328,1.15332,226,2,0
2026-04-07 06:20:00,1.15332,1.15339,1.1532499999999999,1.15337,216,2,0
2026-04-07 06:25:00,1.15337,1.15391,1.15337,1.15373,240,2,0
2026-04-07 06:30:00,1.15373,1.15393,1.15367,1.15387,214,2,0
2026-04-07 06:35:00,1.15387,1.15421,1.1538599999999999,1.15416,188,2,0
2026-04-07 06:40:00,1.15416,1.15454,1.1541299999999999,1.15442,231,2,0
2026-04-07 06:45:00,1.15442,1.15443,1.15409,1.15423,316,2,0
2026-04-07 06:50:00,1.15423,1.15442,1.15416,1.15422,198,2,0
2026-04-07 06:55:00,1.15422,1.1544699999999999,1.15409,1.15446,170,2,0
2026-04-07 07:00:00,1.15446,1.15455,1.15419,1.15427,248,2,0
2026-04-07 07:05:00,1.15427,1.15427,1.15367,1.15398,294,2,0
2026-04-07 07:10:00,1.15398,1.1541299999999999,1.15377,1.1541299999999999,164,2,0
2026-04-07 07:15:00,1.1541299999999999,1.1543700000000001,1.15397,1.1542,160,2,0
2026-04-07 07:20:00,1.1542,1.15436,1.15405,1.15435,171,2,0
2026-04-07 07:25:00,1.15435,1.15443,1.15384,1.1538599999999999,203,2,0
2026-04-07 07:30:00,1.1538599999999999,1.15417,1.1538599999999999,1.1541,182,2,0
2026-04-07 07:35:00,1.1541,1.1544699999999999,1.1541,1.1544699999999999,95,2,0
2026-04-07 07:40:00,1.1544699999999999,1.1544699999999999,1.1542,1.15445,129,2,0
2026-04-07 07:45:00,1.15445,1.1546,1.15433,1.15446,162,2,0
2026-04-07 07:50:00,1.15446,1.1544699999999999,1.15411,1.15411,193,2,0
2026-04-07 07:55:00,1.15411,1.15432,1.15396,1.15426,207,2,0
2026-04-07 08:00:00,1.15426,1.15669,1.15418,1.15497,1177,2,0
2026-04-07 08:05:00,1.1549800000000001,1.15561,1.15482,1.15543,685,2,0
2026-04-07 08:10:00,1.15543,1.15679,1.15531,1.15659,913,2,0
2026-04-07 08:15:00,1.15659,1.15659,1.15589,1.15623,674,2,0
2026-04-07 08:20:00,1.15623,1.15658,1.15602,1.15611,656,2,0
2026-04-07 08:25:00,1.15611,1.15621,1.15572,1.15609,482,2,0
2026-04-07 08:30:00,1.15612,1.15658,1.15591,1.15632,473,2,0
2026-04-07 08:35:00,1.15632,1.15659,1.15627,1.15652,498,2,0
2026-04-07 08:40:00,1.15649,1.15684,1.15616,1.15673,376,2,0
2026-04-07 08:45:00,1.15673,1.15702,1.15643,1.15653,414,2,0
2026-04-07 08:50:00,1.15653,1.15699,1.15648,1.15694,287,2,0
2026-04-07 08:55:00,1.15694,1.15755,1.15687,1.15734,322,2,0
2026-04-07 09:00:00,1.15734,1.15753,1.15708,1.1571,307,2,0
2026-04-07 09:05:00,1.15709,1.15725,1.15695,1.15708,334,2,0
2026-04-07 09:10:00,1.15708,1.15719,1.15692,1.15692,292,2,0
2026-04-07 09:15:00,1.15692,1.15719,1.15673,1.15717,383,2,0
2026-04-07 09:20:00,1.15717,1.15735,1.157,1.15716,290,2,0
2026-04-07 09:25:00,1.15716,1.1571799999999999,1.1565400000000001,1.15689,467,2,0
2026-04-07 09:30:00,1.15689,1.15727,1.15679,1.15723,355,2,0
2026-04-07 09:35:00,1.15723,1.15726,1.15689,1.1569099999999999,336,2,0
2026-04-07 09:40:00,1.1569099999999999,1.15692,1.15658,1.15658,295,2,0
2026-04-07 09:45:00,1.15658,1.1566,1.15633,1.15644,246,2,0
2026-04-07 09:50:00,1.15644,1.15653,1.15631,1.15636,252,2,0
2026-04-07 09:55:00,1.15636,1.15643,1.15622,1.15627,248,2,0
2026-04-07 10:00:00,1.15627,1.15636,1.15601,1.15616,317,2,0
2026-04-07 10:05:00,1.15616,1.15633,1.15513,1.15582,572,2,0
2026-04-07 10:10:00,1.15581,1.15614,1.15546,1.15606,847,2,0
2026-04-07 10:15:00,1.15606,1.15628,1.15582,1.1559300000000001,343,2,0
2026-04-07 10:20:00,1.1559300000000001,1.15594,1.15543,1.15547,405,2,0
2026-04-07 10:25:00,1.15547,1.15564,1.15456,1.15551,1231,2,0
2026-04-07 10:30:00,1.15551,1.15567,1.15543,1.15566,406,2,0
2026-04-07 10:35:00,1.15566,1.15587,1.1554,1.15551,499,2,0
2026-04-07 10:40:00,1.15551,1.15552,1.15465,1.15528,684,2,0
2026-04-07 10:45:00,1.15528,1.15531,1.15493,1.15493,508,2,0
2026-04-07 10:50:00,1.15493,1.15514,1.15481,1.1549,404,2,0
2026-04-07 10:55:00,1.1549,1.15544,1.15489,1.15541,321,2,0
2026-04-07 11:00:00,1.15542,1.15542,1.15506,1.15507,432,2,0
2026-04-07 11:05:00,1.15505,1.15519,1.15484,1.15496,337,2,0
2026-04-07 11:10:00,1.15496,1.15499,1.15479,1.15489,212,2,0
2026-04-07 11:15:00,1.15489,1.15523,1.15489,1.15518,268,2,0
2026-04-07 11:20:00,1.15518,1.15546,1.15509,1.15528,326,2,0
2026-04-07 11:25:00,1.15528,1.15567,1.15528,1.15538,223,2,0
2026-04-07 11:30:00,1.15538,1.15539,1.15505,1.15524,224,2,0
2026-04-07 11:35:00,1.15524,1.15597,1.1552,1.1555900000000001,504,2,0
2026-04-07 11:40:00,1.1555900000000001,1.1562000000000001,1.15544,1.15619,340,2,0
2026-04-07 11:45:00,1.15619,1.15619,1.15583,1.15583,238,2,0
2026-04-07 11:50:00,1.15583,1.15583,1.1557,1.15574,200,2,0
2026-04-07 11:55:00,1.15574,1.15599,1.15565,1.15599,219,2,0
2026-04-07 12:00:00,1.15599,1.15618,1.15591,1.15605,258,2,0
2026-04-07 12:05:00,1.15606,1.1565699999999999,1.15539,1.15564,933,2,0
2026-04-07 12:10:00,1.15564,1.15576,1.1554,1.15558,546,2,0
2026-04-07 12:15:00,1.15558,1.15614,1.15538,1.15598,567,2,0
2026-04-07 12:20:00,1.15598,1.15641,1.15594,1.15594,539,2,0
2026-04-07 12:25:00,1.15594,1.15623,1.15594,1.15609,246,2,0
2026-04-07 12:30:00,1.15609,1.15639,1.15601,1.15626,291,2,0
2026-04-07 12:35:00,1.15626,1.15663,1.15614,1.1565699999999999,216,2,0
2026-04-07 12:40:00,1.1565699999999999,1.1567,1.15638,1.15645,177,2,0
2026-04-07 12:45:00,1.15645,1.15648,1.15589,1.1559,177,2,0
2026-04-07 12:50:00,1.15591,1.15648,1.15574,1.15633,322,2,0
2026-04-07 12:55:00,1.15633,1.15697,1.15602,1.15602,669,2,0
2026-04-07 13:00:00,1.15602,1.15643,1.15592,1.15629,437,2,0
2026-04-07 13:05:00,1.15629,1.15647,1.15613,1.15617,330,2,0
2026-04-07 13:10:00,1.15617,1.15635,1.15587,1.15628,375,2,0
2026-04-07 13:15:00,1.15628,1.15644,1.15604,1.15628,316,2,0
2026-04-07 13:20:00,1.15628,1.15649,1.15623,1.1564,297,2,0
2026-04-07 13:25:00,1.1564,1.15648,1.15591,1.15597,354,2,0
2026-04-07 13:30:00,1.1559599999999999,1.15619,1.1555900000000001,1.15586,552,2,0
2026-04-07 13:35:00,1.15588,1.1564,1.15576,1.15585,538,2,0
2026-04-07 13:40:00,1.15584,1.15612,1.15571,1.156,480,2,0
2026-04-07 13:45:00,1.156,1.15647,1.15594,1.15643,369,2,0
2026-04-07 13:50:00,1.15643,1.15647,1.15614,1.1564,461,2,0
2026-04-07 13:55:00,1.1564,1.15648,1.15627,1.15636,352,2,0
2026-04-07 14:00:00,1.15636,1.15648,1.15589,1.15598,444,2,0
2026-04-07 14:05:00,1.15598,1.15665,1.1559300000000001,1.15629,522,2,0
2026-04-07 14:10:00,1.15629,1.15642,1.156,1.1562000000000001,440,2,0
2026-04-07 14:15:00,1.1562000000000001,1.15625,1.15583,1.15625,410,2,0
2026-04-07 14:20:00,1.15624,1.15728,1.15622,1.15707,606,2,0
2026-04-07 14:25:00,1.15705,1.15731,1.15694,1.15722,489,2,0
2026-04-07 14:30:00,1.15723,1.15784,1.15711,1.15774,594,2,0
2026-04-07 14:35:00,1.15774,1.15812,1.15732,1.15779,653,2,0
2026-04-07 14:40:00,1.15779,1.15798,1.15765,1.15785,444,2,0
2026-04-07 14:45:00,1.15785,1.15834,1.15748,1.15779,767,2,0
2026-04-07 14:50:00,1.15779,1.15795,1.15749,1.1575,555,2,0
2026-04-07 14:55:00,1.1575,1.15762,1.1571,1.15719,622,2,0
2026-04-07 15:00:00,1.1571799999999999,1.15735,1.15697,1.15714,700,2,0
2026-04-07 15:05:00,1.15712,1.1571500000000001,1.15658,1.15663,587,2,0
2026-04-07 15:10:00,1.15663,1.15709,1.1566,1.15704,510,2,0
2026-04-07 15:15:00,1.15704,1.15785,1.15692,1.15747,834,2,0
2026-04-07 15:20:00,1.15747,1.15747,1.15701,1.15716,349,2,0
2026-04-07 15:25:00,1.15716,1.15756,1.15716,1.15741,381,2,0
2026-04-07 15:30:00,1.1574,1.15749,1.15717,1.15722,395,2,0
2026-04-07 15:35:00,1.15722,1.1575,1.15721,1.15726,361,2,0
2026-04-07 15:40:00,1.15726,1.15733,1.15676,1.1568100000000001,289,2,0
2026-04-07 15:45:00,1.1568100000000001,1.15708,1.15679,1.15702,360,2,0
2026-04-07 15:50:00,1.15702,1.1575,1.1569099999999999,1.15739,265,2,0
2026-04-07 15:55:00,1.15738,1.15782,1.1571,1.1571,685,2,0
2026-04-07 16:00:00,1.1571,1.15795,1.15707,1.15767,746,2,0
2026-04-07 16:05:00,1.15767,1.15783,1.15748,1.1575199999999999,395,2,0
2026-04-07 16:10:00,1.1575199999999999,1.15756,1.15731,1.1575,367,2,0
2026-04-07 16:15:00,1.1575,1.15754,1.1571500000000001,1.15727,279,2,0
2026-04-07 16:20:00,1.15727,1.15786,1.15711,1.15734,600,2,0
2026-04-07 16:25:00,1.15735,1.15765,1.15721,1.15755,493,2,0
2026-04-07 16:30:00,1.15755,1.15775,1.15747,1.15762,251,2,0
2026-04-07 16:35:00,1.15762,1.15771,1.15734,1.15745,187,2,0
2026-04-07 16:40:00,1.15745,1.15757,1.15736,1.1575,203,2,0
2026-04-07 16:45:00,1.1575,1.15767,1.15748,1.1575199999999999,176,2,0
2026-04-07 16:50:00,1.1575199999999999,1.1575199999999999,1.15698,1.15703,313,2,0
2026-04-07 16:55:00,1.15701,1.1571500000000001,1.15696,1.15713,186,2,0
2026-04-07 17:00:00,1.15714,1.15754,1.15709,1.15745,348,2,0
2026-04-07 17:05:00,1.15745,1.15749,1.15697,1.15697,349,2,0
2026-04-07 17:10:00,1.15697,1.15706,1.15678,1.15701,207,2,0
2026-04-07 17:15:00,1.15701,1.15702,1.15673,1.15677,201,2,0
2026-04-07 17:20:00,1.15677,1.15682,1.15663,1.1568,197,2,0
2026-04-07 17:25:00,1.1568,1.15686,1.15664,1.15684,105,2,0
2026-04-07 17:30:00,1.15684,1.15732,1.15684,1.15727,314,2,0
2026-04-07 17:35:00,1.15729,1.15795,1.15728,1.15768,532,2,0
2026-04-07 17:40:00,1.15768,1.15773,1.15753,1.15757,314,2,0
2026-04-07 17:45:00,1.15757,1.15761,1.15733,1.15758,398,2,0
2026-04-07 17:50:00,1.15758,1.15794,1.15753,1.15777,299,2,0
2026-04-07 17:55:00,1.15777,1.15782,1.15756,1.15775,271,2,0
2026-04-07 18:00:00,1.15775,1.15796,1.15772,1.1577600000000001,282,2,0
2026-04-07 18:05:00,1.1577600000000001,1.15783,1.1577,1.15777,206,2,0
2026-04-07 18:10:00,1.15777,1.15794,1.15772,1.15793,184,2,0
2026-04-07 18:15:00,1.15793,1.15797,1.15783,1.15796,186,2,0
2026-04-07 18:20:00,1.15796,1.1583,1.15795,1.1582,168,2,0
2026-04-07 18:25:00,1.1582,1.15823,1.15805,1.15821,167,2,0
2026-04-07 18:30:00,1.15821,1.15828,1.1581,1.15823,177,2,0
2026-04-07 18:35:00,1.15823,1.15826,1.15787,1.15788,152,2,0
2026-04-07 18:40:00,1.15788,1.15788,1.15766,1.1577600000000001,196,2,0
2026-04-07 18:45:00,1.1577600000000001,1.15777,1.1575199999999999,1.15769,248,2,0
2026-04-07 18:50:00,1.15769,1.15769,1.1574200000000001,1.15743,173,2,0
2026-04-07 18:55:00,1.15744,1.15759,1.15712,1.15746,282,2,0
2026-04-07 19:00:00,1.15746,1.15763,1.15734,1.1575,224,2,0
2026-04-07 19:05:00,1.1575,1.15794,1.15729,1.15748,383,2,0
2026-04-07 19:10:00,1.15748,1.15778,1.15748,1.15766,281,2,0
2026-04-07 19:15:00,1.15766,1.15896,1.15763,1.15883,866,2,0
2026-04-07 19:20:00,1.15882,1.15906,1.1583700000000001,1.15852,991,2,0
2026-04-07 19:25:00,1.15852,1.15854,1.15828,1.15844,578,2,0
2026-04-07 19:30:00,1.15844,1.15849,1.15828,1.15844,354,2,0
2026-04-07 19:35:00,1.15844,1.15854,1.15833,1.1585,278,2,0
2026-04-07 19:40:00,1.1585,1.15899,1.15838,1.15861,353,2,0
2026-04-07 19:45:00,1.15861,1.16016,1.15854,1.15948,1756,2,0
2026-04-07 19:50:00,1.15949,1.15997,1.15948,1.15982,896,2,0
2026-04-07 19:55:00,1.15983,1.16002,1.15943,1.15949,555,2,0
2026-04-07 20:00:00,1.15949,1.1596899999999999,1.15923,1.15966,354,2,0
2026-04-07 20:05:00,1.15966,1.15991,1.1595,1.1599,290,2,0
2026-04-07 20:10:00,1.1599,1.16017,1.15987,1.16017,170,2,0
2026-04-07 20:15:00,1.16017,1.1605,1.15997,1.16035,291,2,0
2026-04-07 20:20:00,1.16033,1.16037,1.16016,1.16024,168,2,0
2026-04-07 20:25:00,1.16024,1.16026,1.15989,1.15991,296,2,0
2026-04-07 20:30:00,1.1599,1.16006,1.1598600000000001,1.15991,258,2,0
2026-04-07 20:35:00,1.15991,1.1599599999999999,1.15965,1.15981,270,2,0
2026-04-07 20:40:00,1.15982,1.16027,1.1596899999999999,1.15979,522,2,0
2026-04-07 20:45:00,1.15979,1.1598,1.15949,1.15953,190,2,0
2026-04-07 20:50:00,1.15953,1.15968,1.1594,1.15964,199,2,0
2026-04-07 20:55:00,1.15964,1.15988,1.15915,1.1592500000000001,511,2,0
2026-04-07 21:00:00,1.15907,1.15932,1.15878,1.15907,16,65,0
2026-04-07 21:05:00,1.15907,1.15968,1.1589,1.15924,65,45,0
2026-04-07 21:10:00,1.15927,1.15981,1.15899,1.15917,163,59,0
2026-04-07 21:15:00,1.15917,1.15947,1.15897,1.15903,54,89,0
2026-04-07 21:20:00,1.15903,1.15977,1.15897,1.15921,75,61,0
2026-04-07 21:25:00,1.15913,1.15926,1.15911,1.15921,30,111,0
2026-04-07 21:30:00,1.15921,1.15926,1.15916,1.15921,41,116,0
2026-04-07 21:35:00,1.15921,1.15942,1.15913,1.15939,30,106,0
2026-04-07 21:40:00,1.1593499999999999,1.1594,1.15934,1.15939,14,109,0
2026-04-07 21:45:00,1.15942,1.15944,1.1594,1.1594,13,98,0
2026-04-07 21:50:00,1.15937,1.15938,1.15922,1.15922,16,98,0
2026-04-07 21:55:00,1.15922,1.15928,1.15919,1.15927,41,106,0
2026-04-07 22:00:00,1.15927,1.1614,1.1592,1.16137,456,42,0
2026-04-07 22:05:00,1.16137,1.16193,1.16134,1.1618,343,2,0
2026-04-07 22:10:00,1.1618,1.1618,1.16116,1.1611799999999999,223,2,0
2026-04-07 22:15:00,1.1611799999999999,1.1612,1.16094,1.16107,180,2,0
2026-04-07 22:20:00,1.16107,1.1613,1.1609099999999999,1.16119,118,2,0
2026-04-07 22:25:00,1.16119,1.16131,1.1610800000000001,1.16126,120,3,0
2026-04-07 22:30:00,1.16126,1.16299,1.15879,1.16267,1284,2,0
2026-04-07 22:35:00,1.16267,1.16498,1.16262,1.16493,1330,2,0
2026-04-07 22:40:00,1.16491,1.16527,1.16369,1.16425,1138,2,0
2026-04-07 22:45:00,1.16427,1.16479,1.1638,1.16445,911,2,0
2026-04-07 22:50:00,1.16446,1.1657899999999999,1.1642299999999999,1.16536,1245,2,0
2026-04-07 22:55:00,1.16536,1.16694,1.16536,1.16676,1320,2,0
2026-04-07 23:00:00,1.1668,1.1675,1.16621,1.16728,1460,2,0
2026-04-07 23:05:00,1.16727,1.16727,1.16629,1.16657,1136,2,0
2026-04-07 23:10:00,1.16655,1.16717,1.16611,1.1669100000000001,1101,2,0
2026-04-07 23:15:00,1.16693,1.16805,1.16663,1.16783,1086,2,0
2026-04-07 23:20:00,1.16783,1.1687400000000001,1.16778,1.16828,922,2,0
2026-04-07 23:25:00,1.16828,1.16878,1.16743,1.16761,1141,2,0
2026-04-07 23:30:00,1.16761,1.16824,1.16734,1.16746,972,2,0
2026-04-07 23:35:00,1.16746,1.1681300000000001,1.16713,1.16812,1045,2,0
2026-04-07 23:40:00,1.16812,1.16865,1.16785,1.16854,718,2,0
2026-04-07 23:45:00,1.16854,1.16902,1.16835,1.16862,717,2,0
2026-04-07 23:50:00,1.16862,1.16895,1.16838,1.16842,824,2,0
2026-04-07 23:55:00,1.16842,1.16871,1.16817,1.16861,843,2,0
2026-04-08 00:00:00,1.16861,1.1696900000000001,1.16837,1.16853,1521,2,0
2026-04-08 00:05:00,1.16853,1.16883,1.16753,1.1679,1573,2,0
2026-04-08 00:10:00,1.1679,1.16875,1.16768,1.16787,1230,2,0
2026-04-08 00:15:00,1.16787,1.1679599999999999,1.16699,1.16717,1184,2,0
2026-04-08 00:20:00,1.16717,1.16778,1.16706,1.16743,1039,2,0
2026-04-08 00:25:00,1.16743,1.16778,1.16728,1.16748,720,2,0
2026-04-08 00:30:00,1.16748,1.16768,1.16692,1.16705,1086,2,0
2026-04-08 00:35:00,1.16706,1.16731,1.16661,1.16693,971,2,0
2026-04-08 00:40:00,1.16693,1.16707,1.16665,1.16666,757,2,0
2026-04-08 00:45:00,1.16665,1.1676,1.16659,1.1673499999999999,786,2,0
2026-04-08 00:50:00,1.1673499999999999,1.16764,1.16694,1.16696,733,2,0
2026-04-08 00:55:00,1.16696,1.16732,1.16685,1.16716,648,2,0
2026-04-08 01:00:00,1.16716,1.16772,1.16708,1.16754,763,2,0
2026-04-08 01:05:00,1.16754,1.16795,1.16734,1.16774,602,2,0
2026-04-08 01:10:00,1.16774,1.16835,1.16766,1.16782,584,2,0
2026-04-08 01:15:00,1.16781,1.16819,1.16754,1.16811,772,2,0
2026-04-08 01:20:00,1.1681,1.16841,1.16787,1.1683,388,2,0
2026-04-08 01:25:00,1.1683,1.16882,1.1683,1.16864,510,2,0
2026-04-08 01:30:00,1.16864,1.16864,1.16769,1.16788,769,2,0
2026-04-08 01:35:00,1.16788,1.16803,1.16749,1.16783,642,2,0
2026-04-08 01:40:00,1.16782,1.16809,1.16759,1.16804,468,2,0
2026-04-08 01:45:00,1.16804,1.16828,1.16792,1.1682,471,2,0
2026-04-08 01:50:00,1.1682,1.16845,1.16777,1.16793,405,2,0
2026-04-08 01:55:00,1.16793,1.16795,1.16747,1.16754,276,2,0
2026-04-08 02:00:00,1.16753,1.1682299999999999,1.1675200000000001,1.16802,621,2,0
2026-04-08 02:05:00,1.16802,1.16819,1.16764,1.16778,455,2,0
2026-04-08 02:10:00,1.16778,1.1678600000000001,1.1675200000000001,1.16764,381,2,0
2026-04-08 02:15:00,1.16764,1.16768,1.16736,1.16738,296,2,0
2026-04-08 02:20:00,1.16738,1.16749,1.1669,1.16698,353,2,0
2026-04-08 02:25:00,1.16698,1.16739,1.16686,1.16736,374,2,0
2026-04-08 02:30:00,1.16736,1.1675200000000001,1.16708,1.16724,389,2,0
2026-04-08 02:35:00,1.16724,1.16733,1.16707,1.16713,341,2,0
2026-04-08 02:40:00,1.16713,1.1672500000000001,1.16706,1.16713,256,2,0
2026-04-08 02:45:00,1.16715,1.16717,1.16698,1.16704,246,2,0
2026-04-08 02:50:00,1.16704,1.16726,1.16696,1.16702,219,2,0
2026-04-08 02:55:00,1.16702,1.16736,1.16694,1.1673499999999999,245,2,0
2026-04-08 03:00:00,1.1673499999999999,1.16745,1.16707,1.16712,376,2,0
2026-04-08 03:05:00,1.16712,1.16732,1.16704,1.16717,222,2,0
2026-04-08 03:10:00,1.16717,1.16747,1.16717,1.16742,231,2,0
2026-04-08 03:15:00,1.16742,1.16757,1.16724,1.16724,194,2,0
2026-04-08 03:20:00,1.16724,1.16724,1.16673,1.16689,260,2,0
2026-04-08 03:25:00,1.16689,1.16694,1.16669,1.16689,254,2,0
2026-04-08 03:30:00,1.16689,1.16704,1.1667,1.16684,197,2,0
2026-04-08 03:35:00,1.16684,1.16708,1.16659,1.1668,189,2,0
2026-04-08 03:40:00,1.1668,1.1672,1.1668,1.16702,317,2,0
2026-04-08 03:45:00,1.16702,1.16711,1.16688,1.1671,277,2,0
2026-04-08 03:50:00,1.1671,1.16722,1.16692,1.167,233,2,0
2026-04-08 03:55:00,1.167,1.16715,1.16687,1.16704,267,2,0
2026-04-08 04:00:00,1.16704,1.16758,1.16704,1.1675,202,2,0
2026-04-08 04:05:00,1.1675,1.16779,1.1675,1.16779,102,2,0
2026-04-08 04:10:00,1.16779,1.16787,1.16767,1.16782,248,2,0
2026-04-08 04:15:00,1.16782,1.16809,1.16779,1.16801,309,2,0
2026-04-08 04:20:00,1.16801,1.16801,1.16749,1.1676199999999999,402,2,0
2026-04-08 04:25:00,1.1676199999999999,1.16784,1.16756,1.16778,290,2,0
2026-04-08 04:30:00,1.16778,1.16805,1.16777,1.168,288,2,0
2026-04-08 04:35:00,1.168,1.16807,1.16783,1.1679,190,2,0
2026-04-08 04:40:00,1.1679,1.1679599999999999,1.1675200000000001,1.16772,261,2,0
2026-04-08 04:45:00,1.16772,1.16791,1.16767,1.16771,283,2,0
2026-04-08 04:50:00,1.1677,1.16773,1.1675200000000001,1.1676199999999999,312,2,0
2026-04-08 04:55:00,1.1676199999999999,1.16773,1.16738,1.1676199999999999,369,2,0
2026-04-08 05:00:00,1.1676199999999999,1.1678,1.1674,1.16759,452,2,0
2026-04-08 05:05:00,1.16759,1.16792,1.16755,1.16766,329,2,0
2026-04-08 05:10:00,1.16766,1.16784,1.1672,1.16773,256,2,0
2026-04-08 05:15:00,1.16773,1.1681,1.16757,1.16808,265,2,0
2026-04-08 05:20:00,1.16808,1.16871,1.16801,1.16866,272,2,0
2026-04-08 05:25:00,1.16866,1.16875,1.16843,1.16856,283,2,0
2026-04-08 05:30:00,1.16856,1.1688,1.16839,1.16871,296,2,0
2026-04-08 05:35:00,1.16871,1.16889,1.16854,1.16881,422,2,0
2026-04-08 05:40:00,1.16879,1.16914,1.16876,1.16889,354,2,0
2026-04-08 05:45:00,1.1689,1.16951,1.16875,1.16951,320,2,0
2026-04-08 05:50:00,1.16951,1.17085,1.16951,1.17005,758,2,0
2026-04-08 05:55:00,1.17005,1.1701,1.16909,1.16913,604,2,0
2026-04-08 06:00:00,1.16913,1.16917,1.16844,1.16869,619,2,0
2026-04-08 06:05:00,1.16869,1.16897,1.16851,1.16858,489,2,0
2026-04-08 06:10:00,1.16858,1.16895,1.16854,1.16894,617,2,0
2026-04-08 06:15:00,1.16894,1.1691799999999999,1.16887,1.16904,476,2,0
2026-04-08 06:20:00,1.16904,1.1693500000000001,1.16858,1.16926,463,2,0
2026-04-08 06:25:00,1.16926,1.17047,1.16926,1.17029,712,2,0
2026-04-08 06:30:00,1.17029,1.17031,1.1696900000000001,1.16978,709,2,0
2026-04-08 06:35:00,1.16976,1.17065,1.16971,1.17063,475,2,0
2026-04-08 06:40:00,1.17063,1.17082,1.17024,1.17044,492,2,0
2026-04-08 06:45:00,1.17044,1.17077,1.17015,1.17015,573,2,0
2026-04-08 06:50:00,1.17015,1.17016,1.16905,1.16924,775,2,0
2026-04-08 06:55:00,1.16925,1.16988,1.16925,1.16962,556,2,0
2026-04-08 07:00:00,1.16962,1.16971,1.16881,1.16885,776,2,0
2026-04-08 07:05:00,1.16885,1.16916,1.16838,1.16855,739,2,0
2026-04-08 07:10:00,1.16855,1.16855,1.16789,1.16814,666,2,0
2026-04-08 07:15:00,1.16814,1.16892,1.16795,1.1689,525,2,0
2026-04-08 07:20:00,1.1689,1.16933,1.16885,1.16922,560,2,0
2026-04-08 07:25:00,1.16922,1.16967,1.16914,1.16949,312,2,0
2026-04-08 07:30:00,1.16949,1.16951,1.16901,1.1692,516,2,0
2026-04-08 07:35:00,1.1692,1.16947,1.16889,1.16894,446,2,0
2026-04-08 07:40:00,1.16894,1.16947,1.16886,1.16944,576,2,0
2026-04-08 07:45:00,1.16944,1.16997,1.16933,1.16965,535,2,0
2026-04-08 07:50:00,1.16965,1.17,1.16949,1.16989,529,2,0
2026-04-08 07:55:00,1.16989,1.16998,1.1694499999999999,1.16954,428,2,0
2026-04-08 08:00:00,1.16954,1.16967,1.16917,1.16955,519,2,0
2026-04-08 08:05:00,1.16955,1.16991,1.1689,1.1689,512,2,0
2026-04-08 08:10:00,1.1689,1.16896,1.1685,1.16868,558,2,0
2026-04-08 08:15:00,1.16868,1.16893,1.16859,1.16876,384,2,0
2026-04-08 08:20:00,1.16877,1.16885,1.16843,1.16861,359,2,0
2026-04-08 08:25:00,1.16861,1.16909,1.16816,1.1684700000000001,466,2,0
2026-04-08 08:30:00,1.1684700000000001,1.16863,1.16819,1.16828,401,2,0
2026-04-08 08:35:00,1.16829,1.16863,1.1681300000000001,1.16848,739,2,0
2026-04-08 08:40:00,1.16848,1.16855,1.16687,1.16775,946,2,0
2026-04-08 08:45:00,1.16775,1.16816,1.16766,1.16794,519,2,0
2026-04-08 08:50:00,1.16794,1.16842,1.16794,1.16801,503,2,0
2026-04-08 08:55:00,1.16801,1.16833,1.16794,1.1681,322,2,0
2026-04-08 09:00:00,1.1681,1.16851,1.16799,1.1684700000000001,458,2,0
2026-04-08 09:05:00,1.16843,1.16866,1.16818,1.1686,426,2,0
2026-04-08 09:10:00,1.1686,1.16873,1.16828,1.16844,343,2,0
2026-04-08 09:15:00,1.16844,1.16893,1.16829,1.16881,352,2,0
2026-04-08 09:20:00,1.16881,1.16881,1.168,1.16812,398,2,0
2026-04-08 09:25:00,1.16812,1.16827,1.16793,1.16821,320,2,0
2026-04-08 09:30:00,1.16821,1.16846,1.16806,1.16815,314,2,0
2026-04-08 09:35:00,1.16816,1.16853,1.16804,1.16853,395,2,0
2026-04-08 09:40:00,1.16854,1.16856,1.1678,1.16784,418,2,0
2026-04-08 09:45:00,1.16784,1.16836,1.16779,1.16835,434,2,0
2026-04-08 09:50:00,1.16836,1.16864,1.16807,1.16844,319,2,0
2026-04-08 09:55:00,1.16844,1.16846,1.16785,1.16795,431,2,0
2026-04-08 10:00:00,1.16794,1.16807,1.16784,1.16801,365,2,0
2026-04-08 10:05:00,1.16801,1.1682299999999999,1.16774,1.1681300000000001,324,2,0
2026-04-08 10:10:00,1.1681300000000001,1.16862,1.16808,1.16861,275,2,0
2026-04-08 10:15:00,1.16861,1.16867,1.16832,1.1685,253,2,0
2026-04-08 10:20:00,1.1685,1.16867,1.16833,1.1685,251,2,0
2026-04-08 10:25:00,1.1685,1.16862,1.1684700000000001,1.16856,159,2,0
2026-04-08 10:30:00,1.16856,1.1688,1.16851,1.1687400000000001,225,2,0
2026-04-08 10:35:00,1.1687400000000001,1.16892,1.16844,1.16861,218,2,0
2026-04-08 10:40:00,1.16861,1.16879,1.16841,1.16879,272,2,0
2026-04-08 10:45:00,1.16879,1.16895,1.16856,1.1685699999999999,204,2,0
2026-04-08 10:50:00,1.1685699999999999,1.16872,1.16846,1.16865,295,2,0
2026-04-08 10:55:00,1.16864,1.16924,1.16862,1.16901,251,2,0
2026-04-08 11:00:00,1.16901,1.16911,1.16853,1.1691,319,2,0
2026-04-08 11:05:00,1.1691,1.16928,1.16888,1.16928,291,2,0
2026-04-08 11:10:00,1.16928,1.16966,1.16928,1.16957,200,2,0
2026-04-08 11:15:00,1.16957,1.17,1.16948,1.16997,187,2,0
2026-04-08 11:20:00,1.16997,1.17036,1.16977,1.17029,487,2,0
2026-04-08 11:25:00,1.17029,1.17102,1.17027,1.17071,499,2,0
2026-04-08 11:30:00,1.17071,1.17075,1.17046,1.17055,676,2,0
2026-04-08 11:35:00,1.17055,1.17055,1.16942,1.16964,530,2,0
2026-04-08 11:40:00,1.16965,1.17,1.16961,1.16996,437,2,0
2026-04-08 11:45:00,1.16996,1.17047,1.16988,1.17035,190,2,0
2026-04-08 11:50:00,1.17032,1.17044,1.17015,1.17015,395,2,0
2026-04-08 11:55:00,1.17015,1.17034,1.16994,1.17001,410,2,0
2026-04-08 12:00:00,1.17001,1.17032,1.16996,1.17029,413,2,0
2026-04-08 12:05:00,1.17029,1.17105,1.17024,1.17061,340,2,0
2026-04-08 12:10:00,1.17061,1.17087,1.1705,1.17065,565,2,0
2026-04-08 12:15:00,1.17065,1.17076,1.16989,1.16997,550,2,0
2026-04-08 12:20:00,1.16995,1.17015,1.16878,1.16941,1577,2,0
2026-04-08 12:25:00,1.1694,1.1701,1.16914,1.17004,866,2,0
2026-04-08 12:30:00,1.17004,1.17064,1.17004,1.17055,426,2,0
2026-04-08 12:35:00,1.17055,1.17099,1.17039,1.17085,436,2,0
2026-04-08 12:40:00,1.17085,1.17148,1.17072,1.17145,484,2,0
2026-04-08 12:45:00,1.17145,1.17166,1.17131,1.17157,377,2,0
2026-04-08 12:50:00,1.17157,1.1717,1.17131,1.17166,402,2,0
2026-04-08 12:55:00,1.17166,1.1718,1.1713,1.1714,402,2,0
2026-04-08 13:00:00,1.1714,1.17216,1.17123,1.17176,547,2,0
2026-04-08 13:05:00,1.17176,1.17206,1.17134,1.17175,612,2,0
2026-04-08 13:10:00,1.17175,1.17179,1.171,1.17119,477,2,0
2026-04-08 13:15:00,1.17119,1.1715200000000001,1.17105,1.1712500000000001,433,2,0
2026-04-08 13:20:00,1.1712500000000001,1.17148,1.1707,1.17139,456,2,0
2026-04-08 13:25:00,1.17139,1.17147,1.17027,1.17037,581,2,0
2026-04-08 13:30:00,1.17036,1.1705,1.1696,1.16966,1117,2,0
2026-04-08 13:35:00,1.16966,1.16971,1.16868,1.16909,1046,2,0
2026-04-08 13:40:00,1.16912,1.16941,1.16881,1.16929,701,2,0
2026-04-08 13:45:00,1.16929,1.16989,1.16917,1.16974,571,2,0
2026-04-08 13:50:00,1.16975,1.16975,1.16885,1.16903,995,2,0
2026-04-08 13:55:00,1.16903,1.16957,1.16893,1.16943,612,2,0
2026-04-08 14:00:00,1.16942,1.16997,1.1694,1.16976,669,2,0
2026-04-08 14:05:00,1.16976,1.17007,1.16902,1.16975,1038,2,0
2026-04-08 14:10:00,1.16975,1.17012,1.16957,1.16961,745,2,0
2026-04-08 14:15:00,1.16961,1.1697899999999999,1.16931,1.16955,791,2,0
2026-04-08 14:20:00,1.16955,1.1700599999999999,1.16948,1.16999,769,2,0
2026-04-08 14:25:00,1.17,1.17034,1.16965,1.1697,747,2,0
2026-04-08 14:30:00,1.1697,1.16975,1.16899,1.16954,933,2,0
2026-04-08 14:35:00,1.16954,1.16967,1.16911,1.16953,720,2,0
2026-04-08 14:40:00,1.16954,1.16978,1.16948,1.16974,577,2,0
2026-04-08 14:45:00,1.16974,1.17021,1.16944,1.16996,717,2,0
2026-04-08 14:50:00,1.16996,1.17018,1.16957,1.16987,687,2,0
2026-04-08 14:55:00,1.16989,1.16993,1.16893,1.16941,1048,2,0
2026-04-08 15:00:00,1.16943,1.16963,1.16919,1.16951,721,2,0
2026-04-08 15:05:00,1.16951,1.16957,1.16877,1.16878,571,2,0
2026-04-08 15:10:00,1.16878,1.1688,1.16842,1.16867,574,2,0
2026-04-08 15:15:00,1.16867,1.16928,1.16853,1.16927,513,2,0
2026-04-08 15:20:00,1.16927,1.1694,1.16912,1.16932,481,2,0
2026-04-08 15:25:00,1.16932,1.16937,1.16878,1.16881,558,2,0
2026-04-08 15:30:00,1.16881,1.16931,1.16873,1.16921,550,2,0
2026-04-08 15:35:00,1.16921,1.16962,1.16888,1.16957,489,2,0
2026-04-08 15:40:00,1.16957,1.16964,1.16902,1.16907,317,2,0
2026-04-08 15:45:00,1.1690800000000001,1.16923,1.16897,1.1691799999999999,323,2,0
2026-04-08 15:50:00,1.1691799999999999,1.16927,1.1690800000000001,1.1691799999999999,214,2,0
2026-04-08 15:55:00,1.16917,1.16922,1.16855,1.16861,375,2,0
2026-04-08 16:00:00,1.16861,1.16886,1.16809,1.16826,588,2,0
2026-04-08 16:05:00,1.16826,1.1684,1.16806,1.16826,588,2,0
2026-04-08 16:10:00,1.16825,1.16853,1.16817,1.16833,279,2,0
2026-04-08 16:15:00,1.16833,1.16841,1.1679,1.1681,414,2,0
2026-04-08 16:20:00,1.1681,1.16819,1.16785,1.16817,441,2,0
2026-04-08 16:25:00,1.16817,1.16819,1.16787,1.16799,501,2,0
2026-04-08 16:30:00,1.16799,1.16819,1.16782,1.1681,423,2,0
2026-04-08 16:35:00,1.1681,1.16817,1.16794,1.16811,452,2,0
2026-04-08 16:40:00,1.16812,1.1682299999999999,1.1677,1.1679,368,2,0
2026-04-08 16:45:00,1.1679,1.16808,1.16777,1.16799,336,2,0
2026-04-08 16:50:00,1.16799,1.16816,1.16794,1.16807,220,2,0
2026-04-08 16:55:00,1.16807,1.16829,1.16807,1.16816,274,2,0
2026-04-08 17:00:00,1.16816,1.16845,1.1681,1.1681,209,2,0
2026-04-08 17:05:00,1.1681,1.16818,1.16784,1.16816,175,2,0
2026-04-08 17:10:00,1.16816,1.16851,1.16814,1.16849,147,2,0
2026-04-08 17:15:00,1.16849,1.16853,1.16769,1.16774,173,2,0
2026-04-08 17:20:00,1.16774,1.16776,1.1671,1.16724,551,2,0
2026-04-08 17:25:00,1.16724,1.16756,1.16708,1.16756,350,2,0
2026-04-08 17:30:00,1.16755,1.16766,1.16729,1.16736,297,2,0
2026-04-08 17:35:00,1.16736,1.16736,1.16689,1.16703,342,2,0
2026-04-08 17:40:00,1.16703,1.16741,1.1669100000000001,1.16741,269,2,0
2026-04-08 17:45:00,1.16741,1.16746,1.16718,1.1672500000000001,213,2,0
2026-04-08 17:50:00,1.1672500000000001,1.16743,1.1671,1.16719,168,2,0
2026-04-08 17:55:00,1.16719,1.16747,1.16709,1.16746,127,2,0
2026-04-08 18:00:00,1.16747,1.16758,1.16714,1.16743,307,2,0
2026-04-08 18:05:00,1.16744,1.16781,1.16741,1.16775,210,2,0
2026-04-08 18:10:00,1.16775,1.16787,1.16755,1.16785,187,2,0
2026-04-08 18:15:00,1.16785,1.168,1.16655,1.16682,759,2,0
2026-04-08 18:20:00,1.16682,1.16692,1.1665,1.1666,821,2,0
2026-04-08 18:25:00,1.16658,1.1668,1.16646,1.16656,533,2,0
2026-04-08 18:30:00,1.16656,1.16682,1.16644,1.16677,457,2,0
2026-04-08 18:35:00,1.16677,1.16682,1.16581,1.16604,401,2,0
2026-04-08 18:40:00,1.16604,1.16611,1.1656900000000001,1.1658,550,2,0
2026-04-08 18:45:00,1.16578,1.16578,1.16526,1.1653,383,2,0
2026-04-08 18:50:00,1.1653,1.16539,1.16515,1.16524,397,2,0
2026-04-08 18:55:00,1.16525,1.16528,1.16498,1.16502,360,2,0
2026-04-08 19:00:00,1.16502,1.16502,1.16433,1.16478,481,2,0
2026-04-08 19:05:00,1.16478,1.16513,1.16468,1.16498,335,2,0
2026-04-08 19:10:00,1.16498,1.16528,1.16497,1.16528,272,2,0
2026-04-08 19:15:00,1.16528,1.16537,1.16475,1.16487,303,2,0
2026-04-08 19:20:00,1.16487,1.16522,1.16482,1.16515,216,2,0
2026-04-08 19:25:00,1.16515,1.16538,1.1650800000000001,1.16523,198,2,0
2026-04-08 19:30:00,1.16523,1.1657,1.1652,1.16568,204,2,0
2026-04-08 19:35:00,1.16568,1.16643,1.16561,1.16636,438,2,0
2026-04-08 19:40:00,1.16636,1.16636,1.16587,1.16602,336,2,0
2026-04-08 19:45:00,1.16602,1.16628,1.16599,1.16615,269,2,0
2026-04-08 19:50:00,1.16614,1.16663,1.1661299999999999,1.16652,277,2,0
2026-04-08 19:55:00,1.16652,1.16704,1.16649,1.16677,372,2,0
2026-04-08 20:00:00,1.16677,1.16693,1.1666400000000001,1.1666400000000001,219,2,0
2026-04-08 20:05:00,1.16663,1.16672,1.16626,1.1667,218,2,0
2026-04-08 20:10:00,1.1667,1.16682,1.16636,1.16638,148,2,0
2026-04-08 20:15:00,1.16638,1.16643,1.16616,1.16616,92,2,0
2026-04-08 20:20:00,1.16616,1.16626,1.16604,1.1661299999999999,127,2,0
2026-04-08 20:25:00,1.1661299999999999,1.16625,1.16606,1.16623,109,2,0
2026-04-08 20:30:00,1.16623,1.16633,1.16617,1.16633,130,2,0
2026-04-08 20:35:00,1.16633,1.1663999999999999,1.16619,1.16626,78,2,0
2026-04-08 20:40:00,1.16626,1.16638,1.16626,1.16629,70,2,0
2026-04-08 20:45:00,1.16629,1.16635,1.16623,1.16635,112,2,0
2026-04-08 20:50:00,1.16635,1.16647,1.1661,1.16612,251,2,0
2026-04-08 20:55:00,1.16612,1.1663999999999999,1.16589,1.16594,419,2,0
2026-04-08 21:00:00,1.16537,1.16553,1.16519,1.1653,9,142,0
2026-04-08 21:05:00,1.1653,1.1660300000000001,1.1653,1.16597,33,89,0
2026-04-08 21:10:00,1.16597,1.16616,1.16594,1.16596,13,80,0
2026-04-08 21:15:00,1.16596,1.16622,1.16595,1.16621,12,72,0
2026-04-08 21:20:00,1.16621,1.16621,1.16584,1.16609,23,58,0
2026-04-08 21:25:00,1.166,1.16605,1.16585,1.16589,23,76,0
2026-04-08 21:30:00,1.16589,1.16597,1.16588,1.1659,22,75,0
2026-04-08 21:35:00,1.1659,1.16597,1.1659,1.16597,16,72,0
2026-04-08 21:40:00,1.16597,1.16597,1.16585,1.16593,18,64,0
2026-04-08 21:45:00,1.16593,1.16596,1.16592,1.16595,17,63,0
2026-04-08 21:50:00,1.16595,1.16626,1.16583,1.1662,97,59,0
2026-04-08 21:55:00,1.1662,1.1663000000000001,1.16604,1.16605,165,80,0
2026-04-08 22:00:00,1.16635,1.16652,1.16619,1.16643,135,44,0
2026-04-08 22:05:00,1.16643,1.16673,1.16642,1.16657,94,2,0
2026-04-08 22:10:00,1.16658,1.16661,1.16638,1.16639,56,5,0
2026-04-08 22:15:00,1.16639,1.16643,1.16614,1.16618,66,2,0
2026-04-08 22:20:00,1.16618,1.16619,1.16598,1.16608,129,2,0
2026-04-08 22:25:00,1.16608,1.1663000000000001,1.16606,1.16627,123,2,0
2026-04-08 22:30:00,1.16627,1.16637,1.16608,1.16636,130,2,0
2026-04-08 22:35:00,1.16636,1.16644,1.16627,1.16631,131,3,0
2026-04-08 22:40:00,1.16631,1.16653,1.16618,1.16626,129,2,0
2026-04-08 22:45:00,1.16626,1.16627,1.16618,1.16623,116,4,0
2026-04-08 22:50:00,1.16623,1.16631,1.16621,1.16622,156,3,0
2026-04-08 22:55:00,1.16622,1.1663000000000001,1.16619,1.1662,117,3,0
2026-04-08 23:00:00,1.1662,1.16628,1.16612,1.16619,102,3,0
2026-04-08 23:05:00,1.16619,1.16632,1.16619,1.16623,83,3,0
2026-04-08 23:10:00,1.16623,1.16628,1.16609,1.1661299999999999,86,2,0
2026-04-08 23:15:00,1.1661299999999999,1.16618,1.16607,1.16608,41,2,0
2026-04-08 23:20:00,1.16608,1.16612,1.16597,1.16597,65,2,0
2026-04-08 23:25:00,1.16597,1.16599,1.16595,1.16597,182,2,0
2026-04-08 23:30:00,1.16597,1.16599,1.1658,1.16588,67,2,0
2026-04-08 23:35:00,1.16588,1.166,1.16588,1.16592,42,2,0
2026-04-08 23:40:00,1.16592,1.166,1.16589,1.16593,67,2,0
2026-04-08 23:45:00,1.16593,1.166,1.16586,1.166,53,3,0
2026-04-08 23:50:00,1.166,1.16607,1.16585,1.16585,59,2,0
2026-04-08 23:55:00,1.16585,1.1659,1.16574,1.16589,50,2,0
2026-04-09 00:00:00,1.16589,1.16592,1.16547,1.16563,193,2,0
2026-04-09 00:05:00,1.16563,1.16564,1.16533,1.16546,197,2,0
2026-04-09 00:10:00,1.16546,1.16559,1.16528,1.16555,171,2,0
2026-04-09 00:15:00,1.16555,1.16573,1.16548,1.16573,190,2,0
2026-04-09 00:20:00,1.16572,1.16593,1.16565,1.16584,133,2,0
2026-04-09 00:25:00,1.16584,1.16586,1.16564,1.16567,116,2,0
2026-04-09 00:30:00,1.16567,1.16609,1.16567,1.16573,146,2,0
2026-04-09 00:35:00,1.16573,1.1658,1.16567,1.16575,74,2,0
2026-04-09 00:40:00,1.16575,1.16575,1.16566,1.1656900000000001,73,2,0
2026-04-09 00:45:00,1.1656900000000001,1.16574,1.16558,1.16567,76,2,0
2026-04-09 00:50:00,1.16567,1.16585,1.16566,1.16571,162,2,0
2026-04-09 00:55:00,1.16571,1.16585,1.16561,1.1657,141,2,0
2026-04-09 01:00:00,1.1657,1.16586,1.16549,1.16583,302,2,0
2026-04-09 01:05:00,1.16583,1.16585,1.16544,1.16567,200,2,0
2026-04-09 01:10:00,1.16567,1.1656900000000001,1.16539,1.1654200000000001,144,2,0
2026-04-09 01:15:00,1.1654200000000001,1.1655,1.16515,1.16516,224,2,0
2026-04-09 01:20:00,1.16516,1.16521,1.16503,1.16509,172,2,0
2026-04-09 01:25:00,1.16509,1.1653,1.16503,1.16524,179,2,0
2026-04-09 01:30:00,1.16524,1.16585,1.16524,1.16584,178,2,0
2026-04-09 01:35:00,1.16584,1.16587,1.16575,1.1657899999999999,179,2,0
2026-04-09 01:40:00,1.1658,1.16586,1.1656,1.16577,159,2,0
2026-04-09 01:45:00,1.16577,1.16583,1.16554,1.1657899999999999,184,2,0
2026-04-09 01:50:00,1.1657899999999999,1.16606,1.1657899999999999,1.166,187,2,0
2026-04-09 01:55:00,1.166,1.16635,1.166,1.16617,171,2,0
2026-04-09 02:00:00,1.16617,1.16642,1.16594,1.166,221,2,0
2026-04-09 02:05:00,1.166,1.16625,1.16596,1.16609,163,2,0
2026-04-09 02:10:00,1.16609,1.16614,1.16591,1.16605,157,2,0
2026-04-09 02:15:00,1.16604,1.16644,1.16604,1.16641,120,2,0
2026-04-09 02:20:00,1.16641,1.16644,1.16627,1.16632,105,2,0
2026-04-09 02:25:00,1.16632,1.16644,1.16621,1.16642,96,2,0
2026-04-09 02:30:00,1.16642,1.1666400000000001,1.1663999999999999,1.1666400000000001,161,2,0
2026-04-09 02:35:00,1.1666400000000001,1.16673,1.16655,1.16655,99,2,0
2026-04-09 02:40:00,1.16655,1.16666,1.16646,1.16662,85,2,0
2026-04-09 02:45:00,1.16662,1.1666400000000001,1.16644,1.16652,107,2,0
2026-04-09 02:50:00,1.16652,1.16666,1.16649,1.16655,107,2,0
2026-04-09 02:55:00,1.16655,1.16665,1.16649,1.16652,152,2,0
2026-04-09 03:00:00,1.16652,1.16656,1.16637,1.16654,152,2,0
2026-04-09 03:05:00,1.16654,1.1666400000000001,1.16631,1.16659,132,2,0
2026-04-09 03:10:00,1.16659,1.1666,1.1663999999999999,1.16643,121,2,0
2026-04-09 03:15:00,1.16643,1.1665,1.16637,1.16638,97,2,0
2026-04-09 03:20:00,1.16638,1.16641,1.16624,1.16635,85,2,0
2026-04-09 03:25:00,1.16635,1.16645,1.16631,1.16634,115,2,0
2026-04-09 03:30:00,1.16634,1.16654,1.16633,1.16651,108,2,0
2026-04-09 03:35:00,1.16651,1.16665,1.1665,1.16665,78,2,0
2026-04-09 03:40:00,1.16665,1.16668,1.16646,1.16662,93,2,0
2026-04-09 03:45:00,1.16662,1.16662,1.16604,1.16615,271,2,0
2026-04-09 03:50:00,1.16616,1.16637,1.16616,1.16629,142,2,0
2026-04-09 03:55:00,1.16629,1.16635,1.1662,1.16623,121,2,0
2026-04-09 04:00:00,1.16623,1.16654,1.16619,1.16653,127,2,0
2026-04-09 04:05:00,1.16652,1.16692,1.16649,1.16681,108,2,0
2026-04-09 04:10:00,1.16681,1.16698,1.16679,1.16698,55,2,0
2026-04-09 04:15:00,1.16698,1.16698,1.16671,1.16686,79,2,0
2026-04-09 04:20:00,1.16686,1.16696,1.16679,1.16686,41,2,0
2026-04-09 04:25:00,1.16686,1.16686,1.1667399999999999,1.1668,75,2,0
2026-04-09 04:30:00,1.1668,1.16695,1.16676,1.16693,67,2,0
2026-04-09 04:35:00,1.16693,1.1671,1.16692,1.16698,55,2,0
2026-04-09 04:40:00,1.16698,1.16705,1.1669100000000001,1.16692,44,2,0
2026-04-09 04:45:00,1.16692,1.16695,1.16678,1.16695,62,2,0
2026-04-09 04:50:00,1.16695,1.16695,1.1667,1.16677,100,2,0
2026-04-09 04:55:00,1.16677,1.16677,1.16662,1.16662,98,2,0
2026-04-09 05:00:00,1.16662,1.16676,1.16649,1.16653,186,2,0
2026-04-09 05:05:00,1.16653,1.16657,1.16639,1.1665,139,2,0
2026-04-09 05:10:00,1.1665,1.1665,1.16619,1.16622,195,2,0
2026-04-09 05:15:00,1.16622,1.16655,1.1662,1.16655,161,2,0
2026-04-09 05:20:00,1.16655,1.16661,1.16634,1.16637,139,2,0
2026-04-09 05:25:00,1.16637,1.16645,1.16629,1.16636,158,2,0
2026-04-09 05:30:00,1.16636,1.1663999999999999,1.16623,1.16629,130,2,0
2026-04-09 05:35:00,1.16629,1.16634,1.16614,1.16622,147,2,0
2026-04-09 05:40:00,1.16622,1.16633,1.16615,1.16626,147,2,0
2026-04-09 05:45:00,1.16626,1.16627,1.16611,1.16615,117,2,0
2026-04-09 05:50:00,1.16615,1.16615,1.16592,1.16605,199,2,0
2026-04-09 05:55:00,1.16605,1.1662,1.166,1.16606,190,2,0
2026-04-09 06:00:00,1.16606,1.16631,1.166,1.16624,293,2,0
2026-04-09 06:05:00,1.16624,1.1663000000000001,1.16607,1.16609,184,2,0
2026-04-09 06:10:00,1.16609,1.1661,1.16592,1.16593,175,2,0
2026-04-09 06:15:00,1.16593,1.166,1.16574,1.1659,173,2,0
2026-04-09 06:20:00,1.1659,1.16593,1.16555,1.16563,189,2,0
2026-04-09 06:25:00,1.16563,1.1657899999999999,1.1654200000000001,1.16578,227,2,0
2026-04-09 06:30:00,1.16578,1.16593,1.16565,1.16588,204,2,0
2026-04-09 06:35:00,1.16588,1.16588,1.16568,1.16581,163,2,0
2026-04-09 06:40:00,1.16581,1.16598,1.1656900000000001,1.16594,181,2,0
2026-04-09 06:45:00,1.16594,1.16621,1.1658,1.16595,163,2,0
2026-04-09 06:50:00,1.16595,1.1663999999999999,1.16585,1.16601,247,2,0
2026-04-09 06:55:00,1.16601,1.16642,1.166,1.16642,233,2,0
2026-04-09 07:00:00,1.16642,1.16685,1.16636,1.16672,287,2,0
2026-04-09 07:05:00,1.16672,1.1669100000000001,1.16659,1.1667399999999999,198,2,0
2026-04-09 07:10:00,1.1667399999999999,1.16675,1.16644,1.16652,254,2,0
2026-04-09 07:15:00,1.16652,1.16652,1.1657899999999999,1.16585,319,2,0
2026-04-09 07:20:00,1.16585,1.16636,1.16573,1.16627,361,2,0
2026-04-09 07:25:00,1.16627,1.16629,1.166,1.16605,256,2,0
2026-04-09 07:30:00,1.16605,1.16608,1.16553,1.16585,373,2,0
2026-04-09 07:35:00,1.16585,1.16612,1.16583,1.1661,200,2,0
2026-04-09 07:40:00,1.1661,1.1661,1.1657899999999999,1.16608,220,2,0
2026-04-09 07:45:00,1.16608,1.16622,1.1659,1.16615,238,2,0
2026-04-09 07:50:00,1.16615,1.16643,1.16607,1.16633,203,2,0
2026-04-09 07:55:00,1.16633,1.16645,1.16621,1.16629,199,2,0
2026-04-09 08:00:00,1.16629,1.16665,1.1661,1.16662,234,2,0
2026-04-09 08:05:00,1.16662,1.16662,1.16625,1.1663000000000001,152,2,0
2026-04-09 08:10:00,1.1663000000000001,1.1663000000000001,1.16596,1.1661,137,2,0
2026-04-09 08:15:00,1.1661,1.16615,1.16596,1.16614,211,2,0
2026-04-09 08:20:00,1.16614,1.16645,1.1661299999999999,1.16639,194,2,0
2026-04-09 08:25:00,1.16639,1.16649,1.16614,1.16626,227,2,0
2026-04-09 08:30:00,1.16626,1.16681,1.16624,1.16665,212,2,0
2026-04-09 08:35:00,1.16665,1.16666,1.16636,1.16663,198,2,0
2026-04-09 08:40:00,1.16663,1.16681,1.16636,1.16676,187,2,0
2026-04-09 08:45:00,1.16676,1.16681,1.1666400000000001,1.1667,212,2,0
2026-04-09 08:50:00,1.16669,1.16742,1.1666,1.16742,199,2,0
2026-04-09 08:55:00,1.16742,1.16748,1.16712,1.1672,228,2,0
2026-04-09 09:00:00,1.1672,1.1672500000000001,1.16685,1.16717,253,2,0
2026-04-09 09:05:00,1.16717,1.16757,1.16714,1.1675,189,2,0
2026-04-09 09:10:00,1.1675,1.16763,1.16746,1.1676,120,2,0
2026-04-09 09:15:00,1.1676,1.16771,1.1674,1.1676199999999999,144,2,0
2026-04-09 09:20:00,1.1676199999999999,1.16791,1.16756,1.16773,132,2,0
2026-04-09 09:25:00,1.16773,1.16784,1.16764,1.16766,123,2,0
2026-04-09 09:30:00,1.16766,1.16777,1.16753,1.16764,131,2,0
2026-04-09 09:35:00,1.16764,1.16781,1.16755,1.16777,107,2,0
2026-04-09 09:40:00,1.16777,1.16777,1.16754,1.16765,104,2,0
2026-04-09 09:45:00,1.16765,1.16768,1.16736,1.16749,142,2,0
2026-04-09 09:50:00,1.16748,1.16753,1.1673499999999999,1.16751,233,2,0
2026-04-09 09:55:00,1.16751,1.1675200000000001,1.16723,1.16745,269,2,0
2026-04-09 10:00:00,1.16745,1.16794,1.16741,1.1678600000000001,201,2,0
2026-04-09 10:05:00,1.1678600000000001,1.16793,1.1676,1.16767,230,2,0
2026-04-09 10:10:00,1.16767,1.16779,1.16759,1.16767,137,2,0
2026-04-09 10:15:00,1.16767,1.1677,1.16746,1.16757,207,2,0
2026-04-09 10:20:00,1.16757,1.16782,1.16746,1.16771,184,2,0
2026-04-09 10:25:00,1.16771,1.16793,1.16771,1.16774,146,2,0
2026-04-09 10:30:00,1.16774,1.16775,1.16755,1.16763,142,2,0
2026-04-09 10:35:00,1.16763,1.16764,1.1675,1.1676,168,2,0
2026-04-09 10:40:00,1.1676,1.1676,1.16746,1.1675,131,2,0
2026-04-09 10:45:00,1.1675,1.16767,1.16746,1.16761,185,2,0
2026-04-09 10:50:00,1.16761,1.1676199999999999,1.16737,1.16749,261,2,0
2026-04-09 10:55:00,1.16749,1.1675,1.16711,1.16711,266,2,0
2026-04-09 11:00:00,1.16711,1.16746,1.16694,1.16742,340,2,0
2026-04-09 11:05:00,1.16742,1.16758,1.16726,1.16756,190,2,0
2026-04-09 11:10:00,1.16756,1.16767,1.16749,1.16755,93,2,0
2026-04-09 11:15:00,1.16755,1.16806,1.16754,1.168,129,2,0
2026-04-09 11:20:00,1.168,1.16811,1.16794,1.16807,183,2,0
2026-04-09 11:25:00,1.16807,1.16811,1.16794,1.1681,183,2,0
2026-04-09 11:30:00,1.1681,1.16826,1.16802,1.16822,177,2,0
2026-04-09 11:35:00,1.16822,1.16841,1.16811,1.16836,147,2,0
2026-04-09 11:40:00,1.16836,1.16886,1.1683,1.1688,205,2,0
2026-04-09 11:45:00,1.1688,1.16892,1.1687,1.1689,210,2,0
2026-04-09 11:50:00,1.1689,1.16893,1.16852,1.1685699999999999,184,2,0
2026-04-09 11:55:00,1.1685699999999999,1.16888,1.1685,1.16883,209,2,0
2026-04-09 12:00:00,1.16883,1.1689,1.16865,1.1687,205,2,0
2026-04-09 12:05:00,1.1687,1.16875,1.1683,1.16846,241,2,0
2026-04-09 12:10:00,1.16846,1.16867,1.16835,1.16845,222,2,0
2026-04-09 12:15:00,1.16846,1.16856,1.16829,1.16838,200,2,0
2026-04-09 12:20:00,1.16839,1.16841,1.16802,1.16827,216,2,0
2026-04-09 12:25:00,1.16827,1.16846,1.16821,1.16843,146,2,0
2026-04-09 12:30:00,1.16843,1.16876,1.16799,1.16804,502,2,0
2026-04-09 12:35:00,1.16804,1.16842,1.16791,1.16828,340,2,0
2026-04-09 12:40:00,1.16828,1.16899,1.16814,1.16819,507,2,0
2026-04-09 12:45:00,1.16819,1.16845,1.16789,1.16843,365,2,0
2026-04-09 12:50:00,1.16843,1.16845,1.16824,1.16833,234,2,0
2026-04-09 12:55:00,1.16833,1.16861,1.16829,1.16859,379,2,0
2026-04-09 13:00:00,1.16859,1.16873,1.16831,1.1684,434,2,0
2026-04-09 13:05:00,1.1684,1.1686,1.16833,1.16835,253,2,0
2026-04-09 13:10:00,1.16835,1.16872,1.16834,1.16861,206,2,0
2026-04-09 13:15:00,1.16861,1.16925,1.16859,1.169,214,2,0
2026-04-09 13:20:00,1.169,1.1691,1.16885,1.16899,213,2,0
2026-04-09 13:25:00,1.16899,1.1690800000000001,1.16875,1.16878,224,2,0
2026-04-09 13:30:00,1.1688,1.16923,1.16878,1.16922,431,2,0
2026-04-09 13:35:00,1.16922,1.16952,1.16914,1.16929,300,2,0
2026-04-09 13:40:00,1.16929,1.16939,1.16907,1.1691799999999999,355,2,0
2026-04-09 13:45:00,1.16916,1.16932,1.16892,1.16911,635,2,0
2026-04-09 13:50:00,1.16911,1.16911,1.16836,1.16845,925,2,0
2026-04-09 13:55:00,1.16845,1.16863,1.16811,1.16818,660,2,0
2026-04-09 14:00:00,1.16816,1.16863,1.16804,1.16842,544,2,0
2026-04-09 14:05:00,1.16842,1.16875,1.16832,1.16869,357,2,0
2026-04-09 14:10:00,1.16869,1.16875,1.16828,1.16844,363,2,0
2026-04-09 14:15:00,1.16844,1.16844,1.16804,1.16821,232,2,0
2026-04-09 14:20:00,1.16821,1.16873,1.1681300000000001,1.16868,239,2,0
2026-04-09 14:25:00,1.16868,1.1688,1.1684700000000001,1.16862,402,2,0
2026-04-09 14:30:00,1.16863,1.16863,1.16791,1.16794,457,2,0
2026-04-09 14:35:00,1.16794,1.16798,1.16742,1.16793,339,2,0
2026-04-09 14:40:00,1.16793,1.16803,1.16755,1.16757,226,2,0
2026-04-09 14:45:00,1.16757,1.1679,1.16747,1.16749,324,2,0
2026-04-09 14:50:00,1.16754,1.16776,1.16743,1.16769,435,2,0
2026-04-09 14:55:00,1.16768,1.16851,1.16765,1.16846,564,2,0
2026-04-09 15:00:00,1.16846,1.16865,1.16791,1.16818,554,2,0
2026-04-09 15:05:00,1.16818,1.16838,1.1678600000000001,1.1678600000000001,277,2,0
2026-04-09 15:10:00,1.1678600000000001,1.16845,1.16776,1.16839,423,2,0
2026-04-09 15:15:00,1.16843,1.16931,1.16842,1.16931,1026,2,0
2026-04-09 15:20:00,1.16931,1.16998,1.1693,1.16986,844,2,0
2026-04-09 15:25:00,1.16986,1.16986,1.16938,1.16946,578,2,0
2026-04-09 15:30:00,1.16947,1.17048,1.1694,1.17044,1022,2,0
2026-04-09 15:35:00,1.17044,1.17066,1.17002,1.1702,1048,2,0
2026-04-09 15:40:00,1.1702,1.17028,1.16974,1.16996,542,2,0
2026-04-09 15:45:00,1.16996,1.17047,1.16973,1.17001,498,2,0
2026-04-09 15:50:00,1.17001,1.1706,1.16998,1.17045,507,2,0
2026-04-09 15:55:00,1.17045,1.17071,1.17033,1.17054,364,2,0
2026-04-09 16:00:00,1.17054,1.17081,1.17022,1.17075,428,2,0
2026-04-09 16:05:00,1.17075,1.17103,1.1706,1.17071,343,2,0
2026-04-09 16:10:00,1.17071,1.17111,1.17071,1.1708,353,2,0
2026-04-09 16:15:00,1.1708,1.17138,1.17076,1.17135,324,2,0
2026-04-09 16:20:00,1.17135,1.17138,1.17114,1.17126,177,2,0
2026-04-09 16:25:00,1.17126,1.1714,1.17104,1.17137,190,2,0
2026-04-09 16:30:00,1.17137,1.17137,1.17076,1.17112,312,2,0
2026-04-09 16:35:00,1.17112,1.17121,1.17103,1.17116,183,2,0
2026-04-09 16:40:00,1.17116,1.1712,1.1709,1.17113,265,2,0
2026-04-09 16:45:00,1.17113,1.17115,1.17094,1.17095,225,2,0
2026-04-09 16:50:00,1.17095,1.17127,1.1709100000000001,1.17108,253,2,0
2026-04-09 16:55:00,1.17108,1.17119,1.17084,1.17105,329,2,0
2026-04-09 17:00:00,1.17105,1.17132,1.171,1.17132,176,2,0
2026-04-09 17:05:00,1.17132,1.17185,1.1712799999999999,1.1716,249,2,0
2026-04-09 17:10:00,1.1716,1.17176,1.17147,1.17164,194,2,0
2026-04-09 17:15:00,1.17164,1.17184,1.1716,1.17176,199,2,0
2026-04-09 17:20:00,1.17176,1.17191,1.17164,1.1719,182,2,0
2026-04-09 17:25:00,1.1719,1.17217,1.1718600000000001,1.17196,231,2,0
2026-04-09 17:30:00,1.17196,1.17203,1.17163,1.17199,405,2,0
2026-04-09 17:35:00,1.17199,1.17234,1.17198,1.17219,322,2,0
2026-04-09 17:40:00,1.17219,1.17229,1.17172,1.17175,201,2,0
2026-04-09 17:45:00,1.17175,1.17198,1.17169,1.17174,236,2,0
2026-04-09 17:50:00,1.17174,1.17174,1.17129,1.17132,245,2,0
2026-04-09 17:55:00,1.17132,1.17144,1.17122,1.17141,205,2,0
2026-04-09 18:00:00,1.17141,1.17148,1.17061,1.17081,504,2,0
2026-04-09 18:05:00,1.17081,1.17119,1.17074,1.17079,426,2,0
2026-04-09 18:10:00,1.17079,1.17088,1.17023,1.17038,382,2,0
2026-04-09 18:15:00,1.17038,1.17051,1.1702,1.1703000000000001,355,2,0
2026-04-09 18:20:00,1.1703000000000001,1.17044,1.17005,1.17015,395,2,0
2026-04-09 18:25:00,1.17015,1.17019,1.16983,1.1701,412,2,0
2026-04-09 18:30:00,1.1701,1.17017,1.16973,1.16995,327,2,0
2026-04-09 18:35:00,1.16995,1.1700599999999999,1.16981,1.16997,187,2,0
2026-04-09 18:40:00,1.16997,1.17005,1.16985,1.16988,154,2,0
2026-04-09 18:45:00,1.16988,1.16999,1.16983,1.16996,83,2,0
2026-04-09 18:50:00,1.16996,1.17021,1.16993,1.17015,148,2,0
2026-04-09 18:55:00,1.17015,1.17021,1.16982,1.16991,222,2,0
2026-04-09 19:00:00,1.16991,1.17011,1.1697899999999999,1.17007,162,2,0
2026-04-09 19:05:00,1.17007,1.17041,1.17007,1.1703999999999999,139,2,0
2026-04-09 19:10:00,1.1703999999999999,1.17056,1.17032,1.17056,157,2,0
2026-04-09 19:15:00,1.17056,1.1706,1.17009,1.17011,161,2,0
2026-04-09 19:20:00,1.17011,1.17016,1.16993,1.17012,293,2,0
2026-04-09 19:25:00,1.17012,1.17038,1.17011,1.17031,205,2,0
2026-04-09 19:30:00,1.17031,1.17084,1.17031,1.17061,236,2,0
2026-04-09 19:35:00,1.17061,1.17069,1.17057,1.17063,119,2,0
2026-04-09 19:40:00,1.17063,1.17081,1.17061,1.1707,140,2,0
2026-04-09 19:45:00,1.1707,1.17076,1.17056,1.17074,231,2,0
2026-04-09 19:50:00,1.17074,1.17081,1.17041,1.17045,237,2,0
2026-04-09 19:55:00,1.17045,1.17045,1.16996,1.17004,354,2,0
2026-04-09 20:00:00,1.17004,1.17008,1.1697899999999999,1.16982,187,2,0
2026-04-09 20:05:00,1.16982,1.16995,1.16968,1.16995,79,2,0
2026-04-09 20:10:00,1.16995,1.17002,1.16977,1.16984,30,2,0
2026-04-09 20:15:00,1.16984,1.16988,1.16966,1.16975,65,2,0
2026-04-09 20:20:00,1.16975,1.16985,1.1697,1.16984,28,2,0
2026-04-09 20:25:00,1.16984,1.16985,1.16964,1.1697899999999999,46,2,0
2026-04-09 20:30:00,1.1697899999999999,1.16985,1.16975,1.1698,63,2,0
2026-04-09 20:35:00,1.1698,1.16981,1.16959,1.16959,79,2,0
2026-04-09 20:40:00,1.16959,1.16963,1.16953,1.16959,33,2,0
2026-04-09 20:45:00,1.16959,1.16962,1.16954,1.16956,27,2,0
2026-04-09 20:50:00,1.16956,1.16985,1.16956,1.16982,60,2,0
2026-04-09 20:55:00,1.1697899999999999,1.16996,1.16955,1.16966,202,2,0
2026-04-09 21:00:00,1.16957,1.1697899999999999,1.16953,1.16953,7,137,0
2026-04-09 21:05:00,1.16953,1.16955,1.16947,1.16948,15,117,0
2026-04-09 21:10:00,1.16948,1.16954,1.1694,1.1694,38,75,0
2026-04-09 21:15:00,1.1694,1.1694499999999999,1.16939,1.16941,12,75,0
2026-04-09 21:20:00,1.16941,1.16941,1.1694,1.16941,9,78,0
2026-04-09 21:25:00,1.16941,1.16952,1.1694,1.16947,25,90,0
2026-04-09 21:30:00,1.16947,1.16951,1.16944,1.16946,447,100,0
2026-04-09 21:35:00,1.16946,1.16947,1.16939,1.16939,11,81,0
2026-04-09 21:40:00,1.16939,1.1694,1.16939,1.1694,6,78,0
2026-04-09 21:45:00,1.1694,1.16947,1.16925,1.16934,26,70,0
2026-04-09 21:50:00,1.16934,1.16985,1.16934,1.16985,13,63,0
2026-04-09 21:55:00,1.16985,1.16991,1.16985,1.1699,18,59,0
2026-04-09 22:00:00,1.1699,1.17005,1.16984,1.16997,71,42,0
2026-04-09 22:05:00,1.16997,1.17017,1.16996,1.17015,18,4,0
2026-04-09 22:10:00,1.17015,1.17015,1.17009,1.1701,18,2,0
2026-04-09 22:15:00,1.1701,1.17011,1.17005,1.17008,26,2,0
2026-04-09 22:20:00,1.17008,1.17023,1.17007,1.17015,37,2,0
2026-04-09 22:25:00,1.17015,1.17015,1.16963,1.16963,122,2,0
2026-04-09 22:30:00,1.16964,1.16986,1.16959,1.16963,192,2,0
2026-04-09 22:35:00,1.16963,1.16964,1.16943,1.16943,132,2,0
2026-04-09 22:40:00,1.16943,1.16948,1.16933,1.16938,76,3,0
2026-04-09 22:45:00,1.16938,1.16941,1.16924,1.16931,93,3,0
2026-04-09 22:50:00,1.16931,1.1693500000000001,1.16926,1.16931,97,2,0
2026-04-09 22:55:00,1.16931,1.16941,1.16925,1.16939,103,2,0
2026-04-09 23:00:00,1.16939,1.16952,1.16934,1.16949,60,3,0
2026-04-09 23:05:00,1.16949,1.16958,1.16941,1.16953,68,2,0
2026-04-09 23:10:00,1.16953,1.16953,1.16938,1.16939,41,3,0
2026-04-09 23:15:00,1.1694,1.16941,1.1693,1.16933,52,3,0
2026-04-09 23:20:00,1.16933,1.16943,1.16929,1.16942,64,2,0
2026-04-09 23:25:00,1.16942,1.16949,1.16934,1.16942,47,2,0
2026-04-09 23:30:00,1.16942,1.16956,1.1694,1.16955,47,2,0
2026-04-09 23:35:00,1.16955,1.16956,1.1693,1.16934,43,2,0
2026-04-09 23:40:00,1.16934,1.16937,1.16924,1.16924,45,2,0
2026-04-09 23:45:00,1.16924,1.16931,1.16921,1.16927,48,2,0
2026-04-09 23:50:00,1.16927,1.1693500000000001,1.16907,1.16907,66,2,0
2026-04-09 23:55:00,1.16907,1.16914,1.16901,1.16913,77,2,0
2026-04-10 00:00:00,1.16913,1.16914,1.1688,1.16894,156,2,0
2026-04-10 00:05:00,1.16894,1.16895,1.16869,1.16883,97,2,0
2026-04-10 00:10:00,1.16883,1.16888,1.16867,1.1688,91,2,0
2026-04-10 00:15:00,1.1688,1.16889,1.16877,1.1688,117,2,0
2026-04-10 00:20:00,1.1688,1.16889,1.1688,1.16885,105,2,0
2026-04-10 00:25:00,1.16885,1.16889,1.16861,1.16866,136,2,0
2026-04-10 00:30:00,1.16866,1.16882,1.16864,1.16876,141,2,0
2026-04-10 00:35:00,1.16876,1.16888,1.1687400000000001,1.16882,125,2,0
2026-04-10 00:40:00,1.16882,1.16889,1.1687400000000001,1.16875,90,2,0
2026-04-10 00:45:00,1.16875,1.16875,1.16861,1.1687,106,2,0
2026-04-10 00:50:00,1.1687,1.16878,1.16855,1.16875,221,2,0
2026-04-10 00:55:00,1.16875,1.16885,1.16854,1.16879,198,2,0
2026-04-10 01:00:00,1.16878,1.16886,1.16864,1.16876,238,2,0
2026-04-10 01:05:00,1.16876,1.16883,1.16866,1.1688,76,2,0
2026-04-10 01:10:00,1.1688,1.16887,1.16877,1.16881,84,2,0
2026-04-10 01:15:00,1.16881,1.1689,1.16871,1.1687400000000001,140,2,0
2026-04-10 01:20:00,1.1687400000000001,1.16882,1.16861,1.16872,84,2,0
2026-04-10 01:25:00,1.16872,1.1688399999999999,1.16871,1.16881,101,2,0
2026-04-10 01:30:00,1.16881,1.16917,1.16875,1.16911,151,2,0
2026-04-10 01:35:00,1.16911,1.16934,1.16911,1.16916,96,2,0
2026-04-10 01:40:00,1.16916,1.16917,1.16901,1.16912,98,2,0
2026-04-10 01:45:00,1.16912,1.16928,1.16905,1.16927,87,2,0
2026-04-10 01:50:00,1.16927,1.1694499999999999,1.16922,1.1694499999999999,110,2,0
2026-04-10 01:55:00,1.1694499999999999,1.1694499999999999,1.16911,1.16921,120,2,0
2026-04-10 02:00:00,1.16922,1.16931,1.16907,1.1691,122,2,0
2026-04-10 02:05:00,1.1691,1.16941,1.16907,1.16922,97,2,0
2026-04-10 02:10:00,1.16922,1.16922,1.1689,1.16892,103,2,0
2026-04-10 02:15:00,1.16892,1.16902,1.16891,1.16892,66,2,0
2026-04-10 02:20:00,1.16892,1.16896,1.16872,1.1688399999999999,112,2,0
2026-04-10 02:25:00,1.1688399999999999,1.16891,1.16866,1.16867,126,2,0
2026-04-10 02:30:00,1.16867,1.16906,1.16867,1.16896,90,2,0
2026-04-10 02:35:00,1.16896,1.16896,1.16882,1.16887,65,2,0
2026-04-10 02:40:00,1.16887,1.16912,1.16887,1.16912,65,2,0
2026-04-10 02:45:00,1.16912,1.16927,1.1691,1.16923,47,2,0
2026-04-10 02:50:00,1.16923,1.16928,1.16905,1.16911,65,2,0
2026-04-10 02:55:00,1.16911,1.16912,1.16901,1.1690800000000001,94,2,0
2026-04-10 03:00:00,1.1690800000000001,1.16914,1.16901,1.16912,104,2,0
2026-04-10 03:05:00,1.16912,1.16916,1.1690800000000001,1.1691,66,2,0
2026-04-10 03:10:00,1.1691,1.16914,1.16896,1.16913,62,2,0
2026-04-10 03:15:00,1.16913,1.16933,1.16911,1.16929,62,2,0
2026-04-10 03:20:00,1.16929,1.16943,1.16929,1.16941,33,2,0
2026-04-10 03:25:00,1.16941,1.16948,1.1694,1.16944,59,2,0
2026-04-10 03:30:00,1.16944,1.16962,1.16944,1.16948,103,2,0
2026-04-10 03:35:00,1.16948,1.16953,1.16944,1.16946,52,2,0
2026-04-10 03:40:00,1.16946,1.16947,1.16926,1.1693500000000001,51,2,0
2026-04-10 03:45:00,1.1693500000000001,1.16948,1.16932,1.1694499999999999,66,2,0
2026-04-10 03:50:00,1.1694499999999999,1.16948,1.1693500000000001,1.16948,83,2,0
2026-04-10 03:55:00,1.16948,1.16965,1.16943,1.16955,79,2,0
2026-04-10 04:00:00,1.16955,1.16964,1.16955,1.16962,48,2,0
2026-04-10 04:05:00,1.16962,1.16962,1.16951,1.16954,69,2,0
2026-04-10 04:10:00,1.16954,1.16958,1.1693,1.16944,81,2,0
2026-04-10 04:15:00,1.1694499999999999,1.16952,1.16942,1.16952,106,2,0
2026-04-10 04:20:00,1.16952,1.16955,1.1695,1.16954,74,2,0
2026-04-10 04:25:00,1.16954,1.1696,1.16943,1.16943,78,2,0
2026-04-10 04:30:00,1.16943,1.16947,1.16933,1.16938,62,2,0
2026-04-10 04:35:00,1.16938,1.1695,1.1693500000000001,1.16938,81,2,0
2026-04-10 04:40:00,1.16938,1.16942,1.16926,1.16926,89,2,0
2026-04-10 04:45:00,1.16926,1.16937,1.16924,1.16931,44,2,0
2026-04-10 04:50:00,1.16929,1.1693500000000001,1.16927,1.1693,79,2,0
2026-04-10 04:55:00,1.1693,1.1693,1.16911,1.1691799999999999,135,2,0
2026-04-10 05:00:00,1.1691799999999999,1.16926,1.16912,1.1691799999999999,144,2,0
2026-04-10 05:05:00,1.1691799999999999,1.16923,1.16905,1.16914,96,2,0
2026-04-10 05:10:00,1.16914,1.16915,1.16891,1.16897,84,2,0
2026-04-10 05:15:00,1.16896,1.16907,1.16892,1.16903,99,2,0
2026-04-10 05:20:00,1.16903,1.1691,1.16886,1.16888,67,2,0
2026-04-10 05:25:00,1.16888,1.16893,1.16869,1.16876,85,2,0
2026-04-10 05:30:00,1.16876,1.16901,1.16876,1.16897,94,2,0
2026-04-10 05:35:00,1.16897,1.16909,1.16885,1.16906,111,2,0
2026-04-10 05:40:00,1.16906,1.16917,1.16893,1.16898,115,2,0
2026-04-10 05:45:00,1.16898,1.1690800000000001,1.16893,1.16893,97,2,0
2026-04-10 05:50:00,1.16893,1.1690800000000001,1.16892,1.16904,75,2,0
2026-04-10 05:55:00,1.16904,1.16909,1.16898,1.16903,68,2,0
2026-04-10 06:00:00,1.16903,1.16934,1.16892,1.16912,179,2,0
2026-04-10 06:05:00,1.16912,1.16912,1.16872,1.16882,161,2,0
2026-04-10 06:10:00,1.16882,1.16892,1.16878,1.16882,102,2,0
2026-04-10 06:15:00,1.16882,1.16882,1.16852,1.1685699999999999,179,2,0
2026-04-10 06:20:00,1.1685699999999999,1.16862,1.16841,1.16853,180,2,0
2026-04-10 06:25:00,1.16853,1.16864,1.16841,1.16841,178,2,0
2026-04-10 06:30:00,1.16841,1.16886,1.16831,1.16882,205,2,0
2026-04-10 06:35:00,1.16882,1.16902,1.16876,1.16877,157,2,0
2026-04-10 06:40:00,1.16877,1.16877,1.16852,1.16862,202,2,0
2026-04-10 06:45:00,1.16862,1.16865,1.16851,1.16861,144,2,0
2026-04-10 06:50:00,1.16861,1.16869,1.16855,1.16865,115,2,0
2026-04-10 06:55:00,1.16865,1.16896,1.16841,1.16844,230,2,0
2026-04-10 07:00:00,1.16842,1.16883,1.16822,1.16883,301,2,0
2026-04-10 07:05:00,1.16883,1.16887,1.16856,1.16883,120,2,0
2026-04-10 07:10:00,1.16883,1.16889,1.16852,1.1685699999999999,139,2,0
2026-04-10 07:15:00,1.1685699999999999,1.16876,1.16833,1.1687400000000001,178,2,0
2026-04-10 07:20:00,1.1687400000000001,1.16896,1.16845,1.16873,184,2,0
2026-04-10 07:25:00,1.16876,1.16892,1.16856,1.16867,182,2,0
2026-04-10 07:30:00,1.16867,1.16868,1.1684,1.16853,178,2,0
2026-04-10 07:35:00,1.16853,1.16867,1.16846,1.16859,112,2,0
2026-04-10 07:40:00,1.16859,1.16862,1.16815,1.1684,182,2,0
2026-04-10 07:45:00,1.1684,1.1685699999999999,1.16827,1.16856,169,2,0
2026-04-10 07:50:00,1.16856,1.1685699999999999,1.1683,1.16833,126,2,0
2026-04-10 07:55:00,1.16833,1.16848,1.16789,1.16798,196,2,0
2026-04-10 08:00:00,1.16798,1.16798,1.16774,1.16784,179,2,0
2026-04-10 08:05:00,1.16784,1.16846,1.16783,1.16846,146,2,0
2026-04-10 08:10:00,1.16846,1.1685699999999999,1.16838,1.16854,112,2,0
2026-04-10 08:15:00,1.16854,1.1685699999999999,1.16834,1.16844,97,2,0
2026-04-10 08:20:00,1.16844,1.16873,1.16844,1.16872,127,2,0
2026-04-10 08:25:00,1.16872,1.16882,1.16853,1.1685699999999999,151,2,0
2026-04-10 08:30:00,1.1685699999999999,1.16895,1.1685699999999999,1.16883,137,2,0
2026-04-10 08:35:00,1.16883,1.16888,1.16873,1.16882,97,2,0
2026-04-10 08:40:00,1.16882,1.16897,1.16873,1.16876,98,2,0
2026-04-10 08:45:00,1.16876,1.1688,1.16848,1.16867,133,2,0
2026-04-10 08:50:00,1.16867,1.16867,1.16842,1.16843,160,2,0
2026-04-10 08:55:00,1.16843,1.16863,1.16842,1.16858,192,2,0
2026-04-10 09:00:00,1.16858,1.16887,1.16858,1.16885,194,2,0
2026-04-10 09:05:00,1.16885,1.16886,1.1684700000000001,1.1685699999999999,160,2,0
2026-04-10 09:10:00,1.1685699999999999,1.16861,1.1684700000000001,1.16852,135,2,0
2026-04-10 09:15:00,1.16852,1.17105,1.16848,1.1709100000000001,773,2,0
2026-04-10 09:20:00,1.1709100000000001,1.1709100000000001,1.16983,1.17005,962,2,0
2026-04-10 09:25:00,1.17009,1.17024,1.16956,1.1697,526,2,0
2026-04-10 09:30:00,1.1697,1.16994,1.16956,1.16988,291,2,0
2026-04-10 09:35:00,1.16988,1.17018,1.16977,1.16999,290,2,0
2026-04-10 09:40:00,1.16999,1.17022,1.16992,1.17022,273,2,0
2026-04-10 09:45:00,1.17022,1.17033,1.16998,1.17033,153,2,0
2026-04-10 09:50:00,1.17033,1.17086,1.17029,1.17078,282,2,0
2026-04-10 09:55:00,1.17078,1.17109,1.1707,1.17102,262,2,0
2026-04-10 10:00:00,1.17102,1.17129,1.17087,1.17092,309,2,0
2026-04-10 10:05:00,1.17092,1.17108,1.17083,1.17093,220,2,0
2026-04-10 10:10:00,1.17093,1.17102,1.17076,1.17076,152,2,0
2026-04-10 10:15:00,1.17076,1.17103,1.17057,1.17086,222,2,0
2026-04-10 10:20:00,1.17086,1.17117,1.17082,1.17117,161,2,0
2026-04-10 10:25:00,1.17117,1.17133,1.17111,1.1712,188,2,0
2026-04-10 10:30:00,1.1712,1.17122,1.1710099999999999,1.17118,185,2,0
2026-04-10 10:35:00,1.17118,1.17146,1.17111,1.17136,114,2,0
2026-04-10 10:40:00,1.17136,1.17153,1.17133,1.17136,169,2,0
2026-04-10 10:45:00,1.17136,1.17157,1.17136,1.17147,84,2,0
2026-04-10 10:50:00,1.17147,1.1715,1.17121,1.17138,156,2,0
2026-04-10 10:55:00,1.17138,1.17141,1.1712500000000001,1.17127,135,2,0
2026-04-10 11:00:00,1.17127,1.17159,1.17122,1.17159,140,2,0
2026-04-10 11:05:00,1.17159,1.17177,1.17155,1.17177,109,2,0
2026-04-10 11:10:00,1.17177,1.17187,1.17156,1.17168,134,2,0
2026-04-10 11:15:00,1.17168,1.17178,1.17157,1.17167,122,2,0
2026-04-10 11:20:00,1.17167,1.1717,1.17136,1.17151,195,2,0
2026-04-10 11:25:00,1.1715,1.17155,1.17121,1.17129,168,2,0
2026-04-10 11:30:00,1.17129,1.17143,1.17114,1.17118,162,2,0
2026-04-10 11:35:00,1.17118,1.17126,1.17108,1.17113,112,2,0
2026-04-10 11:40:00,1.17113,1.17166,1.1711,1.17165,103,2,0
2026-04-10 11:45:00,1.17165,1.17171,1.17158,1.1716199999999999,77,2,0
2026-04-10 11:50:00,1.1716199999999999,1.17167,1.17149,1.1715,121,2,0
2026-04-10 11:55:00,1.1715,1.17155,1.17126,1.17139,282,2,0
2026-04-10 12:00:00,1.17139,1.17156,1.17133,1.17151,262,2,0
2026-04-10 12:05:00,1.17151,1.17155,1.17111,1.17112,228,2,0
2026-04-10 12:10:00,1.17112,1.1715200000000001,1.17106,1.17145,209,2,0
2026-04-10 12:15:00,1.17145,1.17148,1.17114,1.17121,253,2,0
2026-04-10 12:20:00,1.1712,1.17129,1.17094,1.17106,277,2,0
2026-04-10 12:25:00,1.17106,1.1714,1.171,1.17132,290,2,0
2026-04-10 12:30:00,1.17132,1.17235,1.17132,1.17212,943,2,0
2026-04-10 12:35:00,1.17212,1.17255,1.17197,1.17209,526,2,0
2026-04-10 12:40:00,1.17209,1.17211,1.17154,1.17172,566,2,0
2026-04-10 12:45:00,1.17172,1.17175,1.17126,1.1715,400,2,0
2026-04-10 12:50:00,1.1715,1.17178,1.17139,1.17166,325,2,0
2026-04-10 12:55:00,1.17166,1.17211,1.17166,1.17207,347,2,0
2026-04-10 13:00:00,1.17207,1.17233,1.17185,1.17216,385,2,0
2026-04-10 13:05:00,1.17216,1.17251,1.172,1.17219,386,2,0
2026-04-10 13:10:00,1.17219,1.17256,1.17214,1.17231,319,2,0
2026-04-10 13:15:00,1.17231,1.17241,1.17215,1.17239,266,2,0
2026-04-10 13:20:00,1.17239,1.17296,1.17237,1.1728399999999999,270,2,0
2026-04-10 13:25:00,1.1728399999999999,1.17347,1.17283,1.17332,307,2,0
2026-04-10 13:30:00,1.17332,1.17346,1.17263,1.17265,475,2,0
2026-04-10 13:35:00,1.17264,1.17297,1.17245,1.17282,420,2,0
2026-04-10 13:40:00,1.17282,1.17295,1.17259,1.17285,368,2,0
2026-04-10 13:45:00,1.17285,1.17315,1.1727,1.17285,330,2,0
2026-04-10 13:50:00,1.17285,1.17301,1.17248,1.17275,418,2,0
2026-04-10 13:55:00,1.17275,1.17298,1.17255,1.17276,310,2,0
2026-04-10 14:00:00,1.17276,1.17356,1.17265,1.1732,496,2,0
2026-04-10 14:05:00,1.1732,1.17332,1.17299,1.17306,385,2,0
2026-04-10 14:10:00,1.17307,1.1734,1.17271,1.1734,452,2,0
2026-04-10 14:15:00,1.1734,1.17363,1.17319,1.17357,455,2,0
2026-04-10 14:20:00,1.17358,1.17376,1.1734499999999999,1.17371,218,2,0
2026-04-10 14:25:00,1.17371,1.17381,1.17349,1.1735,341,2,0
2026-04-10 14:30:00,1.1735,1.1737,1.17325,1.1733,275,2,0
2026-04-10 14:35:00,1.1733,1.17339,1.17304,1.17334,313,2,0
2026-04-10 14:40:00,1.17334,1.1734499999999999,1.17256,1.17279,623,2,0
2026-04-10 14:45:00,1.17279,1.17293,1.17244,1.17261,711,2,0
2026-04-10 14:50:00,1.1726,1.17298,1.17227,1.17235,762,2,0
2026-04-10 14:55:00,1.17235,1.17289,1.17201,1.17278,930,2,0
2026-04-10 15:00:00,1.17278,1.17313,1.17275,1.17285,597,2,0
2026-04-10 15:05:00,1.17285,1.17327,1.17266,1.17326,397,2,0
2026-04-10 15:10:00,1.17326,1.17353,1.17315,1.17348,328,2,0
2026-04-10 15:15:00,1.17348,1.17363,1.17337,1.17346,344,2,0
2026-04-10 15:20:00,1.17347,1.17394,1.17346,1.17385,384,2,0
2026-04-10 15:25:00,1.17385,1.17385,1.17318,1.17319,521,2,0
2026-04-10 15:30:00,1.17319,1.17346,1.17298,1.1731,494,2,0
2026-04-10 15:35:00,1.1731,1.17313,1.17296,1.173,395,2,0
2026-04-10 15:40:00,1.173,1.17301,1.17267,1.17273,476,2,0
2026-04-10 15:45:00,1.17273,1.17277,1.17226,1.1723,494,2,0
2026-04-10 15:50:00,1.1723,1.17251,1.17222,1.17231,308,2,0
2026-04-10 15:55:00,1.17232,1.17241,1.17216,1.17222,203,2,0
2026-04-10 16:00:00,1.17222,1.17243,1.172,1.1724,233,2,0
2026-04-10 16:05:00,1.1724,1.1724,1.1721,1.17217,156,2,0
2026-04-10 16:10:00,1.17217,1.17252,1.17217,1.1724700000000001,187,2,0
2026-04-10 16:15:00,1.1724700000000001,1.1724700000000001,1.17231,1.17236,163,2,0
2026-04-10 16:20:00,1.17236,1.17239,1.17216,1.17234,219,2,0
2026-04-10 16:25:00,1.17234,1.17238,1.17207,1.17208,280,2,0
2026-04-10 16:30:00,1.17208,1.17211,1.17164,1.17171,331,2,0
2026-04-10 16:35:00,1.17171,1.17191,1.17165,1.17174,451,2,0
2026-04-10 16:40:00,1.17175,1.17175,1.17135,1.17138,293,2,0
2026-04-10 16:45:00,1.17138,1.17174,1.17136,1.17147,208,2,0
2026-04-10 16:50:00,1.17147,1.17194,1.17146,1.17193,244,2,0
2026-04-10 16:55:00,1.17193,1.17215,1.17183,1.17204,144,2,0
2026-04-10 17:00:00,1.17204,1.17206,1.1718899999999999,1.17204,153,2,0
2026-04-10 17:05:00,1.17204,1.17224,1.172,1.17218,125,2,0
2026-04-10 17:10:00,1.17218,1.17242,1.1721300000000001,1.1723,119,2,0
2026-04-10 17:15:00,1.1723,1.17242,1.17212,1.1721300000000001,110,2,0
2026-04-10 17:20:00,1.1721300000000001,1.1722299999999999,1.17205,1.17212,172,2,0
2026-04-10 17:25:00,1.17212,1.17229,1.17207,1.17229,125,2,0
2026-04-10 17:30:00,1.17229,1.17232,1.17215,1.17221,171,2,0
2026-04-10 17:35:00,1.17221,1.17232,1.17212,1.17232,124,2,0
2026-04-10 17:40:00,1.17232,1.17252,1.17231,1.17243,121,2,0
2026-04-10 17:45:00,1.17243,1.17255,1.17235,1.1724,173,2,0
2026-04-10 17:50:00,1.1724,1.1726,1.17217,1.17218,196,2,0
2026-04-10 17:55:00,1.17218,1.17237,1.17215,1.17231,144,2,0
2026-04-10 18:00:00,1.17231,1.17231,1.1719,1.17192,210,2,0
2026-04-10 18:05:00,1.17192,1.17212,1.1718600000000001,1.17202,203,2,0
2026-04-10 18:10:00,1.17202,1.17239,1.17202,1.17233,193,2,0
2026-04-10 18:15:00,1.17233,1.17262,1.17228,1.1726,196,2,0
2026-04-10 18:20:00,1.1726,1.17283,1.17252,1.17264,361,2,0
2026-04-10 18:25:00,1.17264,1.17295,1.17258,1.17289,202,2,0
2026-04-10 18:30:00,1.17289,1.17329,1.17289,1.17327,187,2,0
2026-04-10 18:35:00,1.17327,1.17353,1.17322,1.17344,241,2,0
2026-04-10 18:40:00,1.17344,1.17348,1.17321,1.17326,198,2,0
2026-04-10 18:45:00,1.17325,1.17325,1.17286,1.17295,156,2,0
2026-04-10 18:50:00,1.17295,1.17312,1.17291,1.17312,136,2,0
2026-04-10 18:55:00,1.17312,1.17316,1.17295,1.17315,168,2,0
2026-04-10 19:00:00,1.17315,1.17325,1.17294,1.17298,181,2,0
2026-04-10 19:05:00,1.17298,1.17303,1.17277,1.17277,148,2,0
2026-04-10 19:10:00,1.17277,1.17295,1.17275,1.17281,179,2,0
2026-04-10 19:15:00,1.17281,1.173,1.17278,1.17292,65,2,0
2026-04-10 19:20:00,1.17292,1.1730800000000001,1.17287,1.17298,86,2,0
2026-04-10 19:25:00,1.17298,1.17311,1.17275,1.17282,123,2,0
2026-04-10 19:30:00,1.17282,1.17294,1.17272,1.17288,136,2,0
2026-04-10 19:35:00,1.17288,1.17302,1.17286,1.17289,80,2,0
2026-04-10 19:40:00,1.17289,1.17293,1.17276,1.17292,174,2,0
2026-04-10 19:45:00,1.17292,1.17295,1.17282,1.17285,62,2,0
2026-04-10 19:50:00,1.17285,1.17297,1.17275,1.1728399999999999,142,2,0
2026-04-10 19:55:00,1.1728399999999999,1.17287,1.17272,1.17276,163,2,0
2026-04-10 20:00:00,1.17276,1.1729,1.17268,1.17282,158,2,0
2026-04-10 20:05:00,1.17282,1.17287,1.17275,1.17286,54,2,0
2026-04-10 20:10:00,1.17286,1.17297,1.17286,1.17289,158,2,0
2026-04-10 20:15:00,1.17289,1.17295,1.17286,1.17291,85,2,0
2026-04-10 20:20:00,1.17292,1.17293,1.17282,1.17283,155,2,0
2026-04-10 20:25:00,1.17283,1.1729,1.1728,1.1728399999999999,268,3,0
2026-04-10 20:30:00,1.1728399999999999,1.17296,1.17282,1.17291,388,3,0
2026-04-10 20:35:00,1.17291,1.173,1.17281,1.17291,133,2,0
2026-04-10 20:40:00,1.17291,1.17299,1.1728399999999999,1.17291,82,3,0
2026-04-10 20:45:00,1.17291,1.17307,1.17289,1.173,116,2,0
2026-04-10 20:50:00,1.173,1.17303,1.17283,1.17297,253,3,0
2026-04-12 21:10:00,1.16644,1.16669,1.16639,1.16669,47,47,0
2026-04-12 21:15:00,1.16669,1.16711,1.16654,1.16709,77,65,0
2026-04-12 21:20:00,1.16708,1.1672,1.16703,1.16706,38,72,0
2026-04-12 21:25:00,1.16706,1.16778,1.16704,1.16768,87,76,0
2026-04-12 21:30:00,1.16768,1.16776,1.1676,1.16767,70,63,0
2026-04-12 21:35:00,1.16763,1.16772,1.16749,1.16766,81,64,0
2026-04-12 21:40:00,1.16766,1.16767,1.16757,1.16757,34,60,0
2026-04-12 21:45:00,1.16758,1.16765,1.16756,1.16764,36,57,0
2026-04-12 21:50:00,1.16764,1.16766,1.16745,1.16745,45,59,0
2026-04-12 21:55:00,1.16745,1.16751,1.16665,1.16665,70,64,0
2026-04-12 22:00:00,1.16665,1.16756,1.16659,1.16685,525,59,0
2026-04-12 22:05:00,1.16685,1.1673,1.16671,1.16728,271,51,0
2026-04-12 22:10:00,1.16728,1.16741,1.16711,1.16723,309,60,0
2026-04-12 22:15:00,1.16723,1.16738,1.16684,1.16695,285,43,0
2026-04-12 22:20:00,1.16695,1.16703,1.16657,1.16657,482,45,0
2026-04-12 22:25:00,1.16657,1.16668,1.16638,1.16657,461,46,0
2026-04-12 22:30:00,1.16657,1.1667399999999999,1.16634,1.16671,680,42,0
2026-04-12 22:35:00,1.16671,1.16681,1.16657,1.16676,526,45,0
2026-04-12 22:40:00,1.16676,1.16694,1.16666,1.16693,377,45,0
2026-04-12 22:45:00,1.16693,1.1671,1.16688,1.16692,271,44,0
2026-04-12 22:50:00,1.16692,1.16699,1.16672,1.16679,229,44,0
2026-04-12 22:55:00,1.16679,1.16732,1.16672,1.16721,159,4,0
2026-04-12 23:00:00,1.16721,1.16737,1.16715,1.1672,196,2,0
2026-04-12 23:05:00,1.1672,1.16722,1.16694,1.16707,299,2,0
2026-04-12 23:10:00,1.16707,1.1672500000000001,1.16698,1.16704,111,3,0
2026-04-12 23:15:00,1.16704,1.16706,1.1666400000000001,1.16666,164,2,0
2026-04-12 23:20:00,1.16666,1.16668,1.16638,1.16639,181,2,0
2026-04-12 23:25:00,1.1663999999999999,1.16681,1.1663999999999999,1.16681,132,2,0
2026-04-12 23:30:00,1.16681,1.16707,1.16671,1.167,139,3,0
2026-04-12 23:35:00,1.167,1.1672,1.16699,1.16716,81,2,0
2026-04-12 23:40:00,1.16716,1.16717,1.16693,1.16703,124,2,0
2026-04-12 23:45:00,1.16703,1.16736,1.16703,1.16736,265,2,0
2026-04-12 23:50:00,1.16736,1.16753,1.16731,1.16736,185,2,0
2026-04-12 23:55:00,1.16736,1.16747,1.16717,1.16747,217,2,0
2026-04-13 00:00:00,1.16747,1.16757,1.16709,1.16746,376,2,0
2026-04-13 00:05:00,1.16746,1.16773,1.16739,1.16772,238,2,0
2026-04-13 00:10:00,1.16772,1.16794,1.1676,1.16783,281,2,0
2026-04-13 00:15:00,1.16783,1.16799,1.16775,1.16784,238,2,0
2026-04-13 00:20:00,1.16784,1.16815,1.16783,1.16812,165,2,0
2026-04-13 00:25:00,1.16812,1.16835,1.16806,1.16806,97,2,0
2026-04-13 00:30:00,1.16806,1.1685,1.16805,1.16846,177,2,0
2026-04-13 00:35:00,1.16846,1.16853,1.16841,1.16845,148,2,0
2026-04-13 00:40:00,1.16845,1.1686,1.16844,1.16846,95,2,0
2026-04-13 00:45:00,1.16846,1.1685699999999999,1.1684,1.16849,166,2,0
2026-04-13 00:50:00,1.16849,1.16861,1.16839,1.16859,216,2,0
2026-04-13 00:55:00,1.16859,1.16875,1.16841,1.16875,233,2,0
2026-04-13 01:00:00,1.16875,1.16889,1.16843,1.16849,243,2,0
2026-04-13 01:05:00,1.16849,1.16885,1.16836,1.16883,214,2,0
2026-04-13 01:10:00,1.16883,1.16895,1.16873,1.16881,161,2,0
2026-04-13 01:15:00,1.16881,1.16885,1.1687,1.1688,143,2,0
2026-04-13 01:20:00,1.1688,1.16886,1.16854,1.16854,235,2,0
2026-04-13 01:25:00,1.16854,1.16864,1.16833,1.1684,184,2,0
2026-04-13 01:30:00,1.1684,1.1684,1.16816,1.16834,176,2,0
2026-04-13 01:35:00,1.16834,1.1684,1.16819,1.16819,143,2,0
2026-04-13 01:40:00,1.16819,1.16827,1.16804,1.16818,172,2,0
2026-04-13 01:45:00,1.16818,1.16844,1.16807,1.16834,182,2,0
2026-04-13 01:50:00,1.16834,1.16863,1.16834,1.1686,173,2,0
2026-04-13 01:55:00,1.1686,1.16871,1.16845,1.16862,192,2,0
2026-04-13 02:00:00,1.16862,1.16871,1.16852,1.16865,124,2,0
2026-04-13 02:05:00,1.16866,1.16877,1.16854,1.16876,102,2,0
2026-04-13 02:10:00,1.16876,1.1688,1.16865,1.16873,118,2,0
2026-04-13 02:15:00,1.16873,1.16875,1.16867,1.16872,80,2,0
2026-04-13 02:20:00,1.16872,1.16886,1.1687,1.16881,83,2,0
2026-04-13 02:25:00,1.16881,1.16883,1.16871,1.16873,77,2,0
2026-04-13 02:30:00,1.16873,1.169,1.16872,1.16872,124,2,0
2026-04-13 02:35:00,1.16872,1.1687400000000001,1.1686,1.16864,85,2,0
2026-04-13 02:40:00,1.16864,1.16875,1.16861,1.16864,79,2,0
2026-04-13 02:45:00,1.16864,1.16877,1.1685,1.16854,129,2,0
2026-04-13 02:50:00,1.16854,1.16881,1.16853,1.16881,112,2,0
2026-04-13 02:55:00,1.16882,1.1689,1.1687400000000001,1.1688399999999999,99,2,0
2026-04-13 03:00:00,1.1688399999999999,1.16892,1.1687,1.16872,95,2,0
2026-04-13 03:05:00,1.16872,1.16875,1.16864,1.16869,105,2,0
2026-04-13 03:10:00,1.16869,1.1687,1.16861,1.16865,90,2,0
2026-04-13 03:15:00,1.16865,1.16876,1.16856,1.16871,100,2,0
2026-04-13 03:20:00,1.16871,1.1687400000000001,1.16861,1.16862,66,2,0
2026-04-13 03:25:00,1.16862,1.16876,1.16861,1.16864,89,2,0
2026-04-13 03:30:00,1.16864,1.1687400000000001,1.16864,1.16867,88,2,0
2026-04-13 03:35:00,1.16867,1.16869,1.16861,1.16862,86,2,0
2026-04-13 03:40:00,1.16862,1.16887,1.16862,1.16883,72,2,0
2026-04-13 03:45:00,1.16883,1.1688399999999999,1.16867,1.1688399999999999,94,2,0
2026-04-13 03:50:00,1.1688399999999999,1.1688399999999999,1.16875,1.16876,56,2,0
2026-04-13 03:55:00,1.16876,1.16883,1.16872,1.16879,70,2,0
2026-04-13 04:00:00,1.16879,1.16882,1.16868,1.16877,97,2,0
2026-04-13 04:05:00,1.16877,1.16901,1.16873,1.16895,84,2,0
2026-04-13 04:10:00,1.16895,1.169,1.1689,1.16896,59,2,0
2026-04-13 04:15:00,1.16896,1.169,1.1689,1.16892,55,2,0
2026-04-13 04:20:00,1.16892,1.16892,1.16876,1.16882,99,2,0
2026-04-13 04:25:00,1.16882,1.16893,1.16882,1.16885,75,2,0
2026-04-13 04:30:00,1.16885,1.16896,1.16877,1.16877,44,2,0
2026-04-13 04:35:00,1.16877,1.16877,1.16861,1.16864,56,2,0
2026-04-13 04:40:00,1.16864,1.16876,1.16864,1.16873,82,2,0
2026-04-13 04:45:00,1.16873,1.16879,1.16866,1.16872,54,2,0
2026-04-13 04:50:00,1.16872,1.16877,1.16871,1.16877,54,2,0
2026-04-13 04:55:00,1.16877,1.16887,1.1685699999999999,1.1686,155,2,0
2026-04-13 05:00:00,1.1686,1.16866,1.1685,1.16854,171,2,0
2026-04-13 05:05:00,1.16854,1.16862,1.16831,1.1684,126,2,0
2026-04-13 05:10:00,1.1684,1.16845,1.16834,1.16844,107,2,0
2026-04-13 05:15:00,1.16844,1.16864,1.16842,1.16844,177,2,0
2026-04-13 05:20:00,1.16844,1.16859,1.16841,1.16855,133,2,0
2026-04-13 05:25:00,1.16855,1.1687,1.1685,1.16866,123,2,0
2026-04-13 05:30:00,1.16866,1.1687,1.16862,1.1687,116,2,0
2026-04-13 05:35:00,1.1687,1.16885,1.16869,1.16877,172,2,0
2026-04-13 05:40:00,1.16877,1.1688399999999999,1.16871,1.16877,167,2,0
2026-04-13 05:45:00,1.16877,1.16891,1.1687400000000001,1.16875,176,2,0
2026-04-13 05:50:00,1.16875,1.1688399999999999,1.16869,1.1687400000000001,127,2,0
2026-04-13 05:55:00,1.1687400000000001,1.1688399999999999,1.16863,1.16878,203,2,0
2026-04-13 06:00:00,1.16878,1.16909,1.16876,1.16903,375,2,0
2026-04-13 06:05:00,1.16903,1.16944,1.1688,1.16941,232,2,0
2026-04-13 06:10:00,1.16941,1.16948,1.16888,1.16888,210,2,0
2026-04-13 06:15:00,1.16888,1.16915,1.1687400000000001,1.1688399999999999,182,2,0
2026-04-13 06:20:00,1.1688399999999999,1.16911,1.16873,1.16905,186,2,0
2026-04-13 06:25:00,1.16905,1.16921,1.16887,1.16887,186,2,0
2026-04-13 06:30:00,1.16887,1.16905,1.16868,1.1687400000000001,185,2,0
2026-04-13 06:35:00,1.1687400000000001,1.16882,1.1683,1.16831,272,2,0
2026-04-13 06:40:00,1.16831,1.16842,1.16779,1.16791,268,2,0
2026-04-13 06:45:00,1.16791,1.16801,1.16779,1.16791,260,2,0
2026-04-13 06:50:00,1.16791,1.16824,1.16791,1.1682,154,2,0
2026-04-13 06:55:00,1.1682,1.1686,1.16811,1.16854,232,2,0
2026-04-13 07:00:00,1.16855,1.16917,1.16854,1.16886,286,2,0
2026-04-13 07:05:00,1.16886,1.16896,1.16864,1.16866,240,2,0
2026-04-13 07:10:00,1.16866,1.169,1.16866,1.16883,228,2,0
2026-04-13 07:15:00,1.16883,1.16897,1.1687400000000001,1.1689,174,2,0
2026-04-13 07:20:00,1.1689,1.16931,1.16883,1.16922,159,2,0
2026-04-13 07:25:00,1.16922,1.16967,1.1691,1.16967,142,2,0
2026-04-13 07:30:00,1.16967,1.16998,1.16961,1.16991,155,2,0
2026-04-13 07:35:00,1.16991,1.17,1.16967,1.16977,168,2,0
2026-04-13 07:40:00,1.16977,1.16982,1.1695,1.16955,203,2,0
2026-04-13 07:45:00,1.16955,1.1696900000000001,1.16934,1.16934,203,2,0
2026-04-13 07:50:00,1.16934,1.16957,1.1693,1.16949,158,2,0
2026-04-13 07:55:00,1.16949,1.16982,1.16943,1.1696900000000001,194,2,0
2026-04-13 08:00:00,1.1696900000000001,1.1697,1.1694,1.1694,305,2,0
2026-04-13 08:05:00,1.1694,1.16946,1.16905,1.16939,248,2,0
2026-04-13 08:10:00,1.16939,1.16946,1.16917,1.1692,191,2,0
2026-04-13 08:15:00,1.1692,1.16931,1.16902,1.16925,199,2,0
2026-04-13 08:20:00,1.16925,1.1694,1.1691,1.1693,180,2,0
2026-04-13 08:25:00,1.1693,1.16936,1.16904,1.16914,239,2,0
2026-04-13 08:30:00,1.16914,1.1693,1.16906,1.16914,203,2,0
2026-04-13 08:35:00,1.16914,1.16922,1.16887,1.1689,181,2,0
2026-04-13 08:40:00,1.1689,1.16892,1.16855,1.16868,218,2,0
2026-04-13 08:45:00,1.16868,1.16879,1.1685,1.16855,205,2,0
2026-04-13 08:50:00,1.16855,1.16858,1.16834,1.16845,196,2,0
2026-04-13 08:55:00,1.16845,1.16863,1.16837,1.1686,186,2,0
2026-04-13 09:00:00,1.1686,1.16899,1.16859,1.1687400000000001,449,2,0
2026-04-13 09:05:00,1.1687400000000001,1.16879,1.16845,1.1685,206,2,0
2026-04-13 09:10:00,1.1685,1.16856,1.16839,1.16844,161,2,0
2026-04-13 09:15:00,1.16844,1.1688,1.16837,1.16879,148,2,0
2026-04-13 09:20:00,1.16879,1.1688399999999999,1.16861,1.16861,96,2,0
2026-04-13 09:25:00,1.16861,1.16879,1.1684,1.16877,135,2,0
2026-04-13 09:30:00,1.16877,1.16903,1.1687400000000001,1.16895,101,2,0
2026-04-13 09:35:00,1.16895,1.16923,1.16894,1.16904,187,2,0
2026-04-13 09:40:00,1.16904,1.16905,1.16871,1.16881,192,2,0
2026-04-13 09:45:00,1.16881,1.16885,1.16865,1.16866,132,2,0
2026-04-13 09:50:00,1.16866,1.16875,1.16858,1.16875,142,2,0
2026-04-13 09:55:00,1.16875,1.16889,1.16858,1.16861,178,2,0
2026-04-13 10:00:00,1.16861,1.16879,1.16851,1.16856,220,2,0
2026-04-13 10:05:00,1.16856,1.16862,1.1684,1.1686,111,2,0
2026-04-13 10:10:00,1.1686,1.16866,1.16841,1.16856,173,2,0
2026-04-13 10:15:00,1.16856,1.16856,1.16835,1.16835,179,2,0
2026-04-13 10:20:00,1.16835,1.16855,1.16824,1.1684700000000001,127,2,0
2026-04-13 10:25:00,1.1684700000000001,1.16861,1.1684,1.16856,100,2,0
2026-04-13 10:30:00,1.16856,1.16865,1.1684,1.16865,99,2,0
2026-04-13 10:35:00,1.16865,1.1688399999999999,1.1685699999999999,1.16881,144,2,0
2026-04-13 10:40:00,1.16881,1.16889,1.16875,1.1688,115,2,0
2026-04-13 10:45:00,1.1688,1.16922,1.16879,1.1692,106,2,0
2026-04-13 10:50:00,1.1692,1.1695,1.16907,1.16946,127,2,0
2026-04-13 10:55:00,1.16946,1.16947,1.16924,1.16934,156,2,0
2026-04-13 11:00:00,1.1693500000000001,1.16988,1.16934,1.16976,321,2,0
2026-04-13 11:05:00,1.16976,1.16993,1.16971,1.16992,128,2,0
2026-04-13 11:10:00,1.16992,1.16996,1.16974,1.16981,142,2,0
2026-04-13 11:15:00,1.16981,1.16987,1.16977,1.16985,64,2,0
2026-04-13 11:20:00,1.16985,1.16989,1.1696900000000001,1.16978,164,2,0
2026-04-13 11:25:00,1.16978,1.1698,1.1696,1.16974,186,2,0
2026-04-13 11:30:00,1.16974,1.16983,1.1696900000000001,1.16973,137,2,0
2026-04-13 11:35:00,1.16973,1.16976,1.16903,1.16913,333,2,0
2026-04-13 11:40:00,1.16913,1.16934,1.169,1.16926,255,2,0
2026-04-13 11:45:00,1.16926,1.16932,1.169,1.16903,259,2,0
2026-04-13 11:50:00,1.16903,1.16905,1.16863,1.1687,303,2,0
2026-04-13 11:55:00,1.1687,1.1687,1.16809,1.16816,472,2,0
2026-04-13 12:00:00,1.16816,1.1688,1.16808,1.1682299999999999,452,2,0
2026-04-13 12:05:00,1.1682299999999999,1.16846,1.16805,1.16837,337,2,0
2026-04-13 12:10:00,1.16837,1.16873,1.1683,1.16868,164,2,0
2026-04-13 12:15:00,1.16868,1.16877,1.16853,1.16876,207,2,0
2026-04-13 12:20:00,1.16876,1.16876,1.16838,1.16846,226,2,0
2026-04-13 12:25:00,1.16846,1.1687400000000001,1.16846,1.16855,203,2,0
2026-04-13 12:30:00,1.16855,1.16897,1.16844,1.16883,254,2,0
2026-04-13 12:35:00,1.16885,1.16891,1.16841,1.16856,254,2,0
2026-04-13 12:40:00,1.16856,1.16901,1.16856,1.16897,235,2,0
2026-04-13 12:45:00,1.16897,1.1695,1.16897,1.1694,250,2,0
2026-04-13 12:50:00,1.1694,1.16987,1.16939,1.16978,315,2,0
2026-04-13 12:55:00,1.16978,1.16989,1.1696900000000001,1.16983,252,2,0
2026-04-13 13:00:00,1.16983,1.16994,1.16963,1.16984,324,2,0
2026-04-13 13:05:00,1.16984,1.16991,1.16964,1.16967,272,2,0
2026-04-13 13:10:00,1.16967,1.16992,1.16965,1.16989,204,2,0
2026-04-13 13:15:00,1.16989,1.16998,1.16964,1.1699,231,2,0
2026-04-13 13:20:00,1.1699,1.17014,1.16976,1.16988,226,2,0
2026-04-13 13:25:00,1.16988,1.16993,1.16967,1.16984,242,2,0
2026-04-13 13:30:00,1.16984,1.17004,1.1697,1.16986,330,2,0
2026-04-13 13:35:00,1.16986,1.16999,1.16978,1.1699,248,2,0
2026-04-13 13:40:00,1.1699,1.17043,1.16985,1.17002,408,2,0
2026-04-13 13:45:00,1.17002,1.17093,1.16987,1.17074,945,2,0
2026-04-13 13:50:00,1.17076,1.1712,1.17032,1.17074,1009,2,0
2026-04-13 13:55:00,1.17074,1.17077,1.17024,1.17051,551,2,0
2026-04-13 14:00:00,1.17051,1.17074,1.17026,1.17043,496,2,0
2026-04-13 14:05:00,1.17043,1.17043,1.17003,1.17032,448,2,0
2026-04-13 14:10:00,1.17032,1.17084,1.17028,1.17074,420,2,0
2026-04-13 14:15:00,1.17074,1.17087,1.17052,1.17071,343,2,0
2026-04-13 14:20:00,1.17071,1.1710099999999999,1.1700599999999999,1.17094,647,2,0
2026-04-13 14:25:00,1.17096,1.17133,1.17081,1.1713,464,2,0
2026-04-13 14:30:00,1.17129,1.17154,1.17113,1.17153,307,2,0
2026-04-13 14:35:00,1.17153,1.17155,1.17129,1.17149,305,2,0
2026-04-13 14:40:00,1.17149,1.17184,1.17147,1.1718,276,2,0
2026-04-13 14:45:00,1.1718,1.17206,1.17137,1.1714,375,2,0
2026-04-13 14:50:00,1.1714,1.17145,1.1711,1.17142,451,2,0
2026-04-13 14:55:00,1.17142,1.17148,1.17097,1.17102,479,2,0
2026-04-13 15:00:00,1.17102,1.17116,1.17058,1.17064,512,2,0
2026-04-13 15:05:00,1.17064,1.171,1.17047,1.17052,447,2,0
2026-04-13 15:10:00,1.17052,1.17079,1.17042,1.17076,208,2,0
2026-04-13 15:15:00,1.17076,1.1709100000000001,1.17047,1.17048,330,2,0
2026-04-13 15:20:00,1.17049,1.17073,1.17042,1.17058,248,2,0
2026-04-13 15:25:00,1.17058,1.17074,1.1705,1.17055,278,2,0
2026-04-13 15:30:00,1.17054,1.17056,1.17025,1.17056,366,2,0
2026-04-13 15:35:00,1.17056,1.1712500000000001,1.17054,1.17095,327,2,0
2026-04-13 15:40:00,1.17095,1.17113,1.17085,1.17093,219,2,0
2026-04-13 15:45:00,1.17093,1.17117,1.17088,1.17117,219,2,0
2026-04-13 15:50:00,1.17117,1.17119,1.17083,1.17084,212,2,0
2026-04-13 15:55:00,1.17084,1.17098,1.17078,1.17096,158,2,0
2026-04-13 16:00:00,1.17096,1.17109,1.17069,1.17083,177,2,0
2026-04-13 16:05:00,1.17083,1.17164,1.17071,1.17103,610,2,0
2026-04-13 16:10:00,1.17103,1.17122,1.17086,1.17103,262,2,0
2026-04-13 16:15:00,1.17103,1.17116,1.17084,1.17088,224,2,0
2026-04-13 16:20:00,1.17088,1.17141,1.17082,1.17096,460,2,0
2026-04-13 16:25:00,1.17096,1.17143,1.17092,1.17132,366,2,0
2026-04-13 16:30:00,1.17132,1.17218,1.17131,1.17169,449,2,0
2026-04-13 16:35:00,1.17169,1.17227,1.17165,1.17201,553,2,0
2026-04-13 16:40:00,1.17202,1.17263,1.17181,1.1726,826,2,0
2026-04-13 16:45:00,1.1726,1.17314,1.17254,1.17257,663,2,0
2026-04-13 16:50:00,1.17257,1.17302,1.17246,1.17255,599,2,0
2026-04-13 16:55:00,1.17255,1.17262,1.17242,1.1724999999999999,361,2,0
2026-04-13 17:00:00,1.17249,1.17282,1.1724700000000001,1.1727400000000001,379,2,0
2026-04-13 17:05:00,1.1727400000000001,1.1728,1.17256,1.17279,228,2,0
2026-04-13 17:10:00,1.17279,1.17319,1.17279,1.17318,203,2,0
2026-04-13 17:15:00,1.17318,1.17376,1.17313,1.17354,225,2,0
2026-04-13 17:20:00,1.17354,1.17367,1.17328,1.17353,255,2,0
2026-04-13 17:25:00,1.17353,1.17373,1.17346,1.1737,180,2,0
2026-04-13 17:30:00,1.1737,1.17376,1.17348,1.17357,279,2,0
2026-04-13 17:35:00,1.17356,1.17377,1.17342,1.17367,217,2,0
2026-04-13 17:40:00,1.17367,1.17371,1.1734,1.17355,175,2,0
2026-04-13 17:45:00,1.17355,1.17359,1.17329,1.17349,125,2,0
2026-04-13 17:50:00,1.17349,1.17354,1.17329,1.17344,210,2,0
2026-04-13 17:55:00,1.17344,1.17347,1.17327,1.17334,263,2,0
2026-04-13 18:00:00,1.17334,1.17374,1.17334,1.1737,175,2,0
2026-04-13 18:05:00,1.1737,1.17373,1.17355,1.17359,176,2,0
2026-04-13 18:10:00,1.17359,1.17383,1.17358,1.17368,111,2,0
2026-04-13 18:15:00,1.17368,1.17377,1.17364,1.1736900000000001,109,2,0
2026-04-13 18:20:00,1.1736900000000001,1.17374,1.17355,1.1736900000000001,155,2,0
2026-04-13 18:25:00,1.1736900000000001,1.17374,1.17354,1.1737,234,2,0
2026-04-13 18:30:00,1.1737,1.17495,1.17365,1.17492,671,2,0
2026-04-13 18:35:00,1.17492,1.17505,1.17462,1.17495,472,2,0
2026-04-13 18:40:00,1.17495,1.17505,1.17476,1.175,237,2,0
2026-04-13 18:45:00,1.175,1.17554,1.1749,1.1754,304,2,0
2026-04-13 18:50:00,1.1754,1.17584,1.17535,1.17582,378,2,0
2026-04-13 18:55:00,1.17582,1.17656,1.17575,1.17644,575,2,0
2026-04-13 19:00:00,1.17644,1.17649,1.17568,1.17569,342,2,0
2026-04-13 19:05:00,1.17569,1.1757900000000001,1.17539,1.17568,258,2,0
2026-04-13 19:10:00,1.17568,1.17585,1.17561,1.1757,146,2,0
2026-04-13 19:15:00,1.1757,1.17585,1.17566,1.17574,108,2,0
2026-04-13 19:20:00,1.17574,1.17584,1.17561,1.1758,106,2,0
2026-04-13 19:25:00,1.1758,1.17612,1.1758,1.17605,114,2,0
2026-04-13 19:30:00,1.17605,1.17614,1.17595,1.17597,201,2,0
2026-04-13 19:35:00,1.17597,1.17612,1.17594,1.17606,158,2,0
2026-04-13 19:40:00,1.17606,1.17608,1.17583,1.17595,217,2,0
2026-04-13 19:45:00,1.17595,1.17595,1.17578,1.17593,149,2,0
2026-04-13 19:50:00,1.17593,1.17625,1.17593,1.17603,347,2,0
2026-04-13 19:55:00,1.17604,1.17615,1.17595,1.17601,280,2,0
2026-04-13 20:00:00,1.17601,1.17627,1.17599,1.17625,119,2,0
2026-04-13 20:05:00,1.17625,1.17626,1.1761,1.17625,125,2,0
2026-04-13 20:10:00,1.17625,1.1763,1.17608,1.1761300000000001,169,2,0
2026-04-13 20:15:00,1.1761300000000001,1.17626,1.1761300000000001,1.17619,57,2,0
2026-04-13 20:20:00,1.17619,1.17621,1.17593,1.17604,92,2,0
2026-04-13 20:25:00,1.17604,1.17605,1.17583,1.17593,95,2,0
2026-04-13 20:30:00,1.17593,1.17597,1.17585,1.17594,65,2,0
2026-04-13 20:35:00,1.17594,1.17602,1.1758899999999999,1.17593,107,2,0
2026-04-13 20:40:00,1.17593,1.17603,1.17591,1.17593,49,2,0
2026-04-13 20:45:00,1.17593,1.17596,1.17573,1.1757900000000001,148,2,0
2026-04-13 20:50:00,1.1757900000000001,1.17591,1.17566,1.17588,94,2,0
2026-04-13 20:55:00,1.17588,1.17595,1.17554,1.17559,269,2,0
2026-04-13 21:00:00,1.1749,1.17529,1.1749,1.17529,7,86,0
2026-04-13 21:05:00,1.17529,1.17529,1.17517,1.17527,10,78,0
2026-04-13 21:10:00,1.17527,1.17527,1.17514,1.17519,16,83,0
2026-04-13 21:15:00,1.17519,1.17539,1.17516,1.17537,16,66,0
2026-04-13 21:20:00,1.17537,1.17558,1.17535,1.17556,26,53,0
2026-04-13 21:25:00,1.17556,1.17565,1.17556,1.17565,22,58,0
2026-04-13 21:30:00,1.17565,1.17565,1.17558,1.17558,12,72,0
2026-04-13 21:35:00,1.17558,1.17558,1.17533,1.17534,12,77,0
2026-04-13 21:40:00,1.17534,1.17536,1.17529,1.17529,33,84,0
2026-04-13 21:45:00,1.17529,1.17541,1.1752799999999999,1.17532,37,87,0
2026-04-13 21:50:00,1.17533,1.17533,1.17489,1.17521,91,63,0
2026-04-13 21:55:00,1.17521,1.17526,1.17504,1.17521,119,87,0
2026-04-13 22:00:00,1.17521,1.17625,1.17512,1.17612,188,43,0
2026-04-13 22:05:00,1.17612,1.17636,1.17594,1.17626,80,3,0
2026-04-13 22:10:00,1.17626,1.17632,1.1761300000000001,1.17614,83,4,0
2026-04-13 22:15:00,1.17614,1.17616,1.17591,1.17594,53,3,0
2026-04-13 22:20:00,1.17594,1.17605,1.17584,1.17598,70,2,0
2026-04-13 22:25:00,1.17598,1.17614,1.17597,1.17601,62,2,0
2026-04-13 22:30:00,1.17601,1.17611,1.17597,1.17598,105,2,0
2026-04-13 22:35:00,1.17598,1.17602,1.1758899999999999,1.17596,167,2,0
2026-04-13 22:40:00,1.17596,1.17601,1.17592,1.176,57,2,0
2026-04-13 22:45:00,1.17601,1.17606,1.17598,1.17605,50,2,0
2026-04-13 22:50:00,1.17605,1.1761,1.17603,1.17605,37,3,0
2026-04-13 22:55:00,1.17605,1.17614,1.17603,1.1761300000000001,68,2,0
2026-04-13 23:00:00,1.1761300000000001,1.17634,1.17609,1.17634,76,2,0
2026-04-13 23:05:00,1.17633,1.17644,1.17629,1.17643,91,2,0
2026-04-13 23:10:00,1.17643,1.17646,1.17629,1.1763,75,3,0
2026-04-13 23:15:00,1.1763,1.17645,1.1763,1.17644,54,2,0
2026-04-13 23:20:00,1.17644,1.17654,1.17643,1.1764999999999999,56,2,0
2026-04-13 23:25:00,1.1764999999999999,1.17652,1.17645,1.17646,32,2,0
2026-04-13 23:30:00,1.17646,1.17652,1.17642,1.17645,54,2,0
2026-04-13 23:35:00,1.17645,1.17653,1.17644,1.1764999999999999,37,2,0
2026-04-13 23:40:00,1.1764999999999999,1.17655,1.17645,1.17646,52,2,0
2026-04-13 23:45:00,1.17646,1.17661,1.17646,1.17652,45,2,0
2026-04-13 23:50:00,1.17651,1.1766,1.17644,1.17655,50,2,0
2026-04-13 23:55:00,1.17655,1.17667,1.17651,1.17666,48,2,0
2026-04-14 00:00:00,1.17666,1.17669,1.17629,1.1763,139,2,0
2026-04-14 00:05:00,1.1763,1.17633,1.17609,1.17622,145,2,0
2026-04-14 00:10:00,1.17622,1.17639,1.1762,1.17639,95,2,0
2026-04-14 00:15:00,1.17639,1.17667,1.17639,1.17662,75,2,0
2026-04-14 00:20:00,1.17662,1.17679,1.17657,1.17663,87,2,0
2026-04-14 00:25:00,1.17663,1.17663,1.1764000000000001,1.1764999999999999,99,2,0
2026-04-14 00:30:00,1.1764999999999999,1.17671,1.17645,1.17647,128,2,0
2026-04-14 00:35:00,1.17647,1.17647,1.17637,1.17643,69,2,0
2026-04-14 00:40:00,1.17643,1.17654,1.17636,1.1764999999999999,111,2,0
2026-04-14 00:45:00,1.1764999999999999,1.17651,1.17631,1.17642,101,2,0
2026-04-14 00:50:00,1.17642,1.17658,1.17635,1.17653,161,2,0
2026-04-14 00:55:00,1.17653,1.17663,1.17641,1.17662,101,2,0
2026-04-14 01:00:00,1.17662,1.17662,1.17642,1.17643,131,2,0
2026-04-14 01:05:00,1.17643,1.17677,1.17643,1.17662,127,2,0
2026-04-14 01:10:00,1.17662,1.17666,1.17646,1.17653,136,2,0
2026-04-14 01:15:00,1.17653,1.17654,1.17628,1.17628,160,2,0
2026-04-14 01:20:00,1.17627,1.17637,1.17618,1.17621,58,2,0
2026-04-14 01:25:00,1.17621,1.17649,1.17621,1.17645,97,2,0
2026-04-14 01:30:00,1.17645,1.17645,1.17629,1.17637,135,2,0
2026-04-14 01:35:00,1.17637,1.17639,1.17621,1.17639,165,2,0
2026-04-14 01:40:00,1.17639,1.17655,1.1762299999999999,1.17638,168,2,0
2026-04-14 01:45:00,1.17638,1.17638,1.1762,1.17625,136,2,0
2026-04-14 01:50:00,1.17625,1.17633,1.17615,1.17616,127,2,0
2026-04-14 01:55:00,1.17616,1.17617,1.17595,1.176,150,2,0
2026-04-14 02:00:00,1.176,1.1761300000000001,1.1759,1.1761,132,2,0
2026-04-14 02:05:00,1.1761,1.1762,1.17607,1.17611,162,2,0
2026-04-14 02:10:00,1.17611,1.17621,1.1759,1.17595,93,2,0
2026-04-14 02:15:00,1.17595,1.17599,1.1759,1.17591,100,2,0
2026-04-14 02:20:00,1.17591,1.17591,1.17571,1.17584,84,2,0
2026-04-14 02:25:00,1.17584,1.17586,1.1758,1.17581,73,2,0
2026-04-14 02:30:00,1.17581,1.17581,1.17566,1.1757,65,2,0
2026-04-14 02:35:00,1.1757,1.17584,1.17561,1.17583,98,2,0
2026-04-14 02:40:00,1.17583,1.17603,1.17583,1.17598,82,2,0
2026-04-14 02:45:00,1.17598,1.17603,1.17592,1.17592,49,2,0
2026-04-14 02:50:00,1.17592,1.17597,1.17583,1.17584,59,2,0
2026-04-14 02:55:00,1.17584,1.17608,1.1758,1.17606,93,2,0
2026-04-14 03:00:00,1.17606,1.17611,1.17598,1.17602,88,2,0
2026-04-14 03:05:00,1.17602,1.17603,1.1759,1.17591,62,2,0
2026-04-14 03:10:00,1.17591,1.17597,1.1759,1.17592,47,2,0
2026-04-14 03:15:00,1.17592,1.17611,1.17592,1.17601,99,2,0
2026-04-14 03:20:00,1.17601,1.17615,1.17597,1.17601,72,2,0
2026-04-14 03:25:00,1.17601,1.17606,1.17597,1.17603,78,2,0
2026-04-14 03:30:00,1.17603,1.17625,1.17603,1.1762299999999999,100,2,0
2026-04-14 03:35:00,1.1762299999999999,1.17628,1.17612,1.17627,53,2,0
2026-04-14 03:40:00,1.17627,1.17653,1.17627,1.17636,67,2,0
2026-04-14 03:45:00,1.17636,1.17657,1.17636,1.17656,54,2,0
2026-04-14 03:50:00,1.17656,1.17678,1.17652,1.17677,75,2,0
2026-04-14 03:55:00,1.17677,1.17682,1.17667,1.17668,59,2,0
2026-04-14 04:00:00,1.17667,1.1767,1.17665,1.17667,35,2,0
2026-04-14 04:05:00,1.17667,1.17669,1.17661,1.17665,30,2,0
2026-04-14 04:10:00,1.17665,1.17665,1.17655,1.17656,28,2,0
2026-04-14 04:15:00,1.17656,1.17669,1.17645,1.17666,68,2,0
2026-04-14 04:20:00,1.17666,1.1768,1.17665,1.17676,43,2,0
2026-04-14 04:25:00,1.17676,1.17692,1.17676,1.17681,48,2,0
2026-04-14 04:30:00,1.17681,1.17682,1.17672,1.17672,62,2,0
2026-04-14 04:35:00,1.17672,1.17677,1.17666,1.17667,42,2,0
2026-04-14 04:40:00,1.17667,1.17673,1.17664,1.17672,38,2,0
2026-04-14 04:45:00,1.17672,1.17686,1.17671,1.17682,45,2,0
2026-04-14 04:50:00,1.17682,1.17698,1.17679,1.17693,42,2,0
2026-04-14 04:55:00,1.17693,1.17694,1.17667,1.17667,65,2,0
2026-04-14 05:00:00,1.17667,1.17695,1.17662,1.17687,147,2,0
2026-04-14 05:05:00,1.17687,1.17695,1.1767,1.17675,216,2,0
2026-04-14 05:10:00,1.17675,1.17675,1.17645,1.17653,111,2,0
2026-04-14 05:15:00,1.17653,1.17657,1.17634,1.17642,98,2,0
2026-04-14 05:20:00,1.17641,1.17646,1.17631,1.17631,76,2,0
2026-04-14 05:25:00,1.17631,1.17631,1.17604,1.1761300000000001,151,2,0
2026-04-14 05:30:00,1.1761300000000001,1.17615,1.17593,1.1761,117,2,0
2026-04-14 05:35:00,1.1761,1.17639,1.17595,1.17637,112,2,0
2026-04-14 05:40:00,1.17637,1.17658,1.17636,1.17658,113,2,0
2026-04-14 05:45:00,1.17658,1.17662,1.17634,1.17636,120,2,0
2026-04-14 05:50:00,1.17636,1.17651,1.17627,1.17635,147,2,0
2026-04-14 05:55:00,1.17635,1.17645,1.17626,1.17641,179,2,0
2026-04-14 06:00:00,1.17641,1.1771,1.17641,1.17644,348,2,0
2026-04-14 06:05:00,1.17644,1.17647,1.17627,1.17628,170,2,0
2026-04-14 06:10:00,1.17628,1.17638,1.17608,1.17611,194,2,0
2026-04-14 06:15:00,1.17611,1.1762,1.17585,1.17586,197,2,0
2026-04-14 06:20:00,1.17586,1.17598,1.1758,1.17595,234,2,0
2026-04-14 06:25:00,1.17595,1.17639,1.17584,1.17634,265,2,0
2026-04-14 06:30:00,1.17634,1.17657,1.17629,1.17657,165,2,0
2026-04-14 06:35:00,1.17657,1.17661,1.17626,1.17631,184,2,0
2026-04-14 06:40:00,1.17631,1.17675,1.17627,1.1767400000000001,192,2,0
2026-04-14 06:45:00,1.1767400000000001,1.17728,1.1767,1.17706,291,2,0
2026-04-14 06:50:00,1.17706,1.17747,1.17698,1.1773500000000001,191,2,0
2026-04-14 06:55:00,1.1773500000000001,1.17782,1.17727,1.17779,316,2,0
2026-04-14 07:00:00,1.1778,1.17912,1.17773,1.17888,695,2,0
2026-04-14 07:05:00,1.17888,1.17967,1.17886,1.1793,748,2,0
2026-04-14 07:10:00,1.1793,1.1793,1.17841,1.17856,522,2,0
2026-04-14 07:15:00,1.1785700000000001,1.1786699999999999,1.17793,1.17793,403,2,0
2026-04-14 07:20:00,1.17793,1.1783299999999999,1.17793,1.178,399,2,0
2026-04-14 07:25:00,1.17799,1.17836,1.17799,1.17831,231,2,0
2026-04-14 07:30:00,1.17831,1.17887,1.17827,1.17886,309,2,0
2026-04-14 07:35:00,1.17886,1.17913,1.17861,1.17911,268,2,0
2026-04-14 07:40:00,1.17911,1.17922,1.17863,1.17876,308,2,0
2026-04-14 07:45:00,1.17876,1.17913,1.17858,1.17858,253,2,0
2026-04-14 07:50:00,1.17858,1.17874,1.17797,1.17816,345,2,0
2026-04-14 07:55:00,1.17816,1.17826,1.17798,1.17798,287,2,0
2026-04-14 08:00:00,1.17797,1.17813,1.17788,1.178,371,2,0
2026-04-14 08:05:00,1.178,1.17804,1.17775,1.17776,259,2,0
2026-04-14 08:10:00,1.17776,1.17793,1.17761,1.1777,349,2,0
2026-04-14 08:15:00,1.1777,1.1778,1.17754,1.17755,280,2,0
2026-04-14 08:20:00,1.17755,1.17775,1.17749,1.17763,162,2,0
2026-04-14 08:25:00,1.17763,1.1779600000000001,1.17763,1.17791,202,2,0
2026-04-14 08:30:00,1.17791,1.17816,1.1777,1.17783,234,2,0
2026-04-14 08:35:00,1.17783,1.17822,1.17777,1.1782,258,2,0
2026-04-14 08:40:00,1.1782,1.17844,1.17803,1.17837,157,2,0
2026-04-14 08:45:00,1.17837,1.17839,1.17819,1.17825,159,2,0
2026-04-14 08:50:00,1.17825,1.17838,1.17819,1.17824,183,2,0
2026-04-14 08:55:00,1.17824,1.17829,1.17804,1.17826,173,2,0
2026-04-14 09:00:00,1.17826,1.17886,1.17824,1.17886,180,2,0
2026-04-14 09:05:00,1.17886,1.17889,1.1785700000000001,1.1788,280,2,0
2026-04-14 09:10:00,1.1788,1.17904,1.17873,1.17877,237,2,0
2026-04-14 09:15:00,1.17877,1.1789,1.17874,1.17878,179,2,0
2026-04-14 09:20:00,1.17878,1.1789,1.17863,1.17874,162,2,0
2026-04-14 09:25:00,1.17874,1.17874,1.17843,1.17843,162,2,0
2026-04-14 09:30:00,1.17843,1.17845,1.17818,1.17838,192,2,0
2026-04-14 09:35:00,1.17838,1.17915,1.17838,1.17912,116,2,0
2026-04-14 09:40:00,1.17912,1.17924,1.17897,1.17897,137,2,0
2026-04-14 09:45:00,1.17897,1.17897,1.17865,1.17875,231,2,0
2026-04-14 09:50:00,1.17875,1.17887,1.17864,1.17879,225,2,0
2026-04-14 09:55:00,1.17879,1.17887,1.17861,1.17887,220,2,0
2026-04-14 10:00:00,1.17886,1.17905,1.17881,1.17902,249,2,0
2026-04-14 10:05:00,1.17902,1.17967,1.17902,1.1796,300,2,0
2026-04-14 10:10:00,1.1796,1.17988,1.1796,1.1797900000000001,192,2,0
2026-04-14 10:15:00,1.1798,1.1798,1.17947,1.17965,198,2,0
2026-04-14 10:20:00,1.17965,1.17965,1.17935,1.17951,234,2,0
2026-04-14 10:25:00,1.17951,1.1796,1.17923,1.17926,215,2,0
2026-04-14 10:30:00,1.17926,1.17962,1.17915,1.17947,225,2,0
2026-04-14 10:35:00,1.17947,1.17954,1.17922,1.17934,257,2,0
2026-04-14 10:40:00,1.17934,1.17943,1.17921,1.17934,188,2,0
2026-04-14 10:45:00,1.17934,1.17964,1.1793,1.1795499999999999,164,2,0
2026-04-14 10:50:00,1.1795499999999999,1.17965,1.17949,1.17957,183,2,0
2026-04-14 10:55:00,1.17957,1.17981,1.1795499999999999,1.17965,229,2,0
2026-04-14 11:00:00,1.17965,1.1798,1.17957,1.17975,250,2,0
2026-04-14 11:05:00,1.17975,1.18003,1.1797,1.1798,246,2,0
2026-04-14 11:10:00,1.1798,1.18004,1.17976,1.17995,219,2,0
2026-04-14 11:15:00,1.17995,1.1801599999999999,1.17988,1.18006,179,2,0
2026-04-14 11:20:00,1.18006,1.18007,1.17993,1.18005,181,2,0
2026-04-14 11:25:00,1.18005,1.18018,1.17992,1.1801300000000001,151,2,0
2026-04-14 11:30:00,1.1801300000000001,1.18019,1.17958,1.17959,193,2,0
2026-04-14 11:35:00,1.17959,1.17984,1.17953,1.17981,205,2,0
2026-04-14 11:40:00,1.17981,1.1801,1.1798,1.1798899999999999,183,2,0
2026-04-14 11:45:00,1.1798899999999999,1.18019,1.17988,1.18015,131,2,0
2026-04-14 11:50:00,1.18015,1.18024,1.17988,1.17997,216,2,0
2026-04-14 11:55:00,1.17997,1.18061,1.17963,1.17993,741,2,0
2026-04-14 12:00:00,1.17998,1.18005,1.17926,1.17936,636,2,0
2026-04-14 12:05:00,1.17936,1.1795200000000001,1.17927,1.1792799999999999,269,2,0
2026-04-14 12:10:00,1.1792799999999999,1.17973,1.1792799999999999,1.17964,292,2,0
2026-04-14 12:15:00,1.17964,1.17978,1.17937,1.17974,389,2,0
2026-04-14 12:20:00,1.17974,1.17976,1.1795200000000001,1.17965,249,2,0
2026-04-14 12:25:00,1.17965,1.18029,1.17956,1.18001,491,2,0
2026-04-14 12:30:00,1.18001,1.18057,1.17981,1.1799,616,2,0
2026-04-14 12:35:00,1.1799,1.1801599999999999,1.17984,1.1798899999999999,362,2,0
2026-04-14 12:40:00,1.1798899999999999,1.18005,1.17949,1.17963,364,2,0
2026-04-14 12:45:00,1.17963,1.1802,1.1796,1.1802,270,2,0
2026-04-14 12:50:00,1.1802,1.18032,1.17998,1.18017,325,2,0
2026-04-14 12:55:00,1.18019,1.18047,1.18014,1.18044,270,2,0
2026-04-14 13:00:00,1.18044,1.18069,1.18034,1.18046,400,2,0
2026-04-14 13:05:00,1.18046,1.1806,1.1801599999999999,1.18058,275,2,0
2026-04-14 13:10:00,1.18058,1.18075,1.18034,1.18052,298,2,0
2026-04-14 13:15:00,1.18052,1.18053,1.17981,1.18014,385,2,0
2026-04-14 13:20:00,1.18014,1.1802,1.1797900000000001,1.17997,300,2,0
2026-04-14 13:25:00,1.17997,1.1801,1.17954,1.17961,293,2,0
2026-04-14 13:30:00,1.17961,1.17985,1.17934,1.1797900000000001,621,2,0
2026-04-14 13:35:00,1.17978,1.18037,1.17978,1.18024,393,2,0
2026-04-14 13:40:00,1.18024,1.18051,1.18006,1.18033,321,2,0
2026-04-14 13:45:00,1.18033,1.18035,1.18005,1.1803,324,2,0
2026-04-14 13:50:00,1.1803,1.18037,1.18006,1.1802,321,2,0
2026-04-14 13:55:00,1.1802,1.1802,1.17977,1.17992,472,2,0
2026-04-14 14:00:00,1.17992,1.18025,1.17983,1.18001,527,2,0
2026-04-14 14:05:00,1.18001,1.1801,1.17932,1.17981,665,2,0
2026-04-14 14:10:00,1.17981,1.1801300000000001,1.17957,1.18009,497,2,0
2026-04-14 14:15:00,1.18009,1.18051,1.18005,1.18045,360,2,0
2026-04-14 14:20:00,1.18045,1.18066,1.18014,1.18017,285,2,0
2026-04-14 14:25:00,1.18017,1.18042,1.18012,1.18028,417,2,0
2026-04-14 14:30:00,1.18028,1.18054,1.1801300000000001,1.1804999999999999,292,2,0
2026-04-14 14:35:00,1.1804999999999999,1.18082,1.18039,1.18052,370,2,0
2026-04-14 14:40:00,1.18052,1.1807400000000001,1.1804000000000001,1.18069,256,2,0
2026-04-14 14:45:00,1.18069,1.18081,1.18048,1.18073,258,2,0
2026-04-14 14:50:00,1.18073,1.18097,1.18024,1.18096,350,2,0
2026-04-14 14:55:00,1.18096,1.1811099999999999,1.18072,1.18087,645,2,0
2026-04-14 15:00:00,1.18087,1.18087,1.18018,1.18019,548,2,0
2026-04-14 15:05:00,1.18019,1.18045,1.18,1.18018,434,2,0
2026-04-14 15:10:00,1.18018,1.18026,1.1799,1.17992,336,2,0
2026-04-14 15:15:00,1.17992,1.17994,1.17941,1.17978,459,2,0
2026-04-14 15:20:00,1.17978,1.18018,1.17963,1.1799,635,2,0
2026-04-14 15:25:00,1.17991,1.17994,1.17961,1.17976,426,2,0
2026-04-14 15:30:00,1.17975,1.18028,1.17975,1.17999,535,2,0
2026-04-14 15:35:00,1.17999,1.18007,1.17961,1.17961,406,2,0
2026-04-14 15:40:00,1.17961,1.17963,1.17922,1.17922,421,2,0
2026-04-14 15:45:00,1.17923,1.17929,1.17874,1.17878,420,2,0
2026-04-14 15:50:00,1.17878,1.17901,1.17876,1.17889,268,2,0
2026-04-14 15:55:00,1.17889,1.17921,1.17889,1.17903,191,2,0
2026-04-14 16:00:00,1.17903,1.17922,1.17893,1.17907,225,2,0
2026-04-14 16:05:00,1.17907,1.17909,1.17882,1.17895,222,2,0
2026-04-14 16:10:00,1.17895,1.17923,1.17884,1.17922,112,2,0
2026-04-14 16:15:00,1.17922,1.17944,1.17919,1.17934,198,2,0
2026-04-14 16:20:00,1.17934,1.17939,1.17916,1.17926,202,2,0
2026-04-14 16:25:00,1.17926,1.17958,1.17926,1.17954,154,2,0
2026-04-14 16:30:00,1.17954,1.1795499999999999,1.17937,1.17949,158,2,0
2026-04-14 16:35:00,1.17949,1.1795499999999999,1.17929,1.1795499999999999,110,2,0
2026-04-14 16:40:00,1.1795499999999999,1.1797,1.17948,1.1795499999999999,170,2,0
2026-04-14 16:45:00,1.1795499999999999,1.1795499999999999,1.17933,1.17943,217,2,0
2026-04-14 16:50:00,1.17943,1.1795200000000001,1.17927,1.17949,142,2,0
2026-04-14 16:55:00,1.17949,1.17953,1.17939,1.1794,94,2,0
2026-04-14 17:00:00,1.1794,1.17948,1.17925,1.17929,118,2,0
2026-04-14 17:05:00,1.17929,1.1795,1.17917,1.17949,153,2,0
2026-04-14 17:10:00,1.17949,1.17956,1.17938,1.17948,105,2,0
2026-04-14 17:15:00,1.17949,1.17977,1.17944,1.17977,107,2,0
2026-04-14 17:20:00,1.17977,1.17991,1.1797,1.17991,188,2,0
2026-04-14 17:25:00,1.17991,1.17994,1.17978,1.17978,152,2,0
2026-04-14 17:30:00,1.17978,1.17984,1.1795200000000001,1.17959,217,2,0
2026-04-14 17:35:00,1.17959,1.17975,1.17957,1.17973,156,2,0
2026-04-14 17:40:00,1.17973,1.17992,1.17972,1.17987,86,2,0
2026-04-14 17:45:00,1.17987,1.1799,1.17972,1.17978,81,2,0
2026-04-14 17:50:00,1.17978,1.17978,1.17959,1.17973,137,2,0
2026-04-14 17:55:00,1.17973,1.17974,1.17946,1.17956,146,2,0
2026-04-14 18:00:00,1.17956,1.17968,1.17946,1.17947,181,2,0
2026-04-14 18:05:00,1.17947,1.17965,1.17942,1.17965,199,2,0
2026-04-14 18:10:00,1.17965,1.17967,1.17948,1.1796,150,2,0
2026-04-14 18:15:00,1.1796,1.1796,1.17939,1.17945,140,2,0
2026-04-14 18:20:00,1.17945,1.1795200000000001,1.17926,1.17932,254,2,0
2026-04-14 18:25:00,1.17932,1.17951,1.17924,1.1792799999999999,173,2,0
2026-04-14 18:30:00,1.1792799999999999,1.17937,1.17912,1.17921,235,2,0
2026-04-14 18:35:00,1.17921,1.17948,1.17921,1.17941,402,2,0
2026-04-14 18:40:00,1.17941,1.17948,1.17921,1.17922,477,2,0
2026-04-14 18:45:00,1.17922,1.17922,1.17904,1.17907,119,2,0
2026-04-14 18:50:00,1.17907,1.17938,1.17905,1.17932,136,2,0
2026-04-14 18:55:00,1.17932,1.17946,1.17923,1.17929,169,2,0
2026-04-14 19:00:00,1.1792799999999999,1.17944,1.17912,1.17938,145,2,0
2026-04-14 19:05:00,1.17938,1.17953,1.17938,1.17948,78,2,0
2026-04-14 19:10:00,1.17948,1.17949,1.17931,1.17933,86,2,0
2026-04-14 19:15:00,1.17933,1.17934,1.1791800000000001,1.17924,78,2,0
2026-04-14 19:20:00,1.17924,1.1794,1.17924,1.17926,71,2,0
2026-04-14 19:25:00,1.17926,1.17929,1.17921,1.17927,55,2,0
2026-04-14 19:30:00,1.17927,1.17937,1.17911,1.1791800000000001,108,2,0
2026-04-14 19:35:00,1.1791800000000001,1.17923,1.17905,1.17922,84,2,0
2026-04-14 19:40:00,1.17922,1.17922,1.17912,1.1791800000000001,84,2,0
2026-04-14 19:45:00,1.1791800000000001,1.17931,1.17911,1.17917,61,2,0
2026-04-14 19:50:00,1.17917,1.17932,1.17917,1.17922,109,2,0
2026-04-14 19:55:00,1.17922,1.1793,1.1791,1.1791800000000001,133,2,0
2026-04-14 20:00:00,1.17919,1.17931,1.17913,1.1793,160,2,0
2026-04-14 20:05:00,1.1793,1.17949,1.1793,1.17944,53,2,0
2026-04-14 20:10:00,1.17944,1.17945,1.17933,1.17945,53,2,0
2026-04-14 20:15:00,1.17945,1.17947,1.17933,1.17934,50,2,0
2026-04-14 20:20:00,1.17934,1.17948,1.17934,1.17943,58,2,0
2026-04-14 20:25:00,1.17943,1.1795200000000001,1.1794,1.17951,71,2,0
2026-04-14 20:30:00,1.17951,1.17953,1.17943,1.17943,120,2,0
2026-04-14 20:35:00,1.17943,1.17944,1.17938,1.17944,79,2,0
2026-04-14 20:40:00,1.17944,1.1795,1.17936,1.17936,49,2,0
2026-04-14 20:45:00,1.17936,1.17949,1.17932,1.17947,121,2,0
2026-04-14 20:50:00,1.17947,1.17956,1.1794,1.17948,86,2,0
2026-04-14 20:55:00,1.17948,1.17957,1.17933,1.17944,249,2,0
2026-04-14 21:00:00,1.17935,1.17935,1.17935,1.17935,5,53,0
2026-04-14 21:05:00,1.17935,1.17935,1.1791,1.17927,11,23,0
2026-04-14 21:10:00,1.17932,1.17936,1.1793,1.17936,14,18,0
2026-04-14 21:15:00,1.17936,1.17936,1.17892,1.17892,24,18,0
2026-04-14 21:20:00,1.17892,1.17892,1.17886,1.17887,8,50,0
2026-04-14 21:25:00,1.17887,1.1789,1.17887,1.1789,6,49,0
2026-04-14 21:30:00,1.1789,1.1789,1.17883,1.17883,6,45,0
2026-04-14 21:35:00,1.17883,1.1789,1.17869,1.1789,18,42,0
2026-04-14 21:40:00,1.1789,1.1789,1.17885,1.17885,7,42,0
2026-04-14 21:45:00,1.17885,1.1789399999999999,1.17884,1.17893,8,42,0
2026-04-14 21:50:00,1.17893,1.17893,1.17863,1.17865,30,51,0
2026-04-14 21:55:00,1.17865,1.1789399999999999,1.17863,1.1789399999999999,22,51,0
2026-04-14 22:00:00,1.1789399999999999,1.17946,1.1789100000000001,1.17943,101,8,0
2026-04-14 22:05:00,1.17941,1.17949,1.1793,1.17948,110,6,0
2026-04-14 22:10:00,1.17948,1.17951,1.17934,1.17951,48,7,0
2026-04-14 22:15:00,1.17951,1.1798899999999999,1.17951,1.17962,105,8,0
2026-04-14 22:20:00,1.17962,1.17971,1.17958,1.17966,71,2,0
2026-04-14 22:25:00,1.17966,1.17966,1.17951,1.17956,46,2,0
2026-04-14 22:30:00,1.17956,1.17956,1.17938,1.17938,89,3,0
2026-04-14 22:35:00,1.17938,1.17951,1.17936,1.17951,93,2,0
2026-04-14 22:40:00,1.17951,1.17953,1.17936,1.17943,64,2,0
2026-04-14 22:45:00,1.17943,1.17948,1.17933,1.17943,156,2,0
2026-04-14 22:50:00,1.17943,1.17951,1.17942,1.17944,30,2,0
2026-04-14 22:55:00,1.17944,1.17951,1.17943,1.17951,44,4,0
2026-04-14 23:00:00,1.17951,1.17959,1.17942,1.1795,67,2,0
2026-04-14 23:05:00,1.1795,1.17956,1.1795,1.17954,51,3,0
2026-04-14 23:10:00,1.17954,1.17956,1.17946,1.17946,50,3,0
2026-04-14 23:15:00,1.17946,1.17963,1.17946,1.17961,67,2,0
2026-04-14 23:20:00,1.17962,1.17967,1.17961,1.17967,50,3,0
2026-04-14 23:25:00,1.17967,1.17975,1.17962,1.17973,35,2,0
2026-04-14 23:30:00,1.17973,1.18004,1.17968,1.18002,106,2,0
2026-04-14 23:35:00,1.18002,1.18017,1.1797,1.17978,330,2,0
2026-04-14 23:40:00,1.17978,1.18,1.17968,1.18,155,2,0
2026-04-14 23:45:00,1.18,1.18018,1.1798899999999999,1.17998,184,2,0
2026-04-14 23:50:00,1.17998,1.18001,1.17974,1.17987,98,2,0
2026-04-14 23:55:00,1.17987,1.17988,1.17977,1.17982,145,2,0
2026-04-15 00:00:00,1.17981,1.17986,1.17919,1.17931,309,2,0
2026-04-15 00:05:00,1.17931,1.1795,1.17923,1.17936,246,2,0
2026-04-15 00:10:00,1.17936,1.17937,1.17919,1.1792,200,2,0
2026-04-15 00:15:00,1.1792,1.17944,1.1792,1.17942,104,2,0
2026-04-15 00:20:00,1.17942,1.1795,1.1793,1.1795,143,2,0
2026-04-15 00:25:00,1.1795,1.1795,1.17933,1.17946,143,2,0
2026-04-15 00:30:00,1.17946,1.1795200000000001,1.17925,1.17933,168,2,0
2026-04-15 00:35:00,1.17933,1.17934,1.17902,1.17903,135,2,0
2026-04-15 00:40:00,1.17903,1.1791,1.17892,1.17906,144,2,0
2026-04-15 00:45:00,1.17906,1.17915,1.17896,1.17904,111,2,0
2026-04-15 00:50:00,1.17904,1.17921,1.17898,1.1791800000000001,188,2,0
2026-04-15 00:55:00,1.17919,1.17947,1.17913,1.1794,288,2,0
2026-04-15 01:00:00,1.1794,1.17945,1.17901,1.1791,369,2,0
2026-04-15 01:05:00,1.1791,1.1794,1.17898,1.17939,146,2,0
2026-04-15 01:10:00,1.17939,1.17968,1.17935,1.17949,202,2,0
2026-04-15 01:15:00,1.17949,1.17949,1.1792799999999999,1.1794,179,2,0
2026-04-15 01:20:00,1.1794,1.1795,1.17913,1.17926,176,2,0
2026-04-15 01:25:00,1.17926,1.17936,1.17919,1.1792799999999999,154,2,0
2026-04-15 01:30:00,1.1792799999999999,1.17933,1.1791800000000001,1.17924,137,2,0
2026-04-15 01:35:00,1.17924,1.1793,1.17904,1.17908,102,2,0
2026-04-15 01:40:00,1.17908,1.1792,1.17899,1.17902,102,2,0
2026-04-15 01:45:00,1.17902,1.17914,1.17896,1.17914,169,2,0
2026-04-15 01:50:00,1.17914,1.17924,1.17904,1.17922,157,2,0
2026-04-15 01:55:00,1.17922,1.17927,1.17898,1.17906,156,2,0
2026-04-15 02:00:00,1.17907,1.17908,1.1789100000000001,1.17904,142,2,0
2026-04-15 02:05:00,1.17904,1.17908,1.17892,1.17892,76,2,0
2026-04-15 02:10:00,1.17892,1.17892,1.17858,1.17861,86,2,0
2026-04-15 02:15:00,1.17861,1.17869,1.17841,1.17856,140,2,0
2026-04-15 02:20:00,1.17854,1.17854,1.1784,1.17843,67,2,0
2026-04-15 02:25:00,1.17843,1.17845,1.17824,1.17824,91,2,0
2026-04-15 02:30:00,1.17824,1.17828,1.17789,1.17798,197,2,0
2026-04-15 02:35:00,1.17798,1.17821,1.17787,1.17818,160,2,0
2026-04-15 02:40:00,1.17818,1.17838,1.17809,1.17837,76,2,0
2026-04-15 02:45:00,1.17837,1.17841,1.1782,1.1783299999999999,80,2,0
2026-04-15 02:50:00,1.1783299999999999,1.17839,1.17828,1.17829,95,2,0
2026-04-15 02:55:00,1.17829,1.17836,1.17822,1.1783299999999999,132,2,0
2026-04-15 03:00:00,1.17834,1.17834,1.17802,1.17803,130,2,0
2026-04-15 03:05:00,1.17803,1.17831,1.17802,1.17825,117,2,0
2026-04-15 03:10:00,1.17825,1.17838,1.17825,1.17834,51,2,0
2026-04-15 03:15:00,1.17834,1.17848,1.1783299999999999,1.17847,61,2,0
2026-04-15 03:20:00,1.17847,1.17859,1.1784,1.17853,56,2,0
2026-04-15 03:25:00,1.17853,1.17875,1.17853,1.17875,64,2,0
2026-04-15 03:30:00,1.17875,1.17879,1.17863,1.17865,75,2,0
2026-04-15 03:35:00,1.17865,1.17871,1.17854,1.17868,73,2,0
2026-04-15 03:40:00,1.17868,1.17869,1.17862,1.17869,57,2,0
2026-04-15 03:45:00,1.17869,1.17892,1.17868,1.17885,62,2,0
2026-04-15 03:50:00,1.17885,1.1789,1.17875,1.17885,59,2,0
2026-04-15 03:55:00,1.17885,1.1789,1.17868,1.1787,89,2,0
2026-04-15 04:00:00,1.1787,1.17886,1.17862,1.17881,83,2,0
2026-04-15 04:05:00,1.17881,1.17885,1.17869,1.17884,69,2,0
2026-04-15 04:10:00,1.17884,1.1789100000000001,1.1788,1.17881,64,2,0
2026-04-15 04:15:00,1.17881,1.17884,1.17873,1.17875,59,2,0
2026-04-15 04:20:00,1.17875,1.17883,1.1787,1.17879,76,2,0
2026-04-15 04:25:00,1.17879,1.17882,1.17873,1.17879,48,2,0
2026-04-15 04:30:00,1.17879,1.17889,1.17873,1.17889,39,2,0
2026-04-15 04:35:00,1.17889,1.1789399999999999,1.17874,1.17876,46,2,0
2026-04-15 04:40:00,1.17876,1.17879,1.1786699999999999,1.17879,54,2,0
2026-04-15 04:45:00,1.17879,1.17887,1.17874,1.17885,57,2,0
2026-04-15 04:50:00,1.17885,1.17889,1.17883,1.17884,28,2,0
2026-04-15 04:55:00,1.17885,1.17888,1.1788,1.17885,52,2,0
2026-04-15 05:00:00,1.17885,1.17922,1.17883,1.17898,285,2,0
2026-04-15 05:05:00,1.17898,1.17924,1.17895,1.17921,95,2,0
2026-04-15 05:10:00,1.17921,1.17934,1.17914,1.17929,99,2,0
2026-04-15 05:15:00,1.17929,1.17982,1.17929,1.17974,92,2,0
2026-04-15 05:20:00,1.17974,1.17974,1.17934,1.17937,88,2,0
2026-04-15 05:25:00,1.17937,1.17948,1.17917,1.17925,142,2,0
2026-04-15 05:30:00,1.17925,1.17925,1.17908,1.17909,141,2,0
2026-04-15 05:35:00,1.17909,1.1791800000000001,1.1789100000000001,1.1791800000000001,149,2,0
2026-04-15 05:40:00,1.1791800000000001,1.17919,1.179,1.17914,106,2,0
2026-04-15 05:45:00,1.17914,1.17924,1.17908,1.17909,91,2,0
2026-04-15 05:50:00,1.17909,1.17912,1.17893,1.17909,163,2,0
2026-04-15 05:55:00,1.17909,1.17933,1.17908,1.1792,179,2,0
2026-04-15 06:00:00,1.1792,1.17951,1.17914,1.17942,290,2,0
2026-04-15 06:05:00,1.17942,1.17993,1.17942,1.17987,171,2,0
2026-04-15 06:10:00,1.17987,1.17987,1.17926,1.17931,269,2,0
2026-04-15 06:15:00,1.17932,1.17933,1.17892,1.17903,297,2,0
2026-04-15 06:20:00,1.17903,1.17923,1.17885,1.17923,231,2,0
2026-04-15 06:25:00,1.17923,1.17937,1.17912,1.17915,152,2,0
2026-04-15 06:30:00,1.17915,1.17922,1.17879,1.17884,234,2,0
2026-04-15 06:35:00,1.17884,1.17909,1.17882,1.17887,201,2,0
2026-04-15 06:40:00,1.17887,1.17888,1.17853,1.17862,237,2,0
2026-04-15 06:45:00,1.17862,1.17873,1.17846,1.1785700000000001,218,2,0
2026-04-15 06:50:00,1.1785700000000001,1.17869,1.17844,1.17852,174,2,0
2026-04-15 06:55:00,1.17852,1.1787,1.17837,1.17841,233,2,0
2026-04-15 07:00:00,1.17841,1.17878,1.17836,1.17875,417,2,0
2026-04-15 07:05:00,1.17875,1.17882,1.17851,1.17853,307,2,0
2026-04-15 07:10:00,1.17853,1.17873,1.17848,1.1786,254,2,0
2026-04-15 07:15:00,1.1786,1.17866,1.17826,1.17853,301,2,0
2026-04-15 07:20:00,1.17853,1.17876,1.17853,1.1787,295,2,0
2026-04-15 07:25:00,1.1787,1.17878,1.17852,1.17875,128,2,0
2026-04-15 07:30:00,1.17875,1.17902,1.17853,1.17892,263,2,0
2026-04-15 07:35:00,1.17892,1.17903,1.17883,1.17888,211,2,0
2026-04-15 07:40:00,1.17888,1.17895,1.17869,1.1789,154,2,0
2026-04-15 07:45:00,1.1789,1.17895,1.17863,1.1789,187,2,0
2026-04-15 07:50:00,1.1789,1.17896,1.17858,1.17859,242,2,0
2026-04-15 07:55:00,1.17859,1.17868,1.17842,1.17856,302,2,0
2026-04-15 08:00:00,1.17856,1.17897,1.17852,1.17896,281,2,0
2026-04-15 08:05:00,1.17896,1.17905,1.17886,1.1789100000000001,175,2,0
2026-04-15 08:10:00,1.1789100000000001,1.17904,1.17879,1.17899,210,2,0
2026-04-15 08:15:00,1.17899,1.17944,1.17898,1.17944,180,2,0
2026-04-15 08:20:00,1.17944,1.17953,1.17926,1.17934,166,2,0
2026-04-15 08:25:00,1.17934,1.17943,1.17912,1.1791800000000001,203,2,0
2026-04-15 08:30:00,1.1791800000000001,1.1791800000000001,1.17888,1.17899,181,2,0
2026-04-15 08:35:00,1.17899,1.17902,1.17872,1.17877,175,2,0
2026-04-15 08:40:00,1.17877,1.17903,1.17876,1.1789399999999999,168,2,0
2026-04-15 08:45:00,1.1789399999999999,1.1789399999999999,1.1786,1.17869,160,2,0
2026-04-15 08:50:00,1.17869,1.17884,1.17861,1.17883,99,2,0
2026-04-15 08:55:00,1.17883,1.17904,1.17876,1.17892,104,2,0
2026-04-15 09:00:00,1.17892,1.17914,1.17804,1.17843,643,2,0
2026-04-15 09:05:00,1.17843,1.17896,1.1780599999999999,1.17809,424,2,0
2026-04-15 09:10:00,1.17809,1.1783,1.17751,1.17818,673,2,0
2026-04-15 09:15:00,1.17818,1.17858,1.17815,1.1785700000000001,257,2,0
2026-04-15 09:20:00,1.1785700000000001,1.1786699999999999,1.17845,1.1785,304,2,0
2026-04-15 09:25:00,1.1785,1.17864,1.1784,1.17844,241,2,0
2026-04-15 09:30:00,1.17844,1.17849,1.17821,1.17825,217,2,0
2026-04-15 09:35:00,1.17823,1.17825,1.17793,1.1779600000000001,284,2,0
2026-04-15 09:40:00,1.1779600000000001,1.17821,1.17794,1.17818,211,2,0
2026-04-15 09:45:00,1.17818,1.17835,1.17793,1.1781,167,2,0
2026-04-15 09:50:00,1.1781,1.17812,1.17782,1.17803,220,2,0
2026-04-15 09:55:00,1.17803,1.17819,1.17787,1.17815,224,2,0
2026-04-15 10:00:00,1.17815,1.17819,1.17789,1.17789,274,2,0
2026-04-15 10:05:00,1.17789,1.17852,1.17786,1.17849,307,2,0
2026-04-15 10:10:00,1.17849,1.17864,1.1784,1.1785,169,2,0
2026-04-15 10:15:00,1.1785,1.1785,1.17787,1.17798,624,2,0
2026-04-15 10:20:00,1.17798,1.1783299999999999,1.17769,1.17777,400,2,0
2026-04-15 10:25:00,1.17777,1.17787,1.17728,1.17755,405,2,0
2026-04-15 10:30:00,1.17754,1.17768,1.17733,1.17744,286,2,0
2026-04-15 10:35:00,1.17744,1.1775,1.17719,1.17737,275,2,0
2026-04-15 10:40:00,1.17737,1.17811,1.17733,1.1779,554,2,0
2026-04-15 10:45:00,1.1779,1.17835,1.17788,1.17809,295,2,0
2026-04-15 10:50:00,1.17809,1.17811,1.17766,1.17791,297,2,0
2026-04-15 10:55:00,1.17791,1.17793,1.17768,1.17768,255,2,0
2026-04-15 11:00:00,1.17768,1.17785,1.17747,1.1778,263,2,0
2026-04-15 11:05:00,1.1778,1.17795,1.17777,1.17781,168,2,0
2026-04-15 11:10:00,1.17781,1.1779,1.17768,1.17775,183,2,0
2026-04-15 11:15:00,1.17775,1.17785,1.17753,1.17776,219,2,0
2026-04-15 11:20:00,1.17776,1.17789,1.17759,1.17786,230,2,0
2026-04-15 11:25:00,1.17786,1.17793,1.17763,1.17765,238,2,0
2026-04-15 11:30:00,1.17765,1.178,1.1776200000000001,1.17767,306,2,0
2026-04-15 11:35:00,1.17767,1.17777,1.17754,1.17775,165,2,0
2026-04-15 11:40:00,1.17775,1.1778,1.17759,1.1777,200,2,0
2026-04-15 11:45:00,1.1777,1.17843,1.1773,1.17785,551,2,0
2026-04-15 11:50:00,1.17785,1.17838,1.17781,1.17835,209,2,0
2026-04-15 11:55:00,1.17835,1.1784,1.1780599999999999,1.1783,273,2,0
2026-04-15 12:00:00,1.1783,1.17845,1.17813,1.17825,341,2,0
2026-04-15 12:05:00,1.17825,1.17825,1.17784,1.17795,416,2,0
2026-04-15 12:10:00,1.17795,1.178,1.17771,1.17784,258,2,0
2026-04-15 12:15:00,1.17784,1.17841,1.17781,1.17836,259,2,0
2026-04-15 12:20:00,1.17836,1.17843,1.17807,1.17835,339,2,0
2026-04-15 12:25:00,1.17835,1.17844,1.17818,1.17839,220,2,0
2026-04-15 12:30:00,1.17839,1.17881,1.17837,1.17864,198,2,0
2026-04-15 12:35:00,1.17864,1.17869,1.1783299999999999,1.17839,237,2,0
2026-04-15 12:40:00,1.17839,1.17839,1.17797,1.17811,227,2,0
2026-04-15 12:45:00,1.17811,1.17858,1.1779,1.17858,214,2,0
2026-04-15 12:50:00,1.17858,1.17881,1.17837,1.1788,221,2,0
2026-04-15 12:55:00,1.1788,1.17927,1.17879,1.1788,321,2,0
2026-04-15 13:00:00,1.1788,1.17909,1.17874,1.17906,290,2,0
2026-04-15 13:05:00,1.17906,1.17907,1.17873,1.17884,249,2,0
2026-04-15 13:10:00,1.17884,1.17884,1.17854,1.17876,299,2,0
2026-04-15 13:15:00,1.17876,1.17887,1.17863,1.17883,194,2,0
2026-04-15 13:20:00,1.17883,1.17935,1.17882,1.17926,326,2,0
2026-04-15 13:25:00,1.17926,1.17966,1.1792,1.1796,274,2,0
2026-04-15 13:30:00,1.1796,1.17974,1.17927,1.17933,365,2,0
2026-04-15 13:35:00,1.17933,1.17951,1.17904,1.17917,509,2,0
2026-04-15 13:40:00,1.17917,1.17917,1.17842,1.17848,499,2,0
2026-04-15 13:45:00,1.17847,1.17884,1.1784,1.1788,422,2,0
2026-04-15 13:50:00,1.1788,1.17889,1.17844,1.17853,438,2,0
2026-04-15 13:55:00,1.17853,1.17885,1.17853,1.17878,240,2,0
2026-04-15 14:00:00,1.17878,1.17898,1.17843,1.17898,438,2,0
2026-04-15 14:05:00,1.17898,1.17922,1.1789100000000001,1.17905,330,2,0
2026-04-15 14:10:00,1.17905,1.1792,1.1789,1.17911,299,2,0
2026-04-15 14:15:00,1.17911,1.17943,1.17904,1.17938,246,2,0
2026-04-15 14:20:00,1.17938,1.17963,1.17929,1.1794,382,2,0
2026-04-15 14:25:00,1.1794,1.17993,1.1794,1.17993,442,2,0
2026-04-15 14:30:00,1.17993,1.18002,1.17942,1.17942,359,2,0
2026-04-15 14:35:00,1.17942,1.17953,1.17919,1.17924,293,2,0
2026-04-15 14:40:00,1.17924,1.1796,1.17923,1.17959,310,2,0
2026-04-15 14:45:00,1.17959,1.17974,1.17938,1.17971,317,2,0
2026-04-15 14:50:00,1.17971,1.17983,1.17937,1.17942,241,2,0
2026-04-15 14:55:00,1.17942,1.17986,1.1794,1.17966,333,2,0
2026-04-15 15:00:00,1.17966,1.17977,1.17946,1.1795499999999999,402,2,0
2026-04-15 15:05:00,1.1795499999999999,1.18007,1.17953,1.1799,326,2,0
2026-04-15 15:10:00,1.1799,1.18025,1.17976,1.18014,577,2,0
2026-04-15 15:15:00,1.18014,1.18045,1.17991,1.18039,409,2,0
2026-04-15 15:20:00,1.18039,1.1806,1.18038,1.18053,289,2,0
2026-04-15 15:25:00,1.18053,1.18079,1.1804000000000001,1.1804000000000001,215,2,0
2026-04-15 15:30:00,1.18039,1.1804000000000001,1.1798,1.17993,391,2,0
2026-04-15 15:35:00,1.17993,1.18009,1.1797900000000001,1.18008,261,2,0
2026-04-15 15:40:00,1.18008,1.18022,1.17993,1.18008,340,2,0
2026-04-15 15:45:00,1.18008,1.18026,1.18002,1.1801,271,2,0
2026-04-15 15:50:00,1.1801,1.18019,1.17992,1.17997,270,2,0
2026-04-15 15:55:00,1.17997,1.18005,1.1798,1.1798,171,2,0
2026-04-15 16:00:00,1.1798,1.18018,1.17973,1.17996,216,2,0
2026-04-15 16:05:00,1.17996,1.18005,1.17986,1.18001,169,2,0
2026-04-15 16:10:00,1.18,1.1802,1.17993,1.18018,112,2,0
2026-04-15 16:15:00,1.18018,1.18025,1.17993,1.17995,122,2,0
2026-04-15 16:20:00,1.17995,1.18021,1.17985,1.18006,312,2,0
2026-04-15 16:25:00,1.18006,1.18012,1.1798899999999999,1.18002,170,2,0
2026-04-15 16:30:00,1.18002,1.18024,1.17991,1.18006,170,2,0
2026-04-15 16:35:00,1.18006,1.18015,1.17999,1.18001,146,2,0
2026-04-15 16:40:00,1.18001,1.1801300000000001,1.17974,1.18009,216,2,0
2026-04-15 16:45:00,1.18009,1.18019,1.17992,1.18018,180,2,0
2026-04-15 16:50:00,1.18018,1.18021,1.18,1.18009,172,2,0
2026-04-15 16:55:00,1.18009,1.18019,1.17994,1.18008,215,2,0
2026-04-15 17:00:00,1.18007,1.18011,1.17995,1.18002,180,2,0
2026-04-15 17:05:00,1.18002,1.18019,1.18001,1.18017,110,2,0
2026-04-15 17:10:00,1.18017,1.18018,1.17998,1.17999,104,2,0
2026-04-15 17:15:00,1.17999,1.18015,1.17992,1.17993,158,2,0
2026-04-15 17:20:00,1.17993,1.18009,1.17981,1.18007,124,2,0
2026-04-15 17:25:00,1.18007,1.1801,1.1799,1.17993,140,2,0
2026-04-15 17:30:00,1.17993,1.17994,1.1795200000000001,1.17974,187,2,0
2026-04-15 17:35:00,1.17974,1.17978,1.17959,1.17964,205,2,0
2026-04-15 17:40:00,1.17964,1.17967,1.17941,1.17949,290,2,0
2026-04-15 17:45:00,1.17949,1.17954,1.17925,1.1792799999999999,206,2,0
2026-04-15 17:50:00,1.1792799999999999,1.17943,1.1792799999999999,1.17933,142,2,0
2026-04-15 17:55:00,1.17933,1.1795200000000001,1.17931,1.17948,59,2,0
2026-04-15 18:00:00,1.17948,1.1801,1.17936,1.17984,554,2,0
2026-04-15 18:05:00,1.17984,1.1801300000000001,1.1798,1.1798899999999999,374,2,0
2026-04-15 18:10:00,1.1798899999999999,1.1801300000000001,1.1798899999999999,1.18002,237,2,0
2026-04-15 18:15:00,1.18002,1.1801300000000001,1.17996,1.18007,197,2,0
2026-04-15 18:20:00,1.18007,1.18018,1.17993,1.18006,111,2,0
2026-04-15 18:25:00,1.18006,1.18009,1.17993,1.17997,145,2,0
2026-04-15 18:30:00,1.17997,1.17999,1.17994,1.17997,107,2,0
2026-04-15 18:35:00,1.17997,1.17998,1.1797900000000001,1.17987,71,2,0
2026-04-15 18:40:00,1.17987,1.1799,1.17966,1.17974,116,2,0
2026-04-15 18:45:00,1.17974,1.18,1.1797,1.17997,230,2,0
2026-04-15 18:50:00,1.17997,1.1801599999999999,1.17992,1.18004,163,2,0
2026-04-15 18:55:00,1.18004,1.18015,1.18,1.18003,138,2,0
2026-04-15 19:00:00,1.18003,1.18037,1.17985,1.18034,170,2,0
2026-04-15 19:05:00,1.18034,1.18048,1.18021,1.18029,136,2,0
2026-04-15 19:10:00,1.18027,1.18028,1.1798899999999999,1.17995,147,2,0
2026-04-15 19:15:00,1.17995,1.18007,1.17985,1.18007,116,2,0
2026-04-15 19:20:00,1.18007,1.18014,1.18001,1.18008,141,2,0
2026-04-15 19:25:00,1.18008,1.18012,1.17993,1.18008,122,2,0
2026-04-15 19:30:00,1.18008,1.18029,1.18006,1.18029,86,2,0
2026-04-15 19:35:00,1.18029,1.18031,1.18023,1.18026,50,2,0
2026-04-15 19:40:00,1.18026,1.18026,1.1801300000000001,1.18015,93,2,0
2026-04-15 19:45:00,1.18015,1.18019,1.18008,1.1801300000000001,139,2,0
2026-04-15 19:50:00,1.1801300000000001,1.18027,1.18012,1.18012,134,2,0
2026-04-15 19:55:00,1.18012,1.18021,1.17996,1.17997,192,2,0
2026-04-15 20:00:00,1.17997,1.18,1.17964,1.17965,160,2,0
2026-04-15 20:05:00,1.17965,1.17973,1.17953,1.17971,102,2,0
2026-04-15 20:10:00,1.17971,1.17985,1.1797,1.17983,61,2,0
2026-04-15 20:15:00,1.17983,1.17984,1.17968,1.17976,90,2,0
2026-04-15 20:20:00,1.17976,1.17985,1.17969,1.1797900000000001,35,2,0
2026-04-15 20:25:00,1.1797900000000001,1.17985,1.17966,1.17976,69,2,0
2026-04-15 20:30:00,1.17976,1.1797900000000001,1.1795200000000001,1.17958,91,2,0
2026-04-15 20:35:00,1.17958,1.1797,1.17958,1.1797,36,2,0
2026-04-15 20:40:00,1.1797,1.17974,1.17967,1.17973,39,2,0
2026-04-15 20:45:00,1.17973,1.17983,1.17973,1.17973,52,2,0
2026-04-15 20:50:00,1.17973,1.18004,1.17973,1.18002,48,2,0
2026-04-15 20:55:00,1.18002,1.18007,1.17983,1.17987,196,2,0
2026-04-15 21:00:00,1.17992,1.17995,1.17964,1.17964,12,24,0
2026-04-15 21:05:00,1.17964,1.17973,1.17964,1.17973,10,44,0
2026-04-15 21:10:00,1.17973,1.17988,1.17968,1.17968,12,29,0
2026-04-15 21:15:00,1.17968,1.17975,1.17965,1.17969,26,38,0
2026-04-15 21:20:00,1.17969,1.17977,1.17963,1.17969,39,31,0
2026-04-15 21:25:00,1.17968,1.17969,1.17968,1.17969,6,38,0
2026-04-15 21:30:00,1.17969,1.17976,1.17969,1.17971,8,30,0
2026-04-15 21:35:00,1.17971,1.18008,1.17969,1.18006,74,29,0
2026-04-15 21:40:00,1.18006,1.1801,1.18001,1.18006,101,30,0
2026-04-15 21:45:00,1.18006,1.18006,1.17975,1.18,76,32,0
2026-04-15 21:50:00,1.18,1.18,1.17966,1.17967,31,44,0
2026-04-15 21:55:00,1.17967,1.17968,1.1796,1.17965,14,33,0
2026-04-15 22:00:00,1.17965,1.18027,1.17965,1.18018,120,2,0
2026-04-15 22:05:00,1.18018,1.1802,1.18014,1.18018,51,4,0
2026-04-15 22:10:00,1.18018,1.18029,1.18018,1.1802,42,4,0
2026-04-15 22:15:00,1.1802,1.1802,1.18001,1.18009,96,2,0
2026-04-15 22:20:00,1.18009,1.1801599999999999,1.17994,1.18012,46,4,0
2026-04-15 22:25:00,1.18012,1.18014,1.1801,1.1801,46,4,0
2026-04-15 22:30:00,1.1801,1.18017,1.18009,1.18015,58,4,0
2026-04-15 22:35:00,1.18015,1.18015,1.18007,1.18011,77,3,0
2026-04-15 22:40:00,1.18011,1.18015,1.1801,1.1801300000000001,63,3,0
2026-04-15 22:45:00,1.1801300000000001,1.18025,1.18012,1.18025,61,2,0
2026-04-15 22:50:00,1.18025,1.18029,1.18022,1.18028,23,3,0
2026-04-15 22:55:00,1.18028,1.18029,1.18021,1.18024,24,2,0
2026-04-15 23:00:00,1.18024,1.18035,1.18024,1.18034,49,2,0
2026-04-15 23:05:00,1.18034,1.18045,1.18031,1.1804000000000001,55,2,0
2026-04-15 23:10:00,1.1804000000000001,1.18043,1.18036,1.18038,25,3,0
2026-04-15 23:15:00,1.18039,1.18046,1.18039,1.18045,18,2,0
2026-04-15 23:20:00,1.18045,1.18046,1.18041,1.18041,32,2,0
2026-04-15 23:25:00,1.18041,1.18041,1.18033,1.18038,23,2,0
2026-04-15 23:30:00,1.18038,1.18045,1.18031,1.18043,42,2,0
2026-04-15 23:35:00,1.18043,1.18057,1.18042,1.18054,34,2,0
2026-04-15 23:40:00,1.18054,1.18067,1.18054,1.18067,30,2,0
2026-04-15 23:45:00,1.18067,1.1807400000000001,1.18066,1.18066,21,2,0
2026-04-15 23:50:00,1.18066,1.1807699999999999,1.18065,1.18072,53,2,0
2026-04-15 23:55:00,1.18072,1.18072,1.18063,1.18065,30,2,0
2026-04-16 00:00:00,1.18065,1.18083,1.18035,1.1804000000000001,192,2,0
2026-04-16 00:05:00,1.1804000000000001,1.18048,1.18026,1.1803,103,2,0
2026-04-16 00:10:00,1.1803,1.18044,1.18029,1.18036,109,2,0
2026-04-16 00:15:00,1.18036,1.18065,1.18033,1.18044,131,2,0
2026-04-16 00:20:00,1.18044,1.18046,1.18035,1.18035,82,2,0
2026-04-16 00:25:00,1.18035,1.1804999999999999,1.18034,1.18049,63,2,0
2026-04-16 00:30:00,1.18049,1.18055,1.18041,1.18046,53,2,0
2026-04-16 00:35:00,1.18046,1.18048,1.18031,1.18044,56,2,0
2026-04-16 00:40:00,1.18044,1.18044,1.18035,1.18038,59,2,0
2026-04-16 00:45:00,1.18038,1.18055,1.18026,1.18053,57,2,0
2026-04-16 00:50:00,1.18053,1.1807400000000001,1.18053,1.18056,137,2,0
2026-04-16 00:55:00,1.18059,1.1807400000000001,1.18054,1.18072,113,2,0
2026-04-16 01:00:00,1.18072,1.18092,1.18064,1.18069,153,2,0
2026-04-16 01:05:00,1.18067,1.18082,1.18065,1.1807699999999999,90,2,0
2026-04-16 01:10:00,1.1807699999999999,1.1808,1.18065,1.1807,75,2,0
2026-04-16 01:15:00,1.18069,1.1807,1.1804000000000001,1.18045,128,2,0
2026-04-16 01:20:00,1.18045,1.18067,1.18045,1.18053,99,2,0
2026-04-16 01:25:00,1.18053,1.18053,1.1804000000000001,1.1804000000000001,95,2,0
2026-04-16 01:30:00,1.1804000000000001,1.1806,1.18007,1.18012,165,2,0
2026-04-16 01:35:00,1.18012,1.18012,1.17967,1.1798899999999999,186,2,0
2026-04-16 01:40:00,1.1798899999999999,1.18023,1.17984,1.18008,178,2,0
2026-04-16 01:45:00,1.18008,1.18028,1.18007,1.18027,137,2,0
2026-04-16 01:50:00,1.18027,1.18036,1.18015,1.18027,167,2,0
2026-04-16 01:55:00,1.18027,1.18029,1.18012,1.18023,103,2,0
2026-04-16 02:00:00,1.18023,1.18058,1.18021,1.18026,155,2,0
2026-04-16 02:05:00,1.18026,1.1803,1.18019,1.18023,80,2,0
2026-04-16 02:10:00,1.18024,1.18035,1.1802,1.18023,98,2,0
2026-04-16 02:15:00,1.18023,1.18044,1.18022,1.18028,66,2,0
2026-04-16 02:20:00,1.18028,1.1804000000000001,1.18025,1.1804000000000001,103,2,0
2026-04-16 02:25:00,1.1804000000000001,1.18043,1.18027,1.18038,76,2,0
2026-04-16 02:30:00,1.18038,1.18072,1.18038,1.18064,105,2,0
2026-04-16 02:35:00,1.18064,1.18085,1.18057,1.18078,181,2,0
2026-04-16 02:40:00,1.18078,1.18174,1.18078,1.18163,240,2,0
2026-04-16 02:45:00,1.18167,1.18174,1.18123,1.18155,170,2,0
2026-04-16 02:50:00,1.18155,1.18165,1.18125,1.18138,140,2,0
2026-04-16 02:55:00,1.18138,1.18173,1.1813500000000001,1.1817,190,2,0
2026-04-16 03:00:00,1.1817,1.18209,1.18169,1.182,195,2,0
2026-04-16 03:05:00,1.18201,1.18237,1.18201,1.18207,215,2,0
2026-04-16 03:10:00,1.18207,1.18207,1.18179,1.18187,233,2,0
2026-04-16 03:15:00,1.18187,1.18194,1.18164,1.18166,143,2,0
2026-04-16 03:20:00,1.18166,1.1817199999999999,1.18153,1.1816200000000001,125,2,0
2026-04-16 03:25:00,1.18163,1.1817199999999999,1.18154,1.18155,124,2,0
2026-04-16 03:30:00,1.18155,1.18161,1.18139,1.18142,124,2,0
2026-04-16 03:35:00,1.18142,1.18143,1.18131,1.1814,116,2,0
2026-04-16 03:40:00,1.1814,1.18145,1.1812,1.1814,109,2,0
2026-04-16 03:45:00,1.1814,1.18158,1.1814,1.1815,70,2,0
2026-04-16 03:50:00,1.1815,1.1815,1.18133,1.18139,94,2,0
2026-04-16 03:55:00,1.18139,1.18146,1.18126,1.18128,77,2,0
2026-04-16 04:00:00,1.18128,1.18129,1.18113,1.18114,102,2,0
2026-04-16 04:05:00,1.18114,1.18117,1.18103,1.18113,115,2,0
2026-04-16 04:10:00,1.18113,1.18116,1.18108,1.18113,68,2,0
2026-04-16 04:15:00,1.18113,1.18123,1.18113,1.18119,66,2,0
2026-04-16 04:20:00,1.18119,1.1813,1.18113,1.18115,73,2,0
2026-04-16 04:25:00,1.18115,1.18119,1.18103,1.18107,104,2,0
2026-04-16 04:30:00,1.18107,1.18116,1.18103,1.18115,84,2,0
2026-04-16 04:35:00,1.18115,1.18118,1.18105,1.1811,46,2,0
2026-04-16 04:40:00,1.1811,1.1811,1.18098,1.18102,49,2,0
2026-04-16 04:45:00,1.18102,1.18102,1.18085,1.18087,86,2,0
2026-04-16 04:50:00,1.18087,1.1809,1.18081,1.18082,61,2,0
2026-04-16 04:55:00,1.18082,1.18104,1.18082,1.18093,84,2,0
2026-04-16 05:00:00,1.18093,1.18096,1.18083,1.18089,132,2,0
2026-04-16 05:05:00,1.18089,1.18099,1.18087,1.18088,70,2,0
2026-04-16 05:10:00,1.18088,1.18089,1.1807400000000001,1.1807699999999999,82,2,0
2026-04-16 05:15:00,1.1807699999999999,1.18083,1.1807,1.18072,121,2,0
2026-04-16 05:20:00,1.18072,1.1807400000000001,1.18044,1.18044,83,2,0
2026-04-16 05:25:00,1.18044,1.18052,1.18029,1.18043,142,2,0
2026-04-16 05:30:00,1.18043,1.18073,1.18043,1.18054,155,2,0
2026-04-16 05:35:00,1.18054,1.18083,1.18054,1.1808,87,2,0
2026-04-16 05:40:00,1.1808,1.18086,1.18028,1.1804000000000001,141,2,0
2026-04-16 05:45:00,1.1804000000000001,1.18063,1.18039,1.18055,92,2,0
2026-04-16 05:50:00,1.18055,1.18076,1.18054,1.18076,76,2,0
2026-04-16 05:55:00,1.18076,1.18076,1.18042,1.18043,145,2,0
2026-04-16 06:00:00,1.18043,1.18068,1.1801300000000001,1.18015,280,2,0
2026-04-16 06:05:00,1.18015,1.18032,1.18008,1.18011,209,2,0
2026-04-16 06:10:00,1.18011,1.18035,1.18004,1.18014,157,2,0
2026-04-16 06:15:00,1.18014,1.1802,1.17986,1.18001,198,2,0
2026-04-16 06:20:00,1.18,1.18005,1.17971,1.17975,205,2,0
2026-04-16 06:25:00,1.17975,1.17988,1.17949,1.17972,226,2,0
2026-04-16 06:30:00,1.17972,1.17976,1.17933,1.17966,273,2,0
2026-04-16 06:35:00,1.17968,1.1797,1.17941,1.17962,162,2,0
2026-04-16 06:40:00,1.17962,1.17985,1.17959,1.17984,154,2,0
2026-04-16 06:45:00,1.17984,1.18019,1.17974,1.18018,142,2,0
2026-04-16 06:50:00,1.18018,1.18034,1.18015,1.18034,126,2,0
2026-04-16 06:55:00,1.18034,1.18054,1.18007,1.18031,232,2,0
2026-04-16 07:00:00,1.18031,1.18049,1.17985,1.18023,415,2,0
2026-04-16 07:05:00,1.18023,1.18029,1.18002,1.18012,272,2,0
2026-04-16 07:10:00,1.18012,1.18032,1.18002,1.18009,326,2,0
2026-04-16 07:15:00,1.18009,1.18012,1.17969,1.17972,262,2,0
2026-04-16 07:20:00,1.17972,1.17984,1.17942,1.17969,263,2,0
2026-04-16 07:25:00,1.17969,1.17997,1.17965,1.17981,195,2,0
2026-04-16 07:30:00,1.17981,1.17982,1.17927,1.1795200000000001,314,2,0
2026-04-16 07:35:00,1.1795200000000001,1.1796,1.17942,1.17945,277,2,0
2026-04-16 07:40:00,1.17945,1.17971,1.17936,1.17962,198,2,0
2026-04-16 07:45:00,1.17962,1.17962,1.17929,1.17937,239,2,0
2026-04-16 07:50:00,1.17937,1.17947,1.17909,1.17922,305,2,0
2026-04-16 07:55:00,1.17922,1.17941,1.1791,1.17914,308,2,0
2026-04-16 08:00:00,1.17914,1.17938,1.17912,1.17913,265,2,0
2026-04-16 08:05:00,1.17913,1.17913,1.17843,1.17885,424,2,0
2026-04-16 08:10:00,1.17885,1.1789399999999999,1.1784,1.17842,243,2,0
2026-04-16 08:15:00,1.17844,1.17865,1.17826,1.17832,429,2,0
2026-04-16 08:20:00,1.17832,1.17837,1.17797,1.17798,308,2,0
2026-04-16 08:25:00,1.17798,1.17804,1.17763,1.17797,371,2,0
2026-04-16 08:30:00,1.17797,1.1782,1.17795,1.17811,262,2,0
2026-04-16 08:35:00,1.17811,1.17818,1.17793,1.17817,220,2,0
2026-04-16 08:40:00,1.17817,1.17842,1.17816,1.17835,165,2,0
2026-04-16 08:45:00,1.17835,1.17864,1.17835,1.17863,122,2,0
2026-04-16 08:50:00,1.17863,1.1786699999999999,1.17854,1.17864,149,2,0
2026-04-16 08:55:00,1.17864,1.17883,1.17853,1.1786,193,2,0
2026-04-16 09:00:00,1.1786,1.17875,1.17849,1.17864,229,2,0
2026-04-16 09:05:00,1.17864,1.17871,1.17829,1.17855,172,2,0
2026-04-16 09:10:00,1.17855,1.17856,1.17812,1.17817,185,2,0
2026-04-16 09:15:00,1.17817,1.17838,1.17797,1.17799,172,2,0
2026-04-16 09:20:00,1.17799,1.17807,1.17781,1.1779,174,2,0
2026-04-16 09:25:00,1.1779,1.17798,1.17782,1.17789,191,2,0
2026-04-16 09:30:00,1.17789,1.17843,1.17768,1.17842,225,2,0
2026-04-16 09:35:00,1.17842,1.17852,1.17822,1.17825,191,2,0
2026-04-16 09:40:00,1.17825,1.17838,1.17788,1.17798,275,2,0
2026-04-16 09:45:00,1.17798,1.17803,1.17777,1.17778,225,2,0
2026-04-16 09:50:00,1.17778,1.17823,1.1777199999999999,1.17804,287,2,0
2026-04-16 09:55:00,1.17804,1.17817,1.17783,1.17795,281,2,0
2026-04-16 10:00:00,1.17795,1.17797,1.17749,1.17753,280,2,0
2026-04-16 10:05:00,1.17753,1.17797,1.17748,1.1779600000000001,163,2,0
2026-04-16 10:10:00,1.1779600000000001,1.17802,1.17767,1.17801,122,2,0
2026-04-16 10:15:00,1.17801,1.17801,1.17771,1.17771,153,2,0
2026-04-16 10:20:00,1.17771,1.17774,1.17744,1.17744,124,2,0
2026-04-16 10:25:00,1.17744,1.17763,1.17729,1.17731,149,2,0
2026-04-16 10:30:00,1.17731,1.17763,1.17724,1.17755,147,2,0
2026-04-16 10:35:00,1.17755,1.17757,1.17739,1.17752,133,2,0
2026-04-16 10:40:00,1.17752,1.17781,1.1775,1.17775,139,2,0
2026-04-16 10:45:00,1.17775,1.17782,1.17766,1.17769,148,2,0
2026-04-16 10:50:00,1.17769,1.17781,1.1776200000000001,1.1777,114,2,0
2026-04-16 10:55:00,1.1777,1.17801,1.17769,1.17797,126,2,0
2026-04-16 11:00:00,1.17797,1.17864,1.17797,1.17861,165,2,0
2026-04-16 11:05:00,1.17861,1.17884,1.17855,1.17875,208,2,0
2026-04-16 11:10:00,1.17875,1.17876,1.17854,1.1786,143,2,0
2026-04-16 11:15:00,1.1786,1.17886,1.1785,1.17855,175,2,0
2026-04-16 11:20:00,1.17855,1.1786,1.17841,1.17848,149,2,0
2026-04-16 11:25:00,1.17848,1.1786,1.17841,1.17858,120,2,0
2026-04-16 11:30:00,1.17858,1.1787,1.17835,1.17845,161,2,0
2026-04-16 11:35:00,1.17845,1.17855,1.17835,1.17843,177,2,0
2026-04-16 11:40:00,1.17843,1.17844,1.17819,1.17842,238,2,0
2026-04-16 11:45:00,1.17842,1.17852,1.17804,1.17809,256,2,0
2026-04-16 11:50:00,1.1781,1.17845,1.17804,1.17824,255,2,0
2026-04-16 11:55:00,1.17824,1.17856,1.1782,1.17839,274,2,0
2026-04-16 12:00:00,1.17839,1.17846,1.17803,1.17816,379,2,0
2026-04-16 12:05:00,1.17816,1.1783299999999999,1.17775,1.17816,312,2,0
2026-04-16 12:10:00,1.17816,1.17816,1.17777,1.17799,307,2,0
2026-04-16 12:15:00,1.178,1.17805,1.17759,1.17781,233,2,0
2026-04-16 12:20:00,1.17781,1.17797,1.17778,1.1779600000000001,188,2,0
2026-04-16 12:25:00,1.1779600000000001,1.17825,1.17793,1.17808,164,2,0
2026-04-16 12:30:00,1.17808,1.17825,1.17765,1.17822,274,2,0
2026-04-16 12:35:00,1.17822,1.17828,1.17798,1.17811,192,2,0
2026-04-16 12:40:00,1.17811,1.17837,1.1778,1.17836,208,2,0
2026-04-16 12:45:00,1.17836,1.17845,1.17815,1.17838,137,2,0
2026-04-16 12:50:00,1.17836,1.17837,1.17818,1.17832,205,2,0
2026-04-16 12:55:00,1.17832,1.1784,1.17813,1.17814,223,2,0
2026-04-16 13:00:00,1.17814,1.17832,1.17807,1.17815,261,2,0
2026-04-16 13:05:00,1.17816,1.1782,1.17801,1.17805,222,2,0
2026-04-16 13:10:00,1.17805,1.17809,1.1778,1.17808,227,2,0
2026-04-16 13:15:00,1.17808,1.17836,1.17807,1.1782,187,2,0
2026-04-16 13:20:00,1.1782,1.17834,1.17809,1.17809,180,2,0
2026-04-16 13:25:00,1.17809,1.17829,1.17804,1.17809,212,2,0
2026-04-16 13:30:00,1.17808,1.1781,1.17779,1.17795,430,2,0
2026-04-16 13:35:00,1.17795,1.17813,1.17764,1.1778,385,2,0
2026-04-16 13:40:00,1.1778,1.17788,1.17754,1.17776,356,2,0
2026-04-16 13:45:00,1.17776,1.17798,1.17759,1.17775,365,2,0
2026-04-16 13:50:00,1.17775,1.17779,1.1770100000000001,1.17706,647,2,0
2026-04-16 13:55:00,1.17703,1.17739,1.17668,1.17723,803,2,0
2026-04-16 14:00:00,1.17723,1.17755,1.1769,1.1774,573,2,0
2026-04-16 14:05:00,1.1774,1.17771,1.17738,1.1777,368,2,0
2026-04-16 14:10:00,1.1777,1.1778,1.17754,1.17768,280,2,0
2026-04-16 14:15:00,1.17768,1.17785,1.17729,1.17747,317,2,0
2026-04-16 14:20:00,1.17747,1.17771,1.17729,1.17759,468,2,0
2026-04-16 14:25:00,1.1776,1.17785,1.1774,1.17782,350,2,0
2026-04-16 14:30:00,1.17782,1.17805,1.17766,1.17805,326,2,0
2026-04-16 14:35:00,1.17803,1.17804,1.1776200000000001,1.1777,389,2,0
2026-04-16 14:40:00,1.1777,1.17798,1.17747,1.1779600000000001,364,2,0
2026-04-16 14:45:00,1.1779600000000001,1.1782,1.17786,1.17804,341,2,0
2026-04-16 14:50:00,1.17804,1.17805,1.17715,1.17719,452,2,0
2026-04-16 14:55:00,1.17719,1.17723,1.17689,1.17715,371,2,0
2026-04-16 15:00:00,1.17715,1.17751,1.177,1.17742,429,2,0
2026-04-16 15:05:00,1.17742,1.17794,1.17738,1.17777,308,2,0
2026-04-16 15:10:00,1.17777,1.1779600000000001,1.17776,1.17782,214,2,0
2026-04-16 15:15:00,1.17782,1.17805,1.17765,1.1777,302,2,0
2026-04-16 15:20:00,1.17771,1.17784,1.17753,1.1776,344,2,0
2026-04-16 15:25:00,1.17759,1.1777199999999999,1.17742,1.17748,307,2,0
2026-04-16 15:30:00,1.17748,1.1778,1.17743,1.17759,366,2,0
2026-04-16 15:35:00,1.1776,1.17814,1.17738,1.1778,709,2,0
2026-04-16 15:40:00,1.17779,1.17791,1.17752,1.17774,387,2,0
2026-04-16 15:45:00,1.17774,1.178,1.17773,1.17794,264,2,0
2026-04-16 15:50:00,1.17794,1.17802,1.17764,1.17773,284,2,0
2026-04-16 15:55:00,1.17773,1.1782,1.17765,1.17819,330,2,0
2026-04-16 16:00:00,1.17819,1.17826,1.17793,1.17816,345,2,0
2026-04-16 16:05:00,1.17816,1.1784,1.17812,1.1783299999999999,212,2,0
2026-04-16 16:10:00,1.1783299999999999,1.17855,1.17832,1.17854,154,2,0
2026-04-16 16:15:00,1.17854,1.1787,1.17843,1.17869,252,2,0
2026-04-16 16:20:00,1.17869,1.1787,1.17815,1.17823,205,2,0
2026-04-16 16:25:00,1.17823,1.17828,1.1780599999999999,1.17808,248,2,0
2026-04-16 16:30:00,1.17808,1.17812,1.17687,1.17737,706,2,0
2026-04-16 16:35:00,1.17737,1.17768,1.17723,1.17764,473,2,0
2026-04-16 16:40:00,1.17764,1.17764,1.1774,1.17746,265,2,0
2026-04-16 16:45:00,1.17746,1.17748,1.1773,1.17734,265,2,0
2026-04-16 16:50:00,1.17734,1.17757,1.17703,1.17713,292,2,0
2026-04-16 16:55:00,1.17713,1.17756,1.17707,1.17747,208,2,0
2026-04-16 17:00:00,1.17748,1.17754,1.17721,1.17724,255,2,0
2026-04-16 17:05:00,1.17724,1.17739,1.1772,1.17734,218,2,0
2026-04-16 17:10:00,1.17734,1.17737,1.1768,1.17682,250,2,0
2026-04-16 17:15:00,1.17682,1.17704,1.17682,1.17704,255,2,0
2026-04-16 17:20:00,1.17704,1.1772,1.17704,1.1772,120,2,0
2026-04-16 17:25:00,1.1772,1.17731,1.1771099999999999,1.17712,89,2,0
2026-04-16 17:30:00,1.17712,1.17753,1.17712,1.1773500000000001,110,2,0
2026-04-16 17:35:00,1.1773500000000001,1.17739,1.1772,1.17731,119,2,0
2026-04-16 17:40:00,1.17731,1.17746,1.17731,1.17737,79,2,0
2026-04-16 17:45:00,1.17737,1.1774,1.17726,1.17738,108,2,0
2026-04-16 17:50:00,1.17737,1.17739,1.17723,1.17734,124,2,0
2026-04-16 17:55:00,1.17734,1.17739,1.1771,1.17734,240,2,0
2026-04-16 18:00:00,1.17734,1.17787,1.17731,1.17786,338,2,0
2026-04-16 18:05:00,1.17786,1.17809,1.17756,1.17761,184,2,0
2026-04-16 18:10:00,1.17761,1.17769,1.17749,1.17765,158,2,0
2026-04-16 18:15:00,1.17764,1.17781,1.17761,1.17774,130,2,0
2026-04-16 18:20:00,1.17774,1.17784,1.17764,1.17767,140,2,0
2026-04-16 18:25:00,1.17767,1.17783,1.1776,1.17781,250,2,0
2026-04-16 18:30:00,1.17781,1.17802,1.17771,1.17802,195,2,0
2026-04-16 18:35:00,1.17802,1.17807,1.1779,1.17804,170,2,0
2026-04-16 18:40:00,1.17804,1.17809,1.1777,1.1778,142,2,0
2026-04-16 18:45:00,1.1778,1.1779600000000001,1.17771,1.17795,85,2,0
2026-04-16 18:50:00,1.17795,1.1780599999999999,1.17786,1.17794,84,2,0
2026-04-16 18:55:00,1.17794,1.17805,1.17787,1.1779600000000001,130,2,0
2026-04-16 19:00:00,1.1779600000000001,1.17823,1.1779600000000001,1.17812,185,2,0
2026-04-16 19:05:00,1.17812,1.17829,1.178,1.17829,90,2,0
2026-04-16 19:10:00,1.17829,1.1783,1.17809,1.1781,70,2,0
2026-04-16 19:15:00,1.1781,1.17826,1.17805,1.1782,75,2,0
2026-04-16 19:20:00,1.1782,1.1783299999999999,1.17818,1.17825,84,2,0
2026-04-16 19:25:00,1.17825,1.17845,1.17821,1.1783299999999999,75,2,0
2026-04-16 19:30:00,1.1783299999999999,1.17856,1.1783299999999999,1.17846,98,2,0
2026-04-16 19:35:00,1.17846,1.17851,1.17842,1.17846,80,2,0
2026-04-16 19:40:00,1.17846,1.17846,1.17824,1.17824,70,2,0
2026-04-16 19:45:00,1.17824,1.17829,1.17822,1.17827,171,2,0
2026-04-16 19:50:00,1.17826,1.1783299999999999,1.1780599999999999,1.17817,151,2,0
2026-04-16 19:55:00,1.17817,1.1782,1.17807,1.1781,181,2,0
2026-04-16 20:00:00,1.1781,1.17825,1.17803,1.17805,74,2,0
2026-04-16 20:05:00,1.17805,1.17812,1.17795,1.1780599999999999,60,2,0
2026-04-16 20:10:00,1.1780599999999999,1.17817,1.17805,1.17815,73,2,0
2026-04-16 20:15:00,1.17815,1.17817,1.17802,1.17802,43,2,0
2026-04-16 20:20:00,1.17802,1.17807,1.17788,1.17791,94,2,0
2026-04-16 20:25:00,1.17791,1.17809,1.17785,1.17805,90,2,0
2026-04-16 20:30:00,1.17805,1.17832,1.17805,1.17814,52,2,0
2026-04-16 20:35:00,1.17814,1.17815,1.17812,1.17814,15,2,0
2026-04-16 20:40:00,1.17814,1.17829,1.17812,1.17824,31,2,0
2026-04-16 20:45:00,1.17824,1.17832,1.17823,1.17824,37,2,0
2026-04-16 20:50:00,1.17824,1.1783,1.17822,1.17823,19,2,0
2026-04-16 20:55:00,1.17823,1.17826,1.17808,1.17816,106,3,0
2026-04-16 21:00:00,1.17741,1.17766,1.17724,1.17751,39,55,0
2026-04-16 21:05:00,1.17751,1.17777,1.17751,1.17775,7,46,0
2026-04-16 21:10:00,1.17775,1.17798,1.17775,1.17777,12,35,0
2026-04-16 21:15:00,1.17777,1.17804,1.17769,1.17784,15,27,0
2026-04-16 21:20:00,1.17784,1.17785,1.17781,1.17782,9,45,0
2026-04-16 21:25:00,1.17782,1.17783,1.17781,1.17781,13,47,0
2026-04-16 21:30:00,1.17781,1.17782,1.17781,1.17782,8,54,0
2026-04-16 21:35:00,1.17782,1.17785,1.17781,1.17785,10,51,0
2026-04-16 21:40:00,1.17785,1.17785,1.17783,1.17783,6,51,0
2026-04-16 21:45:00,1.17783,1.17785,1.1778,1.17781,9,52,0
2026-04-16 21:50:00,1.17781,1.17786,1.17779,1.1778,12,55,0
2026-04-16 21:55:00,1.1778,1.1778,1.17777,1.17778,9,55,0
2026-04-16 22:00:00,1.1778,1.17839,1.17779,1.17839,69,7,0
2026-04-16 22:05:00,1.17839,1.17871,1.17837,1.17859,94,3,0
2026-04-16 22:10:00,1.17859,1.17871,1.1785700000000001,1.17858,95,3,0
2026-04-16 22:15:00,1.17858,1.17859,1.17838,1.17843,69,3,0
2026-04-16 22:20:00,1.17843,1.1785,1.17843,1.17845,31,5,0
2026-04-16 22:25:00,1.17845,1.17858,1.17843,1.1785700000000001,44,3,0
2026-04-16 22:30:00,1.1785700000000001,1.1785700000000001,1.17844,1.17849,64,4,0
2026-04-16 22:35:00,1.17849,1.17855,1.17844,1.17848,69,4,0
2026-04-16 22:40:00,1.17848,1.17854,1.17844,1.17852,61,5,0
2026-04-16 22:45:00,1.17852,1.17852,1.17847,1.17847,45,3,0
2026-04-16 22:50:00,1.17847,1.17856,1.17847,1.17852,22,2,0
2026-04-16 22:55:00,1.17852,1.17853,1.1785,1.17851,29,3,0
2026-04-16 23:00:00,1.17851,1.17855,1.1784,1.17844,77,2,0
2026-04-16 23:05:00,1.17847,1.17847,1.1783299999999999,1.17838,83,2,0
2026-04-16 23:10:00,1.17838,1.1785,1.17838,1.17844,73,2,0
2026-04-16 23:15:00,1.17844,1.17862,1.17844,1.1786,84,2,0
2026-04-16 23:20:00,1.1786,1.1786,1.17849,1.1785,52,2,0
2026-04-16 23:25:00,1.1785,1.1786,1.1785,1.17855,32,2,0
2026-04-16 23:30:00,1.17855,1.17856,1.17844,1.17846,53,2,0
2026-04-16 23:35:00,1.17846,1.17849,1.17834,1.17843,61,2,0
2026-04-16 23:40:00,1.17843,1.17845,1.17834,1.17834,48,2,0
2026-04-16 23:45:00,1.17834,1.17835,1.17828,1.17828,47,2,0
2026-04-16 23:50:00,1.17828,1.17828,1.17814,1.17819,47,2,0
2026-04-16 23:55:00,1.17819,1.1782,1.1780599999999999,1.17808,67,2,0
2026-04-17 00:00:00,1.17809,1.17809,1.17771,1.17784,142,2,0
2026-04-17 00:05:00,1.17784,1.17786,1.17769,1.17782,102,2,0
2026-04-17 00:10:00,1.17782,1.17803,1.1778,1.17781,122,2,0
2026-04-17 00:15:00,1.17781,1.17811,1.17776,1.1781,73,2,0
2026-04-17 00:20:00,1.1781,1.17819,1.17804,1.1780599999999999,120,2,0
2026-04-17 00:25:00,1.1780599999999999,1.17815,1.1780599999999999,1.1781,118,2,0
2026-04-17 00:30:00,1.1781,1.1783,1.17807,1.17822,134,2,0
2026-04-17 00:35:00,1.17822,1.17822,1.17804,1.17816,135,2,0
2026-04-17 00:40:00,1.17816,1.17822,1.17811,1.1782,78,2,0
2026-04-17 00:45:00,1.1782,1.17826,1.17811,1.17816,99,2,0
2026-04-17 00:50:00,1.17816,1.17818,1.17788,1.17792,189,2,0
2026-04-17 00:55:00,1.17792,1.178,1.17786,1.1779,176,2,0
2026-04-17 01:00:00,1.1779,1.17797,1.17764,1.17765,215,2,0
2026-04-17 01:05:00,1.17765,1.17774,1.17747,1.1775,160,2,0
2026-04-17 01:10:00,1.1775,1.17775,1.1774499999999999,1.1777,225,2,0
2026-04-17 01:15:00,1.1777,1.17785,1.17769,1.17777,113,2,0
2026-04-17 01:20:00,1.17777,1.17779,1.17754,1.17764,94,2,0
2026-04-17 01:25:00,1.17764,1.17767,1.17744,1.17754,153,2,0
2026-04-17 01:30:00,1.17754,1.17773,1.17747,1.17757,150,2,0
2026-04-17 01:35:00,1.17757,1.17769,1.17754,1.17758,91,2,0
2026-04-17 01:40:00,1.17758,1.17766,1.17749,1.17766,87,2,0
2026-04-17 01:45:00,1.17766,1.17778,1.17764,1.17768,100,2,0
2026-04-17 01:50:00,1.17768,1.17773,1.17759,1.17764,91,2,0
2026-04-17 01:55:00,1.17764,1.17767,1.17752,1.17759,145,2,0
2026-04-17 02:00:00,1.17759,1.17764,1.17754,1.17758,85,2,0
2026-04-17 02:05:00,1.17758,1.17764,1.17744,1.1774499999999999,91,2,0
2026-04-17 02:10:00,1.1774499999999999,1.1774499999999999,1.1773,1.17743,91,2,0
2026-04-17 02:15:00,1.17743,1.17758,1.17739,1.1775,107,2,0
2026-04-17 02:20:00,1.1775,1.17754,1.1774499999999999,1.1775,49,2,0
2026-04-17 02:25:00,1.1775,1.17761,1.17749,1.17755,77,2,0
2026-04-17 02:30:00,1.17755,1.17757,1.17749,1.17756,60,2,0
2026-04-17 02:35:00,1.17756,1.1777,1.17754,1.17768,81,2,0
2026-04-17 02:40:00,1.17768,1.1777199999999999,1.17756,1.17758,63,2,0
2026-04-17 02:45:00,1.17758,1.17765,1.17754,1.1776,52,2,0
2026-04-17 02:50:00,1.1776,1.17767,1.17758,1.17764,40,2,0
2026-04-17 02:55:00,1.17764,1.17776,1.17764,1.1777,79,2,0
2026-04-17 03:00:00,1.1777,1.17782,1.17769,1.17775,97,2,0
2026-04-17 03:05:00,1.17775,1.1779,1.17775,1.17782,74,2,0
2026-04-17 03:10:00,1.17782,1.17785,1.17771,1.17775,66,2,0
2026-04-17 03:15:00,1.17775,1.17776,1.17755,1.1776,64,2,0
2026-04-17 03:20:00,1.1776,1.17769,1.17754,1.17765,57,2,0
2026-04-17 03:25:00,1.17765,1.17769,1.17753,1.17758,60,2,0
2026-04-17 03:30:00,1.17758,1.17765,1.17756,1.17765,44,2,0
2026-04-17 03:35:00,1.17765,1.17782,1.17763,1.17782,30,2,0
2026-04-17 03:40:00,1.17781,1.1781,1.17781,1.17802,69,2,0
2026-04-17 03:45:00,1.17802,1.17832,1.17801,1.17832,56,2,0
2026-04-17 03:50:00,1.17832,1.17838,1.17827,1.17837,38,2,0
2026-04-17 03:55:00,1.17837,1.17851,1.17832,1.17832,52,2,0
2026-04-17 04:00:00,1.17832,1.1784,1.17831,1.17836,80,2,0
2026-04-17 04:05:00,1.17836,1.17841,1.17825,1.17831,51,2,0
2026-04-17 04:10:00,1.17831,1.17836,1.17829,1.17835,20,2,0
2026-04-17 04:15:00,1.17835,1.17836,1.17814,1.17829,104,2,0
2026-04-17 04:20:00,1.17829,1.17831,1.17819,1.17829,77,2,0
2026-04-17 04:25:00,1.17829,1.17836,1.17822,1.17825,103,2,0
2026-04-17 04:30:00,1.17825,1.17825,1.17814,1.17816,69,2,0
2026-04-17 04:35:00,1.17816,1.17826,1.17815,1.1782,65,2,0
2026-04-17 04:40:00,1.1782,1.17836,1.17815,1.1783,48,2,0
2026-04-17 04:45:00,1.1783,1.17832,1.17823,1.1783,60,2,0
2026-04-17 04:50:00,1.1783,1.17841,1.1783,1.17832,50,2,0
2026-04-17 04:55:00,1.17832,1.1783299999999999,1.1782,1.17825,60,2,0
2026-04-17 05:00:00,1.17825,1.17832,1.17797,1.17816,207,2,0
2026-04-17 05:05:00,1.17816,1.17831,1.17812,1.17821,132,2,0
2026-04-17 05:10:00,1.17821,1.17824,1.17814,1.17819,105,2,0
2026-04-17 05:15:00,1.17819,1.17826,1.17813,1.17821,74,2,0
2026-04-17 05:20:00,1.17821,1.1783,1.17814,1.17827,116,2,0
2026-04-17 05:25:00,1.17827,1.17843,1.17825,1.17841,114,2,0
2026-04-17 05:30:00,1.17841,1.17844,1.17804,1.17818,137,2,0
2026-04-17 05:35:00,1.17818,1.17835,1.17815,1.17822,88,2,0
2026-04-17 05:40:00,1.17822,1.17835,1.17819,1.17819,67,2,0
2026-04-17 05:45:00,1.17819,1.17825,1.17814,1.17821,71,2,0
2026-04-17 05:50:00,1.17821,1.17827,1.17821,1.17824,56,2,0
2026-04-17 05:55:00,1.17824,1.17834,1.17805,1.17805,162,2,0
2026-04-17 06:00:00,1.17805,1.17822,1.17791,1.1781,253,2,0
2026-04-17 06:05:00,1.1781,1.17831,1.1777199999999999,1.17785,264,2,0
2026-04-17 06:10:00,1.17785,1.17801,1.17774,1.1778,208,2,0
2026-04-17 06:15:00,1.1778,1.17786,1.17754,1.1776,216,2,0
2026-04-17 06:20:00,1.1776,1.17785,1.1776,1.17779,176,2,0
2026-04-17 06:25:00,1.17779,1.1778,1.1775,1.17751,152,2,0
2026-04-17 06:30:00,1.17753,1.17758,1.1773500000000001,1.17746,213,2,0
2026-04-17 06:35:00,1.17746,1.17746,1.17721,1.17737,180,2,0
2026-04-17 06:40:00,1.17737,1.17741,1.17726,1.17731,210,2,0
2026-04-17 06:45:00,1.17731,1.17764,1.17728,1.17763,134,2,0
2026-04-17 06:50:00,1.17763,1.17782,1.17763,1.17764,83,2,0
2026-04-17 06:55:00,1.17764,1.17766,1.17744,1.17748,218,2,0
2026-04-17 07:00:00,1.17749,1.17791,1.17749,1.17774,345,2,0
2026-04-17 07:05:00,1.17774,1.17804,1.17769,1.17784,231,2,0
2026-04-17 07:10:00,1.17784,1.17789,1.17759,1.17779,312,2,0
2026-04-17 07:15:00,1.17779,1.17785,1.1775,1.17784,235,2,0
2026-04-17 07:20:00,1.17784,1.17794,1.1776,1.17791,192,2,0
2026-04-17 07:25:00,1.17791,1.1782,1.1779,1.178,178,2,0
2026-04-17 07:30:00,1.178,1.17812,1.17794,1.17801,167,2,0
2026-04-17 07:35:00,1.17801,1.17801,1.17776,1.1779,209,2,0
2026-04-17 07:40:00,1.1779,1.178,1.17767,1.178,226,2,0
2026-04-17 07:45:00,1.178,1.17817,1.17795,1.17803,168,2,0
2026-04-17 07:50:00,1.17803,1.17816,1.17797,1.17816,179,2,0
2026-04-17 07:55:00,1.17816,1.1783,1.17807,1.17822,291,2,0
2026-04-17 08:00:00,1.17822,1.17842,1.17816,1.1783,236,2,0
2026-04-17 08:05:00,1.1783,1.17834,1.1782,1.1782,175,2,0
2026-04-17 08:10:00,1.1782,1.17841,1.17812,1.17824,166,2,0
2026-04-17 08:15:00,1.17824,1.17835,1.17815,1.17834,150,2,0
2026-04-17 08:20:00,1.17834,1.17836,1.17807,1.17822,208,2,0
2026-04-17 08:25:00,1.17822,1.17839,1.17814,1.17837,149,2,0
2026-04-17 08:30:00,1.17837,1.17849,1.17836,1.17844,140,2,0
2026-04-17 08:35:00,1.17843,1.17849,1.17824,1.1784,111,2,0
2026-04-17 08:40:00,1.1784,1.17913,1.17839,1.17912,170,2,0
2026-04-17 08:45:00,1.17912,1.17926,1.179,1.17919,115,2,0
2026-04-17 08:50:00,1.17919,1.17935,1.17917,1.17935,146,2,0
2026-04-17 08:55:00,1.17935,1.1795499999999999,1.17923,1.17937,209,2,0
2026-04-17 09:00:00,1.17939,1.17965,1.17939,1.1795,185,2,0
2026-04-17 09:05:00,1.1795,1.1796,1.1793,1.17931,217,2,0
2026-04-17 09:10:00,1.17931,1.17936,1.17911,1.17914,183,2,0
2026-04-17 09:15:00,1.17914,1.17929,1.17914,1.17929,150,2,0
2026-04-17 09:20:00,1.17929,1.17971,1.17929,1.1797,152,2,0
2026-04-17 09:25:00,1.1797,1.17992,1.17966,1.17985,147,2,0
2026-04-17 09:30:00,1.17985,1.17985,1.17957,1.17967,179,2,0
2026-04-17 09:35:00,1.17967,1.17973,1.17938,1.17945,131,2,0
2026-04-17 09:40:00,1.17945,1.17963,1.17934,1.17938,115,2,0
2026-04-17 09:45:00,1.17938,1.17938,1.17908,1.17934,207,2,0
2026-04-17 09:50:00,1.17934,1.17947,1.17926,1.1794,207,2,0
2026-04-17 09:55:00,1.1794,1.17943,1.17927,1.17933,163,2,0
2026-04-17 10:00:00,1.17933,1.17933,1.17912,1.17914,181,2,0
2026-04-17 10:05:00,1.17914,1.1794,1.17913,1.17934,118,2,0
2026-04-17 10:10:00,1.17934,1.17944,1.17923,1.17942,167,2,0
2026-04-17 10:15:00,1.17942,1.17959,1.17941,1.1795,136,2,0
2026-04-17 10:20:00,1.1795,1.1795499999999999,1.17939,1.17948,120,2,0
2026-04-17 10:25:00,1.17948,1.17951,1.17937,1.17939,104,2,0
2026-04-17 10:30:00,1.17939,1.17943,1.1791800000000001,1.17919,143,2,0
2026-04-17 10:35:00,1.17919,1.17958,1.1791800000000001,1.1795,101,2,0
2026-04-17 10:40:00,1.1795,1.1795,1.17929,1.17936,149,2,0
2026-04-17 10:45:00,1.17936,1.17951,1.17933,1.17939,75,2,0
2026-04-17 10:50:00,1.17939,1.17957,1.17924,1.17945,136,2,0
2026-04-17 10:55:00,1.17945,1.1795,1.17931,1.17944,169,2,0
2026-04-17 11:00:00,1.17944,1.1795200000000001,1.17924,1.17934,163,2,0
2026-04-17 11:05:00,1.17934,1.1795200000000001,1.17921,1.17951,89,2,0
2026-04-17 11:10:00,1.17951,1.17967,1.1795,1.17959,94,2,0
2026-04-17 11:15:00,1.17959,1.17982,1.1795200000000001,1.17974,134,2,0
2026-04-17 11:20:00,1.17974,1.17986,1.17965,1.17976,116,2,0
2026-04-17 11:25:00,1.17976,1.17983,1.17962,1.1797,120,2,0
2026-04-17 11:30:00,1.1797,1.17976,1.1796,1.17969,151,2,0
2026-04-17 11:35:00,1.17969,1.1798,1.17959,1.17959,134,2,0
2026-04-17 11:40:00,1.17959,1.17978,1.17946,1.17975,133,2,0
2026-04-17 11:45:00,1.17975,1.17993,1.17972,1.17974,205,2,0
2026-04-17 11:50:00,1.17974,1.17975,1.17946,1.17946,159,2,0
2026-04-17 11:55:00,1.17946,1.17948,1.17919,1.17936,339,2,0
2026-04-17 12:00:00,1.17936,1.17984,1.17933,1.17981,254,2,0
2026-04-17 12:05:00,1.17981,1.18005,1.17963,1.17964,245,2,0
2026-04-17 12:10:00,1.17964,1.17985,1.1795,1.17984,147,2,0
2026-04-17 12:15:00,1.17984,1.18004,1.17972,1.18004,136,2,0
2026-04-17 12:20:00,1.18004,1.18015,1.17969,1.18015,321,2,0
2026-04-17 12:25:00,1.18015,1.1809,1.18004,1.18047,801,2,0
2026-04-17 12:30:00,1.18047,1.18094,1.18039,1.18086,388,2,0
2026-04-17 12:35:00,1.18086,1.1813,1.18085,1.18103,379,2,0
2026-04-17 12:40:00,1.18103,1.18104,1.1806,1.18065,322,2,0
2026-04-17 12:45:00,1.18065,1.18306,1.18062,1.18306,1485,2,0
2026-04-17 12:50:00,1.18306,1.18373,1.18247,1.1829,1863,2,0
2026-04-17 12:55:00,1.1829,1.18358,1.18258,1.18352,1018,2,0
2026-04-17 13:00:00,1.18352,1.18444,1.18303,1.18407,1125,2,0
2026-04-17 13:05:00,1.18407,1.18486,1.1838899999999999,1.18482,783,2,0
2026-04-17 13:10:00,1.18482,1.18491,1.18435,1.1847,873,2,0
2026-04-17 13:15:00,1.1847,1.1847,1.18396,1.18452,893,2,0
2026-04-17 13:20:00,1.18452,1.18459,1.18369,1.18411,876,2,0
2026-04-17 13:25:00,1.18411,1.18412,1.18299,1.18343,1369,2,0
2026-04-17 13:30:00,1.18344,1.18378,1.18308,1.18357,1098,2,0
2026-04-17 13:35:00,1.18357,1.18432,1.18352,1.18425,810,2,0
2026-04-17 13:40:00,1.18425,1.18426,1.1834500000000001,1.1835499999999999,997,2,0
2026-04-17 13:45:00,1.1835499999999999,1.18366,1.18241,1.18282,1274,2,0
2026-04-17 13:50:00,1.18281,1.18342,1.1826699999999999,1.18333,564,2,0
2026-04-17 13:55:00,1.18334,1.18372,1.18321,1.18336,668,2,0
2026-04-17 14:00:00,1.18336,1.18359,1.183,1.18344,774,2,0
2026-04-17 14:05:00,1.18344,1.18344,1.18251,1.18252,665,2,0
2026-04-17 14:10:00,1.18252,1.18268,1.18195,1.1820599999999999,689,2,0
2026-04-17 14:15:00,1.1820599999999999,1.1826,1.18202,1.18251,562,2,0
2026-04-17 14:20:00,1.18252,1.18302,1.18212,1.18297,688,2,0
2026-04-17 14:25:00,1.18297,1.18323,1.18256,1.18266,531,2,0
2026-04-17 14:30:00,1.18266,1.1832,1.18261,1.18281,555,2,0
2026-04-17 14:35:00,1.18281,1.18281,1.18175,1.1819,760,2,0
2026-04-17 14:40:00,1.18187,1.18286,1.18186,1.18254,820,2,0
2026-04-17 14:45:00,1.18254,1.18268,1.18209,1.1821,687,2,0
2026-04-17 14:50:00,1.18211,1.18216,1.18132,1.1813500000000001,752,2,0
2026-04-17 14:55:00,1.18133,1.18181,1.18131,1.18136,478,2,0
2026-04-17 15:00:00,1.18136,1.18164,1.1807699999999999,1.18127,872,2,0
2026-04-17 15:05:00,1.18127,1.18143,1.18098,1.18143,665,2,0
2026-04-17 15:10:00,1.18143,1.18153,1.18106,1.18113,652,2,0
2026-04-17 15:15:00,1.18113,1.18141,1.1806,1.18076,649,2,0
2026-04-17 15:20:00,1.18076,1.18079,1.18034,1.18048,681,2,0
2026-04-17 15:25:00,1.18048,1.18054,1.18001,1.1804000000000001,590,2,0
2026-04-17 15:30:00,1.1804000000000001,1.18103,1.18034,1.181,420,2,0
2026-04-17 15:35:00,1.181,1.181,1.1804000000000001,1.18061,371,2,0
2026-04-17 15:40:00,1.18061,1.18078,1.17997,1.18011,513,2,0
2026-04-17 15:45:00,1.18011,1.18049,1.18003,1.18037,594,2,0
2026-04-17 15:50:00,1.18037,1.18066,1.18029,1.18056,418,2,0
2026-04-17 15:55:00,1.18056,1.18063,1.18001,1.18006,360,2,0
2026-04-17 16:00:00,1.18006,1.18006,1.17953,1.17981,656,2,0
2026-04-17 16:05:00,1.17981,1.17985,1.17935,1.17956,414,2,0
2026-04-17 16:10:00,1.17956,1.17998,1.17919,1.17994,376,2,0
2026-04-17 16:15:00,1.17994,1.18024,1.1799,1.18024,230,2,0
2026-04-17 16:20:00,1.18024,1.18046,1.18014,1.18015,205,2,0
2026-04-17 16:25:00,1.18015,1.18023,1.17982,1.17985,205,2,0
2026-04-17 16:30:00,1.17985,1.18003,1.17977,1.18003,172,2,0
2026-04-17 16:35:00,1.18003,1.1801,1.17993,1.17993,115,2,0
2026-04-17 16:40:00,1.17993,1.1801300000000001,1.17993,1.18008,159,2,0
2026-04-17 16:45:00,1.18008,1.18018,1.17993,1.18017,179,2,0
2026-04-17 16:50:00,1.18017,1.18019,1.17991,1.17992,145,2,0
2026-04-17 16:55:00,1.17992,1.18005,1.17977,1.17987,227,2,0
2026-04-17 17:00:00,1.17987,1.17987,1.17931,1.17949,376,2,0
2026-04-17 17:05:00,1.17949,1.17963,1.17848,1.17899,592,2,0
2026-04-17 17:10:00,1.17899,1.17907,1.17856,1.17895,606,2,0
2026-04-17 17:15:00,1.17895,1.17957,1.17895,1.17939,254,2,0
2026-04-17 17:20:00,1.17939,1.17943,1.17865,1.1788,635,2,0
2026-04-17 17:25:00,1.1788,1.17901,1.17871,1.17893,769,2,0
2026-04-17 17:30:00,1.17893,1.17922,1.17892,1.17908,323,2,0
2026-04-17 17:35:00,1.17908,1.17908,1.17886,1.17901,295,2,0
2026-04-17 17:40:00,1.17902,1.1791800000000001,1.17886,1.17889,247,2,0
2026-04-17 17:45:00,1.17889,1.17934,1.17888,1.17932,186,2,0
2026-04-17 17:50:00,1.17932,1.17944,1.1792,1.17937,114,2,0
2026-04-17 17:55:00,1.17937,1.17959,1.17937,1.17953,132,2,0
2026-04-17 18:00:00,1.17953,1.17959,1.17933,1.17939,133,2,0
2026-04-17 18:05:00,1.17939,1.17957,1.17936,1.17937,123,2,0
2026-04-17 18:10:00,1.17937,1.17937,1.17892,1.17895,202,2,0
2026-04-17 18:15:00,1.17895,1.17917,1.17895,1.17909,211,2,0
2026-04-17 18:20:00,1.17909,1.1795200000000001,1.17899,1.1795200000000001,228,2,0
2026-04-17 18:25:00,1.1795200000000001,1.17977,1.17912,1.17912,284,2,0
2026-04-17 18:30:00,1.17912,1.17935,1.17912,1.1791800000000001,230,2,0
2026-04-17 18:35:00,1.1791800000000001,1.1791800000000001,1.17898,1.17902,151,2,0
2026-04-17 18:40:00,1.17902,1.17902,1.17842,1.17866,394,2,0
2026-04-17 18:45:00,1.17866,1.17871,1.17817,1.17817,408,2,0
2026-04-17 18:50:00,1.17817,1.17821,1.17741,1.17758,615,2,0
2026-04-17 18:55:00,1.17756,1.17808,1.1774499999999999,1.17798,314,2,0
2026-04-17 19:00:00,1.17798,1.1781,1.1778,1.17809,351,2,0
2026-04-17 19:05:00,1.17809,1.17828,1.17798,1.17828,220,2,0
2026-04-17 19:10:00,1.17828,1.17836,1.17803,1.17828,163,2,0
2026-04-17 19:15:00,1.17829,1.17837,1.17815,1.17826,105,2,0
2026-04-17 19:20:00,1.17826,1.1783299999999999,1.17761,1.17768,252,2,0
2026-04-17 19:25:00,1.17768,1.17775,1.17751,1.17754,192,2,0
2026-04-17 19:30:00,1.17754,1.17764,1.17739,1.17739,182,2,0
2026-04-17 19:35:00,1.17739,1.17749,1.17697,1.17706,222,2,0
2026-04-17 19:40:00,1.17706,1.1771099999999999,1.1769,1.17707,232,2,0
2026-04-17 19:45:00,1.17707,1.17717,1.17693,1.1771099999999999,159,2,0
2026-04-17 19:50:00,1.1771099999999999,1.17715,1.17673,1.17673,170,2,0
2026-04-17 19:55:00,1.17673,1.1771099999999999,1.17669,1.17688,297,2,0
2026-04-17 20:00:00,1.17688,1.17693,1.17667,1.17667,120,2,0
2026-04-17 20:05:00,1.17667,1.17689,1.17666,1.1768399999999999,81,2,0
2026-04-17 20:10:00,1.1768399999999999,1.17713,1.1768399999999999,1.1771099999999999,99,2,0
2026-04-17 20:15:00,1.1771099999999999,1.17717,1.17697,1.17699,81,2,0
2026-04-17 20:20:00,1.17699,1.17708,1.17677,1.17708,90,2,0
2026-04-17 20:25:00,1.17708,1.17708,1.17642,1.17642,179,2,0
2026-04-17 20:30:00,1.17642,1.17685,1.17642,1.17675,169,2,0
2026-04-17 20:35:00,1.17675,1.1769,1.17668,1.17681,193,3,0
2026-04-17 20:40:00,1.17681,1.1768399999999999,1.17661,1.17661,198,2,0
2026-04-17 20:45:00,1.17661,1.17675,1.17634,1.17634,169,2,0
2026-04-17 20:50:00,1.17634,1.1764000000000001,1.176,1.17629,407,2,0
2026-04-19 21:10:00,1.17389,1.1740599999999999,1.17375,1.17375,17,31,0
2026-04-19 21:15:00,1.17375,1.17385,1.17373,1.17383,57,55,0
2026-04-19 21:20:00,1.17383,1.17385,1.1738,1.17383,27,53,0
2026-04-19 21:25:00,1.17383,1.17389,1.17383,1.17389,21,42,0
2026-04-19 21:30:00,1.17389,1.17389,1.17363,1.17365,40,19,0
2026-04-19 21:35:00,1.17364,1.17365,1.17283,1.1730800000000001,64,21,0
2026-04-19 21:40:00,1.1730800000000001,1.17312,1.17295,1.17311,51,55,0
2026-04-19 21:45:00,1.17311,1.17341,1.1731,1.17337,64,26,0
2026-04-19 21:50:00,1.17337,1.17337,1.17327,1.17328,30,11,0
2026-04-19 21:55:00,1.17329,1.1733,1.17296,1.17302,80,11,0
2026-04-19 22:00:00,1.17302,1.17342,1.17282,1.17299,378,2,0
2026-04-19 22:05:00,1.17301,1.1739,1.17299,1.17371,388,2,0
2026-04-19 22:10:00,1.17371,1.17394,1.1735,1.1735,310,4,0
2026-04-19 22:15:00,1.1735,1.1736900000000001,1.17319,1.17327,373,2,0
2026-04-19 22:20:00,1.17327,1.1735,1.17296,1.17316,317,2,0
2026-04-19 22:25:00,1.17316,1.17343,1.17291,1.17314,363,2,0
2026-04-19 22:30:00,1.17314,1.17372,1.17314,1.17367,338,2,0
2026-04-19 22:35:00,1.17367,1.17378,1.17359,1.17371,184,2,0
2026-04-19 22:40:00,1.17371,1.17377,1.17367,1.17371,66,2,0
2026-04-19 22:45:00,1.17371,1.17382,1.17371,1.1738,75,3,0
2026-04-19 22:50:00,1.1738,1.17389,1.17372,1.17382,74,2,0
2026-04-19 22:55:00,1.17382,1.17399,1.17382,1.17397,69,3,0
2026-04-19 23:00:00,1.17397,1.17423,1.1739600000000001,1.17423,122,2,0
2026-04-19 23:05:00,1.17423,1.17434,1.17414,1.17422,95,2,0
2026-04-19 23:10:00,1.17422,1.17444,1.17422,1.17443,79,2,0
2026-04-19 23:15:00,1.17443,1.17453,1.17428,1.17442,103,2,0
2026-04-19 23:20:00,1.17442,1.17444,1.17421,1.17422,78,2,0
2026-04-19 23:25:00,1.17422,1.17427,1.17416,1.17417,100,2,0
2026-04-19 23:30:00,1.17417,1.17452,1.17417,1.17452,99,2,0
2026-04-19 23:35:00,1.17452,1.17452,1.17417,1.17422,109,2,0
2026-04-19 23:40:00,1.17422,1.17422,1.17389,1.17403,324,2,0
2026-04-19 23:45:00,1.17404,1.1740599999999999,1.17373,1.1739,230,2,0
2026-04-19 23:50:00,1.1739,1.1739,1.17363,1.17384,306,2,0
2026-04-19 23:55:00,1.17384,1.17398,1.1738,1.17387,94,2,0
2026-04-20 00:00:00,1.17387,1.17481,1.1737,1.17475,396,2,0
2026-04-20 00:05:00,1.17475,1.17502,1.17458,1.17499,212,2,0
2026-04-20 00:10:00,1.17499,1.17509,1.17468,1.17488,243,2,0
2026-04-20 00:15:00,1.17488,1.17532,1.17486,1.17529,310,2,0
2026-04-20 00:20:00,1.17529,1.17539,1.1752,1.17536,221,2,0
2026-04-20 00:25:00,1.17537,1.17546,1.17531,1.17543,177,2,0
2026-04-20 00:30:00,1.17544,1.17567,1.17535,1.17558,186,2,0
2026-04-20 00:35:00,1.17558,1.17558,1.17532,1.17536,200,2,0
2026-04-20 00:40:00,1.17536,1.1756199999999999,1.17534,1.1756199999999999,109,2,0
2026-04-20 00:45:00,1.1756199999999999,1.17569,1.17546,1.17549,149,2,0
2026-04-20 00:50:00,1.17548,1.17555,1.17524,1.17543,269,2,0
2026-04-20 00:55:00,1.17542,1.17555,1.17529,1.17544,220,2,0
2026-04-20 01:00:00,1.17544,1.17565,1.17535,1.1756,416,2,0
2026-04-20 01:05:00,1.1756,1.1756,1.17526,1.17545,253,2,0
2026-04-20 01:10:00,1.17545,1.1755,1.17527,1.17535,214,2,0
2026-04-20 01:15:00,1.17535,1.17538,1.17509,1.17523,206,2,0
2026-04-20 01:20:00,1.17523,1.1753,1.17515,1.1752,158,2,0
2026-04-20 01:25:00,1.1752,1.17524,1.17505,1.17514,172,2,0
2026-04-20 01:30:00,1.17514,1.17574,1.17513,1.17564,230,2,0
2026-04-20 01:35:00,1.17564,1.17595,1.17548,1.17592,271,2,0
2026-04-20 01:40:00,1.17592,1.17592,1.17572,1.17576,217,2,0
2026-04-20 01:45:00,1.17576,1.17592,1.17575,1.17591,83,2,0
2026-04-20 01:50:00,1.17591,1.17599,1.17575,1.17576,172,2,0
2026-04-20 01:55:00,1.17576,1.17593,1.17564,1.17568,227,2,0
2026-04-20 02:00:00,1.17568,1.17584,1.17556,1.1757,184,2,0
2026-04-20 02:05:00,1.17569,1.17586,1.17568,1.1758,93,2,0
2026-04-20 02:10:00,1.1758,1.17588,1.17575,1.17581,118,2,0
2026-04-20 02:15:00,1.17581,1.17596,1.17578,1.17595,86,2,0
2026-04-20 02:20:00,1.17595,1.17597,1.17585,1.17597,62,2,0
2026-04-20 02:25:00,1.17596,1.17601,1.17592,1.17601,79,2,0
2026-04-20 02:30:00,1.17601,1.17615,1.17601,1.17608,142,2,0
2026-04-20 02:35:00,1.17608,1.17608,1.17576,1.1757900000000001,126,2,0
2026-04-20 02:40:00,1.1757900000000001,1.17586,1.17574,1.17581,79,2,0
2026-04-20 02:45:00,1.17581,1.17585,1.17559,1.17561,115,2,0
2026-04-20 02:50:00,1.17561,1.17567,1.17549,1.17551,98,2,0
2026-04-20 02:55:00,1.17551,1.17568,1.17544,1.17567,110,2,0
2026-04-20 03:00:00,1.17567,1.17574,1.17559,1.1756,154,2,0
2026-04-20 03:05:00,1.1756,1.17576,1.1756,1.17567,101,2,0
2026-04-20 03:10:00,1.17567,1.17567,1.17546,1.17564,120,2,0
2026-04-20 03:15:00,1.17564,1.17567,1.17555,1.17555,58,2,0
2026-04-20 03:20:00,1.17555,1.17584,1.17555,1.17577,65,2,0
2026-04-20 03:25:00,1.17577,1.17595,1.17576,1.17592,60,2,0
2026-04-20 03:30:00,1.17592,1.17597,1.17587,1.17592,135,2,0
2026-04-20 03:35:00,1.17592,1.17607,1.17592,1.17604,58,2,0
2026-04-20 03:40:00,1.17604,1.17624,1.17604,1.17611,46,2,0
2026-04-20 03:45:00,1.17611,1.17612,1.17593,1.1761,80,2,0
2026-04-20 03:50:00,1.1761,1.1761300000000001,1.17601,1.17607,52,2,0
2026-04-20 03:55:00,1.17607,1.17609,1.176,1.17601,63,2,0
2026-04-20 04:00:00,1.17601,1.17605,1.17593,1.17605,62,2,0
2026-04-20 04:05:00,1.17605,1.17619,1.17604,1.17617,79,2,0
2026-04-20 04:10:00,1.17617,1.17619,1.17602,1.17602,40,2,0
2026-04-20 04:15:00,1.17602,1.17602,1.17587,1.17593,86,2,0
2026-04-20 04:20:00,1.17593,1.17593,1.1758,1.17581,86,2,0
2026-04-20 04:25:00,1.17581,1.17585,1.17571,1.17581,76,2,0
2026-04-20 04:30:00,1.17581,1.17585,1.17568,1.17571,70,2,0
2026-04-20 04:35:00,1.17571,1.1758,1.17563,1.17578,83,2,0
2026-04-20 04:40:00,1.17578,1.17581,1.17561,1.1758,62,2,0
2026-04-20 04:45:00,1.1758,1.17608,1.1758,1.17606,80,2,0
2026-04-20 04:50:00,1.17605,1.17608,1.17582,1.17582,87,2,0
2026-04-20 04:55:00,1.17582,1.17593,1.17578,1.17591,78,2,0
2026-04-20 05:00:00,1.17591,1.17606,1.17581,1.17603,102,2,0
2026-04-20 05:05:00,1.17603,1.17603,1.17585,1.17586,85,2,0
2026-04-20 05:10:00,1.17586,1.17586,1.17571,1.17574,83,2,0
2026-04-20 05:15:00,1.17574,1.17587,1.17571,1.17578,78,2,0
2026-04-20 05:20:00,1.17578,1.17582,1.1756199999999999,1.17565,93,2,0
2026-04-20 05:25:00,1.17565,1.17566,1.17538,1.17542,177,2,0
2026-04-20 05:30:00,1.17541,1.17546,1.17513,1.17522,367,2,0
2026-04-20 05:35:00,1.17522,1.17532,1.175,1.175,244,2,0
2026-04-20 05:40:00,1.175,1.17503,1.1747,1.17472,215,2,0
2026-04-20 05:45:00,1.17472,1.17512,1.17472,1.1750099999999999,218,2,0
2026-04-20 05:50:00,1.1750099999999999,1.1753,1.17486,1.1752799999999999,188,2,0
2026-04-20 05:55:00,1.1752799999999999,1.17546,1.17527,1.17532,204,2,0
2026-04-20 06:00:00,1.17532,1.17542,1.17516,1.1753,454,2,0
2026-04-20 06:05:00,1.1753,1.17543,1.17502,1.17522,230,2,0
2026-04-20 06:10:00,1.17522,1.17531,1.17499,1.17507,342,2,0
2026-04-20 06:15:00,1.17507,1.17508,1.17486,1.17502,270,2,0
2026-04-20 06:20:00,1.17502,1.17512,1.17485,1.17488,340,2,0
2026-04-20 06:25:00,1.17488,1.17503,1.17474,1.1750099999999999,224,2,0
2026-04-20 06:30:00,1.17504,1.17569,1.17504,1.17522,325,2,0
2026-04-20 06:35:00,1.17522,1.17575,1.17515,1.17575,270,2,0
2026-04-20 06:40:00,1.17575,1.17622,1.17561,1.17622,237,2,0
2026-04-20 06:45:00,1.17622,1.17628,1.17594,1.1762299999999999,304,2,0
2026-04-20 06:50:00,1.1762299999999999,1.1762299999999999,1.17574,1.17591,310,2,0
2026-04-20 06:55:00,1.17591,1.17656,1.17584,1.17648,755,2,0
2026-04-20 07:00:00,1.17648,1.1767400000000001,1.17621,1.17635,628,2,0
2026-04-20 07:05:00,1.17635,1.1767,1.1763,1.1766,343,2,0
2026-04-20 07:10:00,1.17661,1.17681,1.17639,1.1767,334,2,0
2026-04-20 07:15:00,1.17668,1.17687,1.17645,1.17669,319,2,0
2026-04-20 07:20:00,1.17669,1.17718,1.17665,1.17698,349,2,0
2026-04-20 07:25:00,1.17698,1.1771099999999999,1.17662,1.17663,253,2,0
2026-04-20 07:30:00,1.17663,1.17666,1.17607,1.17638,670,2,0
2026-04-20 07:35:00,1.17638,1.17647,1.17612,1.17624,437,2,0
2026-04-20 07:40:00,1.17624,1.17632,1.17604,1.1762299999999999,195,2,0
2026-04-20 07:45:00,1.1762299999999999,1.17624,1.17568,1.1757,301,2,0
2026-04-20 07:50:00,1.1757,1.17574,1.17542,1.17549,246,2,0
2026-04-20 07:55:00,1.17549,1.17596,1.17536,1.17592,235,2,0
2026-04-20 08:00:00,1.17592,1.17614,1.17567,1.1761,328,2,0
2026-04-20 08:05:00,1.1761,1.17635,1.1758899999999999,1.17599,263,2,0
2026-04-20 08:10:00,1.17599,1.17624,1.17592,1.17609,217,2,0
2026-04-20 08:15:00,1.17609,1.17615,1.17583,1.1759,266,2,0
2026-04-20 08:20:00,1.1759,1.1762299999999999,1.17576,1.17584,284,2,0
2026-04-20 08:25:00,1.17584,1.17619,1.17572,1.17615,272,2,0
2026-04-20 08:30:00,1.17615,1.17627,1.17595,1.17609,255,2,0
2026-04-20 08:35:00,1.17609,1.1761,1.17593,1.17606,142,2,0
2026-04-20 08:40:00,1.17606,1.17624,1.17595,1.17618,139,2,0
2026-04-20 08:45:00,1.17618,1.17626,1.1761,1.1762,115,2,0
2026-04-20 08:50:00,1.1762,1.1763,1.17583,1.176,166,2,0
2026-04-20 08:55:00,1.176,1.17647,1.1758899999999999,1.1761,428,2,0
2026-04-20 09:00:00,1.1761,1.17644,1.17608,1.17644,305,2,0
2026-04-20 09:05:00,1.17644,1.17648,1.1761,1.17618,245,2,0
2026-04-20 09:10:00,1.17618,1.17646,1.17607,1.17631,151,2,0
2026-04-20 09:15:00,1.17631,1.17631,1.17602,1.17609,228,2,0
2026-04-20 09:20:00,1.17609,1.17633,1.17581,1.17599,201,2,0
2026-04-20 09:25:00,1.17599,1.17602,1.17551,1.17555,179,2,0
2026-04-20 09:30:00,1.17555,1.17603,1.17555,1.17601,152,2,0
2026-04-20 09:35:00,1.17601,1.17621,1.17591,1.17601,102,2,0
2026-04-20 09:40:00,1.17601,1.1762299999999999,1.17596,1.17615,162,2,0
2026-04-20 09:45:00,1.17615,1.17636,1.17605,1.17634,119,2,0
2026-04-20 09:50:00,1.17634,1.17652,1.17626,1.17632,106,2,0
2026-04-20 09:55:00,1.17632,1.17655,1.17629,1.17652,158,2,0
2026-04-20 10:00:00,1.17652,1.1767,1.17643,1.17666,150,2,0
2026-04-20 10:05:00,1.17666,1.17685,1.17658,1.17682,122,2,0
2026-04-20 10:10:00,1.17682,1.17692,1.17648,1.17661,188,2,0
2026-04-20 10:15:00,1.17661,1.17677,1.17655,1.17658,125,2,0
2026-04-20 10:20:00,1.17658,1.17665,1.17635,1.17637,193,2,0
2026-04-20 10:25:00,1.17637,1.17645,1.17622,1.1764000000000001,98,2,0
2026-04-20 10:30:00,1.1764000000000001,1.17662,1.17635,1.17662,123,2,0
2026-04-20 10:35:00,1.17662,1.17676,1.1764999999999999,1.17673,84,2,0
2026-04-20 10:40:00,1.17673,1.1767400000000001,1.17652,1.17664,61,2,0
2026-04-20 10:45:00,1.17664,1.17666,1.17656,1.17659,62,2,0
2026-04-20 10:50:00,1.17659,1.17678,1.17651,1.17678,119,2,0
2026-04-20 10:55:00,1.17678,1.17713,1.17678,1.17706,214,2,0
2026-04-20 11:00:00,1.17706,1.17713,1.17689,1.17689,210,2,0
2026-04-20 11:05:00,1.17689,1.17721,1.17686,1.17716,123,2,0
2026-04-20 11:10:00,1.17716,1.17728,1.17707,1.17728,117,2,0
2026-04-20 11:15:00,1.17728,1.17744,1.17726,1.1773500000000001,108,2,0
2026-04-20 11:20:00,1.1773500000000001,1.17746,1.17728,1.17731,113,2,0
2026-04-20 11:25:00,1.17731,1.17736,1.1772,1.17724,107,2,0
2026-04-20 11:30:00,1.17724,1.17739,1.1771,1.17712,335,2,0
2026-04-20 11:35:00,1.17712,1.17728,1.1771,1.17719,229,2,0
2026-04-20 11:40:00,1.17719,1.17721,1.17694,1.17714,179,2,0
2026-04-20 11:45:00,1.17714,1.17754,1.17713,1.17724,246,2,0
2026-04-20 11:50:00,1.17724,1.17737,1.17677,1.1768,257,2,0
2026-04-20 11:55:00,1.1768,1.17681,1.17653,1.17669,291,2,0
2026-04-20 12:00:00,1.17669,1.17682,1.17634,1.17663,503,2,0
2026-04-20 12:05:00,1.17663,1.17665,1.17592,1.17592,295,2,0
2026-04-20 12:10:00,1.17593,1.17606,1.17557,1.17575,272,2,0
2026-04-20 12:15:00,1.17575,1.17588,1.17559,1.17574,224,2,0
2026-04-20 12:20:00,1.17574,1.17611,1.17574,1.1761,206,2,0
2026-04-20 12:25:00,1.1761,1.1761300000000001,1.1757900000000001,1.1757900000000001,120,2,0
2026-04-20 12:30:00,1.1757900000000001,1.17618,1.17576,1.17615,196,2,0
2026-04-20 12:35:00,1.17615,1.1763,1.17604,1.17626,174,2,0
2026-04-20 12:40:00,1.17626,1.17647,1.17625,1.17641,135,2,0
2026-04-20 12:45:00,1.17641,1.17665,1.17636,1.1766,166,2,0
2026-04-20 12:50:00,1.1766,1.1767400000000001,1.17631,1.17647,201,2,0
2026-04-20 12:55:00,1.17647,1.17651,1.1761300000000001,1.17649,249,2,0
2026-04-20 13:00:00,1.17651,1.17653,1.17615,1.1762,314,2,0
2026-04-20 13:05:00,1.1762,1.17714,1.1761,1.17649,779,2,0
2026-04-20 13:10:00,1.17648,1.17685,1.17646,1.17675,493,2,0
2026-04-20 13:15:00,1.17675,1.17695,1.17672,1.17675,279,2,0
2026-04-20 13:20:00,1.17675,1.17708,1.17654,1.17703,313,2,0
2026-04-20 13:25:00,1.17703,1.17742,1.17694,1.17731,428,2,0
2026-04-20 13:30:00,1.17731,1.17746,1.17703,1.1774499999999999,483,2,0
2026-04-20 13:35:00,1.1774499999999999,1.17775,1.17724,1.17731,497,2,0
2026-04-20 13:40:00,1.17731,1.17811,1.17721,1.1781,425,2,0
2026-04-20 13:45:00,1.1781,1.17815,1.17789,1.17802,454,2,0
2026-04-20 13:50:00,1.17802,1.17807,1.17739,1.1776,463,2,0
2026-04-20 13:55:00,1.1776,1.17779,1.17748,1.1775,423,2,0
2026-04-20 14:00:00,1.1775,1.1775,1.17693,1.17722,484,2,0
2026-04-20 14:05:00,1.17722,1.17723,1.17688,1.17699,323,2,0
2026-04-20 14:10:00,1.17699,1.17716,1.17668,1.1771,402,2,0
2026-04-20 14:15:00,1.1771,1.17741,1.17704,1.17731,446,2,0
2026-04-20 14:20:00,1.17731,1.17759,1.17725,1.17738,553,2,0
2026-04-20 14:25:00,1.17738,1.17755,1.1773,1.17755,242,2,0
2026-04-20 14:30:00,1.17756,1.17769,1.17732,1.17736,285,2,0
2026-04-20 14:35:00,1.17736,1.17766,1.17716,1.17738,297,2,0
2026-04-20 14:40:00,1.17738,1.17764,1.17726,1.17764,457,2,0
2026-04-20 14:45:00,1.17764,1.1778,1.17738,1.1776,234,2,0
2026-04-20 14:50:00,1.1776,1.1777,1.17622,1.17699,1422,2,0
2026-04-20 14:55:00,1.17699,1.17722,1.17683,1.1772,573,2,0
2026-04-20 15:00:00,1.1772,1.1774,1.17689,1.17694,495,2,0
2026-04-20 15:05:00,1.17694,1.1772,1.17683,1.17685,495,2,0
2026-04-20 15:10:00,1.17685,1.1774499999999999,1.17683,1.1774499999999999,366,2,0
2026-04-20 15:15:00,1.1774499999999999,1.17783,1.17721,1.17771,525,2,0
2026-04-20 15:20:00,1.17771,1.17866,1.1776,1.17834,992,2,0
2026-04-20 15:25:00,1.17835,1.1786699999999999,1.17829,1.17854,573,2,0
2026-04-20 15:30:00,1.17853,1.17854,1.17819,1.1783,526,2,0
2026-04-20 15:35:00,1.1783,1.1789399999999999,1.17814,1.17872,439,2,0
2026-04-20 15:40:00,1.17872,1.17893,1.17855,1.17856,326,2,0
2026-04-20 15:45:00,1.17856,1.17856,1.17836,1.17849,335,2,0
2026-04-20 15:50:00,1.17849,1.17852,1.17821,1.17825,274,2,0
2026-04-20 15:55:00,1.17825,1.1786,1.17821,1.17839,297,2,0
2026-04-20 16:00:00,1.17843,1.17872,1.17838,1.17856,339,2,0
2026-04-20 16:05:00,1.17856,1.17868,1.17844,1.17865,195,2,0
2026-04-20 16:10:00,1.17865,1.17875,1.17849,1.1786,193,2,0
2026-04-20 16:15:00,1.1786,1.17879,1.17852,1.17877,124,2,0
2026-04-20 16:20:00,1.17877,1.17881,1.17853,1.17854,218,2,0
2026-04-20 16:25:00,1.17854,1.17874,1.17839,1.17865,231,2,0
2026-04-20 16:30:00,1.17865,1.17871,1.17828,1.17828,234,2,0
2026-04-20 16:35:00,1.17828,1.1783,1.17817,1.1783,168,2,0
2026-04-20 16:40:00,1.1783,1.17863,1.1783,1.17849,309,2,0
2026-04-20 16:45:00,1.17849,1.17849,1.17828,1.17844,309,2,0
2026-04-20 16:50:00,1.17844,1.17864,1.17835,1.1785700000000001,203,2,0
2026-04-20 16:55:00,1.1785700000000001,1.1786,1.1784,1.17858,200,2,0
2026-04-20 17:00:00,1.17858,1.17903,1.17856,1.17859,359,2,0
2026-04-20 17:05:00,1.17859,1.17883,1.17853,1.1788,222,2,0
2026-04-20 17:10:00,1.1788,1.1788,1.17868,1.17872,81,2,0
2026-04-20 17:15:00,1.17872,1.17875,1.17864,1.17866,167,2,0
2026-04-20 17:20:00,1.17866,1.1786699999999999,1.17839,1.17839,165,2,0
2026-04-20 17:25:00,1.17839,1.1784,1.17823,1.17825,168,2,0
2026-04-20 17:30:00,1.17825,1.17834,1.17813,1.1782,177,2,0
2026-04-20 17:35:00,1.17819,1.17852,1.17819,1.1784,430,2,0
2026-04-20 17:40:00,1.1784,1.17861,1.17822,1.17836,300,2,0
2026-04-20 17:45:00,1.17836,1.17842,1.1783,1.17834,139,2,0
2026-04-20 17:50:00,1.17834,1.17841,1.17823,1.17827,142,2,0
2026-04-20 17:55:00,1.17827,1.17836,1.17819,1.17836,80,2,0
2026-04-20 18:00:00,1.17837,1.17856,1.17836,1.1785,103,2,0
2026-04-20 18:05:00,1.1785,1.17877,1.17846,1.17872,142,2,0
2026-04-20 18:10:00,1.17872,1.17892,1.17832,1.1789,284,2,0
2026-04-20 18:15:00,1.1789,1.1789100000000001,1.17873,1.17874,158,2,0
2026-04-20 18:20:00,1.17874,1.17896,1.17874,1.17875,131,2,0
2026-04-20 18:25:00,1.17875,1.1788,1.17835,1.17847,234,2,0
2026-04-20 18:30:00,1.17847,1.17852,1.17837,1.17848,145,2,0
2026-04-20 18:35:00,1.17848,1.17856,1.1781,1.17811,182,2,0
2026-04-20 18:40:00,1.17811,1.17831,1.17811,1.17821,93,2,0
2026-04-20 18:45:00,1.17821,1.1783,1.17807,1.17812,108,2,0
2026-04-20 18:50:00,1.17812,1.17822,1.17809,1.17812,88,2,0
2026-04-20 18:55:00,1.17812,1.17821,1.17786,1.17802,186,2,0
2026-04-20 19:00:00,1.178,1.1784,1.17797,1.17836,91,2,0
2026-04-20 19:05:00,1.17836,1.17861,1.17832,1.17852,61,2,0
2026-04-20 19:10:00,1.17852,1.17876,1.1784,1.17875,78,2,0
2026-04-20 19:15:00,1.17875,1.17881,1.17846,1.17846,55,2,0
2026-04-20 19:20:00,1.17846,1.17855,1.17845,1.17851,57,2,0
2026-04-20 19:25:00,1.17851,1.17861,1.1785,1.17861,44,2,0
2026-04-20 19:30:00,1.17861,1.17866,1.17855,1.17866,50,2,0
2026-04-20 19:35:00,1.17866,1.17886,1.17863,1.17881,80,2,0
2026-04-20 19:40:00,1.17881,1.17882,1.17862,1.17871,114,2,0
2026-04-20 19:45:00,1.17871,1.17872,1.17861,1.17864,106,2,0
2026-04-20 19:50:00,1.17862,1.1787,1.17852,1.17862,155,2,0
2026-04-20 19:55:00,1.17862,1.17877,1.17854,1.17858,196,2,0
2026-04-20 20:00:00,1.1786,1.17863,1.17849,1.17861,93,2,0
2026-04-20 20:05:00,1.17861,1.17887,1.17859,1.17875,138,2,0
2026-04-20 20:10:00,1.17875,1.17876,1.1786699999999999,1.1787,42,2,0
2026-04-20 20:15:00,1.1787,1.17871,1.17856,1.17861,47,2,0
2026-04-20 20:20:00,1.17861,1.1786699999999999,1.1786,1.17866,30,2,0
2026-04-20 20:25:00,1.17866,1.17866,1.17847,1.17856,79,2,0
2026-04-20 20:30:00,1.17856,1.17859,1.17834,1.1785,92,2,0
2026-04-20 20:35:00,1.1785,1.17866,1.17844,1.17864,126,2,0
2026-04-20 20:40:00,1.17864,1.17866,1.17853,1.17854,67,2,0
2026-04-20 20:45:00,1.17854,1.17872,1.1785,1.1787,90,2,0
2026-04-20 20:50:00,1.1787,1.17879,1.17864,1.17869,52,2,0
2026-04-20 20:55:00,1.17869,1.17877,1.17865,1.17872,124,3,0
2026-04-20 21:00:00,1.17823,1.17823,1.17823,1.17823,5,75,0
2026-04-20 21:05:00,1.1782,1.17821,1.1782,1.17821,6,72,0
2026-04-20 21:10:00,1.17824,1.17827,1.17818,1.17822,12,52,0
2026-04-20 21:15:00,1.17824,1.17828,1.17821,1.17828,12,64,0
2026-04-20 21:20:00,1.17828,1.1783299999999999,1.17825,1.17828,13,62,0
2026-04-20 21:25:00,1.17828,1.17839,1.17823,1.17839,18,58,0
2026-04-20 21:30:00,1.17834,1.17836,1.17826,1.17836,30,61,0
2026-04-20 21:35:00,1.17836,1.17836,1.17826,1.17834,22,65,0
2026-04-20 21:40:00,1.17834,1.17836,1.17831,1.1783299999999999,23,66,0
2026-04-20 21:45:00,1.1783299999999999,1.17837,1.17832,1.17836,14,66,0
2026-04-20 21:50:00,1.17836,1.17838,1.1783299999999999,1.17836,16,65,0
2026-04-20 21:55:00,1.17836,1.17839,1.17825,1.17829,39,58,0
2026-04-20 22:00:00,1.17829,1.17887,1.17828,1.17865,114,3,0
2026-04-20 22:05:00,1.17865,1.17875,1.17865,1.1787,61,4,0
2026-04-20 22:10:00,1.17872,1.17873,1.17858,1.1786,41,2,0
2026-04-20 22:15:00,1.17861,1.17865,1.17859,1.17859,34,3,0
2026-04-20 22:20:00,1.17862,1.17868,1.17861,1.17861,23,2,0
2026-04-20 22:25:00,1.17861,1.17866,1.17859,1.17863,32,4,0
2026-04-20 22:30:00,1.17864,1.17868,1.17854,1.17855,63,4,0
2026-04-20 22:35:00,1.17855,1.17865,1.17854,1.17859,85,2,0
2026-04-20 22:40:00,1.17859,1.17873,1.17858,1.17861,255,2,0
2026-04-20 22:45:00,1.17861,1.17887,1.17861,1.17885,275,2,0
2026-04-20 22:50:00,1.17885,1.17895,1.17878,1.17882,109,2,0
2026-04-20 22:55:00,1.17882,1.17902,1.1788,1.17902,86,2,0
2026-04-20 23:00:00,1.17902,1.17909,1.17889,1.1789,71,2,0
2026-04-20 23:05:00,1.1789,1.1789100000000001,1.17874,1.17874,56,2,0
2026-04-20 23:10:00,1.17874,1.17879,1.17858,1.1786,70,2,0
2026-04-20 23:15:00,1.1786,1.1786,1.17848,1.17848,42,2,0
2026-04-20 23:20:00,1.17848,1.17852,1.17846,1.1785,18,3,0
2026-04-20 23:25:00,1.1785,1.17855,1.1785,1.1785,26,2,0
2026-04-20 23:30:00,1.1785,1.17852,1.17845,1.17845,19,2,0
2026-04-20 23:35:00,1.17845,1.17845,1.17831,1.17839,45,2,0
2026-04-20 23:40:00,1.17839,1.17853,1.1783,1.17853,40,2,0
2026-04-20 23:45:00,1.17853,1.17854,1.1784,1.1784,44,2,0
2026-04-20 23:50:00,1.1784,1.17847,1.17837,1.17837,31,3,0
2026-04-20 23:55:00,1.17838,1.17846,1.17835,1.17841,53,2,0
2026-04-21 00:00:00,1.17841,1.17848,1.1782,1.17821,239,2,0
2026-04-21 00:05:00,1.17821,1.17836,1.17815,1.17821,161,2,0
2026-04-21 00:10:00,1.17821,1.1784,1.17821,1.17839,154,2,0
2026-04-21 00:15:00,1.17839,1.17848,1.17831,1.17843,116,2,0
2026-04-21 00:20:00,1.17843,1.17852,1.17838,1.17838,72,2,0
2026-04-21 00:25:00,1.17838,1.17842,1.17819,1.17822,166,2,0
2026-04-21 00:30:00,1.17822,1.17827,1.17814,1.17826,130,2,0
2026-04-21 00:35:00,1.17826,1.17827,1.1780599999999999,1.17819,143,2,0
2026-04-21 00:40:00,1.17819,1.17844,1.17819,1.1784,94,2,0
2026-04-21 00:45:00,1.1784,1.17855,1.17814,1.17819,373,2,0
2026-04-21 00:50:00,1.17818,1.17832,1.17816,1.17824,228,2,0
2026-04-21 00:55:00,1.17826,1.17835,1.17814,1.17827,206,2,0
2026-04-21 01:00:00,1.17827,1.17832,1.17817,1.1783,195,2,0
2026-04-21 01:05:00,1.1783,1.17838,1.17825,1.17828,163,2,0
2026-04-21 01:10:00,1.17828,1.17832,1.17815,1.1782,153,2,0
2026-04-21 01:15:00,1.1782,1.1786,1.17818,1.17852,182,2,0
2026-04-21 01:20:00,1.17852,1.17853,1.17835,1.17841,145,2,0
2026-04-21 01:25:00,1.17841,1.17851,1.17834,1.17849,117,2,0
2026-04-21 01:30:00,1.17849,1.17855,1.17839,1.17851,136,2,0
2026-04-21 01:35:00,1.17851,1.17853,1.17839,1.17841,100,2,0
2026-04-21 01:40:00,1.17841,1.17844,1.17826,1.17835,138,2,0
2026-04-21 01:45:00,1.17835,1.17838,1.17819,1.17822,110,2,0
2026-04-21 01:50:00,1.17822,1.1783,1.17804,1.17804,135,2,0
2026-04-21 01:55:00,1.17804,1.1780599999999999,1.17794,1.17804,133,2,0
2026-04-21 02:00:00,1.17804,1.17809,1.17789,1.17794,115,2,0
2026-04-21 02:05:00,1.17794,1.17805,1.17794,1.17804,86,2,0
2026-04-21 02:10:00,1.17804,1.17822,1.17804,1.17819,67,2,0
2026-04-21 02:15:00,1.17819,1.17821,1.17804,1.17804,76,2,0
2026-04-21 02:20:00,1.17804,1.17805,1.17779,1.1778,96,2,0
2026-04-21 02:25:00,1.1778,1.178,1.17774,1.17797,136,2,0
2026-04-21 02:30:00,1.17797,1.17797,1.17775,1.17777,105,2,0
2026-04-21 02:35:00,1.17777,1.17785,1.17769,1.17784,144,2,0
2026-04-21 02:40:00,1.17784,1.17787,1.17775,1.17782,97,2,0
2026-04-21 02:45:00,1.17782,1.17791,1.17775,1.17779,103,2,0
2026-04-21 02:50:00,1.17779,1.17791,1.17779,1.1779,74,2,0
2026-04-21 02:55:00,1.1779,1.178,1.17789,1.17792,80,2,0
2026-04-21 03:00:00,1.17792,1.17795,1.17784,1.17794,135,2,0
2026-04-21 03:05:00,1.17794,1.1779600000000001,1.17774,1.17776,90,2,0
2026-04-21 03:10:00,1.17776,1.17777,1.17765,1.17775,61,2,0
2026-04-21 03:15:00,1.17775,1.17778,1.1776,1.1776200000000001,82,2,0
2026-04-21 03:20:00,1.1776200000000001,1.17768,1.17743,1.17749,123,2,0
2026-04-21 03:25:00,1.17749,1.17771,1.17744,1.17767,94,2,0
2026-04-21 03:30:00,1.17767,1.17768,1.17747,1.17749,96,2,0
2026-04-21 03:35:00,1.17749,1.17749,1.17732,1.17734,114,2,0
2026-04-21 03:40:00,1.17734,1.1774,1.17734,1.17737,61,2,0
2026-04-21 03:45:00,1.17737,1.17757,1.17737,1.17751,70,2,0
2026-04-21 03:50:00,1.17751,1.17764,1.17749,1.17759,52,2,0
2026-04-21 03:55:00,1.17759,1.17766,1.1774499999999999,1.17755,87,2,0
2026-04-21 04:00:00,1.17755,1.17764,1.17754,1.17755,84,2,0
2026-04-21 04:05:00,1.17755,1.17757,1.17746,1.1775,64,2,0
2026-04-21 04:10:00,1.1775,1.1775,1.17742,1.17744,72,2,0
2026-04-21 04:15:00,1.17744,1.1775,1.17741,1.17741,67,2,0
2026-04-21 04:20:00,1.17741,1.17747,1.17741,1.17744,34,2,0
2026-04-21 04:25:00,1.17744,1.17761,1.1774,1.17761,47,2,0
2026-04-21 04:30:00,1.17761,1.1776200000000001,1.17755,1.17759,27,2,0
2026-04-21 04:35:00,1.17759,1.1776200000000001,1.17746,1.17754,37,2,0
2026-04-21 04:40:00,1.17754,1.17765,1.17754,1.17755,64,2,0
2026-04-21 04:45:00,1.17755,1.17763,1.17755,1.17757,53,2,0
2026-04-21 04:50:00,1.17757,1.17764,1.1775,1.17763,77,2,0
2026-04-21 04:55:00,1.17763,1.17763,1.17749,1.17754,121,2,0
2026-04-21 05:00:00,1.17754,1.17788,1.1775,1.1777199999999999,246,2,0
2026-04-21 05:05:00,1.1777199999999999,1.1779600000000001,1.1777199999999999,1.1779,167,2,0
2026-04-21 05:10:00,1.1779,1.17798,1.17782,1.17791,176,2,0
2026-04-21 05:15:00,1.17791,1.17813,1.17789,1.1781,175,2,0
2026-04-21 05:20:00,1.1781,1.17821,1.17805,1.17809,126,2,0
2026-04-21 05:25:00,1.17809,1.17819,1.17801,1.17812,114,2,0
2026-04-21 05:30:00,1.17812,1.17815,1.17804,1.17807,129,2,0
2026-04-21 05:35:00,1.17807,1.1782,1.1780599999999999,1.1781,118,2,0
2026-04-21 05:40:00,1.17811,1.17815,1.178,1.17801,105,2,0
2026-04-21 05:45:00,1.17801,1.17807,1.17785,1.17786,163,2,0
2026-04-21 05:50:00,1.17786,1.17802,1.17783,1.17795,141,2,0
2026-04-21 05:55:00,1.17795,1.17802,1.1778,1.17781,106,2,0
2026-04-21 06:00:00,1.17781,1.178,1.17719,1.1775,421,2,0
2026-04-21 06:05:00,1.1775,1.17754,1.17732,1.17744,265,2,0
2026-04-21 06:10:00,1.17744,1.1777,1.17744,1.17764,170,2,0
2026-04-21 06:15:00,1.17764,1.17765,1.17734,1.1773500000000001,145,2,0
2026-04-21 06:20:00,1.1773500000000001,1.17744,1.1772,1.17733,225,2,0
2026-04-21 06:25:00,1.17733,1.17751,1.17729,1.1774499999999999,130,2,0
2026-04-21 06:30:00,1.1774499999999999,1.17756,1.17725,1.17732,176,2,0
2026-04-21 06:35:00,1.17732,1.1774,1.1772,1.17736,151,2,0
2026-04-21 06:40:00,1.17736,1.1776200000000001,1.17724,1.17756,177,2,0
2026-04-21 06:45:00,1.17756,1.17756,1.17729,1.1774,159,2,0
2026-04-21 06:50:00,1.1774,1.1774,1.1772,1.17736,198,2,0
2026-04-21 06:55:00,1.17736,1.17766,1.1773500000000001,1.1774499999999999,251,2,0
2026-04-21 07:00:00,1.1774499999999999,1.17769,1.17717,1.17718,498,2,0
2026-04-21 07:05:00,1.17718,1.1773,1.17715,1.1773,282,2,0
2026-04-21 07:10:00,1.1773,1.1775,1.17729,1.17739,221,2,0
2026-04-21 07:15:00,1.17739,1.17756,1.17733,1.1775,209,2,0
2026-04-21 07:20:00,1.1775,1.17755,1.17728,1.17738,261,2,0
2026-04-21 07:25:00,1.17738,1.17765,1.17736,1.17748,230,2,0
2026-04-21 07:30:00,1.17748,1.17751,1.17725,1.17727,201,2,0
2026-04-21 07:35:00,1.17725,1.17742,1.17705,1.17716,194,2,0
2026-04-21 07:40:00,1.17716,1.17734,1.1771,1.17717,255,2,0
2026-04-21 07:45:00,1.17716,1.17731,1.1771,1.17729,188,2,0
2026-04-21 07:50:00,1.17729,1.1774,1.17676,1.17685,308,2,0
2026-04-21 07:55:00,1.17685,1.17691,1.17633,1.17641,464,2,0
2026-04-21 08:00:00,1.1764000000000001,1.1766,1.17624,1.17627,319,2,0
2026-04-21 08:05:00,1.17627,1.17628,1.17576,1.17616,421,2,0
2026-04-21 08:10:00,1.17616,1.17617,1.17568,1.17574,409,2,0
2026-04-21 08:15:00,1.17574,1.17602,1.17572,1.176,267,2,0
2026-04-21 08:20:00,1.176,1.17656,1.17595,1.17632,221,2,0
2026-04-21 08:25:00,1.17632,1.17647,1.1762,1.17632,179,2,0
2026-04-21 08:30:00,1.17632,1.17662,1.17625,1.17645,212,2,0
2026-04-21 08:35:00,1.17644,1.17645,1.17615,1.17645,207,2,0
2026-04-21 08:40:00,1.17645,1.17669,1.17634,1.17658,205,2,0
2026-04-21 08:45:00,1.17658,1.17661,1.1763,1.17637,175,2,0
2026-04-21 08:50:00,1.17637,1.17643,1.17622,1.17631,111,2,0
2026-04-21 08:55:00,1.17631,1.17651,1.17624,1.17651,94,2,0
2026-04-21 09:00:00,1.17651,1.17652,1.17611,1.17626,288,2,0
2026-04-21 09:05:00,1.17626,1.17626,1.1757900000000001,1.17585,276,2,0
2026-04-21 09:10:00,1.17585,1.17606,1.1758,1.17587,212,2,0
2026-04-21 09:15:00,1.17587,1.17616,1.17582,1.1761300000000001,195,2,0
2026-04-21 09:20:00,1.1761300000000001,1.17622,1.17584,1.17585,190,2,0
2026-04-21 09:25:00,1.17585,1.17587,1.17568,1.17577,138,2,0
2026-04-21 09:30:00,1.17577,1.17596,1.17577,1.17585,175,2,0
2026-04-21 09:35:00,1.17585,1.17594,1.1757,1.17572,153,2,0
2026-04-21 09:40:00,1.17572,1.17605,1.17572,1.17598,104,2,0
2026-04-21 09:45:00,1.17598,1.176,1.17566,1.17574,160,2,0
2026-04-21 09:50:00,1.17574,1.17602,1.17564,1.176,167,2,0
2026-04-21 09:55:00,1.176,1.17625,1.17591,1.17594,266,2,0
2026-04-21 10:00:00,1.17594,1.17597,1.17578,1.17587,227,2,0
2026-04-21 10:05:00,1.17587,1.1761300000000001,1.17587,1.17611,179,2,0
2026-04-21 10:10:00,1.17611,1.17612,1.17583,1.1759,163,2,0
2026-04-21 10:15:00,1.1759,1.17594,1.17564,1.17571,144,2,0
2026-04-21 10:20:00,1.17571,1.17591,1.17565,1.17585,123,2,0
2026-04-21 10:25:00,1.17585,1.1759,1.17576,1.17577,85,2,0
2026-04-21 10:30:00,1.17577,1.17605,1.17575,1.17601,89,2,0
2026-04-21 10:35:00,1.17601,1.17608,1.17595,1.17595,73,2,0
2026-04-21 10:40:00,1.17595,1.17598,1.17581,1.17597,86,2,0
2026-04-21 10:45:00,1.17597,1.17611,1.17591,1.17598,130,2,0
2026-04-21 10:50:00,1.17598,1.17605,1.1759,1.17595,104,2,0
2026-04-21 10:55:00,1.17594,1.1761300000000001,1.17588,1.17609,190,2,0
2026-04-21 11:00:00,1.17609,1.17622,1.17602,1.17617,139,2,0
2026-04-21 11:05:00,1.17617,1.17627,1.1756,1.17576,315,2,0
2026-04-21 11:10:00,1.17576,1.17588,1.1757,1.17586,438,2,0
2026-04-21 11:15:00,1.17586,1.17615,1.17575,1.1761,159,2,0
2026-04-21 11:20:00,1.1761,1.1766,1.17604,1.17659,184,2,0
2026-04-21 11:25:00,1.17659,1.17662,1.17637,1.17662,189,2,0
2026-04-21 11:30:00,1.17662,1.1768399999999999,1.17651,1.17652,188,2,0
2026-04-21 11:35:00,1.17652,1.17668,1.17644,1.17649,194,2,0
2026-04-21 11:40:00,1.17649,1.17664,1.1764000000000001,1.17645,152,2,0
2026-04-21 11:45:00,1.17645,1.17662,1.17641,1.17657,146,2,0
2026-04-21 11:50:00,1.17657,1.17663,1.17644,1.17661,139,2,0
2026-04-21 11:55:00,1.17661,1.17676,1.17661,1.17671,220,2,0
2026-04-21 12:00:00,1.17671,1.17676,1.1764999999999999,1.17651,199,2,0
2026-04-21 12:05:00,1.17651,1.17676,1.17651,1.17666,121,2,0
2026-04-21 12:10:00,1.17664,1.17681,1.17657,1.17679,182,2,0
2026-04-21 12:15:00,1.17679,1.17682,1.1761,1.17615,306,2,0
2026-04-21 12:20:00,1.17617,1.1764000000000001,1.17606,1.17632,194,2,0
2026-04-21 12:25:00,1.17632,1.17637,1.17599,1.17599,191,2,0
2026-04-21 12:30:00,1.17599,1.17625,1.17554,1.1762,461,2,0
2026-04-21 12:35:00,1.1762,1.17637,1.1754,1.1757900000000001,496,2,0
2026-04-21 12:40:00,1.17578,1.1759,1.1756199999999999,1.17582,341,2,0
2026-04-21 12:45:00,1.17582,1.17611,1.17568,1.17569,280,2,0
2026-04-21 12:50:00,1.17569,1.17588,1.17559,1.17585,219,2,0
2026-04-21 12:55:00,1.17585,1.1761,1.17577,1.17592,226,2,0
2026-04-21 13:00:00,1.17592,1.17632,1.17578,1.17632,274,2,0
2026-04-21 13:05:00,1.17632,1.17633,1.17608,1.17617,179,2,0
2026-04-21 13:10:00,1.17617,1.17634,1.17615,1.17621,123,2,0
2026-04-21 13:15:00,1.17621,1.17636,1.17614,1.17629,155,2,0
2026-04-21 13:20:00,1.17629,1.17667,1.17626,1.17648,251,2,0
2026-04-21 13:25:00,1.17648,1.17672,1.17611,1.1767,198,2,0
2026-04-21 13:30:00,1.1767,1.17715,1.17657,1.17689,468,2,0
2026-04-21 13:35:00,1.17689,1.1769,1.17661,1.17677,393,2,0
2026-04-21 13:40:00,1.17677,1.17685,1.17661,1.17675,297,2,0
2026-04-21 13:45:00,1.1767400000000001,1.17682,1.17657,1.17666,326,2,0
2026-04-21 13:50:00,1.17666,1.1770100000000001,1.17663,1.17686,233,2,0
2026-04-21 13:55:00,1.17686,1.17693,1.17651,1.17655,269,2,0
2026-04-21 14:00:00,1.17655,1.17671,1.1764999999999999,1.17662,227,2,0
2026-04-21 14:05:00,1.17662,1.17691,1.17655,1.17677,232,2,0
2026-04-21 14:10:00,1.17677,1.17687,1.17654,1.17681,275,2,0
2026-04-21 14:15:00,1.17681,1.17704,1.17678,1.17683,242,2,0
2026-04-21 14:20:00,1.17683,1.17685,1.17649,1.17651,365,2,0
2026-04-21 14:25:00,1.17651,1.17665,1.1764000000000001,1.17656,242,2,0
2026-04-21 14:30:00,1.17656,1.17673,1.17637,1.17642,329,2,0
2026-04-21 14:35:00,1.17642,1.17723,1.17642,1.17717,325,2,0
2026-04-21 14:40:00,1.17718,1.17759,1.1770100000000001,1.17714,607,2,0
2026-04-21 14:45:00,1.17714,1.17714,1.17596,1.17598,817,2,0
2026-04-21 14:50:00,1.17598,1.17627,1.1758,1.17622,635,2,0
2026-04-21 14:55:00,1.17622,1.17622,1.1751800000000001,1.17523,703,2,0
2026-04-21 15:00:00,1.17523,1.1755200000000001,1.17484,1.17544,666,2,0
2026-04-21 15:05:00,1.17544,1.1757,1.17532,1.1757,577,2,0
2026-04-21 15:10:00,1.17569,1.17592,1.17565,1.17577,480,2,0
2026-04-21 15:15:00,1.17578,1.17597,1.1756,1.17576,466,2,0
2026-04-21 15:20:00,1.17576,1.1757900000000001,1.17526,1.17541,536,2,0
2026-04-21 15:25:00,1.17541,1.17542,1.17466,1.17468,825,2,0
2026-04-21 15:30:00,1.17468,1.17487,1.17456,1.17475,463,2,0
2026-04-21 15:35:00,1.17475,1.17477,1.1741,1.17462,506,2,0
2026-04-21 15:40:00,1.17462,1.17493,1.17441,1.17475,280,2,0
2026-04-21 15:45:00,1.17475,1.17511,1.1746699999999999,1.17498,240,2,0
2026-04-21 15:50:00,1.17498,1.17498,1.17476,1.17482,257,2,0
2026-04-21 15:55:00,1.17481,1.1751800000000001,1.17481,1.17513,179,2,0
2026-04-21 16:00:00,1.17514,1.17556,1.17514,1.17524,479,2,0
2026-04-21 16:05:00,1.17524,1.17541,1.17519,1.17532,237,2,0
2026-04-21 16:10:00,1.17532,1.17546,1.17516,1.17525,281,2,0
2026-04-21 16:15:00,1.17525,1.1752799999999999,1.17509,1.17512,228,2,0
2026-04-21 16:20:00,1.17512,1.1751800000000001,1.17483,1.17489,316,2,0
2026-04-21 16:25:00,1.17489,1.17492,1.17451,1.17456,265,2,0
2026-04-21 16:30:00,1.17456,1.17472,1.17447,1.17462,302,2,0
2026-04-21 16:35:00,1.17462,1.17482,1.17439,1.1745,243,2,0
2026-04-21 16:40:00,1.1745,1.1746,1.17427,1.17434,274,2,0
2026-04-21 16:45:00,1.17434,1.17446,1.17429,1.17446,190,2,0
2026-04-21 16:50:00,1.17446,1.17446,1.17404,1.1740599999999999,263,2,0
2026-04-21 16:55:00,1.1740599999999999,1.1743000000000001,1.17405,1.17415,196,2,0
2026-04-21 17:00:00,1.17415,1.17422,1.1739,1.17395,343,2,0
2026-04-21 17:05:00,1.17395,1.17395,1.17326,1.17337,750,2,0
2026-04-21 17:10:00,1.17337,1.17343,1.1722299999999999,1.17252,706,2,0
2026-04-21 17:15:00,1.17252,1.17272,1.17214,1.17228,337,2,0
2026-04-21 17:20:00,1.17228,1.17262,1.17201,1.17254,430,2,0
2026-04-21 17:25:00,1.17254,1.17323,1.17248,1.17321,277,2,0
2026-04-21 17:30:00,1.17321,1.17365,1.1732,1.17349,412,2,0
2026-04-21 17:35:00,1.17349,1.1745,1.17342,1.17404,623,2,0
2026-04-21 17:40:00,1.17404,1.17636,1.17403,1.17585,1284,2,0
2026-04-21 17:45:00,1.17585,1.17591,1.1748,1.17486,636,2,0
2026-04-21 17:50:00,1.17486,1.17487,1.17421,1.17425,393,2,0
2026-04-21 17:55:00,1.17425,1.17443,1.17395,1.17427,337,2,0
2026-04-21 18:00:00,1.17427,1.17471,1.17426,1.17427,238,2,0
2026-04-21 18:05:00,1.17427,1.17469,1.17417,1.17427,338,2,0
2026-04-21 18:10:00,1.17427,1.17432,1.17381,1.17382,346,2,0
2026-04-21 18:15:00,1.17382,1.17408,1.17314,1.17337,626,2,0
2026-04-21 18:20:00,1.17337,1.17338,1.17299,1.17309,338,2,0
2026-04-21 18:25:00,1.17309,1.17324,1.17293,1.17319,253,2,0
2026-04-21 18:30:00,1.17319,1.17368,1.17319,1.17361,220,2,0
2026-04-21 18:35:00,1.17361,1.17372,1.17347,1.17358,97,2,0
2026-04-21 18:40:00,1.17358,1.17358,1.17318,1.17329,128,2,0
2026-04-21 18:45:00,1.17329,1.1734499999999999,1.17324,1.17343,111,2,0
2026-04-21 18:50:00,1.17343,1.17415,1.17323,1.17399,326,2,0
2026-04-21 18:55:00,1.17399,1.17436,1.1736,1.1740599999999999,709,2,0
2026-04-21 19:00:00,1.1740599999999999,1.17433,1.17405,1.17427,339,2,0
2026-04-21 19:05:00,1.17427,1.17437,1.1742,1.17424,229,2,0
2026-04-21 19:10:00,1.17424,1.17522,1.17421,1.17468,500,2,0
2026-04-21 19:15:00,1.17471,1.17493,1.17433,1.17433,780,2,0
2026-04-21 19:20:00,1.17433,1.17509,1.17433,1.17496,628,2,0
2026-04-21 19:25:00,1.17496,1.17508,1.17485,1.17498,401,2,0
2026-04-21 19:30:00,1.17498,1.175,1.17473,1.17473,221,2,0
2026-04-21 19:35:00,1.17473,1.17474,1.17339,1.17349,654,2,0
2026-04-21 19:40:00,1.17349,1.17357,1.1718899999999999,1.1724,1434,2,0
2026-04-21 19:45:00,1.1724,1.17304,1.17228,1.17286,814,2,0
2026-04-21 19:50:00,1.17286,1.17312,1.17228,1.17253,834,2,0
2026-04-21 19:55:00,1.17253,1.17282,1.17244,1.17255,694,2,0
2026-04-21 20:00:00,1.17255,1.17272,1.17233,1.17263,418,2,0
2026-04-21 20:05:00,1.17263,1.17516,1.1724,1.17448,543,2,0
2026-04-21 20:10:00,1.17454,1.17532,1.1738,1.17448,1565,2,0
2026-04-21 20:15:00,1.17449,1.17512,1.17419,1.17468,491,2,0
2026-04-21 20:20:00,1.17468,1.17523,1.17468,1.17514,412,2,0
2026-04-21 20:25:00,1.17514,1.17516,1.17481,1.17485,242,2,0
2026-04-21 20:30:00,1.17485,1.17494,1.17461,1.17485,379,2,0
2026-04-21 20:35:00,1.17485,1.17486,1.17456,1.17465,283,2,0
2026-04-21 20:40:00,1.17465,1.17466,1.17438,1.17443,331,2,0
2026-04-21 20:45:00,1.17443,1.17443,1.17405,1.17423,121,2,0
2026-04-21 20:50:00,1.17423,1.1743000000000001,1.17418,1.17419,100,2,0
2026-04-21 20:55:00,1.17418,1.17443,1.17405,1.17423,346,2,0
2026-04-21 21:00:00,1.1743999999999999,1.1749100000000001,1.17426,1.17436,45,31,0
2026-04-21 21:05:00,1.17434,1.17452,1.17434,1.17445,17,16,0
2026-04-21 21:10:00,1.17445,1.17445,1.17418,1.17427,30,16,0
2026-04-21 21:15:00,1.17426,1.17426,1.17329,1.17388,42,18,0
2026-04-21 21:20:00,1.17388,1.17389,1.17311,1.17325,29,15,0
2026-04-21 21:25:00,1.17325,1.1733500000000001,1.17325,1.17334,16,32,0
2026-04-21 21:30:00,1.17337,1.17371,1.17332,1.17371,31,35,0
2026-04-21 21:35:00,1.17371,1.17442,1.17371,1.1742,130,31,0
2026-04-21 21:40:00,1.1742,1.17427,1.17419,1.17421,32,23,0
2026-04-21 21:45:00,1.17422,1.17422,1.17365,1.17381,67,18,0
2026-04-21 21:50:00,1.17381,1.17381,1.17373,1.17375,48,31,0
2026-04-21 21:55:00,1.17375,1.17393,1.17364,1.17393,95,22,0
2026-04-21 22:00:00,1.17393,1.17435,1.17393,1.17402,147,2,0
2026-04-21 22:05:00,1.17402,1.1740599999999999,1.17392,1.1739600000000001,64,5,0
2026-04-21 22:10:00,1.1739600000000001,1.17411,1.17394,1.17402,35,5,0
2026-04-21 22:15:00,1.17402,1.17411,1.17395,1.17401,77,2,0
2026-04-21 22:20:00,1.17401,1.17405,1.1739,1.17391,26,3,0
2026-04-21 22:25:00,1.17391,1.1739600000000001,1.17385,1.17389,38,3,0
2026-04-21 22:30:00,1.17389,1.17395,1.17386,1.17395,37,4,0
2026-04-21 22:35:00,1.17395,1.1740599999999999,1.17392,1.17398,47,2,0
2026-04-21 22:40:00,1.17398,1.17398,1.17387,1.17391,101,2,0
2026-04-21 22:45:00,1.17391,1.17393,1.17387,1.17392,30,2,0
2026-04-21 22:50:00,1.17392,1.17394,1.17386,1.1739,42,2,0
2026-04-21 22:55:00,1.1739,1.17392,1.17386,1.17387,84,2,0
2026-04-21 23:00:00,1.17387,1.17394,1.17384,1.17384,75,2,0
2026-04-21 23:05:00,1.17384,1.17385,1.17373,1.17383,67,2,0
2026-04-21 23:10:00,1.17383,1.17389,1.17382,1.17386,48,3,0
2026-04-21 23:15:00,1.17386,1.17408,1.17382,1.1740599999999999,75,2,0
2026-04-21 23:20:00,1.17407,1.17411,1.17399,1.17409,36,2,0
2026-04-21 23:25:00,1.17409,1.17414,1.17405,1.17407,21,2,0
2026-04-21 23:30:00,1.17407,1.17414,1.17405,1.17413,33,2,0
2026-04-21 23:35:00,1.17413,1.17418,1.17401,1.17402,62,2,0
2026-04-21 23:40:00,1.17402,1.17412,1.17402,1.17404,27,2,0
2026-04-21 23:45:00,1.17404,1.17424,1.17404,1.17424,42,2,0
2026-04-21 23:50:00,1.17424,1.1743999999999999,1.17424,1.1743999999999999,62,2,0
2026-04-21 23:55:00,1.1743999999999999,1.1743999999999999,1.1743000000000001,1.17439,36,2,0
2026-04-22 00:00:00,1.17439,1.17478,1.17435,1.17472,219,2,0
2026-04-22 00:05:00,1.17471,1.17504,1.17464,1.17496,206,2,0
2026-04-22 00:10:00,1.17496,1.17512,1.1749100000000001,1.17492,208,2,0
2026-04-22 00:15:00,1.1749100000000001,1.17512,1.17486,1.17499,149,2,0
2026-04-22 00:20:00,1.17499,1.17512,1.17493,1.17493,165,2,0
2026-04-22 00:25:00,1.17493,1.17497,1.17466,1.1746699999999999,151,2,0
2026-04-22 00:30:00,1.1746699999999999,1.17502,1.17466,1.17497,138,2,0
2026-04-22 00:35:00,1.17497,1.17497,1.17477,1.17478,120,2,0
2026-04-22 00:40:00,1.17478,1.17492,1.17473,1.17478,100,2,0
2026-04-22 00:45:00,1.17478,1.17481,1.17466,1.17472,159,2,0
2026-04-22 00:50:00,1.17472,1.17482,1.1745700000000001,1.17478,277,2,0
2026-04-22 00:55:00,1.17478,1.17478,1.1743000000000001,1.17437,229,2,0
2026-04-22 01:00:00,1.17437,1.17468,1.17424,1.17425,324,2,0
2026-04-22 01:05:00,1.17425,1.17435,1.17405,1.17413,195,2,0
2026-04-22 01:10:00,1.17413,1.17417,1.17385,1.17403,156,2,0
2026-04-22 01:15:00,1.17403,1.1742,1.17393,1.17402,91,2,0
2026-04-22 01:20:00,1.17402,1.17429,1.17398,1.17416,82,2,0
2026-04-22 01:25:00,1.17416,1.17422,1.17408,1.17415,117,2,0
2026-04-22 01:30:00,1.17415,1.17445,1.17411,1.17443,116,2,0
2026-04-22 01:35:00,1.17443,1.17461,1.17434,1.17447,128,2,0
2026-04-22 01:40:00,1.17447,1.17468,1.17426,1.17431,156,2,0
2026-04-22 01:45:00,1.17431,1.17453,1.17427,1.17453,97,2,0
2026-04-22 01:50:00,1.17453,1.1745700000000001,1.17443,1.17446,57,2,0
2026-04-22 01:55:00,1.17446,1.17453,1.17437,1.17445,72,2,0
2026-04-22 02:00:00,1.17445,1.1747,1.17445,1.1745700000000001,126,2,0
2026-04-22 02:05:00,1.1745700000000001,1.17473,1.17453,1.17473,54,2,0
2026-04-22 02:10:00,1.17473,1.17483,1.17472,1.17474,62,2,0
2026-04-22 02:15:00,1.17474,1.17476,1.17451,1.17456,104,2,0
2026-04-22 02:20:00,1.17456,1.17463,1.17448,1.17452,114,2,0
2026-04-22 02:25:00,1.17452,1.17464,1.17452,1.17462,132,2,0
2026-04-22 02:30:00,1.17462,1.1746699999999999,1.17456,1.17458,98,2,0
2026-04-22 02:35:00,1.17458,1.17462,1.17446,1.17448,121,2,0
2026-04-22 02:40:00,1.17448,1.17451,1.17439,1.17439,90,2,0
2026-04-22 02:45:00,1.17439,1.17448,1.17413,1.1742,85,2,0
2026-04-22 02:50:00,1.17417,1.17425,1.17411,1.17412,133,2,0
2026-04-22 02:55:00,1.17412,1.17416,1.1739600000000001,1.17404,103,2,0
2026-04-22 03:00:00,1.17404,1.17423,1.17386,1.17417,136,2,0
2026-04-22 03:05:00,1.17417,1.17423,1.17416,1.17419,84,2,0
2026-04-22 03:10:00,1.17419,1.17421,1.17402,1.17404,59,2,0
2026-04-22 03:15:00,1.17404,1.17408,1.17398,1.1740599999999999,108,2,0
2026-04-22 03:20:00,1.1740599999999999,1.17408,1.1739600000000001,1.174,110,2,0
2026-04-22 03:25:00,1.174,1.17409,1.17397,1.17407,80,2,0
2026-04-22 03:30:00,1.17407,1.17423,1.17407,1.17412,82,2,0
2026-04-22 03:35:00,1.17412,1.17418,1.17398,1.17401,39,2,0
2026-04-22 03:40:00,1.17401,1.17402,1.17388,1.17401,67,2,0
2026-04-22 03:45:00,1.17401,1.17403,1.17384,1.17385,92,2,0
2026-04-22 03:50:00,1.17386,1.17391,1.17382,1.17383,64,2,0
2026-04-22 03:55:00,1.17383,1.1739600000000001,1.17375,1.17383,82,2,0
2026-04-22 04:00:00,1.17383,1.17403,1.17383,1.17403,55,2,0
2026-04-22 04:05:00,1.17403,1.1740599999999999,1.17398,1.17401,32,2,0
2026-04-22 04:10:00,1.17401,1.17405,1.17386,1.17397,59,2,0
2026-04-22 04:15:00,1.17397,1.17403,1.17395,1.17397,34,2,0
2026-04-22 04:20:00,1.17397,1.17398,1.17391,1.17394,40,2,0
2026-04-22 04:25:00,1.17394,1.17407,1.17393,1.17405,40,2,0
2026-04-22 04:30:00,1.17405,1.17408,1.17383,1.17383,48,2,0
2026-04-22 04:35:00,1.17383,1.17399,1.17383,1.17398,39,2,0
2026-04-22 04:40:00,1.17398,1.17417,1.17397,1.17413,52,2,0
2026-04-22 04:45:00,1.17413,1.17423,1.17412,1.17421,67,2,0
2026-04-22 04:50:00,1.17421,1.17422,1.17398,1.17401,64,2,0
2026-04-22 04:55:00,1.17401,1.17401,1.17387,1.17394,92,2,0
2026-04-22 05:00:00,1.17394,1.17409,1.17389,1.17398,146,2,0
2026-04-22 05:05:00,1.17398,1.17429,1.17394,1.17427,63,2,0
2026-04-22 05:10:00,1.17427,1.17433,1.17417,1.17423,82,2,0
2026-04-22 05:15:00,1.17423,1.17563,1.17415,1.17558,650,2,0
2026-04-22 05:20:00,1.17558,1.17626,1.17546,1.17546,443,2,0
2026-04-22 05:25:00,1.17546,1.17587,1.17546,1.1757,303,2,0
2026-04-22 05:30:00,1.1757,1.17573,1.17511,1.17516,293,2,0
2026-04-22 05:35:00,1.17516,1.17555,1.17516,1.1752799999999999,127,2,0
2026-04-22 05:40:00,1.1752799999999999,1.17537,1.17514,1.17527,209,2,0
2026-04-22 05:45:00,1.17527,1.17535,1.17516,1.1752799999999999,133,2,0
2026-04-22 05:50:00,1.1752799999999999,1.1754,1.17511,1.17512,132,2,0
2026-04-22 05:55:00,1.17511,1.17522,1.17495,1.17505,119,2,0
2026-04-22 06:00:00,1.17505,1.17521,1.17474,1.17477,270,2,0
2026-04-22 06:05:00,1.17477,1.17487,1.17447,1.17461,233,2,0
2026-04-22 06:10:00,1.17461,1.17489,1.17451,1.17489,152,2,0
2026-04-22 06:15:00,1.17489,1.17511,1.17471,1.17473,180,2,0
2026-04-22 06:20:00,1.17472,1.17497,1.17472,1.17496,108,2,0
2026-04-22 06:25:00,1.17496,1.17538,1.17489,1.17534,119,2,0
2026-04-22 06:30:00,1.17533,1.1755,1.17513,1.17519,186,2,0
2026-04-22 06:35:00,1.17519,1.17529,1.175,1.17507,183,2,0
2026-04-22 06:40:00,1.17507,1.17519,1.17482,1.17488,144,2,0
2026-04-22 06:45:00,1.17488,1.17513,1.17482,1.17495,234,2,0
2026-04-22 06:50:00,1.17495,1.17519,1.17493,1.17506,129,2,0
2026-04-22 06:55:00,1.17506,1.17513,1.17485,1.17492,185,2,0
2026-04-22 07:00:00,1.17492,1.17519,1.1749,1.17508,313,2,0
2026-04-22 07:05:00,1.17508,1.17508,1.17488,1.17497,168,2,0
2026-04-22 07:10:00,1.17497,1.17513,1.17493,1.17507,100,2,0
2026-04-22 07:15:00,1.17507,1.17508,1.17463,1.17478,200,2,0
2026-04-22 07:20:00,1.17478,1.17502,1.17459,1.17477,207,2,0
2026-04-22 07:25:00,1.17477,1.17499,1.17472,1.17487,157,2,0
2026-04-22 07:30:00,1.17487,1.175,1.17473,1.17482,177,2,0
2026-04-22 07:35:00,1.17482,1.17504,1.17482,1.17497,132,2,0
2026-04-22 07:40:00,1.17496,1.17534,1.17493,1.17527,200,2,0
2026-04-22 07:45:00,1.17527,1.1752799999999999,1.17496,1.1751,187,2,0
2026-04-22 07:50:00,1.1751,1.1753,1.17506,1.17519,126,2,0
2026-04-22 07:55:00,1.17519,1.17563,1.17519,1.1755200000000001,146,2,0
2026-04-22 08:00:00,1.1755200000000001,1.1756199999999999,1.17517,1.17521,345,2,0
2026-04-22 08:05:00,1.17521,1.17553,1.17516,1.17545,273,2,0
2026-04-22 08:10:00,1.17545,1.17581,1.17544,1.17569,242,2,0
2026-04-22 08:15:00,1.17569,1.1758899999999999,1.1756199999999999,1.17565,199,2,0
2026-04-22 08:20:00,1.17565,1.17571,1.17513,1.17514,279,2,0
2026-04-22 08:25:00,1.17514,1.17537,1.17502,1.1753,220,2,0
2026-04-22 08:30:00,1.1753,1.17543,1.17478,1.1749,260,2,0
2026-04-22 08:35:00,1.17489,1.17498,1.17474,1.17486,212,2,0
2026-04-22 08:40:00,1.17486,1.17508,1.17476,1.17503,126,2,0
2026-04-22 08:45:00,1.17503,1.17541,1.17503,1.1752799999999999,163,2,0
2026-04-22 08:50:00,1.1752799999999999,1.17545,1.17522,1.17535,114,2,0
2026-04-22 08:55:00,1.17535,1.17542,1.17527,1.17535,105,2,0
2026-04-22 09:00:00,1.17535,1.17563,1.17517,1.17521,323,2,0
2026-04-22 09:05:00,1.17521,1.17548,1.1751800000000001,1.17548,187,2,0
2026-04-22 09:10:00,1.17548,1.17573,1.17544,1.17558,136,2,0
2026-04-22 09:15:00,1.17558,1.17558,1.17534,1.17545,142,2,0
2026-04-22 09:20:00,1.17545,1.17547,1.17506,1.1751,167,2,0
2026-04-22 09:25:00,1.1751,1.17522,1.17505,1.1751800000000001,98,2,0
2026-04-22 09:30:00,1.1751800000000001,1.17538,1.17512,1.17521,115,2,0
2026-04-22 09:35:00,1.17521,1.17539,1.17521,1.17531,92,2,0
2026-04-22 09:40:00,1.1753,1.17533,1.17513,1.17521,75,2,0
2026-04-22 09:45:00,1.17521,1.17523,1.17511,1.17522,77,2,0
2026-04-22 09:50:00,1.17522,1.17524,1.1749100000000001,1.17499,171,2,0
2026-04-22 09:55:00,1.17499,1.17499,1.17463,1.17474,231,2,0
2026-04-22 10:00:00,1.17474,1.17483,1.17434,1.17464,233,2,0
2026-04-22 10:05:00,1.17464,1.17509,1.17458,1.17474,194,2,0
2026-04-22 10:10:00,1.17474,1.17476,1.17448,1.17458,218,2,0
2026-04-22 10:15:00,1.17458,1.17497,1.17458,1.17496,140,2,0
2026-04-22 10:20:00,1.17496,1.17504,1.17474,1.17486,162,2,0
2026-04-22 10:25:00,1.17486,1.175,1.17469,1.17495,145,2,0
2026-04-22 10:30:00,1.17495,1.17503,1.17486,1.17497,153,2,0
2026-04-22 10:35:00,1.17498,1.1751800000000001,1.17497,1.17507,133,2,0
2026-04-22 10:40:00,1.17507,1.17514,1.17487,1.175,149,2,0
2026-04-22 10:45:00,1.175,1.1752,1.17493,1.17513,164,2,0
2026-04-22 10:50:00,1.17513,1.17531,1.17511,1.1752799999999999,138,2,0
2026-04-22 10:55:00,1.1752799999999999,1.17531,1.17512,1.17515,120,2,0
2026-04-22 11:00:00,1.17515,1.17515,1.17472,1.17483,210,2,0
2026-04-22 11:05:00,1.17483,1.17496,1.17472,1.17477,224,2,0
2026-04-22 11:10:00,1.17477,1.17484,1.17456,1.1745700000000001,162,2,0
2026-04-22 11:15:00,1.1745700000000001,1.1746,1.17442,1.17454,178,2,0
2026-04-22 11:20:00,1.17454,1.17481,1.17453,1.1746,206,2,0
2026-04-22 11:25:00,1.1746,1.1746699999999999,1.17423,1.17441,178,2,0
2026-04-22 11:30:00,1.17441,1.1745700000000001,1.17426,1.17431,239,2,0
2026-04-22 11:35:00,1.17431,1.17445,1.17405,1.17405,215,2,0
2026-04-22 11:40:00,1.17405,1.17412,1.1738,1.17383,330,2,0
2026-04-22 11:45:00,1.17383,1.17405,1.17379,1.17392,220,2,0
2026-04-22 11:50:00,1.17392,1.17397,1.1736,1.1736,231,2,0
2026-04-22 11:55:00,1.1736,1.1736,1.17319,1.17346,394,2,0
2026-04-22 12:00:00,1.1734499999999999,1.17376,1.17336,1.17366,226,2,0
2026-04-22 12:05:00,1.17366,1.17367,1.17321,1.1733,158,2,0
2026-04-22 12:10:00,1.1733,1.17336,1.17302,1.17321,220,2,0
2026-04-22 12:15:00,1.17321,1.17336,1.17312,1.17334,104,2,0
2026-04-22 12:20:00,1.17334,1.17344,1.1732,1.17339,143,2,0
2026-04-22 12:25:00,1.17339,1.1736900000000001,1.17272,1.17277,292,2,0
2026-04-22 12:30:00,1.17278,1.17289,1.17254,1.17276,322,2,0
2026-04-22 12:35:00,1.17276,1.17276,1.1724999999999999,1.17255,201,2,0
2026-04-22 12:40:00,1.17255,1.17282,1.1724700000000001,1.17262,221,2,0
2026-04-22 12:45:00,1.17262,1.17287,1.17251,1.17256,192,2,0
2026-04-22 12:50:00,1.17256,1.17289,1.17254,1.1728,284,2,0
2026-04-22 12:55:00,1.1728,1.17304,1.17275,1.17276,266,2,0
2026-04-22 13:00:00,1.17276,1.1728,1.17252,1.17272,381,2,0
2026-04-22 13:05:00,1.17272,1.17344,1.17238,1.17291,498,2,0
2026-04-22 13:10:00,1.17291,1.17291,1.1724700000000001,1.17258,358,2,0
2026-04-22 13:15:00,1.17258,1.17325,1.17249,1.17296,383,2,0
2026-04-22 13:20:00,1.17296,1.17384,1.17296,1.1733500000000001,709,2,0
2026-04-22 13:25:00,1.1733500000000001,1.17347,1.17311,1.17322,326,2,0
2026-04-22 13:30:00,1.17322,1.17332,1.1728,1.173,469,2,0
2026-04-22 13:35:00,1.173,1.17363,1.17295,1.17346,351,2,0
2026-04-22 13:40:00,1.17346,1.17414,1.17344,1.17405,488,2,0
2026-04-22 13:45:00,1.17405,1.17432,1.17405,1.17416,439,2,0
2026-04-22 13:50:00,1.17416,1.17422,1.17371,1.17376,420,2,0
2026-04-22 13:55:00,1.17376,1.17408,1.17375,1.17407,290,2,0
2026-04-22 14:00:00,1.17407,1.17431,1.17383,1.17383,311,2,0
2026-04-22 14:05:00,1.17382,1.17386,1.17365,1.17376,314,2,0
2026-04-22 14:10:00,1.17378,1.17383,1.17337,1.17344,322,2,0
2026-04-22 14:15:00,1.17344,1.17367,1.17343,1.17353,225,2,0
2026-04-22 14:20:00,1.17353,1.17401,1.1734,1.17344,274,2,0
2026-04-22 14:25:00,1.17344,1.17351,1.17314,1.17336,351,2,0
2026-04-22 14:30:00,1.17336,1.17343,1.17262,1.17307,642,2,0
2026-04-22 14:35:00,1.17307,1.17348,1.17285,1.17338,360,2,0
2026-04-22 14:40:00,1.17338,1.17346,1.17286,1.17288,331,2,0
2026-04-22 14:45:00,1.17286,1.17316,1.17276,1.17278,356,2,0
2026-04-22 14:50:00,1.17278,1.17291,1.17227,1.17257,368,2,0
2026-04-22 14:55:00,1.17257,1.17257,1.17182,1.17185,507,2,0
2026-04-22 15:00:00,1.17184,1.1718600000000001,1.1715200000000001,1.1717,472,2,0
2026-04-22 15:05:00,1.17169,1.17208,1.17154,1.17194,345,2,0
2026-04-22 15:10:00,1.17194,1.17218,1.17176,1.17197,220,2,0
2026-04-22 15:15:00,1.17197,1.17198,1.17166,1.1719,202,2,0
2026-04-22 15:20:00,1.1718899999999999,1.17196,1.17168,1.17194,199,2,0
2026-04-22 15:25:00,1.17194,1.17229,1.17191,1.17219,275,2,0
2026-04-22 15:30:00,1.17219,1.17237,1.172,1.17234,280,2,0
2026-04-22 15:35:00,1.17234,1.17239,1.17204,1.17205,233,2,0
2026-04-22 15:40:00,1.17205,1.17209,1.17131,1.17137,396,2,0
2026-04-22 15:45:00,1.17137,1.17164,1.17123,1.17158,283,2,0
2026-04-22 15:50:00,1.17158,1.17166,1.17136,1.17137,250,2,0
2026-04-22 15:55:00,1.17137,1.17167,1.1712799999999999,1.17132,289,2,0
2026-04-22 16:00:00,1.17136,1.17148,1.17119,1.17137,384,2,0
2026-04-22 16:05:00,1.17137,1.17153,1.1712,1.17129,254,2,0
2026-04-22 16:10:00,1.17129,1.17142,1.17117,1.17142,144,2,0
2026-04-22 16:15:00,1.17142,1.17143,1.17106,1.17109,123,2,0
2026-04-22 16:20:00,1.17109,1.17134,1.17105,1.17114,259,2,0
2026-04-22 16:25:00,1.17114,1.17132,1.171,1.1712500000000001,279,2,0
2026-04-22 16:30:00,1.1712500000000001,1.1713,1.17099,1.17127,199,2,0
2026-04-22 16:35:00,1.17127,1.17141,1.17122,1.1714,101,2,0
2026-04-22 16:40:00,1.1714,1.17156,1.17111,1.17134,301,2,0
2026-04-22 16:45:00,1.17133,1.17155,1.17124,1.17138,178,2,0
2026-04-22 16:50:00,1.17138,1.17147,1.17129,1.17146,156,2,0
2026-04-22 16:55:00,1.17146,1.17147,1.17117,1.17127,215,2,0
2026-04-22 17:00:00,1.17127,1.17169,1.17112,1.17126,460,2,0
2026-04-22 17:05:00,1.17126,1.17138,1.17111,1.17113,189,2,0
2026-04-22 17:10:00,1.17113,1.17149,1.17113,1.17131,279,2,0
2026-04-22 17:15:00,1.17131,1.1716,1.17131,1.17145,102,2,0
2026-04-22 17:20:00,1.17145,1.17167,1.1714,1.17149,142,2,0
2026-04-22 17:25:00,1.17149,1.17149,1.1712799999999999,1.17149,195,2,0
2026-04-22 17:30:00,1.17149,1.17167,1.17148,1.17154,144,2,0
2026-04-22 17:35:00,1.17154,1.1716,1.17134,1.17143,128,2,0
2026-04-22 17:40:00,1.17143,1.17147,1.17129,1.17147,141,2,0
2026-04-22 17:45:00,1.17147,1.1715200000000001,1.17127,1.17137,279,2,0
2026-04-22 17:50:00,1.17137,1.17144,1.17117,1.17117,137,2,0
2026-04-22 17:55:00,1.17117,1.17127,1.17099,1.17103,154,2,0
2026-04-22 18:00:00,1.17103,1.1712799999999999,1.17087,1.17126,130,2,0
2026-04-22 18:05:00,1.17126,1.17127,1.17113,1.17115,128,2,0
2026-04-22 18:10:00,1.17115,1.17119,1.17105,1.17113,96,2,0
2026-04-22 18:15:00,1.17113,1.17113,1.17093,1.17094,114,2,0
2026-04-22 18:20:00,1.17094,1.17096,1.17075,1.17096,186,2,0
2026-04-22 18:25:00,1.17095,1.17098,1.17082,1.17089,162,2,0
2026-04-22 18:30:00,1.17089,1.171,1.17086,1.17095,210,2,0
2026-04-22 18:35:00,1.17095,1.17098,1.17079,1.17095,112,2,0
2026-04-22 18:40:00,1.17095,1.17118,1.17095,1.17117,78,2,0
2026-04-22 18:45:00,1.17117,1.17122,1.17108,1.17119,100,2,0
2026-04-22 18:50:00,1.17119,1.17119,1.17099,1.171,60,2,0
2026-04-22 18:55:00,1.171,1.17104,1.17078,1.17087,183,2,0
2026-04-22 19:00:00,1.17089,1.1709,1.17058,1.17085,374,2,0
2026-04-22 19:05:00,1.17085,1.17099,1.17082,1.17088,109,2,0
2026-04-22 19:10:00,1.17088,1.17096,1.17086,1.17094,104,2,0
2026-04-22 19:15:00,1.17094,1.1711,1.17093,1.17098,132,2,0
2026-04-22 19:20:00,1.17098,1.17099,1.17084,1.17092,107,2,0
2026-04-22 19:25:00,1.17092,1.17104,1.17089,1.17103,155,2,0
2026-04-22 19:30:00,1.17103,1.17103,1.17083,1.17084,92,2,0
2026-04-22 19:35:00,1.17084,1.17089,1.17069,1.1708,130,2,0
2026-04-22 19:40:00,1.1708,1.17083,1.17068,1.17076,63,2,0
2026-04-22 19:45:00,1.17076,1.17078,1.17065,1.17069,104,2,0
2026-04-22 19:50:00,1.17069,1.17072,1.17051,1.17059,251,2,0
2026-04-22 19:55:00,1.17059,1.1706,1.17049,1.17056,128,2,0
2026-04-22 20:00:00,1.17056,1.17057,1.17038,1.17048,110,2,0
2026-04-22 20:05:00,1.17048,1.17053,1.1703000000000001,1.17034,66,2,0
2026-04-22 20:10:00,1.17034,1.17056,1.17033,1.17054,74,2,0
2026-04-22 20:15:00,1.17054,1.17061,1.17049,1.17055,49,2,0
2026-04-22 20:20:00,1.17055,1.17065,1.17054,1.17063,25,2,0
2026-04-22 20:25:00,1.17063,1.17066,1.17058,1.17065,40,2,0
2026-04-22 20:30:00,1.17065,1.17075,1.1706,1.17073,45,2,0
2026-04-22 20:35:00,1.17073,1.17073,1.17032,1.17056,118,2,0
2026-04-22 20:40:00,1.17056,1.17061,1.17055,1.17061,44,2,0
2026-04-22 20:45:00,1.17061,1.17077,1.17056,1.17071,86,2,0
2026-04-22 20:50:00,1.17071,1.17071,1.17048,1.17054,88,2,0
2026-04-22 20:55:00,1.17054,1.17069,1.17043,1.17047,257,2,0
2026-04-22 21:00:00,1.17043,1.17051,1.17043,1.17051,6,32,0
2026-04-22 21:05:00,1.17047,1.1705,1.17045,1.17049,13,27,0
2026-04-22 21:10:00,1.17049,1.1705,1.17047,1.17049,9,34,0
2026-04-22 21:15:00,1.17049,1.17049,1.17046,1.17046,7,33,0
2026-04-22 21:20:00,1.17046,1.17046,1.17042,1.17044,15,21,0
2026-04-22 21:25:00,1.17045,1.17046,1.17045,1.17045,7,21,0
2026-04-22 21:30:00,1.17045,1.17045,1.17043,1.17043,11,17,0
2026-04-22 21:35:00,1.17043,1.17046,1.17043,1.17045,9,18,0
2026-04-22 21:40:00,1.17045,1.17054,1.17045,1.17052,34,16,0
2026-04-22 21:45:00,1.17052,1.1707,1.17052,1.17069,36,15,0
2026-04-22 21:50:00,1.17069,1.17069,1.1706699999999999,1.17069,10,35,0
2026-04-22 21:55:00,1.17069,1.17071,1.17068,1.17071,13,32,0
2026-04-22 22:00:00,1.17071,1.17087,1.17069,1.1707,74,4,0
2026-04-22 22:05:00,1.17071,1.17077,1.17069,1.17069,20,4,0
2026-04-22 22:10:00,1.17069,1.17071,1.17058,1.1706,33,5,0
2026-04-22 22:15:00,1.17061,1.17069,1.17059,1.17068,31,3,0
2026-04-22 22:20:00,1.17068,1.17069,1.17059,1.17061,69,2,0
2026-04-22 22:25:00,1.17062,1.17068,1.1706,1.17062,38,5,0
2026-04-22 22:30:00,1.17062,1.1707,1.1706,1.1706699999999999,41,3,0
2026-04-22 22:35:00,1.1706699999999999,1.1706699999999999,1.17056,1.17059,37,2,0
2026-04-22 22:40:00,1.17059,1.17061,1.1705,1.17051,31,2,0
2026-04-22 22:45:00,1.1705,1.1707,1.1705,1.17068,30,3,0
2026-04-22 22:50:00,1.17068,1.17069,1.17061,1.17065,30,4,0
2026-04-22 22:55:00,1.17065,1.17065,1.17056,1.17061,32,2,0
2026-04-22 23:00:00,1.17061,1.17063,1.17051,1.17052,47,2,0
2026-04-22 23:05:00,1.17052,1.17055,1.17051,1.17052,12,3,0
2026-04-22 23:10:00,1.17052,1.17055,1.17045,1.17054,87,2,0
2026-04-22 23:15:00,1.17055,1.1706,1.17051,1.1706,17,3,0
2026-04-22 23:20:00,1.1706,1.17061,1.17058,1.17059,15,2,0
2026-04-22 23:25:00,1.17059,1.17065,1.17059,1.17065,13,3,0
2026-04-22 23:30:00,1.17065,1.1707,1.17056,1.1707,27,2,0
2026-04-22 23:35:00,1.1707,1.1707,1.17063,1.17064,12,4,0
2026-04-22 23:40:00,1.17064,1.17065,1.17064,1.17064,21,3,0
2026-04-22 23:45:00,1.17065,1.1707,1.17064,1.17068,70,2,0
2026-04-22 23:50:00,1.17068,1.17068,1.17057,1.17065,70,2,0
2026-04-22 23:55:00,1.17066,1.17066,1.1705,1.17054,102,2,0
2026-04-23 00:00:00,1.17054,1.17075,1.17033,1.17059,247,2,0
2026-04-23 00:05:00,1.17059,1.17076,1.17034,1.1703999999999999,226,2,0
2026-04-23 00:10:00,1.1703999999999999,1.17043,1.16976,1.16977,447,2,0
2026-04-23 00:15:00,1.16977,1.17117,1.16921,1.17106,1488,2,0
2026-04-23 00:20:00,1.17105,1.1712799999999999,1.17049,1.17053,743,2,0
2026-04-23 00:25:00,1.17052,1.17109,1.17051,1.17103,343,2,0
2026-04-23 00:30:00,1.17103,1.17135,1.17102,1.17127,317,2,0
2026-04-23 00:35:00,1.17127,1.17134,1.1711,1.17126,239,2,0
2026-04-23 00:40:00,1.17126,1.17126,1.17097,1.17109,216,2,0
2026-04-23 00:45:00,1.17108,1.1712799999999999,1.17096,1.17098,266,2,0
2026-04-23 00:50:00,1.17098,1.17124,1.17098,1.17119,369,2,0
2026-04-23 00:55:00,1.1712,1.1712500000000001,1.17108,1.17114,253,2,0
2026-04-23 01:00:00,1.17114,1.1712799999999999,1.17108,1.17113,207,2,0
2026-04-23 01:05:00,1.17113,1.1712,1.17099,1.17108,229,2,0
2026-04-23 01:10:00,1.17108,1.17116,1.17089,1.17093,225,2,0
2026-04-23 01:15:00,1.17093,1.17097,1.17078,1.17082,160,2,0
2026-04-23 01:20:00,1.17082,1.171,1.17076,1.17094,195,2,0
2026-04-23 01:25:00,1.17094,1.17118,1.17085,1.17085,356,2,0
2026-04-23 01:30:00,1.17085,1.17111,1.1708,1.17089,276,2,0
2026-04-23 01:35:00,1.17089,1.17105,1.17089,1.17104,190,2,0
2026-04-23 01:40:00,1.17104,1.17124,1.17096,1.17115,97,2,0
2026-04-23 01:45:00,1.17115,1.17121,1.17103,1.17109,147,2,0
2026-04-23 01:50:00,1.17109,1.17113,1.17078,1.17083,199,2,0
2026-04-23 01:55:00,1.17083,1.17099,1.17081,1.1709,247,2,0
2026-04-23 02:00:00,1.1709,1.17104,1.1708,1.17082,216,2,0
2026-04-23 02:05:00,1.17082,1.17087,1.17064,1.1706699999999999,192,2,0
2026-04-23 02:10:00,1.1706699999999999,1.17069,1.17042,1.17043,226,2,0
2026-04-23 02:15:00,1.17043,1.17055,1.1703000000000001,1.1705,260,2,0
2026-04-23 02:20:00,1.1705,1.1707,1.17038,1.17051,184,2,0
2026-04-23 02:25:00,1.17051,1.17061,1.1703999999999999,1.1703999999999999,157,2,0
2026-04-23 02:30:00,1.1703999999999999,1.17053,1.17032,1.17046,150,2,0
2026-04-23 02:35:00,1.17046,1.17063,1.17043,1.17056,142,2,0
2026-04-23 02:40:00,1.17056,1.17063,1.17042,1.17044,149,2,0
2026-04-23 02:45:00,1.17044,1.17053,1.17038,1.17039,80,2,0
2026-04-23 02:50:00,1.17039,1.17039,1.16994,1.16994,168,2,0
2026-04-23 02:55:00,1.16994,1.16994,1.16958,1.16972,324,2,0
2026-04-23 03:00:00,1.16973,1.17015,1.1695,1.1701,285,2,0
2026-04-23 03:05:00,1.1701,1.1701,1.16974,1.16974,203,2,0
2026-04-23 03:10:00,1.16974,1.1698,1.16958,1.16968,212,2,0
2026-04-23 03:15:00,1.16968,1.1698,1.16967,1.16975,150,2,0
2026-04-23 03:20:00,1.16975,1.16981,1.16965,1.16965,167,2,0
2026-04-23 03:25:00,1.16965,1.16973,1.16958,1.1697,156,2,0
2026-04-23 03:30:00,1.1697,1.16985,1.16965,1.1698,121,2,0
2026-04-23 03:35:00,1.1698,1.1699,1.1697899999999999,1.1697899999999999,62,2,0
2026-04-23 03:40:00,1.1697899999999999,1.16986,1.16964,1.16968,114,2,0
2026-04-23 03:45:00,1.16968,1.16974,1.16964,1.16971,181,2,0
2026-04-23 03:50:00,1.16971,1.1697899999999999,1.1696900000000001,1.1697,83,2,0
2026-04-23 03:55:00,1.1697,1.16972,1.16947,1.16955,156,2,0
2026-04-23 04:00:00,1.16955,1.1696900000000001,1.16951,1.16965,101,2,0
2026-04-23 04:05:00,1.16965,1.16972,1.16954,1.16962,92,2,0
2026-04-23 04:10:00,1.16962,1.16978,1.16953,1.16975,74,2,0
2026-04-23 04:15:00,1.16975,1.16989,1.16974,1.16988,77,2,0
2026-04-23 04:20:00,1.16988,1.16995,1.1698,1.1698,95,2,0
2026-04-23 04:25:00,1.1698,1.16985,1.16975,1.1698,81,2,0
2026-04-23 04:30:00,1.1698,1.16989,1.1698,1.16985,76,2,0
2026-04-23 04:35:00,1.16985,1.16995,1.16981,1.16987,56,2,0
2026-04-23 04:40:00,1.16987,1.16994,1.16983,1.16992,77,2,0
2026-04-23 04:45:00,1.16992,1.17005,1.16989,1.16995,70,2,0
2026-04-23 04:50:00,1.16995,1.17002,1.16989,1.17,95,2,0
2026-04-23 04:55:00,1.17,1.17002,1.16993,1.17,86,2,0
2026-04-23 05:00:00,1.17,1.17015,1.16995,1.17007,107,2,0
2026-04-23 05:05:00,1.17007,1.17023,1.17005,1.17017,70,2,0
2026-04-23 05:10:00,1.17017,1.17024,1.17008,1.17016,80,2,0
2026-04-23 05:15:00,1.17016,1.17021,1.17015,1.1702,48,2,0
2026-04-23 05:20:00,1.1702,1.17029,1.17019,1.17026,51,2,0
2026-04-23 05:25:00,1.17026,1.17031,1.17021,1.17021,60,2,0
2026-04-23 05:30:00,1.17021,1.17035,1.17013,1.17025,91,2,0
2026-04-23 05:35:00,1.17025,1.17027,1.17016,1.17016,90,2,0
2026-04-23 05:40:00,1.17016,1.17026,1.17009,1.17021,125,2,0
2026-04-23 05:45:00,1.17021,1.17043,1.17021,1.17039,85,2,0
2026-04-23 05:50:00,1.17039,1.17053,1.17035,1.17039,99,2,0
2026-04-23 05:55:00,1.17039,1.17069,1.17039,1.17068,134,2,0
2026-04-23 06:00:00,1.17068,1.17079,1.17057,1.1706,142,2,0
2026-04-23 06:05:00,1.1706,1.17071,1.17055,1.17061,127,2,0
2026-04-23 06:10:00,1.17061,1.17061,1.17037,1.17041,161,2,0
2026-04-23 06:15:00,1.17041,1.17046,1.17019,1.17024,175,2,0
2026-04-23 06:20:00,1.17024,1.17058,1.1702,1.17052,150,2,0
2026-04-23 06:25:00,1.17052,1.17061,1.17039,1.17046,104,2,0
2026-04-23 06:30:00,1.17046,1.1706,1.17042,1.17053,103,2,0
2026-04-23 06:35:00,1.17053,1.1707,1.17052,1.1706699999999999,116,2,0
2026-04-23 06:40:00,1.1706699999999999,1.17079,1.17063,1.17075,128,2,0
2026-04-23 06:45:00,1.17075,1.1709,1.17061,1.17063,144,2,0
2026-04-23 06:50:00,1.17063,1.17086,1.17056,1.17075,231,2,0
2026-04-23 06:55:00,1.17075,1.17076,1.17028,1.17035,221,2,0
2026-04-23 07:00:00,1.17035,1.17039,1.17002,1.17019,330,2,0
2026-04-23 07:05:00,1.17019,1.17118,1.17019,1.17061,550,2,0
2026-04-23 07:10:00,1.17061,1.17069,1.17021,1.17032,356,2,0
2026-04-23 07:15:00,1.17032,1.17073,1.17014,1.17033,348,2,0
2026-04-23 07:20:00,1.17033,1.17034,1.17005,1.17011,211,2,0
2026-04-23 07:25:00,1.17011,1.17038,1.17003,1.17026,254,2,0
2026-04-23 07:30:00,1.17026,1.17026,1.16953,1.16973,466,2,0
2026-04-23 07:35:00,1.16973,1.1700599999999999,1.1697,1.16978,217,2,0
2026-04-23 07:40:00,1.16978,1.16982,1.16955,1.16976,277,2,0
2026-04-23 07:45:00,1.16976,1.1703000000000001,1.16976,1.17028,235,2,0
2026-04-23 07:50:00,1.17028,1.1703999999999999,1.16992,1.16993,202,2,0
2026-04-23 07:55:00,1.16993,1.17026,1.1699,1.17023,200,2,0
2026-04-23 08:00:00,1.17023,1.17037,1.17004,1.1702,194,2,0
2026-04-23 08:05:00,1.1702,1.1703999999999999,1.17017,1.17028,217,2,0
2026-04-23 08:10:00,1.17027,1.17043,1.17015,1.17015,201,2,0
2026-04-23 08:15:00,1.17015,1.17034,1.17005,1.17032,178,2,0
2026-04-23 08:20:00,1.17032,1.17036,1.17015,1.17017,197,2,0
2026-04-23 08:25:00,1.17017,1.17052,1.17008,1.17025,264,2,0
2026-04-23 08:30:00,1.17025,1.17045,1.1697899999999999,1.17011,390,2,0
2026-04-23 08:35:00,1.17011,1.17028,1.16974,1.16982,177,2,0
2026-04-23 08:40:00,1.16982,1.17002,1.16963,1.16976,149,2,0
2026-04-23 08:45:00,1.16975,1.16996,1.16973,1.16989,136,2,0
2026-04-23 08:50:00,1.16989,1.17007,1.16987,1.17003,108,2,0
2026-04-23 08:55:00,1.17003,1.17023,1.17003,1.17015,139,2,0
2026-04-23 09:00:00,1.17014,1.17022,1.1696,1.16964,236,2,0
2026-04-23 09:05:00,1.16964,1.16975,1.1694499999999999,1.16947,210,2,0
2026-04-23 09:10:00,1.16947,1.16961,1.1694499999999999,1.16951,230,2,0
2026-04-23 09:15:00,1.16951,1.1701,1.16937,1.1698,457,2,0
2026-04-23 09:20:00,1.1698,1.16983,1.16951,1.16962,221,2,0
2026-04-23 09:25:00,1.16962,1.16967,1.1693500000000001,1.16948,203,2,0
2026-04-23 09:30:00,1.16948,1.16962,1.1694499999999999,1.16959,192,2,0
2026-04-23 09:35:00,1.16959,1.1696,1.16922,1.16925,169,2,0
2026-04-23 09:40:00,1.16925,1.16965,1.16903,1.1696,204,2,0
2026-04-23 09:45:00,1.1696,1.16967,1.16917,1.16925,246,2,0
2026-04-23 09:50:00,1.16925,1.16953,1.1692,1.16939,133,2,0
2026-04-23 09:55:00,1.16939,1.16965,1.16925,1.1693500000000001,213,2,0
2026-04-23 10:00:00,1.16936,1.1696,1.16923,1.16924,226,2,0
2026-04-23 10:05:00,1.16923,1.16926,1.16863,1.16868,313,2,0
2026-04-23 10:10:00,1.16868,1.16871,1.16848,1.16863,257,2,0
2026-04-23 10:15:00,1.16863,1.16869,1.1682,1.16855,317,2,0
2026-04-23 10:20:00,1.16855,1.1686,1.1684,1.16844,289,2,0
2026-04-23 10:25:00,1.16844,1.1685,1.16824,1.16832,183,2,0
2026-04-23 10:30:00,1.16832,1.16865,1.16832,1.16862,294,2,0
2026-04-23 10:35:00,1.16862,1.16864,1.16828,1.16829,243,2,0
2026-04-23 10:40:00,1.16829,1.16837,1.16816,1.16826,213,2,0
2026-04-23 10:45:00,1.16826,1.16832,1.16797,1.16805,203,2,0
2026-04-23 10:50:00,1.16805,1.1682299999999999,1.16803,1.16815,200,2,0
2026-04-23 10:55:00,1.16815,1.16835,1.16804,1.16821,529,2,0
2026-04-23 11:00:00,1.16821,1.16827,1.16803,1.16806,388,2,0
2026-04-23 11:05:00,1.16807,1.16817,1.16799,1.16812,145,2,0
2026-04-23 11:10:00,1.16812,1.16825,1.16792,1.16818,181,2,0
2026-04-23 11:15:00,1.16818,1.16819,1.16792,1.16809,193,2,0
2026-04-23 11:20:00,1.16809,1.16832,1.1679599999999999,1.16803,214,2,0
2026-04-23 11:25:00,1.16803,1.16819,1.16799,1.16815,206,2,0
2026-04-23 11:30:00,1.16815,1.1682299999999999,1.1679,1.16801,238,2,0
2026-04-23 11:35:00,1.16801,1.16839,1.16791,1.16791,318,2,0
2026-04-23 11:40:00,1.16791,1.1684,1.16791,1.16835,291,2,0
2026-04-23 11:45:00,1.16835,1.16905,1.16834,1.16867,332,2,0
2026-04-23 11:50:00,1.16867,1.16977,1.16852,1.1695,695,2,0
2026-04-23 11:55:00,1.1695,1.16959,1.16902,1.16905,428,2,0
2026-04-23 12:00:00,1.16905,1.16936,1.16867,1.1688399999999999,502,2,0
2026-04-23 12:05:00,1.1688399999999999,1.16965,1.16883,1.16934,541,2,0
2026-04-23 12:10:00,1.1693500000000001,1.16981,1.16929,1.16956,337,2,0
2026-04-23 12:15:00,1.16956,1.16956,1.1692,1.16925,270,2,0
2026-04-23 12:20:00,1.16925,1.1693500000000001,1.16861,1.16898,365,2,0
2026-04-23 12:25:00,1.16898,1.1691,1.16875,1.16878,283,2,0
2026-04-23 12:30:00,1.16878,1.16942,1.16868,1.16939,401,2,0
2026-04-23 12:35:00,1.16939,1.16954,1.16917,1.16954,349,2,0
2026-04-23 12:40:00,1.16954,1.16976,1.16946,1.16958,298,2,0
2026-04-23 12:45:00,1.16958,1.1698,1.16862,1.16882,996,2,0
2026-04-23 12:50:00,1.16885,1.1692,1.16871,1.1691,410,2,0
2026-04-23 12:55:00,1.16911,1.16934,1.16898,1.16919,356,2,0
2026-04-23 13:00:00,1.16919,1.16934,1.16911,1.16916,312,2,0
2026-04-23 13:05:00,1.16916,1.16927,1.16892,1.16904,219,2,0
2026-04-23 13:10:00,1.16904,1.1690800000000001,1.16832,1.16849,386,2,0
2026-04-23 13:15:00,1.1685,1.16885,1.16838,1.16859,337,2,0
2026-04-23 13:20:00,1.16859,1.16896,1.16859,1.16894,223,2,0
2026-04-23 13:25:00,1.16894,1.16907,1.16878,1.16883,330,2,0
2026-04-23 13:30:00,1.16883,1.16947,1.1688,1.16922,478,2,0
2026-04-23 13:35:00,1.16922,1.1695,1.16915,1.16944,319,2,0
2026-04-23 13:40:00,1.16944,1.16949,1.16917,1.16923,334,2,0
2026-04-23 13:45:00,1.16923,1.16938,1.16844,1.16933,469,2,0
2026-04-23 13:50:00,1.16933,1.16967,1.1692,1.16944,459,2,0
2026-04-23 13:55:00,1.16944,1.16944,1.16885,1.1691,439,2,0
2026-04-23 14:00:00,1.1691,1.16933,1.16873,1.16925,597,2,0
2026-04-23 14:05:00,1.16923,1.16971,1.16915,1.16966,413,2,0
2026-04-23 14:10:00,1.16966,1.1698,1.16952,1.16977,346,2,0
2026-04-23 14:15:00,1.16977,1.17014,1.16967,1.16998,425,2,0
2026-04-23 14:20:00,1.16999,1.17056,1.16996,1.1705,287,2,0
2026-04-23 14:25:00,1.1705,1.17072,1.17044,1.17056,302,2,0
2026-04-23 14:30:00,1.17058,1.17072,1.17038,1.17054,347,2,0
2026-04-23 14:35:00,1.17054,1.17062,1.17033,1.17039,335,2,0
2026-04-23 14:40:00,1.17038,1.17077,1.17028,1.17074,279,2,0
2026-04-23 14:45:00,1.17074,1.1712,1.17074,1.17119,314,2,0
2026-04-23 14:50:00,1.17119,1.17164,1.1709,1.17161,418,2,0
2026-04-23 14:55:00,1.17161,1.17161,1.17083,1.17107,730,2,0
2026-04-23 15:00:00,1.17107,1.1713,1.17078,1.17083,487,2,0
2026-04-23 15:05:00,1.17083,1.17095,1.1706,1.17061,309,2,0
2026-04-23 15:10:00,1.17061,1.17087,1.17057,1.17071,365,2,0
2026-04-23 15:15:00,1.17071,1.1713,1.17059,1.17124,310,2,0
2026-04-23 15:20:00,1.17124,1.17143,1.17094,1.17136,362,2,0
2026-04-23 15:25:00,1.17136,1.17154,1.17104,1.17106,440,2,0
2026-04-23 15:30:00,1.17106,1.17111,1.17074,1.17087,370,2,0
2026-04-23 15:35:00,1.17087,1.17104,1.17076,1.17078,157,2,0
2026-04-23 15:40:00,1.17077,1.17094,1.17028,1.17028,327,2,0
2026-04-23 15:45:00,1.17028,1.1708,1.17007,1.17079,522,2,0
2026-04-23 15:50:00,1.17079,1.17079,1.17036,1.1703999999999999,281,2,0
2026-04-23 15:55:00,1.1703999999999999,1.17069,1.17032,1.17032,364,2,0
2026-04-23 16:00:00,1.17032,1.17037,1.1700599999999999,1.17008,265,2,0
2026-04-23 16:05:00,1.17008,1.17017,1.16987,1.16997,280,2,0
2026-04-23 16:10:00,1.16997,1.17013,1.16983,1.16985,179,2,0
2026-04-23 16:15:00,1.16985,1.16997,1.16982,1.16992,248,2,0
2026-04-23 16:20:00,1.16992,1.17022,1.16992,1.17001,306,2,0
2026-04-23 16:25:00,1.17001,1.17039,1.17,1.17033,157,2,0
2026-04-23 16:30:00,1.17033,1.17041,1.17002,1.17035,179,2,0
2026-04-23 16:35:00,1.17035,1.17049,1.17033,1.17036,138,2,0
2026-04-23 16:40:00,1.17036,1.17042,1.17027,1.1703999999999999,97,2,0
2026-04-23 16:45:00,1.1703999999999999,1.17055,1.17029,1.17038,88,2,0
2026-04-23 16:50:00,1.17038,1.17038,1.17017,1.17017,188,2,0
2026-04-23 16:55:00,1.17017,1.17028,1.17002,1.17021,250,2,0
2026-04-23 17:00:00,1.17021,1.17026,1.1693,1.1694,861,2,0
2026-04-23 17:05:00,1.1694,1.1694,1.1685,1.1685,645,2,0
2026-04-23 17:10:00,1.1685,1.16861,1.16818,1.16842,801,2,0
2026-04-23 17:15:00,1.16842,1.16843,1.16788,1.16798,779,2,0
2026-04-23 17:20:00,1.16798,1.16827,1.16781,1.16803,727,2,0
2026-04-23 17:25:00,1.16803,1.16879,1.16794,1.16827,866,2,0
2026-04-23 17:30:00,1.16827,1.16864,1.16818,1.16861,602,2,0
2026-04-23 17:35:00,1.16861,1.1687400000000001,1.1678,1.16782,808,2,0
2026-04-23 17:40:00,1.16782,1.16782,1.16706,1.16715,1152,2,0
2026-04-23 17:45:00,1.16715,1.16771,1.16689,1.1674,1260,2,0
2026-04-23 17:50:00,1.1674,1.16904,1.16722,1.16799,1364,2,0
2026-04-23 17:55:00,1.16798,1.16933,1.16792,1.16928,1130,2,0
2026-04-23 18:00:00,1.16928,1.16973,1.16909,1.16946,917,2,0
2026-04-23 18:05:00,1.16946,1.16963,1.16923,1.16927,578,2,0
2026-04-23 18:10:00,1.16927,1.16998,1.16925,1.16957,786,2,0
2026-04-23 18:15:00,1.16957,1.16983,1.16944,1.16962,409,2,0
2026-04-23 18:20:00,1.16962,1.16983,1.16932,1.16943,586,2,0
2026-04-23 18:25:00,1.16943,1.16953,1.16927,1.16952,312,2,0
2026-04-23 18:30:00,1.16952,1.16984,1.16948,1.1696900000000001,339,2,0
2026-04-23 18:35:00,1.1696900000000001,1.16983,1.1693500000000001,1.16947,252,2,0
2026-04-23 18:40:00,1.16947,1.16951,1.16914,1.16941,228,2,0
2026-04-23 18:45:00,1.16941,1.16943,1.16911,1.16914,285,2,0
2026-04-23 18:50:00,1.16914,1.16949,1.16903,1.1693500000000001,243,2,0
2026-04-23 18:55:00,1.1693500000000001,1.1693500000000001,1.16879,1.16893,383,2,0
2026-04-23 19:00:00,1.16892,1.16902,1.1684700000000001,1.16852,614,2,0
2026-04-23 19:05:00,1.16852,1.1687400000000001,1.16845,1.16863,222,2,0
2026-04-23 19:10:00,1.16863,1.16866,1.16843,1.16859,201,2,0
2026-04-23 19:15:00,1.16859,1.16877,1.1685699999999999,1.16866,255,2,0
2026-04-23 19:20:00,1.16866,1.16868,1.16851,1.16852,182,2,0
2026-04-23 19:25:00,1.16852,1.16859,1.16841,1.16852,147,2,0
2026-04-23 19:30:00,1.16852,1.1686,1.16822,1.16825,200,2,0
2026-04-23 19:35:00,1.16825,1.16849,1.16803,1.16832,364,2,0
2026-04-23 19:40:00,1.16832,1.16839,1.16814,1.1682299999999999,214,2,0
2026-04-23 19:45:00,1.1682299999999999,1.16835,1.16822,1.16829,222,2,0
2026-04-23 19:50:00,1.16829,1.16878,1.16801,1.16865,379,2,0
2026-04-23 19:55:00,1.16865,1.16877,1.16855,1.16865,273,2,0
2026-04-23 20:00:00,1.16865,1.16868,1.16841,1.16856,306,2,0
2026-04-23 20:05:00,1.16856,1.1685699999999999,1.16826,1.1683,241,2,0
2026-04-23 20:10:00,1.1683,1.16833,1.16815,1.1682,210,2,0
2026-04-23 20:15:00,1.1682,1.16827,1.16804,1.16821,135,2,0
2026-04-23 20:20:00,1.16821,1.16849,1.16818,1.16846,110,2,0
2026-04-23 20:25:00,1.16846,1.16846,1.16829,1.16833,97,2,0
2026-04-23 20:30:00,1.16833,1.16852,1.16833,1.16844,97,2,0
2026-04-23 20:35:00,1.16844,1.1684700000000001,1.16842,1.1684700000000001,71,2,0
2026-04-23 20:40:00,1.1684700000000001,1.16848,1.16842,1.16846,42,2,0
2026-04-23 20:45:00,1.16846,1.16849,1.1684,1.1684,39,2,0
2026-04-23 20:50:00,1.1684,1.1684,1.16816,1.16824,52,2,0
2026-04-23 20:55:00,1.16824,1.16833,1.16817,1.16818,223,2,0
2026-04-23 21:00:00,1.16783,1.16787,1.1678,1.1678,10,93,0
2026-04-23 21:05:00,1.16784,1.1681,1.1678,1.16807,308,61,0
2026-04-23 21:10:00,1.16819,1.16834,1.16818,1.1682,188,55,0
2026-04-23 21:15:00,1.1682,1.16876,1.16815,1.1683,299,46,0
2026-04-23 21:20:00,1.1683,1.1683,1.16757,1.16757,41,21,0
2026-04-23 21:25:00,1.16757,1.1681300000000001,1.16757,1.16812,50,33,0
2026-04-23 21:30:00,1.16812,1.16844,1.16811,1.1684,211,30,0
2026-04-23 21:35:00,1.1684,1.16866,1.1681,1.16815,72,38,0
2026-04-23 21:40:00,1.16815,1.16815,1.16784,1.16809,78,56,0
2026-04-23 21:45:00,1.16809,1.1682299999999999,1.16797,1.16821,13,56,0
2026-04-23 21:50:00,1.16821,1.16824,1.1682,1.16824,15,43,0
2026-04-23 21:55:00,1.16824,1.16848,1.1682299999999999,1.16837,42,29,0
2026-04-23 22:00:00,1.16837,1.16855,1.16832,1.16854,137,11,0
2026-04-23 22:05:00,1.16853,1.16856,1.16848,1.16849,100,10,0
2026-04-23 22:10:00,1.16849,1.1686,1.16849,1.16858,72,5,0
2026-04-23 22:15:00,1.16858,1.16858,1.16852,1.1685699999999999,23,3,0
2026-04-23 22:20:00,1.1685699999999999,1.16859,1.16852,1.16858,38,2,0
2026-04-23 22:25:00,1.16858,1.16858,1.16849,1.16855,27,5,0
2026-04-23 22:30:00,1.16855,1.16859,1.16852,1.16853,23,3,0
2026-04-23 22:35:00,1.16854,1.16861,1.16851,1.16853,47,2,0
2026-04-23 22:40:00,1.16853,1.16859,1.16851,1.1685699999999999,36,3,0
2026-04-23 22:45:00,1.1685699999999999,1.16863,1.1685699999999999,1.16859,24,4,0
2026-04-23 22:50:00,1.16859,1.16859,1.16853,1.16858,27,5,0
2026-04-23 22:55:00,1.16858,1.16861,1.16852,1.16858,31,3,0
2026-04-23 23:00:00,1.16858,1.16859,1.16842,1.16843,49,2,0
2026-04-23 23:05:00,1.16843,1.16844,1.16835,1.16837,62,3,0
2026-04-23 23:10:00,1.16837,1.16837,1.16832,1.16833,26,3,0
2026-04-23 23:15:00,1.16833,1.16834,1.16818,1.16824,73,2,0
2026-04-23 23:20:00,1.16824,1.16832,1.16824,1.16831,28,3,0
2026-04-23 23:25:00,1.16831,1.16839,1.1683,1.16839,30,2,0
2026-04-23 23:30:00,1.16839,1.16842,1.16832,1.16839,31,2,0
2026-04-23 23:35:00,1.16839,1.1684,1.16835,1.16839,25,3,0
2026-04-23 23:40:00,1.16839,1.1684,1.16835,1.16837,17,2,0
2026-04-23 23:45:00,1.16837,1.16841,1.16828,1.16829,73,2,0
2026-04-23 23:50:00,1.16829,1.16842,1.16828,1.16837,63,2,0
2026-04-23 23:55:00,1.16837,1.16839,1.16828,1.16834,83,2,0
2026-04-24 00:00:00,1.16834,1.1684,1.16817,1.16824,201,2,0
2026-04-24 00:05:00,1.16824,1.16861,1.16824,1.16859,116,2,0
2026-04-24 00:10:00,1.16859,1.16866,1.16846,1.16866,78,2,0
2026-04-24 00:15:00,1.16866,1.16877,1.16858,1.16859,88,2,0
2026-04-24 00:20:00,1.16859,1.16861,1.1685,1.16859,61,2,0
2026-04-24 00:25:00,1.16859,1.1687,1.16854,1.1687,53,2,0
2026-04-24 00:30:00,1.1687,1.16882,1.16864,1.1687400000000001,118,2,0
2026-04-24 00:35:00,1.1687400000000001,1.1688399999999999,1.16861,1.16862,114,2,0
2026-04-24 00:40:00,1.16862,1.16862,1.16835,1.16843,243,2,0
2026-04-24 00:45:00,1.16843,1.16852,1.16834,1.16842,178,2,0
2026-04-24 00:50:00,1.16842,1.16854,1.16829,1.16843,240,2,0
2026-04-24 00:55:00,1.16842,1.1686,1.16835,1.16852,149,2,0
2026-04-24 01:00:00,1.16852,1.16858,1.16833,1.16844,251,2,0
2026-04-24 01:05:00,1.16844,1.16862,1.16836,1.16853,166,2,0
2026-04-24 01:10:00,1.16853,1.16867,1.16845,1.16858,144,2,0
2026-04-24 01:15:00,1.16858,1.16872,1.16855,1.1686,94,2,0
2026-04-24 01:20:00,1.1686,1.16865,1.16852,1.16861,81,2,0
2026-04-24 01:25:00,1.16861,1.16861,1.16845,1.16845,80,2,0
2026-04-24 01:30:00,1.16845,1.16876,1.16821,1.16863,290,2,0
2026-04-24 01:35:00,1.16863,1.16863,1.16842,1.16851,176,2,0
2026-04-24 01:40:00,1.16851,1.16865,1.16842,1.16844,164,2,0
2026-04-24 01:45:00,1.16842,1.16868,1.16841,1.16868,113,2,0
2026-04-24 01:50:00,1.16868,1.16877,1.16863,1.1687,70,2,0
2026-04-24 01:55:00,1.16872,1.16885,1.16864,1.1688399999999999,169,2,0
2026-04-24 02:00:00,1.1688399999999999,1.16893,1.16861,1.16873,189,2,0
2026-04-24 02:05:00,1.16873,1.16873,1.1685,1.1685,91,2,0
2026-04-24 02:10:00,1.1685,1.1685,1.16834,1.16838,161,2,0
2026-04-24 02:15:00,1.16838,1.16845,1.16834,1.16838,76,2,0
2026-04-24 02:20:00,1.16838,1.1684,1.16808,1.16808,166,2,0
2026-04-24 02:25:00,1.16808,1.16814,1.16802,1.16802,123,2,0
2026-04-24 02:30:00,1.16802,1.16831,1.16802,1.1682299999999999,109,2,0
2026-04-24 02:35:00,1.1682299999999999,1.16826,1.16809,1.16815,143,2,0
2026-04-24 02:40:00,1.16815,1.16821,1.16801,1.16803,74,2,0
2026-04-24 02:45:00,1.16803,1.16803,1.16784,1.16787,71,2,0
2026-04-24 02:50:00,1.16787,1.16794,1.16784,1.16793,81,2,0
2026-04-24 02:55:00,1.16793,1.16795,1.1678,1.16789,76,2,0
2026-04-24 03:00:00,1.16789,1.16799,1.16763,1.16764,171,2,0
2026-04-24 03:05:00,1.16764,1.16775,1.1676,1.1677,71,2,0
2026-04-24 03:10:00,1.1677,1.16773,1.1676,1.16769,80,2,0
2026-04-24 03:15:00,1.16769,1.16775,1.16765,1.16766,73,2,0
2026-04-24 03:20:00,1.16766,1.16775,1.16756,1.16761,112,2,0
2026-04-24 03:25:00,1.16761,1.16771,1.16753,1.16755,112,2,0
2026-04-24 03:30:00,1.16755,1.16755,1.16728,1.16741,128,2,0
2026-04-24 03:35:00,1.16741,1.16766,1.16738,1.16759,124,2,0
2026-04-24 03:40:00,1.16759,1.16773,1.16758,1.16763,88,2,0
2026-04-24 03:45:00,1.16763,1.16779,1.16763,1.16777,58,2,0
2026-04-24 03:50:00,1.16777,1.16784,1.1677,1.16781,70,2,0
2026-04-24 03:55:00,1.16781,1.16784,1.16775,1.16778,93,2,0
2026-04-24 04:00:00,1.16778,1.16789,1.16765,1.16784,104,2,0
2026-04-24 04:05:00,1.16784,1.16789,1.16778,1.16788,90,2,0
2026-04-24 04:10:00,1.16788,1.168,1.1678600000000001,1.16791,119,2,0
2026-04-24 04:15:00,1.16791,1.16795,1.1678,1.16789,105,2,0
2026-04-24 04:20:00,1.16789,1.16789,1.16774,1.16774,79,2,0
2026-04-24 04:25:00,1.16774,1.1678,1.16773,1.16778,77,2,0
2026-04-24 04:30:00,1.16778,1.16799,1.16776,1.1678,124,2,0
2026-04-24 04:35:00,1.1678,1.16797,1.1678,1.1679,57,2,0
2026-04-24 04:40:00,1.1679,1.16792,1.16776,1.16782,75,2,0
2026-04-24 04:45:00,1.16782,1.16815,1.16782,1.16809,102,2,0
2026-04-24 04:50:00,1.16809,1.1681,1.16797,1.16797,60,2,0
2026-04-24 04:55:00,1.16797,1.16804,1.16787,1.16789,79,2,0
2026-04-24 05:00:00,1.16789,1.16802,1.16789,1.16794,107,2,0
2026-04-24 05:05:00,1.16793,1.16794,1.16765,1.1677,157,2,0
2026-04-24 05:10:00,1.1677,1.16785,1.16764,1.16784,157,2,0
2026-04-24 05:15:00,1.16784,1.16794,1.1678,1.1678,68,2,0
2026-04-24 05:20:00,1.1678,1.16799,1.1678,1.16797,57,2,0
2026-04-24 05:25:00,1.16797,1.16804,1.1679,1.16792,89,2,0
2026-04-24 05:30:00,1.16792,1.16819,1.16792,1.16819,105,2,0
2026-04-24 05:35:00,1.16819,1.16827,1.1681,1.16825,75,2,0
2026-04-24 05:40:00,1.16825,1.1683,1.16818,1.16819,77,2,0
2026-04-24 05:45:00,1.16819,1.1682,1.16808,1.1681300000000001,88,2,0
2026-04-24 05:50:00,1.1681300000000001,1.16819,1.16807,1.16818,66,2,0
2026-04-24 05:55:00,1.16818,1.1683,1.16816,1.16819,100,2,0
2026-04-24 06:00:00,1.16819,1.1682299999999999,1.16797,1.1681,177,2,0
2026-04-24 06:05:00,1.1681,1.16821,1.16805,1.16817,134,2,0
2026-04-24 06:10:00,1.16817,1.1682,1.16808,1.16815,119,2,0
2026-04-24 06:15:00,1.16815,1.16819,1.16794,1.16805,68,2,0
2026-04-24 06:20:00,1.16805,1.16805,1.1678,1.16785,108,2,0
2026-04-24 06:25:00,1.16785,1.16804,1.16781,1.16804,125,2,0
2026-04-24 06:30:00,1.16804,1.16812,1.16797,1.16802,71,2,0
2026-04-24 06:35:00,1.16802,1.16816,1.16787,1.16815,131,2,0
2026-04-24 06:40:00,1.16815,1.16836,1.16815,1.1682299999999999,147,2,0
2026-04-24 06:45:00,1.1682299999999999,1.16825,1.16791,1.16806,101,2,0
2026-04-24 06:50:00,1.16806,1.1681300000000001,1.16791,1.1681300000000001,118,2,0
2026-04-24 06:55:00,1.1681300000000001,1.1681300000000001,1.16773,1.16784,198,2,0
2026-04-24 07:00:00,1.16784,1.16789,1.1676,1.16784,297,2,0
2026-04-24 07:05:00,1.16784,1.16808,1.16775,1.168,148,2,0
2026-04-24 07:10:00,1.168,1.16816,1.16795,1.16811,106,2,0
2026-04-24 07:15:00,1.16811,1.16825,1.16802,1.16821,93,2,0
2026-04-24 07:20:00,1.16821,1.1683,1.16803,1.16805,129,2,0
2026-04-24 07:25:00,1.16805,1.1682,1.16804,1.16809,85,2,0
2026-04-24 07:30:00,1.16809,1.16809,1.16787,1.168,121,2,0
2026-04-24 07:35:00,1.168,1.16821,1.16793,1.16819,84,2,0
2026-04-24 07:40:00,1.16818,1.1685,1.1681300000000001,1.1685,128,2,0
2026-04-24 07:45:00,1.1685,1.16877,1.16846,1.16877,131,2,0
2026-04-24 07:50:00,1.16876,1.16898,1.1687,1.16871,172,2,0
2026-04-24 07:55:00,1.16871,1.16938,1.16871,1.1690800000000001,277,2,0
2026-04-24 08:00:00,1.1690800000000001,1.16909,1.16849,1.16859,345,2,0
2026-04-24 08:05:00,1.16859,1.16872,1.16838,1.16851,197,2,0
2026-04-24 08:10:00,1.16851,1.16882,1.16851,1.16869,170,2,0
2026-04-24 08:15:00,1.16869,1.16958,1.16869,1.1694,606,2,0
2026-04-24 08:20:00,1.1694,1.16956,1.16923,1.16924,422,2,0
2026-04-24 08:25:00,1.16924,1.16932,1.16902,1.16914,380,2,0
2026-04-24 08:30:00,1.16914,1.16915,1.16898,1.16905,310,2,0
2026-04-24 08:35:00,1.16905,1.16917,1.1687400000000001,1.1687400000000001,279,2,0
2026-04-24 08:40:00,1.1687400000000001,1.16881,1.16865,1.16869,181,2,0
2026-04-24 08:45:00,1.16869,1.16937,1.16867,1.16913,240,2,0
2026-04-24 08:50:00,1.16913,1.16913,1.1688399999999999,1.1689,197,2,0
2026-04-24 08:55:00,1.1689,1.169,1.16871,1.16897,160,2,0
2026-04-24 09:00:00,1.16897,1.1690800000000001,1.16873,1.16878,202,2,0
2026-04-24 09:05:00,1.16878,1.16887,1.16864,1.1687400000000001,187,2,0
2026-04-24 09:10:00,1.1687400000000001,1.16893,1.16869,1.16879,172,2,0
2026-04-24 09:15:00,1.16879,1.16895,1.16859,1.16864,149,2,0
2026-04-24 09:20:00,1.16864,1.16879,1.16844,1.16871,277,2,0
2026-04-24 09:25:00,1.16871,1.16871,1.16845,1.1685,201,2,0
2026-04-24 09:30:00,1.1685,1.16867,1.16839,1.16864,191,2,0
2026-04-24 09:35:00,1.16864,1.16881,1.16852,1.1687,135,2,0
2026-04-24 09:40:00,1.1687,1.16892,1.16866,1.16875,134,2,0
2026-04-24 09:45:00,1.16875,1.1688,1.1686,1.1686,131,2,0
2026-04-24 09:50:00,1.1686,1.16873,1.16855,1.16873,97,2,0
2026-04-24 09:55:00,1.16873,1.16876,1.16859,1.16863,107,2,0
2026-04-24 10:00:00,1.16863,1.1687,1.16855,1.1686,162,2,0
2026-04-24 10:05:00,1.1686,1.16886,1.16859,1.16886,133,2,0
2026-04-24 10:10:00,1.16886,1.16902,1.16878,1.16882,118,2,0
2026-04-24 10:15:00,1.16882,1.16899,1.1688,1.16886,119,2,0
2026-04-24 10:20:00,1.16886,1.16931,1.16882,1.16931,130,2,0
2026-04-24 10:25:00,1.16931,1.16962,1.16928,1.16961,169,2,0
2026-04-24 10:30:00,1.16961,1.16961,1.1694499999999999,1.1694499999999999,163,2,0
2026-04-24 10:35:00,1.1694499999999999,1.16951,1.1694,1.16946,121,2,0
2026-04-24 10:40:00,1.16946,1.17011,1.16946,1.17001,182,2,0
2026-04-24 10:45:00,1.17001,1.17001,1.1697899999999999,1.16983,144,2,0
2026-04-24 10:50:00,1.16983,1.17012,1.16983,1.17005,109,2,0
2026-04-24 10:55:00,1.17005,1.17034,1.16997,1.17031,196,2,0
2026-04-24 11:00:00,1.17031,1.17086,1.17027,1.17071,262,2,0
2026-04-24 11:05:00,1.17071,1.17124,1.1703000000000001,1.1708,988,2,0
2026-04-24 11:10:00,1.1708,1.17097,1.17063,1.17077,379,2,0
2026-04-24 11:15:00,1.17077,1.1709100000000001,1.1705,1.17053,391,2,0
2026-04-24 11:20:00,1.17053,1.1717,1.17036,1.17161,1027,2,0
2026-04-24 11:25:00,1.17158,1.17182,1.17134,1.1718,600,2,0
2026-04-24 11:30:00,1.1718,1.17183,1.17114,1.17154,530,2,0
2026-04-24 11:35:00,1.17151,1.17154,1.17115,1.17124,381,2,0
2026-04-24 11:40:00,1.17123,1.17176,1.17121,1.17166,306,2,0
2026-04-24 11:45:00,1.17166,1.17184,1.17139,1.17172,298,2,0
2026-04-24 11:50:00,1.17172,1.17183,1.17155,1.17159,196,2,0
2026-04-24 11:55:00,1.17159,1.1716,1.17127,1.17144,320,2,0
2026-04-24 12:00:00,1.17145,1.17173,1.17138,1.17166,345,2,0
2026-04-24 12:05:00,1.17166,1.17171,1.17113,1.17115,308,2,0
2026-04-24 12:10:00,1.17114,1.17164,1.17111,1.17153,312,2,0
2026-04-24 12:15:00,1.17153,1.17161,1.17102,1.1712500000000001,392,2,0
2026-04-24 12:20:00,1.1712500000000001,1.1714,1.17108,1.1712799999999999,343,2,0
2026-04-24 12:25:00,1.1712799999999999,1.17146,1.17119,1.17135,133,2,0
2026-04-24 12:30:00,1.17135,1.17137,1.17084,1.17086,196,2,0
2026-04-24 12:35:00,1.17086,1.17093,1.17066,1.17083,295,2,0
2026-04-24 12:40:00,1.17083,1.17095,1.17066,1.17074,203,2,0
2026-04-24 12:45:00,1.17074,1.17114,1.17028,1.17042,367,2,0
2026-04-24 12:50:00,1.17042,1.17057,1.17026,1.17032,375,2,0
2026-04-24 12:55:00,1.17032,1.1709,1.17031,1.17087,383,2,0
2026-04-24 13:00:00,1.17087,1.17123,1.17085,1.17097,281,2,0
2026-04-24 13:05:00,1.17097,1.17103,1.17073,1.17079,238,2,0
2026-04-24 13:10:00,1.17081,1.1712500000000001,1.1706,1.17079,354,2,0
2026-04-24 13:15:00,1.17079,1.17093,1.17062,1.17077,317,2,0
2026-04-24 13:20:00,1.17077,1.17082,1.17042,1.17051,335,2,0
2026-04-24 13:25:00,1.17051,1.17051,1.17017,1.17022,359,2,0
2026-04-24 13:30:00,1.17022,1.17034,1.16986,1.16986,477,2,0
2026-04-24 13:35:00,1.16986,1.1703000000000001,1.16986,1.17027,333,2,0
2026-04-24 13:40:00,1.17027,1.1703999999999999,1.17019,1.17038,306,2,0
2026-04-24 13:45:00,1.17038,1.17071,1.1703000000000001,1.17056,300,2,0
2026-04-24 13:50:00,1.17056,1.17074,1.17029,1.17037,332,2,0
2026-04-24 13:55:00,1.17037,1.17076,1.17028,1.17064,219,2,0
2026-04-24 14:00:00,1.17064,1.17095,1.17002,1.17059,756,2,0
2026-04-24 14:05:00,1.17059,1.17115,1.17044,1.17104,686,2,0
2026-04-24 14:10:00,1.17104,1.1715,1.17085,1.17107,601,2,0
2026-04-24 14:15:00,1.17107,1.17147,1.17094,1.17137,521,2,0
2026-04-24 14:20:00,1.17137,1.1716,1.17087,1.17088,388,2,0
2026-04-24 14:25:00,1.17088,1.17115,1.17074,1.17115,384,2,0
2026-04-24 14:30:00,1.17117,1.17164,1.17114,1.17158,307,2,0
2026-04-24 14:35:00,1.17158,1.17169,1.17127,1.17135,519,2,0
2026-04-24 14:40:00,1.17135,1.17147,1.17112,1.17117,479,2,0
2026-04-24 14:45:00,1.17117,1.17121,1.17076,1.1709,440,2,0
2026-04-24 14:50:00,1.1709,1.17099,1.17057,1.17062,408,2,0
2026-04-24 14:55:00,1.17062,1.17075,1.1703000000000001,1.17063,376,2,0
2026-04-24 15:00:00,1.17063,1.17078,1.17042,1.17069,413,2,0
2026-04-24 15:05:00,1.17068,1.17068,1.17043,1.17063,192,2,0
2026-04-24 15:10:00,1.17063,1.17072,1.17039,1.17052,237,2,0
2026-04-24 15:15:00,1.17052,1.17057,1.1703000000000001,1.17042,338,2,0
2026-04-24 15:20:00,1.17042,1.1708,1.17041,1.17065,262,2,0
2026-04-24 15:25:00,1.17065,1.17084,1.17057,1.1707,386,2,0
2026-04-24 15:30:00,1.1707,1.17087,1.1703999999999999,1.17046,385,2,0
2026-04-24 15:35:00,1.17046,1.17052,1.17015,1.17041,604,2,0
2026-04-24 15:40:00,1.17041,1.17118,1.17005,1.17104,526,2,0
2026-04-24 15:45:00,1.17095,1.17151,1.17094,1.17142,1118,2,0
2026-04-24 15:50:00,1.17142,1.17198,1.17123,1.17171,603,2,0
2026-04-24 15:55:00,1.17171,1.1719,1.17158,1.17174,390,2,0
2026-04-24 16:00:00,1.17174,1.17192,1.17159,1.17177,363,2,0
2026-04-24 16:05:00,1.17177,1.17188,1.17131,1.17141,292,2,0
2026-04-24 16:10:00,1.17141,1.17171,1.17137,1.17158,297,2,0
2026-04-24 16:15:00,1.17158,1.1717,1.17144,1.1715,230,2,0
2026-04-24 16:20:00,1.17149,1.17168,1.17137,1.17145,280,2,0
2026-04-24 16:25:00,1.17145,1.17153,1.1713,1.17132,265,2,0
2026-04-24 16:30:00,1.17132,1.17174,1.17132,1.17161,326,2,0
2026-04-24 16:35:00,1.17161,1.17177,1.17153,1.17174,208,2,0
2026-04-24 16:40:00,1.17174,1.17183,1.17147,1.17148,236,2,0
2026-04-24 16:45:00,1.17148,1.17179,1.17148,1.17173,202,2,0
2026-04-24 16:50:00,1.17173,1.17196,1.17173,1.1718899999999999,151,2,0
2026-04-24 16:55:00,1.1718899999999999,1.17197,1.17169,1.17191,262,2,0
2026-04-24 17:00:00,1.17191,1.17211,1.17181,1.17197,406,2,0
2026-04-24 17:05:00,1.17197,1.17208,1.17179,1.1718899999999999,245,2,0
2026-04-24 17:10:00,1.1718899999999999,1.17207,1.1718,1.17191,144,2,0
2026-04-24 17:15:00,1.17191,1.17193,1.17173,1.17185,171,2,0
2026-04-24 17:20:00,1.17185,1.17185,1.17154,1.17163,157,2,0
2026-04-24 17:25:00,1.17163,1.17168,1.1715,1.1716,168,2,0
2026-04-24 17:30:00,1.1716,1.1716,1.17133,1.17138,257,2,0
2026-04-24 17:35:00,1.17138,1.17161,1.17123,1.17127,226,2,0
2026-04-24 17:40:00,1.17127,1.17143,1.1712,1.17143,197,2,0
2026-04-24 17:45:00,1.17143,1.17143,1.1712799999999999,1.1713,153,2,0
2026-04-24 17:50:00,1.1713,1.17187,1.1712500000000001,1.17132,237,2,0
2026-04-24 17:55:00,1.17133,1.17147,1.17129,1.17134,138,2,0
2026-04-24 18:00:00,1.17134,1.17143,1.17124,1.17124,137,2,0
2026-04-24 18:05:00,1.17124,1.17137,1.17111,1.17124,71,2,0
2026-04-24 18:10:00,1.17124,1.17143,1.17118,1.17139,77,2,0
2026-04-24 18:15:00,1.17139,1.17149,1.17123,1.17134,95,2,0
2026-04-24 18:20:00,1.17134,1.17157,1.17127,1.1715,96,2,0
2026-04-24 18:25:00,1.17149,1.17153,1.17133,1.17149,143,2,0
2026-04-24 18:30:00,1.17149,1.17155,1.17135,1.17144,95,2,0
2026-04-24 18:35:00,1.17144,1.17185,1.1714,1.1718,99,2,0
2026-04-24 18:40:00,1.1718,1.17185,1.17173,1.17179,61,2,0
2026-04-24 18:45:00,1.17179,1.1718,1.17166,1.1717,63,2,0
2026-04-24 18:50:00,1.1717,1.17182,1.17159,1.1718,91,2,0
2026-04-24 18:55:00,1.1718,1.17195,1.17171,1.17177,110,2,0
2026-04-24 19:00:00,1.17176,1.17192,1.17174,1.17175,116,2,0
2026-04-24 19:05:00,1.17175,1.17183,1.17172,1.17177,54,2,0
2026-04-24 19:10:00,1.17177,1.17203,1.17172,1.17199,76,2,0
2026-04-24 19:15:00,1.17199,1.17209,1.1718899999999999,1.17195,79,2,0
2026-04-24 19:20:00,1.17195,1.17195,1.17178,1.1718,65,2,0
2026-04-24 19:25:00,1.1718,1.17188,1.17169,1.1718,57,2,0
2026-04-24 19:30:00,1.1718,1.17194,1.17173,1.17188,186,2,0
2026-04-24 19:35:00,1.17188,1.17188,1.17169,1.17179,253,2,0
2026-04-24 19:40:00,1.17179,1.17184,1.17172,1.17173,270,2,0
2026-04-24 19:45:00,1.17172,1.17172,1.1716199999999999,1.17165,275,2,0
2026-04-24 19:50:00,1.17165,1.17177,1.1715200000000001,1.17172,224,2,0
2026-04-24 19:55:00,1.17172,1.1719,1.17168,1.17185,195,2,0
2026-04-24 20:00:00,1.17185,1.17195,1.17178,1.17195,106,2,0
2026-04-24 20:05:00,1.17195,1.17208,1.17167,1.1719,141,2,0
2026-04-24 20:10:00,1.1719,1.17199,1.17187,1.17197,116,2,0
2026-04-24 20:15:00,1.17197,1.17205,1.17191,1.17192,69,2,0
2026-04-24 20:20:00,1.17192,1.17197,1.1718899999999999,1.1718899999999999,51,2,0
2026-04-24 20:25:00,1.17188,1.17192,1.17173,1.17192,136,2,0
2026-04-24 20:30:00,1.17192,1.17199,1.17172,1.17174,122,2,0
2026-04-24 20:35:00,1.17174,1.17197,1.17174,1.1718899999999999,89,3,0
2026-04-24 20:40:00,1.1718899999999999,1.17209,1.1718600000000001,1.17207,122,2,0
2026-04-24 20:45:00,1.17207,1.17217,1.17204,1.17217,93,3,0
2026-04-24 20:50:00,1.17217,1.17224,1.17204,1.1722,155,2,0
2026-04-26 21:10:00,1.16974,1.16976,1.16964,1.16964,20,45,0
2026-04-26 21:15:00,1.16964,1.16977,1.16959,1.1697,37,57,0
2026-04-26 21:20:00,1.1697,1.16986,1.1696,1.16973,55,74,0
2026-04-26 21:25:00,1.16973,1.16976,1.16973,1.16976,11,91,0
2026-04-26 21:30:00,1.1697899999999999,1.17013,1.16974,1.17013,35,78,0
2026-04-26 21:35:00,1.17013,1.17057,1.17012,1.17051,44,40,0
2026-04-26 21:40:00,1.17051,1.17062,1.17045,1.1706,53,31,0
2026-04-26 21:45:00,1.1706,1.1706,1.17053,1.17055,15,40,0
2026-04-26 21:50:00,1.17055,1.17058,1.17054,1.17055,13,42,0
2026-04-26 21:55:00,1.17055,1.17058,1.17051,1.17051,14,58,0
2026-04-26 22:00:00,1.17051,1.17121,1.17051,1.17062,256,2,0
2026-04-26 22:05:00,1.17062,1.17076,1.17054,1.1707,102,2,0
2026-04-26 22:10:00,1.1707,1.17075,1.17045,1.17068,79,2,0
2026-04-26 22:15:00,1.17068,1.17079,1.17059,1.17072,78,2,0
2026-04-26 22:20:00,1.17072,1.17075,1.17054,1.17062,87,2,0
2026-04-26 22:25:00,1.17062,1.1707,1.17052,1.17068,83,2,0
2026-04-26 22:30:00,1.17068,1.17069,1.17055,1.17063,76,2,0
2026-04-26 22:35:00,1.17063,1.17082,1.17062,1.17081,73,2,0
2026-04-26 22:40:00,1.17081,1.17081,1.1707,1.1707,44,3,0
2026-04-26 22:45:00,1.1707,1.17077,1.17068,1.17073,49,2,0
2026-04-26 22:50:00,1.17073,1.17075,1.17061,1.1707,44,2,0
2026-04-26 22:55:00,1.1707,1.17082,1.17069,1.17079,34,2,0
2026-04-26 23:00:00,1.17079,1.17081,1.17076,1.1708,36,2,0
2026-04-26 23:05:00,1.1708,1.1709,1.17079,1.17083,38,2,0
2026-04-26 23:10:00,1.17083,1.17089,1.17079,1.17083,30,2,0
2026-04-26 23:15:00,1.17083,1.1709100000000001,1.17083,1.17089,26,2,0
2026-04-26 23:20:00,1.17089,1.17094,1.17084,1.17084,31,2,0
2026-04-26 23:25:00,1.17084,1.17084,1.17063,1.17064,27,3,0
2026-04-26 23:30:00,1.17064,1.17064,1.17054,1.17061,47,2,0
2026-04-26 23:35:00,1.17061,1.17064,1.17058,1.17058,32,3,0
2026-04-26 23:40:00,1.17058,1.17063,1.17053,1.17059,54,2,0
2026-04-26 23:45:00,1.17059,1.17074,1.17059,1.17063,68,3,0
2026-04-26 23:50:00,1.17063,1.17068,1.17052,1.17063,74,2,0
2026-04-26 23:55:00,1.17063,1.1706699999999999,1.17052,1.17054,109,2,0
2026-04-27 00:00:00,1.17054,1.17095,1.17054,1.17094,280,2,0
2026-04-27 00:05:00,1.17094,1.17095,1.17072,1.1709100000000001,137,2,0
2026-04-27 00:10:00,1.1709100000000001,1.171,1.1709,1.171,111,2,0
2026-04-27 00:15:00,1.171,1.17102,1.17079,1.17089,166,2,0
2026-04-27 00:20:00,1.17089,1.17104,1.17089,1.17096,74,2,0
2026-04-27 00:25:00,1.17096,1.1712,1.17095,1.17115,55,2,0
2026-04-27 00:30:00,1.17115,1.17123,1.17111,1.17115,78,2,0
2026-04-27 00:35:00,1.17115,1.1712500000000001,1.17115,1.17124,35,2,0
2026-04-27 00:40:00,1.17124,1.17138,1.17124,1.17137,42,2,0
2026-04-27 00:45:00,1.17137,1.1715200000000001,1.17137,1.17139,238,2,0
2026-04-27 00:50:00,1.17139,1.17142,1.17126,1.17126,180,2,0
2026-04-27 00:55:00,1.17131,1.1717,1.17127,1.17159,281,2,0
2026-04-27 01:00:00,1.1716,1.17265,1.1716,1.17238,738,2,0
2026-04-27 01:05:00,1.17238,1.17244,1.1716199999999999,1.17179,293,2,0
2026-04-27 01:10:00,1.17179,1.17221,1.17174,1.17198,275,2,0
2026-04-27 01:15:00,1.17198,1.17251,1.17197,1.17249,334,2,0
2026-04-27 01:20:00,1.17249,1.17267,1.1724,1.17259,212,2,0
2026-04-27 01:25:00,1.17259,1.1726,1.172,1.17224,210,2,0
2026-04-27 01:30:00,1.17224,1.17232,1.17208,1.17228,199,2,0
2026-04-27 01:35:00,1.17228,1.17243,1.17222,1.17239,141,2,0
2026-04-27 01:40:00,1.17239,1.17244,1.17229,1.17243,127,2,0
2026-04-27 01:45:00,1.17243,1.17249,1.17233,1.17248,160,2,0
2026-04-27 01:50:00,1.17248,1.17265,1.17243,1.17253,201,2,0
2026-04-27 01:55:00,1.17253,1.17258,1.17227,1.17242,241,2,0
2026-04-27 02:00:00,1.17242,1.17255,1.17232,1.17232,145,2,0
2026-04-27 02:05:00,1.17232,1.17235,1.17195,1.17234,180,2,0
2026-04-27 02:10:00,1.17234,1.17237,1.17227,1.17229,76,2,0
2026-04-27 02:15:00,1.17229,1.17255,1.17228,1.17237,84,2,0
2026-04-27 02:20:00,1.17237,1.1724,1.17218,1.17228,111,2,0
2026-04-27 02:25:00,1.17228,1.17238,1.17225,1.17238,87,2,0
2026-04-27 02:30:00,1.17238,1.17255,1.17237,1.17244,109,2,0
2026-04-27 02:35:00,1.17244,1.1728,1.17244,1.17277,128,2,0
2026-04-27 02:40:00,1.17277,1.17279,1.17258,1.17266,115,2,0
2026-04-27 02:45:00,1.17266,1.17277,1.17257,1.17277,108,2,0
2026-04-27 02:50:00,1.17277,1.17282,1.17273,1.17275,84,2,0
2026-04-27 02:55:00,1.17275,1.17278,1.1726,1.17264,86,2,0
2026-04-27 03:00:00,1.17264,1.17295,1.17262,1.17282,181,2,0
2026-04-27 03:05:00,1.17282,1.17283,1.17267,1.17273,112,2,0
2026-04-27 03:10:00,1.17273,1.17287,1.17273,1.17285,67,2,0
2026-04-27 03:15:00,1.17285,1.1729,1.17275,1.17282,49,2,0
2026-04-27 03:20:00,1.17282,1.17292,1.17278,1.1728,45,2,0
2026-04-27 03:25:00,1.1728,1.17285,1.17275,1.1728399999999999,50,2,0
2026-04-27 03:30:00,1.1728399999999999,1.1729,1.17279,1.17289,38,2,0
2026-04-27 03:35:00,1.17289,1.17295,1.17279,1.17283,98,2,0
2026-04-27 03:40:00,1.17283,1.17316,1.17279,1.17311,76,2,0
2026-04-27 03:45:00,1.17311,1.17324,1.17293,1.17296,72,2,0
2026-04-27 03:50:00,1.17296,1.17304,1.17294,1.17299,86,2,0
2026-04-27 03:55:00,1.17299,1.17303,1.17292,1.17292,61,2,0
2026-04-27 04:00:00,1.17292,1.17294,1.17282,1.17291,116,2,0
2026-04-27 04:05:00,1.17291,1.17296,1.1729,1.17294,43,2,0
2026-04-27 04:10:00,1.17294,1.17295,1.17279,1.1729,83,2,0
2026-04-27 04:15:00,1.1729,1.17297,1.1728399999999999,1.17295,103,2,0
2026-04-27 04:20:00,1.17295,1.17304,1.17287,1.17303,83,2,0
2026-04-27 04:25:00,1.17303,1.17306,1.17295,1.17306,69,2,0
2026-04-27 04:30:00,1.17306,1.17314,1.17299,1.17299,74,2,0
2026-04-27 04:35:00,1.17299,1.17313,1.17294,1.17312,68,2,0
2026-04-27 04:40:00,1.17312,1.17313,1.17299,1.17299,62,2,0
2026-04-27 04:45:00,1.17299,1.173,1.17277,1.17278,52,2,0
2026-04-27 04:50:00,1.17278,1.17278,1.17257,1.17263,127,2,0
2026-04-27 04:55:00,1.17263,1.17268,1.17249,1.17266,80,2,0
2026-04-27 05:00:00,1.17266,1.1727,1.17259,1.1727,55,2,0
2026-04-27 05:05:00,1.1727,1.17279,1.17264,1.1727400000000001,59,2,0
2026-04-27 05:10:00,1.1727400000000001,1.17275,1.17238,1.17242,78,2,0
2026-04-27 05:15:00,1.17242,1.17253,1.17242,1.17242,88,2,0
2026-04-27 05:20:00,1.17242,1.17255,1.17238,1.17254,49,2,0
2026-04-27 05:25:00,1.17254,1.17263,1.17248,1.17259,56,2,0
2026-04-27 05:30:00,1.17259,1.17259,1.17248,1.17253,57,2,0
2026-04-27 05:35:00,1.17253,1.17254,1.17237,1.1724700000000001,135,2,0
2026-04-27 05:40:00,1.1724700000000001,1.17255,1.17238,1.17255,60,2,0
2026-04-27 05:45:00,1.17255,1.17268,1.17254,1.17259,51,2,0
2026-04-27 05:50:00,1.17259,1.17259,1.17243,1.17252,108,2,0
2026-04-27 05:55:00,1.17252,1.17254,1.17221,1.1722299999999999,131,2,0
2026-04-27 06:00:00,1.1722299999999999,1.17228,1.17198,1.17214,142,2,0
2026-04-27 06:05:00,1.17214,1.1722,1.17182,1.17195,203,2,0
2026-04-27 06:10:00,1.17195,1.17205,1.17184,1.17191,213,2,0
2026-04-27 06:15:00,1.17191,1.17191,1.17166,1.17191,164,2,0
2026-04-27 06:20:00,1.17191,1.17212,1.17184,1.1718600000000001,121,2,0
2026-04-27 06:25:00,1.1718600000000001,1.17199,1.17176,1.17187,196,2,0
2026-04-27 06:30:00,1.17187,1.17214,1.17174,1.17206,190,2,0
2026-04-27 06:35:00,1.17206,1.17221,1.172,1.1721,137,2,0
2026-04-27 06:40:00,1.17211,1.17212,1.17194,1.17198,186,2,0
2026-04-27 06:45:00,1.17198,1.17251,1.17193,1.1724999999999999,152,2,0
2026-04-27 06:50:00,1.1724999999999999,1.17273,1.17249,1.17261,93,2,0
2026-04-27 06:55:00,1.1726,1.17296,1.17257,1.17296,152,2,0
2026-04-27 07:00:00,1.17296,1.17338,1.17292,1.17337,178,2,0
2026-04-27 07:05:00,1.17338,1.1736,1.1733,1.17359,114,2,0
2026-04-27 07:10:00,1.17359,1.17363,1.17328,1.17339,162,2,0
2026-04-27 07:15:00,1.17339,1.17346,1.1731,1.17313,157,2,0
2026-04-27 07:20:00,1.17313,1.17339,1.17297,1.17339,210,2,0
2026-04-27 07:25:00,1.17339,1.17339,1.17306,1.17309,153,2,0
2026-04-27 07:30:00,1.17309,1.17329,1.17297,1.17324,205,2,0
2026-04-27 07:35:00,1.17324,1.1734,1.17296,1.17339,155,2,0
2026-04-27 07:40:00,1.17339,1.1734,1.17323,1.17328,148,2,0
2026-04-27 07:45:00,1.17328,1.17354,1.17323,1.17353,133,2,0
2026-04-27 07:50:00,1.17353,1.17415,1.1735,1.17397,253,2,0
2026-04-27 07:55:00,1.17397,1.17452,1.17397,1.17439,319,2,0
2026-04-27 08:00:00,1.17439,1.17464,1.17402,1.17413,432,2,0
2026-04-27 08:05:00,1.17414,1.17473,1.1741,1.17469,350,2,0
2026-04-27 08:10:00,1.17469,1.17476,1.17433,1.17435,347,2,0
2026-04-27 08:15:00,1.17435,1.17448,1.17402,1.17402,221,2,0
2026-04-27 08:20:00,1.17402,1.17459,1.17391,1.17454,216,2,0
2026-04-27 08:25:00,1.17454,1.17454,1.17429,1.17439,282,2,0
2026-04-27 08:30:00,1.17439,1.17441,1.17404,1.17421,217,2,0
2026-04-27 08:35:00,1.17421,1.17421,1.17397,1.17415,196,2,0
2026-04-27 08:40:00,1.17415,1.17458,1.17408,1.17454,154,2,0
2026-04-27 08:45:00,1.17454,1.17481,1.17454,1.17479,115,2,0
2026-04-27 08:50:00,1.17479,1.17495,1.17477,1.17493,83,2,0
2026-04-27 08:55:00,1.17494,1.17508,1.1748,1.17484,159,2,0
2026-04-27 09:00:00,1.17484,1.17503,1.17482,1.17488,130,2,0
2026-04-27 09:05:00,1.17488,1.17498,1.17479,1.17484,122,2,0
2026-04-27 09:10:00,1.17484,1.17508,1.17484,1.17495,173,2,0
2026-04-27 09:15:00,1.17495,1.17496,1.17465,1.17469,152,2,0
2026-04-27 09:20:00,1.17469,1.17472,1.17447,1.17452,130,2,0
2026-04-27 09:25:00,1.17452,1.17465,1.17442,1.17445,177,2,0
2026-04-27 09:30:00,1.17445,1.1746,1.17438,1.17454,139,2,0
2026-04-27 09:35:00,1.17454,1.17459,1.17438,1.17438,108,2,0
2026-04-27 09:40:00,1.17438,1.17447,1.17434,1.17444,79,2,0
2026-04-27 09:45:00,1.17444,1.17458,1.17409,1.17413,129,2,0
2026-04-27 09:50:00,1.17412,1.17437,1.17412,1.17436,131,2,0
2026-04-27 09:55:00,1.17436,1.17438,1.17416,1.17421,205,2,0
2026-04-27 10:00:00,1.17421,1.17436,1.17414,1.17422,174,2,0
2026-04-27 10:05:00,1.17422,1.17442,1.17418,1.17418,93,2,0
2026-04-27 10:10:00,1.17418,1.17419,1.17402,1.17404,133,2,0
2026-04-27 10:15:00,1.17404,1.17407,1.17388,1.17405,145,2,0
2026-04-27 10:20:00,1.17405,1.17417,1.1739600000000001,1.1740599999999999,122,2,0
2026-04-27 10:25:00,1.1740599999999999,1.17424,1.17401,1.17423,71,2,0
2026-04-27 10:30:00,1.17423,1.17428,1.17416,1.17416,141,2,0
2026-04-27 10:35:00,1.17416,1.17441,1.17412,1.1743000000000001,147,2,0
2026-04-27 10:40:00,1.1743000000000001,1.17444,1.1743000000000001,1.17433,153,2,0
2026-04-27 10:45:00,1.17433,1.1745700000000001,1.17422,1.17447,118,2,0
2026-04-27 10:50:00,1.17446,1.17472,1.17446,1.1746699999999999,89,2,0
2026-04-27 10:55:00,1.1746699999999999,1.17478,1.17455,1.17459,149,2,0
2026-04-27 11:00:00,1.17459,1.17469,1.17437,1.17439,257,2,0
2026-04-27 11:05:00,1.17439,1.17455,1.17434,1.17436,156,2,0
2026-04-27 11:10:00,1.17436,1.17437,1.17405,1.17407,133,2,0
2026-04-27 11:15:00,1.17407,1.17424,1.1739600000000001,1.17423,175,2,0
2026-04-27 11:20:00,1.17423,1.17448,1.1742,1.17434,139,2,0
2026-04-27 11:25:00,1.17434,1.17446,1.17423,1.17438,177,2,0
2026-04-27 11:30:00,1.17438,1.17442,1.17422,1.17424,162,2,0
2026-04-27 11:35:00,1.17423,1.17424,1.17399,1.17399,181,2,0
2026-04-27 11:40:00,1.17399,1.17411,1.17384,1.17405,145,2,0
2026-04-27 11:45:00,1.17405,1.17417,1.174,1.17413,135,2,0
2026-04-27 11:50:00,1.17413,1.17413,1.17379,1.17383,158,2,0
2026-04-27 11:55:00,1.17383,1.17414,1.17378,1.17413,207,2,0
2026-04-27 12:00:00,1.17413,1.17442,1.17407,1.17439,231,2,0
2026-04-27 12:05:00,1.17439,1.17494,1.17438,1.17492,224,2,0
2026-04-27 12:10:00,1.17492,1.17517,1.17488,1.17515,168,2,0
2026-04-27 12:15:00,1.17515,1.17548,1.17514,1.17546,268,2,0
2026-04-27 12:20:00,1.17546,1.17546,1.17474,1.17482,274,2,0
2026-04-27 12:25:00,1.17482,1.17493,1.17466,1.17493,260,2,0
2026-04-27 12:30:00,1.17493,1.17497,1.17478,1.17488,193,2,0
2026-04-27 12:35:00,1.17488,1.17495,1.17455,1.17458,235,2,0
2026-04-27 12:40:00,1.17458,1.17482,1.1745700000000001,1.17479,277,2,0
2026-04-27 12:45:00,1.1748,1.17503,1.17462,1.175,242,2,0
2026-04-27 12:50:00,1.175,1.175,1.17481,1.17498,236,2,0
2026-04-27 12:55:00,1.17498,1.17498,1.17436,1.17444,341,2,0
2026-04-27 13:00:00,1.17444,1.17493,1.17431,1.17493,362,2,0
2026-04-27 13:05:00,1.17493,1.17514,1.17474,1.17492,303,2,0
2026-04-27 13:10:00,1.17492,1.1753,1.17477,1.17494,403,2,0
2026-04-27 13:15:00,1.17494,1.1754,1.17492,1.17523,243,2,0
2026-04-27 13:20:00,1.17523,1.1753,1.1750099999999999,1.17517,263,2,0
2026-04-27 13:25:00,1.17517,1.1752,1.17489,1.17489,216,2,0
2026-04-27 13:30:00,1.17489,1.17494,1.17469,1.17483,388,2,0
2026-04-27 13:35:00,1.17483,1.17494,1.17471,1.17482,227,2,0
2026-04-27 13:40:00,1.17482,1.17487,1.17429,1.17433,342,2,0
2026-04-27 13:45:00,1.17433,1.17438,1.1739,1.17392,448,2,0
2026-04-27 13:50:00,1.17392,1.17408,1.17375,1.17378,333,2,0
2026-04-27 13:55:00,1.17378,1.17402,1.17356,1.17399,382,2,0
2026-04-27 14:00:00,1.17399,1.17399,1.17358,1.17388,325,2,0
2026-04-27 14:05:00,1.17388,1.17419,1.17384,1.17385,271,2,0
2026-04-27 14:10:00,1.17385,1.17404,1.17375,1.17379,278,2,0
2026-04-27 14:15:00,1.17379,1.1741,1.17375,1.17399,187,2,0
2026-04-27 14:20:00,1.17399,1.17417,1.1739,1.17398,243,2,0
2026-04-27 14:25:00,1.17399,1.17404,1.1738,1.17384,243,2,0
2026-04-27 14:30:00,1.17384,1.17397,1.17375,1.17394,272,2,0
2026-04-27 14:35:00,1.17394,1.17451,1.17394,1.17425,418,2,0
2026-04-27 14:40:00,1.17425,1.17455,1.17411,1.17438,361,2,0
2026-04-27 14:45:00,1.17438,1.1748,1.17435,1.17469,248,2,0
2026-04-27 14:50:00,1.17469,1.17473,1.17386,1.17391,357,2,0
2026-04-27 14:55:00,1.17391,1.17394,1.17331,1.17359,529,2,0
2026-04-27 15:00:00,1.17361,1.17368,1.17315,1.17333,502,2,0
2026-04-27 15:05:00,1.17334,1.17352,1.17333,1.17339,241,2,0
2026-04-27 15:10:00,1.17339,1.17348,1.17327,1.17331,213,2,0
2026-04-27 15:15:00,1.17331,1.17367,1.17331,1.1736,284,2,0
2026-04-27 15:20:00,1.1736,1.17362,1.173,1.17313,368,2,0
2026-04-27 15:25:00,1.17313,1.17336,1.17299,1.1733500000000001,251,2,0
2026-04-27 15:30:00,1.1733500000000001,1.17351,1.17323,1.17327,219,2,0
2026-04-27 15:35:00,1.17327,1.17338,1.17313,1.17333,223,2,0
2026-04-27 15:40:00,1.17333,1.17354,1.17326,1.17343,177,2,0
2026-04-27 15:45:00,1.17339,1.1734499999999999,1.17309,1.17309,250,2,0
2026-04-27 15:50:00,1.1731,1.17327,1.17307,1.1732,173,2,0
2026-04-27 15:55:00,1.1732,1.17328,1.17292,1.17306,310,2,0
2026-04-27 16:00:00,1.17306,1.17325,1.17297,1.17317,152,2,0
2026-04-27 16:05:00,1.17317,1.17338,1.17311,1.17312,92,2,0
2026-04-27 16:10:00,1.17312,1.17317,1.17291,1.17303,188,2,0
2026-04-27 16:15:00,1.17303,1.17325,1.17297,1.17312,103,2,0
2026-04-27 16:20:00,1.17312,1.17312,1.17282,1.17288,171,2,0
2026-04-27 16:25:00,1.17288,1.17313,1.17281,1.17289,181,2,0
2026-04-27 16:30:00,1.17289,1.17304,1.17287,1.17298,146,2,0
2026-04-27 16:35:00,1.17298,1.17303,1.17287,1.17301,103,2,0
2026-04-27 16:40:00,1.17301,1.17302,1.17287,1.17293,147,2,0
2026-04-27 16:45:00,1.17293,1.17323,1.17277,1.17283,155,2,0
2026-04-27 16:50:00,1.17283,1.17297,1.17252,1.17252,163,2,0
2026-04-27 16:55:00,1.17252,1.17293,1.17251,1.1726,185,2,0
2026-04-27 17:00:00,1.17259,1.1727,1.17218,1.1722299999999999,248,2,0
2026-04-27 17:05:00,1.1722299999999999,1.17244,1.1722299999999999,1.17244,141,2,0
2026-04-27 17:10:00,1.17244,1.17248,1.17225,1.17248,72,2,0
2026-04-27 17:15:00,1.17248,1.17251,1.17207,1.17208,177,2,0
2026-04-27 17:20:00,1.17208,1.17248,1.172,1.17217,326,2,0
2026-04-27 17:25:00,1.17217,1.17231,1.17217,1.17225,149,2,0
2026-04-27 17:30:00,1.17225,1.17288,1.17225,1.17285,184,2,0
2026-04-27 17:35:00,1.17285,1.17299,1.17266,1.17268,122,2,0
2026-04-27 17:40:00,1.17268,1.1727,1.17252,1.17258,126,2,0
2026-04-27 17:45:00,1.17258,1.17258,1.1723,1.17238,71,2,0
2026-04-27 17:50:00,1.17238,1.17238,1.17225,1.17233,100,2,0
2026-04-27 17:55:00,1.17233,1.17239,1.17229,1.1723,114,2,0
2026-04-27 18:00:00,1.1723,1.17235,1.17216,1.17216,117,2,0
2026-04-27 18:05:00,1.17216,1.1722299999999999,1.17208,1.17219,154,2,0
2026-04-27 18:10:00,1.17219,1.17235,1.17218,1.17233,106,2,0
2026-04-27 18:15:00,1.17233,1.1724700000000001,1.17227,1.17239,122,2,0
2026-04-27 18:20:00,1.17239,1.17242,1.17227,1.17227,77,2,0
2026-04-27 18:25:00,1.17227,1.17237,1.17221,1.17224,88,2,0
2026-04-27 18:30:00,1.17224,1.17228,1.17216,1.17218,105,2,0
2026-04-27 18:35:00,1.17218,1.17225,1.17214,1.17225,40,2,0
2026-04-27 18:40:00,1.17225,1.17234,1.1722,1.1722,65,2,0
2026-04-27 18:45:00,1.1722,1.17234,1.17215,1.17225,38,2,0
2026-04-27 18:50:00,1.17225,1.17225,1.172,1.17201,72,2,0
2026-04-27 18:55:00,1.17201,1.17201,1.17185,1.172,169,2,0
2026-04-27 19:00:00,1.172,1.17208,1.17195,1.17199,84,2,0
2026-04-27 19:05:00,1.17199,1.17206,1.17192,1.17203,61,2,0
2026-04-27 19:10:00,1.17203,1.17225,1.17202,1.17225,59,2,0
2026-04-27 19:15:00,1.17225,1.17239,1.17216,1.17239,67,2,0
2026-04-27 19:20:00,1.17239,1.17245,1.17236,1.17243,51,2,0
2026-04-27 19:25:00,1.17243,1.17252,1.17243,1.1724700000000001,63,2,0
2026-04-27 19:30:00,1.1724700000000001,1.1724999999999999,1.17239,1.17241,65,2,0
2026-04-27 19:35:00,1.1724,1.1724,1.17224,1.17233,69,2,0
2026-04-27 19:40:00,1.17233,1.17242,1.17233,1.1724,65,2,0
2026-04-27 19:45:00,1.1724,1.17258,1.17218,1.17222,203,2,0
2026-04-27 19:50:00,1.17222,1.17229,1.17219,1.17224,119,2,0
2026-04-27 19:55:00,1.17224,1.17224,1.172,1.17204,81,2,0
2026-04-27 20:00:00,1.17207,1.17225,1.17207,1.17224,162,2,0
2026-04-27 20:05:00,1.17224,1.17231,1.17209,1.17211,55,2,0
2026-04-27 20:10:00,1.17211,1.17216,1.1721,1.17215,45,2,0
2026-04-27 20:15:00,1.17215,1.17216,1.17214,1.17216,32,2,0
2026-04-27 20:20:00,1.17216,1.1722299999999999,1.17214,1.17216,36,2,0
2026-04-27 20:25:00,1.17216,1.17218,1.17205,1.1721,47,2,0
2026-04-27 20:30:00,1.1721,1.1723,1.1721,1.17215,47,2,0
2026-04-27 20:35:00,1.17215,1.17228,1.17207,1.17225,62,2,0
2026-04-27 20:40:00,1.17225,1.1723,1.1722299999999999,1.1723,27,3,0
2026-04-27 20:45:00,1.1723,1.1723,1.17218,1.1722299999999999,63,2,0
2026-04-27 20:50:00,1.1722299999999999,1.17226,1.17212,1.17212,20,2,0
2026-04-27 20:55:00,1.17212,1.17212,1.1718899999999999,1.17196,102,3,0
2026-04-27 21:00:00,1.17194,1.17198,1.17194,1.17194,7,56,0
2026-04-27 21:05:00,1.17197,1.17197,1.17192,1.17193,7,49,0
2026-04-27 21:10:00,1.17193,1.17193,1.17192,1.17193,7,45,0
2026-04-27 21:15:00,1.17193,1.17194,1.17193,1.17194,6,47,0
2026-04-27 21:20:00,1.17194,1.17194,1.17193,1.17194,5,47,0
2026-04-27 21:25:00,1.17194,1.17194,1.17194,1.17194,5,47,0
2026-04-27 21:30:00,1.17194,1.17195,1.17192,1.17192,5,45,0
2026-04-27 21:35:00,1.17192,1.17192,1.17192,1.17192,5,51,0
2026-04-27 21:40:00,1.17192,1.17195,1.17191,1.17191,7,49,0
2026-04-27 21:45:00,1.17192,1.17194,1.17187,1.17187,12,51,0
2026-04-27 21:50:00,1.17187,1.1719,1.17187,1.17187,31,56,0
2026-04-27 21:55:00,1.17187,1.17192,1.17179,1.1719,49,30,0
2026-04-27 22:00:00,1.1719,1.17218,1.1718600000000001,1.1719,109,2,0
2026-04-27 22:05:00,1.1719,1.1722299999999999,1.1719,1.17217,84,2,0
2026-04-27 22:10:00,1.17217,1.1722299999999999,1.17212,1.17219,68,3,0
2026-04-27 22:15:00,1.1722,1.17222,1.17212,1.17214,63,3,0
2026-04-27 22:20:00,1.17214,1.17217,1.17207,1.17217,66,2,0
2026-04-27 22:25:00,1.17217,1.1722,1.17212,1.17218,28,3,0
2026-04-27 22:30:00,1.17218,1.17228,1.17217,1.17227,49,2,0
2026-04-27 22:35:00,1.17227,1.17229,1.1722299999999999,1.17224,31,3,0
2026-04-27 22:40:00,1.17224,1.17225,1.17219,1.17222,37,2,0
2026-04-27 22:45:00,1.17222,1.17224,1.17218,1.17224,50,3,0
2026-04-27 22:50:00,1.1722299999999999,1.17227,1.17218,1.17226,81,2,0
2026-04-27 22:55:00,1.17225,1.17233,1.1722,1.1722,115,2,0
2026-04-27 23:00:00,1.1722,1.17229,1.1722,1.17228,55,2,0
2026-04-27 23:05:00,1.17228,1.17228,1.1722299999999999,1.17228,34,3,0
2026-04-27 23:10:00,1.17228,1.17228,1.17222,1.1722299999999999,45,3,0
2026-04-27 23:15:00,1.17224,1.17229,1.1722299999999999,1.1722299999999999,39,2,0
2026-04-27 23:20:00,1.1722299999999999,1.1723,1.17222,1.17228,49,2,0
2026-04-27 23:25:00,1.17227,1.17228,1.17212,1.17217,38,2,0
2026-04-27 23:30:00,1.17217,1.17219,1.17214,1.17217,20,2,0
2026-04-27 23:35:00,1.17217,1.1722,1.17215,1.17218,20,3,0
2026-04-27 23:40:00,1.17218,1.1722,1.17217,1.1722,23,3,0
2026-04-27 23:45:00,1.1722,1.17228,1.17218,1.17219,37,2,0
2026-04-27 23:50:00,1.17219,1.17227,1.17218,1.17225,58,2,0
2026-04-27 23:55:00,1.17225,1.17229,1.17217,1.17228,47,3,0
2026-04-28 00:00:00,1.17228,1.17244,1.17226,1.17239,194,2,0
2026-04-28 00:05:00,1.17239,1.17262,1.17238,1.17256,157,2,0
2026-04-28 00:10:00,1.17256,1.17269,1.17235,1.17236,151,2,0
2026-04-28 00:15:00,1.17236,1.1724,1.17229,1.17236,134,2,0
2026-04-28 00:20:00,1.17236,1.17242,1.17231,1.17234,106,2,0
2026-04-28 00:25:00,1.17234,1.17237,1.17184,1.17199,221,2,0
2026-04-28 00:30:00,1.172,1.17201,1.17185,1.17195,88,2,0
2026-04-28 00:35:00,1.17195,1.17206,1.1718899999999999,1.17204,71,2,0
2026-04-28 00:40:00,1.17204,1.17219,1.17204,1.17205,73,2,0
2026-04-28 00:45:00,1.17205,1.17217,1.17195,1.17216,72,2,0
2026-04-28 00:50:00,1.17216,1.17216,1.1717,1.17175,150,2,0
2026-04-28 00:55:00,1.17173,1.17197,1.17173,1.17187,264,2,0
2026-04-28 01:00:00,1.17188,1.17188,1.17139,1.17155,307,2,0
2026-04-28 01:05:00,1.17155,1.17159,1.17142,1.17146,125,2,0
2026-04-28 01:10:00,1.17146,1.17155,1.17144,1.17149,125,2,0
2026-04-28 01:15:00,1.17149,1.17155,1.17137,1.1715200000000001,165,2,0
2026-04-28 01:20:00,1.1715200000000001,1.17157,1.17141,1.17144,101,2,0
2026-04-28 01:25:00,1.17144,1.17165,1.17143,1.17161,61,2,0
2026-04-28 01:30:00,1.17161,1.17165,1.1715,1.17161,67,2,0
2026-04-28 01:35:00,1.17161,1.17183,1.17161,1.17179,90,2,0
2026-04-28 01:40:00,1.17179,1.17181,1.1715200000000001,1.17154,108,2,0
2026-04-28 01:45:00,1.17154,1.17159,1.17145,1.17145,74,2,0
2026-04-28 01:50:00,1.17145,1.17145,1.1713,1.17134,105,2,0
2026-04-28 01:55:00,1.17134,1.17136,1.17122,1.17126,130,2,0
2026-04-28 02:00:00,1.17126,1.17131,1.1712,1.17121,152,2,0
2026-04-28 02:05:00,1.17121,1.17135,1.17109,1.17112,185,2,0
2026-04-28 02:10:00,1.17112,1.1712500000000001,1.17112,1.17124,89,2,0
2026-04-28 02:15:00,1.17124,1.1713,1.17115,1.17126,84,2,0
2026-04-28 02:20:00,1.17126,1.17129,1.17118,1.1712,79,2,0
2026-04-28 02:25:00,1.1712,1.1712799999999999,1.17117,1.1712500000000001,93,2,0
2026-04-28 02:30:00,1.1712500000000001,1.17127,1.17119,1.17121,103,2,0
2026-04-28 02:35:00,1.17121,1.17121,1.17105,1.17105,84,2,0
2026-04-28 02:40:00,1.17105,1.17111,1.1710099999999999,1.17104,95,2,0
2026-04-28 02:45:00,1.17104,1.17106,1.17097,1.17098,80,2,0
2026-04-28 02:50:00,1.17098,1.17107,1.17097,1.17105,89,2,0
2026-04-28 02:55:00,1.17105,1.17105,1.17078,1.17083,86,2,0
2026-04-28 03:00:00,1.17083,1.17118,1.17079,1.17111,290,2,0
2026-04-28 03:05:00,1.17111,1.17137,1.17092,1.17114,317,2,0
2026-04-28 03:10:00,1.17114,1.17133,1.17112,1.1713,163,2,0
2026-04-28 03:15:00,1.1713,1.1714,1.1712500000000001,1.1714,103,2,0
2026-04-28 03:20:00,1.1714,1.1715200000000001,1.17139,1.17146,103,2,0
2026-04-28 03:25:00,1.17146,1.17171,1.17145,1.17168,79,2,0
2026-04-28 03:30:00,1.17168,1.17178,1.17155,1.17166,117,2,0
2026-04-28 03:35:00,1.17166,1.17168,1.17145,1.17145,124,2,0
2026-04-28 03:40:00,1.17145,1.17147,1.17134,1.17139,96,2,0
2026-04-28 03:45:00,1.17139,1.1714,1.17131,1.17135,68,2,0
2026-04-28 03:50:00,1.17135,1.17135,1.17123,1.1713,54,2,0
2026-04-28 03:55:00,1.1713,1.17145,1.17129,1.17131,104,2,0
2026-04-28 04:00:00,1.17131,1.17134,1.17118,1.1712,141,2,0
2026-04-28 04:05:00,1.1712,1.17124,1.17116,1.17117,94,2,0
2026-04-28 04:10:00,1.17117,1.17135,1.17117,1.17133,60,2,0
2026-04-28 04:15:00,1.17133,1.17139,1.17132,1.17136,69,2,0
2026-04-28 04:20:00,1.17136,1.17144,1.17132,1.17137,56,2,0
2026-04-28 04:25:00,1.17137,1.17143,1.17135,1.1714,49,2,0
2026-04-28 04:30:00,1.1714,1.17151,1.17136,1.17149,58,2,0
2026-04-28 04:35:00,1.17149,1.17159,1.17138,1.17155,55,2,0
2026-04-28 04:40:00,1.17155,1.17161,1.17149,1.1716,65,2,0
2026-04-28 04:45:00,1.1716,1.17163,1.17145,1.17148,89,2,0
2026-04-28 04:50:00,1.17148,1.17156,1.17138,1.1714,62,2,0
2026-04-28 04:55:00,1.1714,1.1714,1.17117,1.17123,140,2,0
2026-04-28 05:00:00,1.17124,1.17133,1.17118,1.1713,93,2,0
2026-04-28 05:05:00,1.1713,1.1713,1.17099,1.17108,109,2,0
2026-04-28 05:10:00,1.17108,1.17113,1.17092,1.17105,146,2,0
2026-04-28 05:15:00,1.17105,1.17109,1.17098,1.17109,73,2,0
2026-04-28 05:20:00,1.17109,1.17129,1.17109,1.17127,89,2,0
2026-04-28 05:25:00,1.1712799999999999,1.17129,1.1712,1.17127,80,2,0
2026-04-28 05:30:00,1.17127,1.17127,1.17109,1.17109,121,2,0
2026-04-28 05:35:00,1.17109,1.17109,1.17075,1.17083,200,2,0
2026-04-28 05:40:00,1.17083,1.17084,1.17072,1.17078,168,2,0
2026-04-28 05:45:00,1.17078,1.17093,1.17072,1.17083,96,2,0
2026-04-28 05:50:00,1.17083,1.17087,1.17071,1.17072,127,2,0
2026-04-28 05:55:00,1.17072,1.17083,1.17052,1.1706,210,2,0
2026-04-28 06:00:00,1.1706,1.1706,1.17014,1.17048,291,2,0
2026-04-28 06:05:00,1.17048,1.1708,1.17046,1.17074,148,2,0
2026-04-28 06:10:00,1.17074,1.17077,1.17037,1.17049,130,2,0
2026-04-28 06:15:00,1.17049,1.17054,1.1702,1.17022,149,2,0
2026-04-28 06:20:00,1.17022,1.17025,1.17009,1.17018,152,2,0
2026-04-28 06:25:00,1.17018,1.17045,1.17018,1.17038,170,2,0
2026-04-28 06:30:00,1.17039,1.17044,1.17013,1.17025,172,2,0
2026-04-28 06:35:00,1.17025,1.17025,1.16994,1.17015,206,2,0
2026-04-28 06:40:00,1.17016,1.17031,1.17,1.17,178,2,0
2026-04-28 06:45:00,1.17,1.17009,1.16912,1.1693500000000001,338,2,0
2026-04-28 06:50:00,1.1693500000000001,1.1694499999999999,1.16919,1.16925,216,2,0
2026-04-28 06:55:00,1.16925,1.16925,1.16871,1.16876,420,2,0
2026-04-28 07:00:00,1.16872,1.16901,1.1686,1.16892,481,2,0
2026-04-28 07:05:00,1.16891,1.16922,1.16885,1.1692,206,2,0
2026-04-28 07:10:00,1.16921,1.16942,1.16917,1.16932,206,2,0
2026-04-28 07:15:00,1.16932,1.16987,1.1693,1.16986,206,2,0
2026-04-28 07:20:00,1.16986,1.17001,1.16986,1.17001,157,2,0
2026-04-28 07:25:00,1.17001,1.17007,1.16947,1.1696,312,2,0
2026-04-28 07:30:00,1.1696,1.1697899999999999,1.16956,1.16957,190,2,0
2026-04-28 07:35:00,1.16957,1.16974,1.16937,1.16942,233,2,0
2026-04-28 07:40:00,1.16942,1.16967,1.1693500000000001,1.16953,188,2,0
2026-04-28 07:45:00,1.16953,1.16957,1.16939,1.1695,196,2,0
2026-04-28 07:50:00,1.1695,1.16987,1.16927,1.16987,191,2,0
2026-04-28 07:55:00,1.16987,1.16997,1.16965,1.16965,199,2,0
2026-04-28 08:00:00,1.16965,1.16994,1.16949,1.16955,491,2,0
2026-04-28 08:05:00,1.16955,1.17035,1.16953,1.17025,324,2,0
2026-04-28 08:10:00,1.17025,1.17041,1.17001,1.17007,231,2,0
2026-04-28 08:15:00,1.17007,1.17077,1.17007,1.17051,200,2,0
2026-04-28 08:20:00,1.17051,1.17051,1.17025,1.17025,189,2,0
2026-04-28 08:25:00,1.17025,1.17065,1.1702,1.17065,181,2,0
2026-04-28 08:30:00,1.17068,1.1707,1.17044,1.17051,266,2,0
2026-04-28 08:35:00,1.17051,1.17051,1.17007,1.17007,151,2,0
2026-04-28 08:40:00,1.17007,1.17015,1.16992,1.17011,174,2,0
2026-04-28 08:45:00,1.17011,1.17032,1.17002,1.17029,154,2,0
2026-04-28 08:50:00,1.17029,1.17037,1.17018,1.1702,117,2,0
2026-04-28 08:55:00,1.1702,1.17028,1.17004,1.1702,151,2,0
2026-04-28 09:00:00,1.1702,1.1702,1.16995,1.17008,243,2,0
2026-04-28 09:05:00,1.17008,1.17013,1.16985,1.17001,250,2,0
2026-04-28 09:10:00,1.17001,1.1702,1.16978,1.17002,223,2,0
2026-04-28 09:15:00,1.17002,1.17003,1.16965,1.16966,283,2,0
2026-04-28 09:20:00,1.16966,1.16975,1.16956,1.16966,208,2,0
2026-04-28 09:25:00,1.16966,1.1696900000000001,1.16948,1.16951,154,2,0
2026-04-28 09:30:00,1.16951,1.16955,1.1689,1.1689,219,2,0
2026-04-28 09:35:00,1.1689,1.1689,1.16862,1.1687400000000001,278,2,0
2026-04-28 09:40:00,1.1687400000000001,1.16912,1.1687400000000001,1.16912,132,2,0
2026-04-28 09:45:00,1.16912,1.16971,1.16903,1.1696,213,2,0
2026-04-28 09:50:00,1.1696,1.16991,1.1693500000000001,1.16937,197,2,0
2026-04-28 09:55:00,1.16937,1.16949,1.16911,1.16921,270,2,0
2026-04-28 10:00:00,1.16921,1.1694,1.16914,1.16927,329,2,0
2026-04-28 10:05:00,1.16927,1.16928,1.1690800000000001,1.16912,143,2,0
2026-04-28 10:10:00,1.16912,1.1692,1.16904,1.16913,111,2,0
2026-04-28 10:15:00,1.16913,1.16921,1.16903,1.16911,142,2,0
2026-04-28 10:20:00,1.16911,1.16932,1.16905,1.16912,194,2,0
2026-04-28 10:25:00,1.16912,1.16932,1.1691,1.16914,169,2,0
2026-04-28 10:30:00,1.16915,1.16932,1.16912,1.16925,191,2,0
2026-04-28 10:35:00,1.16925,1.16947,1.16917,1.16946,143,2,0
2026-04-28 10:40:00,1.16948,1.16956,1.16938,1.16943,152,2,0
2026-04-28 10:45:00,1.1694,1.1694499999999999,1.16911,1.16936,161,2,0
2026-04-28 10:50:00,1.16936,1.16957,1.16934,1.16941,131,2,0
2026-04-28 10:55:00,1.16941,1.1695,1.16921,1.16932,187,2,0
2026-04-28 11:00:00,1.16931,1.16962,1.16927,1.16932,201,2,0
2026-04-28 11:05:00,1.16932,1.16991,1.16929,1.16987,248,2,0
2026-04-28 11:10:00,1.16988,1.16994,1.16952,1.16959,249,2,0
2026-04-28 11:15:00,1.16959,1.16971,1.1694499999999999,1.16953,286,2,0
2026-04-28 11:20:00,1.16953,1.16975,1.16951,1.16967,269,2,0
2026-04-28 11:25:00,1.16967,1.16975,1.1693,1.16946,273,2,0
2026-04-28 11:30:00,1.16946,1.16946,1.16901,1.16902,281,2,0
2026-04-28 11:35:00,1.16902,1.16904,1.16879,1.16892,303,2,0
2026-04-28 11:40:00,1.16892,1.16923,1.16887,1.16903,295,2,0
2026-04-28 11:45:00,1.16903,1.16903,1.16826,1.16828,384,2,0
2026-04-28 11:50:00,1.16828,1.16844,1.1682,1.16844,504,2,0
2026-04-28 11:55:00,1.16845,1.16869,1.16826,1.16829,386,2,0
2026-04-28 12:00:00,1.16829,1.16837,1.1678,1.16793,389,2,0
2026-04-28 12:05:00,1.16793,1.1683,1.16787,1.16795,296,2,0
2026-04-28 12:10:00,1.16795,1.16828,1.16773,1.16828,340,2,0
2026-04-28 12:15:00,1.16828,1.16852,1.1682299999999999,1.16829,211,2,0
2026-04-28 12:20:00,1.16829,1.16931,1.16829,1.16849,835,2,0
2026-04-28 12:25:00,1.16849,1.16895,1.16843,1.16893,275,2,0
2026-04-28 12:30:00,1.16893,1.16909,1.16855,1.1690800000000001,225,2,0
2026-04-28 12:35:00,1.1690800000000001,1.1695,1.1690800000000001,1.16947,292,2,0
2026-04-28 12:40:00,1.16947,1.1696900000000001,1.16943,1.16946,235,2,0
2026-04-28 12:45:00,1.16946,1.16992,1.16946,1.16991,249,2,0
2026-04-28 12:50:00,1.16991,1.16999,1.1694499999999999,1.16951,325,2,0
2026-04-28 12:55:00,1.16954,1.16986,1.16947,1.16968,331,2,0
2026-04-28 13:00:00,1.16968,1.16973,1.16947,1.16953,328,2,0
2026-04-28 13:05:00,1.16953,1.16957,1.1693500000000001,1.1694,316,2,0
2026-04-28 13:10:00,1.1694,1.16976,1.1693500000000001,1.16943,262,2,0
2026-04-28 13:15:00,1.16943,1.16946,1.1689,1.16895,332,2,0
2026-04-28 13:20:00,1.16896,1.1692,1.16882,1.16915,309,2,0
2026-04-28 13:25:00,1.16915,1.16997,1.1691,1.16991,531,2,0
2026-04-28 13:30:00,1.1699,1.16995,1.16912,1.16952,815,2,0
2026-04-28 13:35:00,1.16952,1.17037,1.16946,1.17022,556,2,0
2026-04-28 13:40:00,1.17022,1.17035,1.1700599999999999,1.17013,396,2,0
2026-04-28 13:45:00,1.17013,1.17025,1.16986,1.16987,390,2,0
2026-04-28 13:50:00,1.16988,1.17004,1.16971,1.16975,415,2,0
2026-04-28 13:55:00,1.16976,1.16991,1.16966,1.1697,279,2,0
2026-04-28 14:00:00,1.1697,1.1697,1.16902,1.16925,523,2,0
2026-04-28 14:05:00,1.16925,1.1696900000000001,1.16925,1.16961,329,2,0
2026-04-28 14:10:00,1.16961,1.16986,1.1695,1.16972,261,2,0
2026-04-28 14:15:00,1.16972,1.16992,1.16952,1.1696,391,2,0
2026-04-28 14:20:00,1.1696,1.16982,1.16936,1.1695,268,2,0
2026-04-28 14:25:00,1.1695,1.16983,1.16948,1.16965,319,2,0
2026-04-28 14:30:00,1.16966,1.17032,1.16965,1.16992,330,2,0
2026-04-28 14:35:00,1.16992,1.1701,1.16956,1.16958,366,2,0
2026-04-28 14:40:00,1.16958,1.1699,1.16948,1.16965,431,2,0
2026-04-28 14:45:00,1.16965,1.16987,1.16936,1.1695,555,2,0
2026-04-28 14:50:00,1.1695,1.16977,1.16926,1.16977,489,2,0
2026-04-28 14:55:00,1.16977,1.17009,1.16948,1.17008,889,2,0
2026-04-28 15:00:00,1.17008,1.17084,1.17007,1.17081,798,2,0
2026-04-28 15:05:00,1.17081,1.17095,1.17044,1.17046,526,2,0
2026-04-28 15:10:00,1.17046,1.17059,1.17036,1.17045,404,2,0
2026-04-28 15:15:00,1.17044,1.17086,1.17031,1.17083,347,2,0
2026-04-28 15:20:00,1.17083,1.17098,1.17069,1.17094,291,2,0
2026-04-28 15:25:00,1.17093,1.17127,1.17088,1.17105,315,2,0
2026-04-28 15:30:00,1.17105,1.17112,1.17077,1.17086,312,2,0
2026-04-28 15:35:00,1.17086,1.17151,1.17081,1.17138,282,2,0
2026-04-28 15:40:00,1.17137,1.17157,1.17113,1.17114,287,2,0
2026-04-28 15:45:00,1.17114,1.17126,1.17098,1.17105,253,2,0
2026-04-28 15:50:00,1.17105,1.1712799999999999,1.17105,1.17124,268,2,0
2026-04-28 15:55:00,1.17124,1.17139,1.17104,1.17136,287,2,0
2026-04-28 16:00:00,1.17136,1.17156,1.17126,1.17145,314,2,0
2026-04-28 16:05:00,1.17144,1.17169,1.17133,1.17137,206,2,0
2026-04-28 16:10:00,1.17137,1.17146,1.17122,1.1713,218,2,0
2026-04-28 16:15:00,1.1713,1.1713,1.17078,1.17084,233,2,0
2026-04-28 16:20:00,1.17084,1.17095,1.17068,1.17069,235,2,0
2026-04-28 16:25:00,1.17069,1.17083,1.17058,1.17064,148,2,0
2026-04-28 16:30:00,1.17064,1.17071,1.17055,1.17058,172,2,0
2026-04-28 16:35:00,1.17059,1.17086,1.17054,1.17082,160,2,0
2026-04-28 16:40:00,1.17082,1.17095,1.17079,1.17089,183,2,0
2026-04-28 16:45:00,1.17089,1.17104,1.17075,1.17082,204,2,0
2026-04-28 16:50:00,1.17082,1.1712,1.17074,1.17114,293,2,0
2026-04-28 16:55:00,1.17114,1.17114,1.17099,1.17104,128,2,0
2026-04-28 17:00:00,1.17104,1.17118,1.17081,1.17082,152,2,0
2026-04-28 17:05:00,1.17082,1.17088,1.17065,1.17087,186,2,0
2026-04-28 17:10:00,1.17087,1.171,1.17071,1.171,157,2,0
2026-04-28 17:15:00,1.171,1.17102,1.17064,1.17071,109,2,0
2026-04-28 17:20:00,1.1707,1.17097,1.17065,1.17097,99,2,0
2026-04-28 17:25:00,1.17097,1.17107,1.17089,1.17096,106,2,0
2026-04-28 17:30:00,1.17095,1.1712500000000001,1.17092,1.17119,184,2,0
2026-04-28 17:35:00,1.17119,1.17145,1.17118,1.17135,114,2,0
2026-04-28 17:40:00,1.17135,1.17136,1.1712500000000001,1.1712500000000001,114,2,0
2026-04-28 17:45:00,1.1712500000000001,1.17176,1.1712500000000001,1.17171,311,2,0
2026-04-28 17:50:00,1.17171,1.17175,1.17145,1.17155,259,2,0
2026-04-28 17:55:00,1.17155,1.17157,1.17126,1.17136,193,2,0
2026-04-28 18:00:00,1.17136,1.17156,1.17126,1.1713,204,2,0
2026-04-28 18:05:00,1.1713,1.17138,1.17118,1.17134,152,2,0
2026-04-28 18:10:00,1.17134,1.17141,1.17114,1.17124,87,2,0
2026-04-28 18:15:00,1.17124,1.17138,1.17124,1.1713,102,2,0
2026-04-28 18:20:00,1.1713,1.17157,1.1713,1.17141,224,2,0
2026-04-28 18:25:00,1.17141,1.17158,1.17133,1.17153,167,2,0
2026-04-28 18:30:00,1.17153,1.17154,1.17135,1.17137,121,2,0
2026-04-28 18:35:00,1.17137,1.17151,1.17134,1.1715,95,2,0
2026-04-28 18:40:00,1.1715,1.17157,1.17145,1.17155,98,2,0
2026-04-28 18:45:00,1.17155,1.1716,1.17145,1.17154,190,2,0
2026-04-28 18:50:00,1.17154,1.17154,1.17131,1.17131,83,2,0
2026-04-28 18:55:00,1.17131,1.17131,1.17111,1.17115,164,2,0
2026-04-28 19:00:00,1.17115,1.17144,1.17107,1.17132,148,2,0
2026-04-28 19:05:00,1.17132,1.17151,1.1712,1.1712,128,2,0
2026-04-28 19:10:00,1.1712,1.1712,1.17107,1.17109,69,2,0
2026-04-28 19:15:00,1.17109,1.1711,1.1709,1.17092,106,2,0
2026-04-28 19:20:00,1.17092,1.17104,1.17085,1.17089,88,2,0
2026-04-28 19:25:00,1.17089,1.17095,1.17086,1.17093,55,2,0
2026-04-28 19:30:00,1.17093,1.17102,1.17083,1.17088,83,2,0
2026-04-28 19:35:00,1.17088,1.17097,1.17085,1.17097,65,2,0
2026-04-28 19:40:00,1.17097,1.17097,1.17083,1.17087,55,2,0
2026-04-28 19:45:00,1.17087,1.17087,1.17078,1.17083,43,2,0
2026-04-28 19:50:00,1.17083,1.17085,1.17069,1.17076,92,2,0
2026-04-28 19:55:00,1.17076,1.17098,1.17071,1.17097,98,2,0
2026-04-28 20:00:00,1.17097,1.17116,1.17094,1.17112,69,2,0
2026-04-28 20:05:00,1.17112,1.17143,1.17112,1.1712500000000001,123,2,0
2026-04-28 20:10:00,1.1712500000000001,1.17127,1.17121,1.17121,31,2,0
2026-04-28 20:15:00,1.17121,1.17123,1.17114,1.17117,41,2,0
2026-04-28 20:20:00,1.17117,1.1712500000000001,1.17114,1.17123,24,2,0
2026-04-28 20:25:00,1.17123,1.1712500000000001,1.17117,1.17124,68,2,0
2026-04-28 20:30:00,1.17124,1.17146,1.17124,1.17138,66,2,0
2026-04-28 20:35:00,1.17138,1.17143,1.17133,1.17136,30,2,0
2026-04-28 20:40:00,1.17136,1.1715,1.17133,1.17142,57,2,0
2026-04-28 20:45:00,1.17142,1.17146,1.17138,1.17142,31,2,0
2026-04-28 20:50:00,1.17142,1.17142,1.17136,1.17136,13,2,0
2026-04-28 20:55:00,1.17136,1.17136,1.17111,1.17111,188,4,0
2026-04-28 21:00:00,1.1708,1.1709,1.17029,1.1709,9,63,0
2026-04-28 21:05:00,1.1709,1.17094,1.1709,1.17093,7,60,0
2026-04-28 21:10:00,1.17093,1.17138,1.17093,1.17094,16,44,0
2026-04-28 21:15:00,1.17093,1.17097,1.17092,1.17096,10,60,0
2026-04-28 21:20:00,1.17096,1.17108,1.17092,1.17108,13,51,0
2026-04-28 21:25:00,1.17108,1.17108,1.17108,1.17108,5,51,0
2026-04-28 21:30:00,1.17108,1.17108,1.17104,1.17105,7,51,0
2026-04-28 21:35:00,1.17105,1.17105,1.17103,1.17103,6,51,0
2026-04-28 21:40:00,1.17103,1.17105,1.17103,1.17104,7,50,0
2026-04-28 21:45:00,1.17104,1.17112,1.17104,1.17112,11,47,0
2026-04-28 21:50:00,1.17112,1.17112,1.17104,1.17104,8,49,0
2026-04-28 21:55:00,1.17104,1.17104,1.17103,1.17103,6,53,0
2026-04-28 22:00:00,1.17103,1.1718,1.1710099999999999,1.17173,192,2,0
2026-04-28 22:05:00,1.17173,1.17177,1.17164,1.17167,32,3,0
2026-04-28 22:10:00,1.17167,1.17172,1.17167,1.17172,20,3,0
2026-04-28 22:15:00,1.17172,1.17172,1.1716199999999999,1.1716199999999999,21,3,0
2026-04-28 22:20:00,1.1716199999999999,1.17172,1.17157,1.17158,39,3,0
2026-04-28 22:25:00,1.17158,1.17158,1.17143,1.17143,22,3,0
2026-04-28 22:30:00,1.17143,1.17157,1.17143,1.17155,43,3,0
2026-04-28 22:35:00,1.17155,1.17155,1.1715,1.1715,15,5,0
2026-04-28 22:40:00,1.1715,1.17159,1.17149,1.17156,44,3,0
2026-04-28 22:45:00,1.17156,1.17157,1.17153,1.17155,16,4,0
2026-04-28 22:50:00,1.17155,1.17158,1.17153,1.17154,239,4,0
2026-04-28 22:55:00,1.17154,1.17157,1.17153,1.17155,127,4,0
2026-04-28 23:00:00,1.17155,1.17158,1.17153,1.17158,30,2,0
2026-04-28 23:05:00,1.17158,1.17163,1.17157,1.17158,26,3,0
2026-04-28 23:10:00,1.17158,1.17158,1.17153,1.17153,7,5,0
2026-04-28 23:15:00,1.17153,1.17163,1.17153,1.17158,28,3,0
2026-04-28 23:20:00,1.17158,1.1716,1.17154,1.17155,16,5,0
2026-04-28 23:25:00,1.17155,1.17159,1.17153,1.17153,31,4,0
2026-04-28 23:30:00,1.17153,1.17159,1.17153,1.17155,27,3,0
2026-04-28 23:35:00,1.17155,1.17157,1.17153,1.17154,30,3,0
2026-04-28 23:40:00,1.17154,1.17165,1.17151,1.17164,28,2,0
2026-04-28 23:45:00,1.17164,1.17168,1.17161,1.17163,28,3,0
2026-04-28 23:50:00,1.17163,1.17172,1.17163,1.17166,31,2,0
2026-04-28 23:55:00,1.17166,1.17175,1.17165,1.17175,43,2,0
2026-04-29 00:00:00,1.17175,1.17205,1.17175,1.17203,122,2,0
2026-04-29 00:05:00,1.17203,1.17203,1.1718,1.1718,75,2,0
2026-04-29 00:10:00,1.1718,1.17185,1.17178,1.17184,90,2,0
2026-04-29 00:15:00,1.17183,1.17185,1.1716,1.17163,99,2,0
2026-04-29 00:20:00,1.17163,1.17165,1.17145,1.17158,92,2,0
2026-04-29 00:25:00,1.17158,1.1716,1.17151,1.17155,73,2,0
2026-04-29 00:30:00,1.17155,1.1716199999999999,1.17155,1.17159,55,2,0
2026-04-29 00:35:00,1.17159,1.17169,1.17155,1.17167,39,2,0
2026-04-29 00:40:00,1.17167,1.17185,1.17167,1.17181,51,2,0
2026-04-29 00:45:00,1.17181,1.17182,1.17147,1.17155,99,2,0
2026-04-29 00:50:00,1.17155,1.1716,1.1715,1.17159,104,2,0
2026-04-29 00:55:00,1.17158,1.17173,1.17155,1.17155,122,2,0
2026-04-29 01:00:00,1.17155,1.17161,1.17083,1.171,438,2,0
2026-04-29 01:05:00,1.171,1.17113,1.17069,1.17083,301,2,0
2026-04-29 01:10:00,1.17083,1.17104,1.17074,1.17074,220,2,0
2026-04-29 01:15:00,1.17072,1.17094,1.17072,1.17093,176,2,0
2026-04-29 01:20:00,1.17093,1.17108,1.17087,1.17102,125,2,0
2026-04-29 01:25:00,1.17102,1.17113,1.1710099999999999,1.17106,90,2,0
2026-04-29 01:30:00,1.17106,1.17131,1.1709100000000001,1.17123,427,2,0
2026-04-29 01:35:00,1.17123,1.1714,1.17113,1.17127,217,2,0
2026-04-29 01:40:00,1.17127,1.17157,1.17127,1.17148,146,2,0
2026-04-29 01:45:00,1.17148,1.17148,1.17105,1.1711,180,2,0
2026-04-29 01:50:00,1.1711,1.1712,1.17102,1.17116,113,2,0
2026-04-29 01:55:00,1.17116,1.1712,1.1710099999999999,1.1712,123,2,0
2026-04-29 02:00:00,1.1712,1.17157,1.1712,1.17143,163,2,0
2026-04-29 02:05:00,1.17143,1.17167,1.17142,1.17161,120,2,0
2026-04-29 02:10:00,1.17161,1.17165,1.17144,1.17145,116,2,0
2026-04-29 02:15:00,1.17145,1.17165,1.1714,1.17149,155,2,0
2026-04-29 02:20:00,1.17149,1.17151,1.17123,1.17124,135,2,0
2026-04-29 02:25:00,1.17124,1.17143,1.17123,1.17129,227,2,0
2026-04-29 02:30:00,1.17129,1.17131,1.17104,1.17113,195,2,0
2026-04-29 02:35:00,1.17113,1.17113,1.17085,1.17088,133,2,0
2026-04-29 02:40:00,1.17088,1.1709100000000001,1.17071,1.17079,100,2,0
2026-04-29 02:45:00,1.17079,1.17105,1.17079,1.17102,108,2,0
2026-04-29 02:50:00,1.17102,1.17108,1.17088,1.17088,78,2,0
2026-04-29 02:55:00,1.17088,1.1709,1.17073,1.17074,71,2,0
2026-04-29 03:00:00,1.17074,1.17097,1.17074,1.17094,161,2,0
2026-04-29 03:05:00,1.17094,1.17106,1.17093,1.17097,133,2,0
2026-04-29 03:10:00,1.17097,1.17099,1.17089,1.17089,72,2,0
2026-04-29 03:15:00,1.17089,1.17099,1.17084,1.17085,71,2,0
2026-04-29 03:20:00,1.17085,1.17099,1.17084,1.17094,78,2,0
2026-04-29 03:25:00,1.17094,1.17106,1.17092,1.17094,108,2,0
2026-04-29 03:30:00,1.17094,1.17094,1.17085,1.1709,57,2,0
2026-04-29 03:35:00,1.1709,1.17093,1.17074,1.17075,72,2,0
2026-04-29 03:40:00,1.17075,1.17077,1.17063,1.17064,63,2,0
2026-04-29 03:45:00,1.17064,1.17065,1.17053,1.17054,55,3,0
2026-04-29 03:50:00,1.17054,1.1706,1.17049,1.17055,47,2,0
2026-04-29 03:55:00,1.17055,1.1706,1.17053,1.17058,64,2,0
2026-04-29 04:00:00,1.17059,1.17064,1.17054,1.17058,79,2,0
2026-04-29 04:05:00,1.17059,1.17059,1.17052,1.17058,38,2,0
2026-04-29 04:10:00,1.17058,1.17074,1.17053,1.17066,80,2,0
2026-04-29 04:15:00,1.17066,1.17069,1.17063,1.17065,41,2,0
2026-04-29 04:20:00,1.17065,1.17066,1.17054,1.17054,62,2,0
2026-04-29 04:25:00,1.17054,1.17059,1.17048,1.17059,63,2,0
2026-04-29 04:30:00,1.17059,1.17077,1.17059,1.1707,63,2,0
2026-04-29 04:35:00,1.1707,1.17075,1.17061,1.17064,59,2,0
2026-04-29 04:40:00,1.17064,1.1707,1.17058,1.17059,46,2,0
2026-04-29 04:45:00,1.17059,1.17061,1.17054,1.17059,37,2,0
2026-04-29 04:50:00,1.17059,1.17061,1.17054,1.17057,36,2,0
2026-04-29 04:55:00,1.17057,1.17058,1.17044,1.17055,56,2,0
2026-04-29 05:00:00,1.17055,1.17057,1.17045,1.17055,62,2,0
2026-04-29 05:05:00,1.17055,1.17056,1.17041,1.17044,86,2,0
2026-04-29 05:10:00,1.17044,1.17046,1.17029,1.1703000000000001,94,2,0
2026-04-29 05:15:00,1.1703000000000001,1.17032,1.1702,1.1702,61,2,0
2026-04-29 05:20:00,1.1702,1.17028,1.17016,1.1702,69,2,0
2026-04-29 05:25:00,1.1702,1.17021,1.17009,1.17016,71,2,0
2026-04-29 05:30:00,1.17017,1.1703000000000001,1.16983,1.16983,106,2,0
2026-04-29 05:35:00,1.16983,1.16995,1.1697899999999999,1.16989,104,2,0
2026-04-29 05:40:00,1.1699,1.1700599999999999,1.16984,1.1700599999999999,74,2,0
2026-04-29 05:45:00,1.1700599999999999,1.17011,1.16987,1.16993,60,2,0
2026-04-29 05:50:00,1.16993,1.17015,1.16993,1.17007,70,2,0
2026-04-29 05:55:00,1.17007,1.1702,1.17005,1.1700599999999999,146,2,0
2026-04-29 06:00:00,1.1700599999999999,1.1703999999999999,1.17003,1.1703000000000001,145,2,0
2026-04-29 06:05:00,1.1703000000000001,1.17034,1.1700599999999999,1.1700599999999999,112,2,0
2026-04-29 06:10:00,1.1700599999999999,1.1700599999999999,1.16972,1.16976,111,2,0
2026-04-29 06:15:00,1.16976,1.16985,1.16967,1.16975,199,2,0
2026-04-29 06:20:00,1.16975,1.16985,1.1697,1.16975,144,2,0
2026-04-29 06:25:00,1.16975,1.16997,1.16974,1.16989,92,2,0
2026-04-29 06:30:00,1.16989,1.16989,1.16963,1.16968,165,2,0
2026-04-29 06:35:00,1.16968,1.17025,1.16965,1.17021,134,2,0
2026-04-29 06:40:00,1.17021,1.17037,1.17004,1.17005,142,2,0
2026-04-29 06:45:00,1.17005,1.17033,1.16998,1.17019,157,2,0
2026-04-29 06:50:00,1.17019,1.1702,1.16999,1.17014,173,2,0
2026-04-29 06:55:00,1.17014,1.1702,1.16982,1.16998,195,2,0
2026-04-29 07:00:00,1.16998,1.1703000000000001,1.1698,1.17026,342,2,0
2026-04-29 07:05:00,1.17026,1.17058,1.17013,1.17056,203,2,0
2026-04-29 07:10:00,1.17056,1.17071,1.17046,1.17061,187,2,0
2026-04-29 07:15:00,1.17061,1.1706699999999999,1.17045,1.17047,221,2,0
2026-04-29 07:20:00,1.17047,1.17056,1.17032,1.17049,149,2,0
2026-04-29 07:25:00,1.17049,1.17052,1.17025,1.1705,213,2,0
2026-04-29 07:30:00,1.1705,1.17074,1.1703999999999999,1.17073,176,2,0
2026-04-29 07:35:00,1.17073,1.17074,1.17055,1.17059,193,2,0
2026-04-29 07:40:00,1.17059,1.1706699999999999,1.17046,1.17048,190,2,0
2026-04-29 07:45:00,1.17048,1.17075,1.1703999999999999,1.1706,251,2,0
2026-04-29 07:50:00,1.1706,1.17081,1.1706,1.17071,130,2,0
2026-04-29 07:55:00,1.17071,1.1708,1.17051,1.17051,165,2,0
2026-04-29 08:00:00,1.17036,1.17057,1.1698,1.16981,449,2,0
2026-04-29 08:05:00,1.1698,1.16987,1.16953,1.16975,375,2,0
2026-04-29 08:10:00,1.16975,1.16988,1.1693500000000001,1.16952,275,2,0
2026-04-29 08:15:00,1.16952,1.1701,1.1695,1.1701,175,2,0
2026-04-29 08:20:00,1.1701,1.17023,1.16978,1.16982,204,2,0
2026-04-29 08:25:00,1.16982,1.17,1.16977,1.16987,258,2,0
2026-04-29 08:30:00,1.16987,1.16996,1.16954,1.16959,190,2,0
2026-04-29 08:35:00,1.16959,1.1698,1.16954,1.1698,225,2,0
2026-04-29 08:40:00,1.1697899999999999,1.16991,1.16964,1.16991,234,2,0
2026-04-29 08:45:00,1.16991,1.17011,1.16981,1.16988,150,2,0
2026-04-29 08:50:00,1.16988,1.17005,1.16983,1.16998,150,2,0
2026-04-29 08:55:00,1.16998,1.17012,1.16989,1.17001,135,2,0
2026-04-29 09:00:00,1.17001,1.17027,1.16989,1.17021,190,2,0
2026-04-29 09:05:00,1.17021,1.17023,1.1699,1.17001,193,2,0
2026-04-29 09:10:00,1.17001,1.17007,1.1699,1.16997,188,2,0
2026-04-29 09:15:00,1.16997,1.17018,1.16989,1.16999,195,2,0
2026-04-29 09:20:00,1.16999,1.17003,1.16972,1.1699,136,2,0
2026-04-29 09:25:00,1.1699,1.1702,1.16988,1.17013,72,2,0
2026-04-29 09:30:00,1.17013,1.17041,1.17013,1.17033,126,2,0
2026-04-29 09:35:00,1.17033,1.17044,1.16998,1.17007,180,2,0
2026-04-29 09:40:00,1.17007,1.17012,1.16994,1.16997,198,2,0
2026-04-29 09:45:00,1.16997,1.17019,1.16989,1.17015,175,2,0
2026-04-29 09:50:00,1.17016,1.17017,1.1699,1.16992,200,2,0
2026-04-29 09:55:00,1.16992,1.16998,1.1696,1.16974,237,2,0
2026-04-29 10:00:00,1.16974,1.17016,1.16963,1.17015,281,2,0
2026-04-29 10:05:00,1.17015,1.17019,1.17,1.17014,159,2,0
2026-04-29 10:10:00,1.17014,1.17015,1.16994,1.17015,125,2,0
2026-04-29 10:15:00,1.17015,1.17021,1.17001,1.17017,126,2,0
2026-04-29 10:20:00,1.17017,1.17029,1.17016,1.17017,100,2,0
2026-04-29 10:25:00,1.17017,1.17017,1.17,1.1701,99,2,0
2026-04-29 10:30:00,1.17011,1.17019,1.17004,1.17005,127,2,0
2026-04-29 10:35:00,1.17005,1.17015,1.17004,1.17005,83,2,0
2026-04-29 10:40:00,1.17005,1.17018,1.17001,1.17011,73,2,0
2026-04-29 10:45:00,1.17011,1.17019,1.17008,1.17018,74,2,0
2026-04-29 10:50:00,1.17018,1.17051,1.17018,1.17049,116,2,0
2026-04-29 10:55:00,1.17049,1.17092,1.17041,1.1709100000000001,119,2,0
2026-04-29 11:00:00,1.1709100000000001,1.17097,1.17057,1.17079,166,2,0
2026-04-29 11:05:00,1.17079,1.17089,1.17055,1.17066,218,2,0
2026-04-29 11:10:00,1.17065,1.17065,1.17046,1.17048,203,2,0
2026-04-29 11:15:00,1.17048,1.17057,1.17036,1.1705,176,2,0
2026-04-29 11:20:00,1.1705,1.17075,1.17041,1.17058,130,2,0
2026-04-29 11:25:00,1.17058,1.17065,1.17042,1.17052,128,2,0
2026-04-29 11:30:00,1.17052,1.1706,1.1703999999999999,1.17058,116,2,0
2026-04-29 11:35:00,1.17058,1.1709,1.17047,1.17047,219,2,0
2026-04-29 11:40:00,1.17047,1.17058,1.17031,1.17037,139,2,0
2026-04-29 11:45:00,1.17037,1.17051,1.17034,1.17035,120,2,0
2026-04-29 11:50:00,1.17035,1.17042,1.17025,1.17038,120,2,0
2026-04-29 11:55:00,1.17038,1.17038,1.16997,1.17009,215,2,0
2026-04-29 12:00:00,1.17007,1.17051,1.17,1.17045,213,2,0
2026-04-29 12:05:00,1.17045,1.17081,1.17045,1.17054,224,2,0
2026-04-29 12:10:00,1.17054,1.17057,1.17032,1.17039,214,2,0
2026-04-29 12:15:00,1.1703999999999999,1.17063,1.17038,1.17052,188,2,0
2026-04-29 12:20:00,1.17052,1.17076,1.17012,1.17018,311,2,0
2026-04-29 12:25:00,1.17018,1.17055,1.17013,1.17043,208,2,0
2026-04-29 12:30:00,1.17043,1.17043,1.17022,1.17035,279,2,0
2026-04-29 12:35:00,1.17035,1.17045,1.16967,1.16983,376,2,0
2026-04-29 12:40:00,1.16983,1.17015,1.16972,1.16996,297,2,0
2026-04-29 12:45:00,1.16996,1.17011,1.16976,1.16991,345,2,0
2026-04-29 12:50:00,1.16991,1.16991,1.16931,1.16951,358,2,0
2026-04-29 12:55:00,1.16951,1.16993,1.16951,1.1699,381,2,0
2026-04-29 13:00:00,1.1699,1.17014,1.16985,1.16997,536,2,0
2026-04-29 13:05:00,1.16997,1.17032,1.16989,1.17003,421,2,0
2026-04-29 13:10:00,1.17002,1.17011,1.16981,1.1699,196,2,0
2026-04-29 13:15:00,1.1699,1.1699,1.1692,1.16926,339,2,0
2026-04-29 13:20:00,1.16926,1.16944,1.169,1.16919,589,2,0
2026-04-29 13:25:00,1.16919,1.16924,1.16895,1.1690800000000001,402,2,0
2026-04-29 13:30:00,1.16907,1.16919,1.16831,1.16842,652,2,0
2026-04-29 13:35:00,1.16842,1.1688399999999999,1.1682299999999999,1.16878,356,2,0
2026-04-29 13:40:00,1.16878,1.16901,1.16866,1.1687,208,2,0
2026-04-29 13:45:00,1.1687,1.1688399999999999,1.16852,1.16871,324,2,0
2026-04-29 13:50:00,1.16871,1.16887,1.16842,1.16875,452,2,0
2026-04-29 13:55:00,1.16875,1.16896,1.1686,1.16887,437,2,0
2026-04-29 14:00:00,1.16887,1.16891,1.16842,1.16851,659,2,0
2026-04-29 14:05:00,1.16851,1.16865,1.16837,1.16852,521,2,0
2026-04-29 14:10:00,1.16852,1.16882,1.1685,1.16875,343,2,0
2026-04-29 14:15:00,1.16875,1.16924,1.16872,1.16913,420,2,0
2026-04-29 14:20:00,1.16913,1.16927,1.16896,1.16923,231,2,0
2026-04-29 14:25:00,1.16923,1.16928,1.16899,1.16905,176,2,0
2026-04-29 14:30:00,1.16905,1.16952,1.16897,1.16943,267,2,0
2026-04-29 14:35:00,1.16943,1.16954,1.16919,1.1692,283,2,0
2026-04-29 14:40:00,1.1692,1.16927,1.16905,1.16907,263,2,0
2026-04-29 14:45:00,1.16907,1.1691799999999999,1.16875,1.16903,345,2,0
2026-04-29 14:50:00,1.16903,1.17031,1.16903,1.17018,434,2,0
2026-04-29 14:55:00,1.17018,1.17024,1.16972,1.17009,587,2,0
2026-04-29 15:00:00,1.17011,1.17014,1.16956,1.16977,579,2,0
2026-04-29 15:05:00,1.16977,1.17015,1.16963,1.16963,310,2,0
2026-04-29 15:10:00,1.16963,1.16973,1.16946,1.16947,288,2,0
2026-04-29 15:15:00,1.16947,1.16972,1.16937,1.16963,342,2,0
2026-04-29 15:20:00,1.16963,1.16966,1.1694,1.16952,334,2,0
2026-04-29 15:25:00,1.16952,1.16954,1.16906,1.16922,457,2,0
2026-04-29 15:30:00,1.16925,1.16967,1.16916,1.16965,442,2,0
2026-04-29 15:35:00,1.16965,1.16981,1.16946,1.16957,276,2,0
2026-04-29 15:40:00,1.1696,1.17001,1.1696,1.16988,285,2,0
2026-04-29 15:45:00,1.16988,1.1702,1.16986,1.17017,184,2,0
2026-04-29 15:50:00,1.17017,1.1703999999999999,1.16872,1.16888,1054,2,0
2026-04-29 15:55:00,1.16888,1.16952,1.16882,1.16946,579,2,0
2026-04-29 16:00:00,1.16946,1.16986,1.16941,1.16953,321,2,0
2026-04-29 16:05:00,1.16953,1.16964,1.16929,1.16957,333,2,0
2026-04-29 16:10:00,1.16957,1.16974,1.16911,1.16917,305,2,0
2026-04-29 16:15:00,1.16917,1.16934,1.16892,1.16896,236,2,0
2026-04-29 16:20:00,1.16896,1.16913,1.16891,1.16911,182,2,0
2026-04-29 16:25:00,1.16911,1.16949,1.16911,1.16924,203,2,0
2026-04-29 16:30:00,1.16922,1.16928,1.16886,1.16896,340,2,0
2026-04-29 16:35:00,1.16897,1.16897,1.16876,1.16894,350,2,0
2026-04-29 16:40:00,1.16894,1.16897,1.16864,1.16866,297,2,0
2026-04-29 16:45:00,1.16866,1.1687,1.1684,1.16862,324,2,0
2026-04-29 16:50:00,1.16862,1.16877,1.16851,1.16859,209,2,0
2026-04-29 16:55:00,1.1686,1.16863,1.16836,1.16846,260,2,0
2026-04-29 17:00:00,1.16846,1.1684700000000001,1.16808,1.16821,284,2,0
2026-04-29 17:05:00,1.16822,1.1683,1.16803,1.16805,188,2,0
2026-04-29 17:10:00,1.16805,1.16811,1.16798,1.1681,165,2,0
2026-04-29 17:15:00,1.1681,1.16832,1.16803,1.16831,176,2,0
2026-04-29 17:20:00,1.16831,1.16854,1.16819,1.16832,279,2,0
2026-04-29 17:25:00,1.16832,1.16843,1.16815,1.16821,152,2,0
2026-04-29 17:30:00,1.16821,1.16845,1.16807,1.16836,250,2,0
2026-04-29 17:35:00,1.16836,1.16837,1.16804,1.16811,260,2,0
2026-04-29 17:40:00,1.16811,1.16834,1.16807,1.16833,241,2,0
2026-04-29 17:45:00,1.16833,1.16876,1.16833,1.16862,302,2,0
2026-04-29 17:50:00,1.16862,1.16889,1.1685699999999999,1.16861,214,2,0
2026-04-29 17:55:00,1.16861,1.16876,1.16856,1.16867,301,2,0
2026-04-29 18:00:00,1.16867,1.16905,1.16759,1.16801,1068,2,0
2026-04-29 18:05:00,1.16801,1.16814,1.16729,1.16744,778,2,0
2026-04-29 18:10:00,1.16744,1.16758,1.16714,1.16749,483,2,0
2026-04-29 18:15:00,1.16749,1.16834,1.1674,1.16819,676,2,0
2026-04-29 18:20:00,1.16819,1.16832,1.16776,1.16794,448,2,0
2026-04-29 18:25:00,1.16794,1.16804,1.16747,1.16756,348,2,0
2026-04-29 18:30:00,1.16756,1.16768,1.16714,1.16719,660,2,0
2026-04-29 18:35:00,1.16719,1.16841,1.16669,1.16743,1199,2,0
2026-04-29 18:40:00,1.16743,1.16743,1.16637,1.16638,745,2,0
2026-04-29 18:45:00,1.16638,1.16677,1.16611,1.16659,950,2,0
2026-04-29 18:50:00,1.16658,1.16704,1.16655,1.16657,526,2,0
2026-04-29 18:55:00,1.16657,1.16734,1.16657,1.1672,492,2,0
2026-04-29 19:00:00,1.16719,1.16755,1.16706,1.16712,380,2,0
2026-04-29 19:05:00,1.16712,1.16713,1.16677,1.16688,349,2,0
2026-04-29 19:10:00,1.16688,1.16766,1.16668,1.16764,296,2,0
2026-04-29 19:15:00,1.16764,1.16803,1.16761,1.16784,308,2,0
2026-04-29 19:20:00,1.16784,1.16784,1.1673499999999999,1.16761,232,2,0
2026-04-29 19:25:00,1.16761,1.16763,1.16737,1.16745,119,2,0
2026-04-29 19:30:00,1.16745,1.16748,1.16695,1.1671,206,2,0
2026-04-29 19:35:00,1.1671,1.16723,1.16709,1.16719,123,2,0
2026-04-29 19:40:00,1.16719,1.16729,1.16673,1.16711,341,2,0
2026-04-29 19:45:00,1.16711,1.16726,1.16707,1.16724,164,2,0
2026-04-29 19:50:00,1.16724,1.1676199999999999,1.16714,1.16761,278,2,0
2026-04-29 19:55:00,1.16761,1.16768,1.16754,1.16763,179,2,0
2026-04-29 20:00:00,1.16763,1.16774,1.16746,1.16767,294,2,0
2026-04-29 20:05:00,1.16767,1.1677,1.1675200000000001,1.16759,191,2,0
2026-04-29 20:10:00,1.16759,1.16763,1.16716,1.16722,308,2,0
2026-04-29 20:15:00,1.16722,1.16727,1.16708,1.16722,199,2,0
2026-04-29 20:20:00,1.16722,1.16734,1.16717,1.16718,128,2,0
2026-04-29 20:25:00,1.16718,1.16748,1.16717,1.16742,143,2,0
2026-04-29 20:30:00,1.16742,1.1675200000000001,1.16728,1.16729,157,2,0
2026-04-29 20:35:00,1.16729,1.16747,1.16724,1.16744,94,2,0
2026-04-29 20:40:00,1.16744,1.16755,1.1674,1.16746,47,2,0
2026-04-29 20:45:00,1.16746,1.16749,1.16737,1.16744,50,2,0
2026-04-29 20:50:00,1.16744,1.16745,1.16729,1.16729,58,2,0
2026-04-29 20:55:00,1.16728,1.16749,1.16712,1.1674,152,3,0
2026-04-29 21:00:00,1.16715,1.16717,1.16715,1.16717,6,152,0
2026-04-29 21:05:00,1.16717,1.1672500000000001,1.16712,1.16717,11,87,0
2026-04-29 21:10:00,1.16717,1.16748,1.16699,1.16721,22,19,0
2026-04-29 21:15:00,1.16721,1.16721,1.16681,1.16708,14,109,0
2026-04-29 21:20:00,1.16708,1.1672,1.16688,1.1672,11,116,0
2026-04-29 21:25:00,1.1672,1.1672,1.16679,1.1672,11,115,0
2026-04-29 21:30:00,1.1672,1.16722,1.16687,1.16719,28,124,0
2026-04-29 21:35:00,1.16719,1.1673499999999999,1.16699,1.16714,87,116,0
2026-04-29 21:40:00,1.16714,1.1672500000000001,1.16695,1.16716,152,131,0
2026-04-29 21:45:00,1.16716,1.16738,1.16716,1.16738,17,109,0
2026-04-29 21:50:00,1.16738,1.16758,1.16737,1.16749,28,58,0
2026-04-29 21:55:00,1.16749,1.16749,1.16687,1.16687,18,58,0
2026-04-29 22:00:00,1.16687,1.16753,1.16687,1.16712,91,2,0
2026-04-29 22:05:00,1.16713,1.16738,1.16713,1.16728,80,2,0
2026-04-29 22:10:00,1.16728,1.16738,1.16719,1.16722,70,3,0
2026-04-29 22:15:00,1.16722,1.16754,1.1672,1.16754,67,2,0
2026-04-29 22:20:00,1.16754,1.1676199999999999,1.16745,1.16758,72,2,0
2026-04-29 22:25:00,1.16758,1.16775,1.16753,1.16773,59,3,0
2026-04-29 22:30:00,1.16773,1.16783,1.1677,1.16776,74,2,0
2026-04-29 22:35:00,1.16776,1.16777,1.16766,1.16767,31,3,0
2026-04-29 22:40:00,1.16767,1.16775,1.16766,1.1677,87,4,0
2026-04-29 22:45:00,1.1677,1.16782,1.1677,1.16781,76,4,0
2026-04-29 22:50:00,1.16781,1.16782,1.16771,1.16772,90,4,0
2026-04-29 22:55:00,1.16772,1.16777,1.16771,1.16775,26,2,0
2026-04-29 23:00:00,1.16775,1.16782,1.16771,1.16772,55,3,0
2026-04-29 23:05:00,1.16772,1.16773,1.16758,1.16763,51,3,0
2026-04-29 23:10:00,1.16763,1.16772,1.16761,1.16772,51,4,0
2026-04-29 23:15:00,1.16772,1.16793,1.16771,1.16787,37,2,0
2026-04-29 23:20:00,1.16787,1.16792,1.16782,1.16785,46,2,0
2026-04-29 23:25:00,1.16785,1.16794,1.16783,1.16793,32,2,0
2026-04-29 23:30:00,1.16793,1.16822,1.16787,1.16818,107,2,0
2026-04-29 23:35:00,1.16818,1.16848,1.16815,1.1684700000000001,77,2,0
2026-04-29 23:40:00,1.1684700000000001,1.16858,1.16841,1.16858,119,2,0
2026-04-29 23:45:00,1.16858,1.16863,1.1684700000000001,1.1684700000000001,64,2,0
2026-04-29 23:50:00,1.1684700000000001,1.16854,1.16846,1.1684700000000001,35,2,0
2026-04-29 23:55:00,1.1684700000000001,1.1684700000000001,1.16839,1.16843,55,2,0
2026-04-30 00:00:00,1.16843,1.16883,1.16843,1.16853,405,2,0
2026-04-30 00:05:00,1.16853,1.16895,1.16842,1.16882,271,2,0
2026-04-30 00:10:00,1.16882,1.16882,1.16867,1.16872,162,2,0
2026-04-30 00:15:00,1.16872,1.1688399999999999,1.16862,1.16876,271,2,0
2026-04-30 00:20:00,1.16876,1.1688,1.16862,1.16872,231,2,0
2026-04-30 00:25:00,1.16872,1.1688399999999999,1.16853,1.16855,186,2,0
2026-04-30 00:30:00,1.16855,1.16872,1.16845,1.16852,198,2,0
2026-04-30 00:35:00,1.16852,1.16855,1.16826,1.16845,205,2,0
2026-04-30 00:40:00,1.16845,1.16845,1.16816,1.16821,199,2,0
2026-04-30 00:45:00,1.16821,1.16839,1.16821,1.16828,188,2,0
2026-04-30 00:50:00,1.16828,1.1684,1.16808,1.16838,290,2,0
2026-04-30 00:55:00,1.16838,1.1684,1.16791,1.16792,212,2,0
2026-04-30 01:00:00,1.16792,1.16802,1.16776,1.16797,280,2,0
2026-04-30 01:05:00,1.16797,1.16798,1.16773,1.16793,203,2,0
2026-04-30 01:10:00,1.16793,1.16799,1.16787,1.16797,104,2,0
2026-04-30 01:15:00,1.16797,1.16817,1.16792,1.1681300000000001,108,2,0
2026-04-30 01:20:00,1.1681300000000001,1.16814,1.16788,1.16794,139,2,0
2026-04-30 01:25:00,1.16794,1.16805,1.16788,1.16788,127,2,0
2026-04-30 01:30:00,1.16788,1.16815,1.1678,1.1678,179,2,0
2026-04-30 01:35:00,1.1678,1.16782,1.1675,1.16764,235,2,0
2026-04-30 01:40:00,1.16766,1.16766,1.16748,1.16753,208,2,0
2026-04-30 01:45:00,1.16753,1.16757,1.16731,1.16753,155,2,0
2026-04-30 01:50:00,1.16753,1.16785,1.16734,1.16785,150,2,0
2026-04-30 01:55:00,1.16785,1.16788,1.16741,1.16744,236,2,0
2026-04-30 02:00:00,1.16744,1.16751,1.16722,1.16736,209,2,0
2026-04-30 02:05:00,1.16736,1.16759,1.16736,1.16748,70,2,0
2026-04-30 02:10:00,1.16748,1.16757,1.16739,1.16756,91,2,0
2026-04-30 02:15:00,1.16756,1.16764,1.16723,1.16727,126,2,0
2026-04-30 02:20:00,1.16727,1.16728,1.16718,1.16724,73,2,0
2026-04-30 02:25:00,1.16724,1.16729,1.16698,1.1671,118,2,0
2026-04-30 02:30:00,1.1671,1.1671,1.16655,1.16668,830,2,0
2026-04-30 02:35:00,1.16668,1.16671,1.1665,1.16652,324,2,0
2026-04-30 02:40:00,1.16651,1.16671,1.16642,1.16647,171,2,0
2026-04-30 02:45:00,1.16647,1.16647,1.16623,1.16633,182,2,0
2026-04-30 02:50:00,1.16633,1.16653,1.16632,1.16648,180,2,0
2026-04-30 02:55:00,1.16648,1.16669,1.16641,1.16667,171,2,0
2026-04-30 03:00:00,1.16667,1.16688,1.16667,1.16683,90,2,0
2026-04-30 03:05:00,1.16683,1.16708,1.16676,1.16706,122,2,0
2026-04-30 03:10:00,1.16706,1.16708,1.16654,1.1667,253,2,0
2026-04-30 03:15:00,1.1667,1.16688,1.1666400000000001,1.16685,188,2,0
2026-04-30 03:20:00,1.16685,1.16687,1.16673,1.16683,95,2,0
2026-04-30 03:25:00,1.16683,1.1670099999999999,1.16682,1.16694,158,2,0
2026-04-30 03:30:00,1.16694,1.16696,1.16677,1.16693,194,2,0
2026-04-30 03:35:00,1.16693,1.16699,1.16684,1.16686,120,2,0
2026-04-30 03:40:00,1.16686,1.16686,1.16658,1.16667,132,2,0
2026-04-30 03:45:00,1.16667,1.16668,1.16651,1.16658,94,2,0
2026-04-30 03:50:00,1.16658,1.16658,1.16646,1.16656,123,2,0
2026-04-30 03:55:00,1.16656,1.1666400000000001,1.16651,1.16657,136,2,0
2026-04-30 04:00:00,1.16657,1.16658,1.16633,1.16639,205,2,0
2026-04-30 04:05:00,1.16639,1.16659,1.16623,1.16652,170,2,0
2026-04-30 04:10:00,1.16652,1.16658,1.16638,1.16643,108,2,0
2026-04-30 04:15:00,1.16643,1.16644,1.1661299999999999,1.16617,89,2,0
2026-04-30 04:20:00,1.16617,1.16622,1.16599,1.1660300000000001,208,2,0
2026-04-30 04:25:00,1.1660300000000001,1.16609,1.16575,1.16588,244,2,0
2026-04-30 04:30:00,1.16588,1.16593,1.1656,1.16562,285,2,0
2026-04-30 04:35:00,1.16562,1.16573,1.16561,1.16563,287,2,0
2026-04-30 04:40:00,1.16563,1.16587,1.16551,1.16584,221,2,0
2026-04-30 04:45:00,1.16584,1.16594,1.16581,1.16589,107,2,0
2026-04-30 04:50:00,1.16589,1.16605,1.16589,1.16599,68,2,0
2026-04-30 04:55:00,1.16599,1.16608,1.16595,1.166,87,2,0
2026-04-30 05:00:00,1.166,1.1662,1.16599,1.16609,130,2,0
2026-04-30 05:05:00,1.16609,1.16638,1.16605,1.16635,116,2,0
2026-04-30 05:10:00,1.16635,1.16645,1.16625,1.16631,98,2,0
2026-04-30 05:15:00,1.16631,1.16639,1.16616,1.1663000000000001,127,2,0
2026-04-30 05:20:00,1.1663000000000001,1.16642,1.16624,1.16637,119,2,0
2026-04-30 05:25:00,1.16637,1.16637,1.1660300000000001,1.16608,91,2,0
2026-04-30 05:30:00,1.16608,1.16627,1.166,1.16624,177,2,0
2026-04-30 05:35:00,1.16625,1.16642,1.16623,1.16631,172,2,0
2026-04-30 05:40:00,1.16631,1.16643,1.16612,1.16615,191,2,0
2026-04-30 05:45:00,1.16615,1.16621,1.16606,1.16607,131,2,0
2026-04-30 05:50:00,1.16607,1.16618,1.16592,1.16598,190,2,0
2026-04-30 05:55:00,1.16598,1.16615,1.16587,1.1659,179,2,0
2026-04-30 06:00:00,1.1659,1.1663000000000001,1.16585,1.16618,158,2,0
2026-04-30 06:05:00,1.16618,1.16652,1.16618,1.16633,147,2,0
2026-04-30 06:10:00,1.16633,1.16633,1.16577,1.16606,279,2,0
2026-04-30 06:15:00,1.16606,1.16627,1.16599,1.16624,226,2,0
2026-04-30 06:20:00,1.16624,1.16647,1.16616,1.16645,168,2,0
2026-04-30 06:25:00,1.16645,1.16659,1.16638,1.16654,195,2,0
2026-04-30 06:30:00,1.16654,1.16703,1.16654,1.16689,336,2,0
2026-04-30 06:35:00,1.16689,1.16699,1.16675,1.16679,343,2,0
2026-04-30 06:40:00,1.1668,1.16682,1.16652,1.16675,255,2,0
2026-04-30 06:45:00,1.16675,1.16686,1.16662,1.16678,236,2,0
2026-04-30 06:50:00,1.16678,1.167,1.16671,1.167,175,2,0
2026-04-30 06:55:00,1.167,1.16704,1.1668,1.16702,206,2,0
2026-04-30 07:00:00,1.16702,1.16741,1.16699,1.16724,330,2,0
2026-04-30 07:05:00,1.16724,1.16764,1.16718,1.16756,256,2,0
2026-04-30 07:10:00,1.16756,1.16808,1.16754,1.16806,259,2,0
2026-04-30 07:15:00,1.16806,1.16806,1.16777,1.16777,286,2,0
2026-04-30 07:20:00,1.16777,1.16802,1.16766,1.16801,245,2,0
2026-04-30 07:25:00,1.16801,1.1681300000000001,1.16783,1.16812,247,2,0
2026-04-30 07:30:00,1.16812,1.1681300000000001,1.16773,1.16777,205,2,0
2026-04-30 07:35:00,1.16777,1.16783,1.16757,1.16779,266,2,0
2026-04-30 07:40:00,1.16779,1.16794,1.16769,1.16788,217,2,0
2026-04-30 07:45:00,1.16788,1.16793,1.16757,1.16774,226,2,0
2026-04-30 07:50:00,1.16774,1.16781,1.16766,1.16775,160,2,0
2026-04-30 07:55:00,1.16775,1.16839,1.1676,1.16795,656,2,0
2026-04-30 08:00:00,1.16795,1.16889,1.16793,1.16888,596,2,0
2026-04-30 08:05:00,1.16888,1.16975,1.16888,1.16951,635,2,0
2026-04-30 08:10:00,1.16951,1.16968,1.16896,1.16902,520,2,0
2026-04-30 08:15:00,1.16902,1.16913,1.1686,1.1687,542,2,0
2026-04-30 08:20:00,1.16871,1.16876,1.1684700000000001,1.16854,346,2,0
2026-04-30 08:25:00,1.16854,1.16872,1.16842,1.16872,319,2,0
2026-04-30 08:30:00,1.16872,1.16887,1.16846,1.16858,345,2,0
2026-04-30 08:35:00,1.16858,1.16907,1.16827,1.16878,531,2,0
2026-04-30 08:40:00,1.16878,1.16892,1.16851,1.16861,339,2,0
2026-04-30 08:45:00,1.16861,1.16862,1.16832,1.16846,332,2,0
2026-04-30 08:50:00,1.16846,1.1684700000000001,1.16797,1.16809,319,2,0
2026-04-30 08:55:00,1.16809,1.16812,1.16741,1.16797,356,2,0
2026-04-30 09:00:00,1.16797,1.1681300000000001,1.16775,1.1678,373,2,0
2026-04-30 09:05:00,1.1678,1.16799,1.16759,1.16776,327,2,0
2026-04-30 09:10:00,1.16776,1.16812,1.16731,1.16804,427,2,0
2026-04-30 09:15:00,1.16804,1.16807,1.16773,1.16803,245,2,0
2026-04-30 09:20:00,1.16803,1.16833,1.16782,1.16811,376,2,0
2026-04-30 09:25:00,1.16811,1.16866,1.16795,1.16866,414,2,0
2026-04-30 09:30:00,1.16866,1.16953,1.1685,1.1686,872,2,0
2026-04-30 09:35:00,1.1686,1.16917,1.16858,1.16916,317,2,0
2026-04-30 09:40:00,1.16916,1.16923,1.16891,1.16907,323,2,0
2026-04-30 09:45:00,1.16907,1.16953,1.16906,1.16944,326,2,0
2026-04-30 09:50:00,1.16944,1.16973,1.16943,1.16963,254,2,0
2026-04-30 09:55:00,1.16963,1.16967,1.16939,1.16944,368,2,0
2026-04-30 10:00:00,1.16944,1.16949,1.16914,1.16931,498,2,0
2026-04-30 10:05:00,1.16931,1.16957,1.16921,1.16941,406,2,0
2026-04-30 10:10:00,1.16941,1.16959,1.16889,1.16894,357,2,0
2026-04-30 10:15:00,1.16894,1.16942,1.1689,1.16942,300,2,0
2026-04-30 10:20:00,1.16942,1.16962,1.16937,1.16958,162,2,0
2026-04-30 10:25:00,1.16958,1.17073,1.1695,1.17063,790,2,0
2026-04-30 10:30:00,1.17064,1.17116,1.1705,1.17072,1484,2,0
2026-04-30 10:35:00,1.17072,1.17098,1.17025,1.17061,1259,2,0
2026-04-30 10:40:00,1.17064,1.171,1.17039,1.17085,947,2,0
2026-04-30 10:45:00,1.17085,1.17089,1.17012,1.17079,882,2,0
2026-04-30 10:50:00,1.17079,1.17118,1.17059,1.1711,1300,2,0
2026-04-30 10:55:00,1.1711,1.1715200000000001,1.17081,1.17147,681,2,0
2026-04-30 11:00:00,1.17147,1.17193,1.17143,1.17154,908,2,0
2026-04-30 11:05:00,1.17154,1.1716,1.17039,1.17063,775,2,0
2026-04-30 11:10:00,1.17063,1.17105,1.1703000000000001,1.17081,977,2,0
2026-04-30 11:15:00,1.17082,1.17129,1.17069,1.17122,756,2,0
2026-04-30 11:20:00,1.17122,1.17182,1.17112,1.17136,880,2,0
2026-04-30 11:25:00,1.17136,1.1719,1.1712799999999999,1.17167,999,2,0
2026-04-30 11:30:00,1.17168,1.17169,1.17098,1.17143,734,2,0
2026-04-30 11:35:00,1.17142,1.17194,1.17132,1.17175,750,2,0
2026-04-30 11:40:00,1.17173,1.1718,1.17132,1.1716,777,2,0
2026-04-30 11:45:00,1.17159,1.17191,1.17143,1.17163,956,2,0
2026-04-30 11:50:00,1.17163,1.17182,1.1705,1.17055,552,2,0
2026-04-30 11:55:00,1.17055,1.17076,1.17033,1.17048,599,2,0
2026-04-30 12:00:00,1.17048,1.17056,1.16978,1.17011,799,2,0
2026-04-30 12:05:00,1.17011,1.17051,1.17005,1.17017,442,2,0
2026-04-30 12:10:00,1.17018,1.17045,1.16999,1.1703999999999999,410,2,0
2026-04-30 12:15:00,1.1703999999999999,1.17045,1.16896,1.16956,808,2,0
2026-04-30 12:20:00,1.16956,1.17013,1.16942,1.17005,735,2,0
2026-04-30 12:25:00,1.17005,1.17047,1.16972,1.16972,740,2,0
2026-04-30 12:30:00,1.16984,1.17027,1.16936,1.16946,728,2,0
2026-04-30 12:35:00,1.16946,1.17001,1.16946,1.16993,495,2,0
2026-04-30 12:40:00,1.16993,1.16993,1.16895,1.169,604,2,0
2026-04-30 12:45:00,1.16899,1.16997,1.16894,1.16927,613,2,0
2026-04-30 12:50:00,1.16927,1.16953,1.16913,1.1694499999999999,625,2,0
2026-04-30 12:55:00,1.16944,1.1697899999999999,1.16926,1.16926,540,2,0
2026-04-30 13:00:00,1.16926,1.16941,1.1685,1.16903,903,2,0
2026-04-30 13:05:00,1.16903,1.16991,1.16896,1.16989,828,2,0
2026-04-30 13:10:00,1.16988,1.17008,1.1690800000000001,1.16937,924,2,0
2026-04-30 13:15:00,1.16937,1.16939,1.16859,1.1688,477,2,0
2026-04-30 13:20:00,1.1688,1.16891,1.16825,1.16826,542,2,0
2026-04-30 13:25:00,1.16826,1.16917,1.16817,1.16915,497,2,0
2026-04-30 13:30:00,1.16912,1.16923,1.16852,1.16861,995,2,0
2026-04-30 13:35:00,1.16862,1.16916,1.16833,1.1690800000000001,609,2,0
2026-04-30 13:40:00,1.1690800000000001,1.16943,1.16902,1.16912,465,2,0
2026-04-30 13:45:00,1.16912,1.16967,1.16892,1.16946,692,2,0
2026-04-30 13:50:00,1.16947,1.16962,1.16904,1.16931,689,2,0
2026-04-30 13:55:00,1.16931,1.16955,1.16899,1.16901,453,2,0
2026-04-30 14:00:00,1.16899,1.17001,1.16875,1.1693,856,2,0
2026-04-30 14:05:00,1.1693,1.16967,1.1691799999999999,1.16926,721,2,0
2026-04-30 14:10:00,1.16926,1.16987,1.1689,1.16986,648,2,0
2026-04-30 14:15:00,1.16985,1.17081,1.1698,1.17065,705,2,0
2026-04-30 14:20:00,1.17065,1.1712,1.1706,1.17115,514,2,0
2026-04-30 14:25:00,1.17114,1.17149,1.17099,1.17132,436,2,0
2026-04-30 14:30:00,1.17133,1.17147,1.17107,1.17123,551,2,0
2026-04-30 14:35:00,1.17122,1.17126,1.17047,1.17064,941,2,0
2026-04-30 14:40:00,1.17069,1.17144,1.17069,1.1714,704,2,0
2026-04-30 14:45:00,1.1714,1.17155,1.17134,1.17148,470,2,0
2026-04-30 14:50:00,1.17148,1.17282,1.17147,1.17272,891,2,0
2026-04-30 14:55:00,1.17273,1.17333,1.1724700000000001,1.17277,1125,2,0
2026-04-30 15:00:00,1.17277,1.1732,1.17226,1.17242,1260,2,0
2026-04-30 15:05:00,1.17242,1.1732,1.17233,1.17317,653,2,0
2026-04-30 15:10:00,1.17317,1.17357,1.17317,1.17346,675,2,0
2026-04-30 15:15:00,1.17346,1.17351,1.1729,1.17302,669,2,0
2026-04-30 15:20:00,1.17302,1.17318,1.17253,1.17313,583,2,0
2026-04-30 15:25:00,1.17313,1.17313,1.17268,1.17269,578,2,0
2026-04-30 15:30:00,1.17269,1.17295,1.1724700000000001,1.17276,600,2,0
2026-04-30 15:35:00,1.17276,1.17333,1.17272,1.17329,390,2,0
2026-04-30 15:40:00,1.17328,1.17336,1.17292,1.17313,377,2,0
2026-04-30 15:45:00,1.17313,1.17313,1.17236,1.17255,391,2,0
2026-04-30 15:50:00,1.17255,1.17273,1.17231,1.17269,324,2,0
2026-04-30 15:55:00,1.17272,1.17298,1.17272,1.1728399999999999,287,2,0
2026-04-30 16:00:00,1.1728399999999999,1.17317,1.17266,1.17314,402,2,0
2026-04-30 16:05:00,1.17315,1.17354,1.17307,1.17312,280,2,0
2026-04-30 16:10:00,1.17312,1.17339,1.17304,1.17317,287,2,0
2026-04-30 16:15:00,1.17317,1.17323,1.17244,1.17259,374,2,0
2026-04-30 16:20:00,1.17259,1.17282,1.17252,1.17268,347,2,0
2026-04-30 16:25:00,1.17268,1.17269,1.1724700000000001,1.17256,341,2,0
2026-04-30 16:30:00,1.17256,1.17261,1.17236,1.17249,316,2,0
2026-04-30 16:35:00,1.17249,1.17264,1.17237,1.17264,248,2,0
2026-04-30 16:40:00,1.17264,1.17271,1.17253,1.17258,199,2,0
2026-04-30 16:45:00,1.17258,1.17258,1.17243,1.17253,148,2,0
2026-04-30 16:50:00,1.17253,1.17273,1.17228,1.17271,191,2,0
2026-04-30 16:55:00,1.17271,1.1728399999999999,1.17249,1.17254,239,2,0
2026-04-30 17:00:00,1.17254,1.17311,1.17254,1.17288,375,2,0
2026-04-30 17:05:00,1.17288,1.17298,1.17248,1.17257,346,2,0
2026-04-30 17:10:00,1.17257,1.17269,1.17242,1.17242,334,2,0
2026-04-30 17:15:00,1.17242,1.17273,1.17219,1.1727,269,2,0
2026-04-30 17:20:00,1.1727,1.17289,1.17258,1.17289,268,2,0
2026-04-30 17:25:00,1.17289,1.17289,1.17249,1.17277,234,2,0
2026-04-30 17:30:00,1.17277,1.17323,1.17266,1.17273,469,2,0
2026-04-30 17:35:00,1.17273,1.1728399999999999,1.17268,1.17282,196,2,0
2026-04-30 17:40:00,1.17282,1.17286,1.17273,1.17283,170,2,0
2026-04-30 17:45:00,1.17283,1.17293,1.17266,1.17266,211,2,0
2026-04-30 17:50:00,1.17266,1.1727400000000001,1.17256,1.17262,155,2,0
2026-04-30 17:55:00,1.17262,1.17273,1.1724700000000001,1.17249,137,2,0
2026-04-30 18:00:00,1.17251,1.17299,1.17251,1.17273,239,2,0
2026-04-30 18:05:00,1.17273,1.17285,1.1726,1.17262,205,2,0
2026-04-30 18:10:00,1.17262,1.17276,1.17257,1.17262,156,2,0
2026-04-30 18:15:00,1.17262,1.17299,1.17257,1.17294,151,2,0
2026-04-30 18:20:00,1.17294,1.17325,1.17293,1.17312,147,2,0
2026-04-30 18:25:00,1.17312,1.17313,1.1729,1.17295,217,2,0
2026-04-30 18:30:00,1.17295,1.17326,1.17295,1.1732,181,2,0
2026-04-30 18:35:00,1.1732,1.17349,1.17318,1.17348,129,2,0
2026-04-30 18:40:00,1.17348,1.17371,1.17342,1.17359,128,2,0
2026-04-30 18:45:00,1.17359,1.17378,1.17353,1.17377,131,2,0
2026-04-30 18:50:00,1.17377,1.17398,1.17373,1.17389,132,2,0
2026-04-30 18:55:00,1.17389,1.174,1.17361,1.17362,245,2,0
2026-04-30 19:00:00,1.17362,1.17398,1.17361,1.17375,309,2,0
2026-04-30 19:05:00,1.17375,1.174,1.17367,1.17386,275,2,0
2026-04-30 19:10:00,1.17386,1.17416,1.17386,1.17392,299,2,0
2026-04-30 19:15:00,1.17392,1.1740599999999999,1.17351,1.17351,183,2,0
2026-04-30 19:20:00,1.17351,1.17354,1.17321,1.17337,226,2,0
2026-04-30 19:25:00,1.17337,1.17346,1.17326,1.17346,115,2,0
2026-04-30 19:30:00,1.17346,1.17366,1.1733,1.17361,199,2,0
2026-04-30 19:35:00,1.17361,1.17387,1.17343,1.17386,208,2,0
2026-04-30 19:40:00,1.17386,1.17386,1.17357,1.17368,202,2,0
2026-04-30 19:45:00,1.17368,1.17379,1.17359,1.1736900000000001,103,2,0
2026-04-30 19:50:00,1.1736900000000001,1.17382,1.17357,1.17381,180,2,0
2026-04-30 19:55:00,1.17381,1.17386,1.17334,1.17334,405,2,0
2026-04-30 20:00:00,1.17334,1.17363,1.17323,1.17327,560,2,0
2026-04-30 20:05:00,1.17327,1.17332,1.17293,1.17306,317,2,0
2026-04-30 20:10:00,1.17309,1.17321,1.17302,1.17318,123,2,0
2026-04-30 20:15:00,1.17318,1.17352,1.17318,1.17348,98,2,0
2026-04-30 20:20:00,1.17348,1.17357,1.17344,1.17346,46,2,0
2026-04-30 20:25:00,1.17346,1.17352,1.17332,1.1733500000000001,112,2,0
2026-04-30 20:30:00,1.1733500000000001,1.17362,1.17331,1.17355,122,2,0
2026-04-30 20:35:00,1.17355,1.17355,1.17322,1.17322,62,2,0
2026-04-30 20:40:00,1.17322,1.17323,1.17306,1.17307,67,2,0
2026-04-30 20:45:00,1.17307,1.17326,1.17307,1.17325,248,2,0
2026-04-30 20:50:00,1.17324,1.17328,1.17314,1.17325,204,2,0
2026-04-30 20:55:00,1.17325,1.17325,1.17294,1.17303,198,2,0
2026-04-30 21:00:00,1.1727,1.17273,1.17245,1.17273,11,46,0
2026-04-30 21:05:00,1.17273,1.17275,1.17245,1.17275,16,49,0
2026-04-30 21:10:00,1.1728,1.1731,1.17267,1.1731,22,21,0
2026-04-30 21:15:00,1.1731,1.17321,1.17289,1.1729,21,20,0
2026-04-30 21:20:00,1.1729,1.17295,1.17287,1.17291,23,42,0
2026-04-30 21:25:00,1.17291,1.17291,1.17289,1.17289,6,40,0
2026-04-30 21:30:00,1.17289,1.17289,1.17281,1.17281,11,36,0
2026-04-30 21:35:00,1.17281,1.17285,1.17281,1.17281,35,43,0
2026-04-30 21:40:00,1.17281,1.17288,1.17281,1.17281,71,43,0
2026-04-30 21:45:00,1.17281,1.17331,1.17281,1.17328,49,24,0
2026-04-30 21:50:00,1.17328,1.17336,1.1732,1.17328,107,53,0
2026-04-30 21:55:00,1.17328,1.1733500000000001,1.173,1.17302,89,50,0
2026-04-30 22:00:00,1.173,1.17357,1.17294,1.17322,94,4,0
2026-04-30 22:05:00,1.17322,1.17341,1.17322,1.17331,34,4,0
2026-04-30 22:10:00,1.17331,1.17331,1.17307,1.1730800000000001,68,3,0
2026-04-30 22:15:00,1.1730800000000001,1.17315,1.17306,1.17311,64,2,0
2026-04-30 22:20:00,1.17311,1.17318,1.17311,1.17316,38,4,0
2026-04-30 22:25:00,1.17316,1.17317,1.17311,1.17311,41,4,0
2026-04-30 22:30:00,1.17311,1.17317,1.17297,1.17298,66,4,0
2026-04-30 22:35:00,1.17298,1.17306,1.17291,1.17304,64,4,0
2026-04-30 22:40:00,1.17306,1.17307,1.17302,1.17306,498,3,0
2026-04-30 22:45:00,1.17306,1.17309,1.17299,1.17309,47,3,0
2026-04-30 22:50:00,1.17309,1.17311,1.17297,1.17303,75,4,0
2026-04-30 22:55:00,1.17303,1.17314,1.17303,1.17312,87,3,0
2026-04-30 23:00:00,1.17312,1.17321,1.17312,1.17321,103,3,0
2026-04-30 23:05:00,1.17321,1.17331,1.17316,1.17318,90,2,0
2026-04-30 23:10:00,1.17318,1.17324,1.17313,1.17314,117,2,0
2026-04-30 23:15:00,1.17314,1.17323,1.17312,1.17322,101,2,0
2026-04-30 23:20:00,1.17322,1.17327,1.1732,1.17325,66,2,0
2026-04-30 23:25:00,1.17325,1.17327,1.17318,1.17318,46,3,0
2026-04-30 23:30:00,1.17318,1.17326,1.17315,1.17323,74,2,0
2026-04-30 23:35:00,1.17323,1.17324,1.17312,1.17312,58,2,0
2026-04-30 23:40:00,1.17312,1.17316,1.17295,1.17295,98,3,0
2026-04-30 23:45:00,1.17295,1.173,1.17292,1.17299,140,2,0
2026-04-30 23:50:00,1.17299,1.17307,1.17294,1.17302,103,2,0
2026-04-30 23:55:00,1.17302,1.17307,1.17282,1.17286,153,2,0
2026-05-01 00:00:00,1.17286,1.17296,1.1728,1.17293,299,2,0
2026-05-01 00:05:00,1.17293,1.17297,1.17278,1.17288,223,2,0
2026-05-01 00:10:00,1.17288,1.17295,1.17241,1.17254,236,2,0
2026-05-01 00:15:00,1.17254,1.17263,1.1724,1.17258,247,2,0
2026-05-01 00:20:00,1.17258,1.17273,1.17256,1.17264,93,2,0
2026-05-01 00:25:00,1.17264,1.1727400000000001,1.17262,1.17271,123,2,0
2026-05-01 00:30:00,1.17271,1.17278,1.17263,1.17273,136,2,0
2026-05-01 00:35:00,1.17273,1.17288,1.17264,1.17281,160,2,0
2026-05-01 00:40:00,1.17281,1.17291,1.17275,1.17288,122,2,0
2026-05-01 00:45:00,1.17288,1.17294,1.17277,1.17278,139,2,0
2026-05-01 00:50:00,1.17278,1.17294,1.17269,1.17278,172,2,0
2026-05-01 00:55:00,1.17277,1.17293,1.17273,1.17275,213,2,0
2026-05-01 01:00:00,1.17275,1.17278,1.17253,1.17259,175,2,0
2026-05-01 01:05:00,1.17259,1.1727,1.1724999999999999,1.17264,93,2,0
2026-05-01 01:10:00,1.17264,1.17279,1.17259,1.17278,88,2,0
2026-05-01 01:15:00,1.17278,1.17285,1.17254,1.17254,96,2,0
2026-05-01 01:20:00,1.17254,1.17293,1.17254,1.17286,75,2,0
2026-05-01 01:25:00,1.17286,1.17302,1.17285,1.17289,91,2,0
2026-05-01 01:30:00,1.17289,1.17328,1.17289,1.17309,175,2,0
2026-05-01 01:35:00,1.17309,1.17315,1.17305,1.17309,102,2,0
2026-05-01 01:40:00,1.17309,1.17314,1.17304,1.17306,156,2,0
2026-05-01 01:45:00,1.17306,1.17312,1.17303,1.17304,148,2,0
2026-05-01 01:50:00,1.17304,1.17318,1.17303,1.17309,136,2,0
2026-05-01 01:55:00,1.17309,1.17318,1.17303,1.17309,160,2,0
2026-05-01 02:00:00,1.17309,1.17316,1.17303,1.17314,128,2,0
2026-05-01 02:05:00,1.17314,1.17325,1.17312,1.17318,89,2,0
2026-05-01 02:10:00,1.17318,1.17339,1.17318,1.17327,100,2,0
2026-05-01 02:15:00,1.17327,1.17339,1.17324,1.17329,85,2,0
2026-05-01 02:20:00,1.17329,1.17333,1.17317,1.17327,98,2,0
2026-05-01 02:25:00,1.17327,1.1733500000000001,1.17323,1.17327,84,2,0
2026-05-01 02:30:00,1.17327,1.17338,1.1732,1.1733,67,2,0
2026-05-01 02:35:00,1.1733,1.17337,1.17325,1.17333,71,2,0
2026-05-01 02:40:00,1.17333,1.1733500000000001,1.17311,1.17319,111,2,0
2026-05-01 02:45:00,1.17319,1.17325,1.17304,1.17307,145,2,0
2026-05-01 02:50:00,1.17307,1.17315,1.17294,1.17313,158,2,0
2026-05-01 02:55:00,1.17313,1.17339,1.17312,1.17336,75,2,0
2026-05-01 03:00:00,1.17336,1.1734499999999999,1.17324,1.17324,135,2,0
2026-05-01 03:05:00,1.17324,1.1733500000000001,1.17324,1.17333,85,2,0
2026-05-01 03:10:00,1.17333,1.17346,1.17331,1.17344,94,2,0
2026-05-01 03:15:00,1.17344,1.1735,1.17336,1.1734499999999999,56,2,0
2026-05-01 03:20:00,1.1734499999999999,1.17362,1.1734499999999999,1.1736,74,2,0
2026-05-01 03:25:00,1.1736,1.17362,1.1735,1.17356,71,2,0
2026-05-01 03:30:00,1.17356,1.1736,1.17348,1.1735,52,2,0
2026-05-01 03:35:00,1.1735,1.17363,1.17338,1.1735,156,2,0
2026-05-01 03:40:00,1.1735,1.1735,1.17322,1.17325,155,2,0
2026-05-01 03:45:00,1.17325,1.17334,1.17314,1.17316,113,2,0
2026-05-01 03:50:00,1.17316,1.17325,1.17305,1.17307,104,2,0
2026-05-01 03:55:00,1.1730800000000001,1.17318,1.17306,1.1731,161,2,0
2026-05-01 04:00:00,1.1731,1.17311,1.17276,1.17293,188,2,0
2026-05-01 04:05:00,1.17293,1.17322,1.17287,1.17294,133,2,0
2026-05-01 04:10:00,1.17294,1.17297,1.17283,1.17288,65,2,0
2026-05-01 04:15:00,1.17288,1.17293,1.17283,1.17287,66,2,0
2026-05-01 04:20:00,1.17287,1.17287,1.17268,1.17276,98,2,0
2026-05-01 04:25:00,1.17276,1.17276,1.17262,1.17264,107,2,0
2026-05-01 04:30:00,1.17264,1.17276,1.17259,1.17264,75,2,0
2026-05-01 04:35:00,1.17264,1.1727400000000001,1.17264,1.17269,77,2,0
2026-05-01 04:40:00,1.17269,1.1727,1.17259,1.17269,85,2,0
2026-05-01 04:45:00,1.17269,1.1727400000000001,1.17262,1.17266,64,2,0
2026-05-01 04:50:00,1.17266,1.1727400000000001,1.1726,1.1727,88,2,0
2026-05-01 04:55:00,1.1727,1.1727400000000001,1.17259,1.17266,101,2,0
2026-05-01 05:00:00,1.17266,1.17266,1.17253,1.17264,162,2,0
2026-05-01 05:05:00,1.17264,1.1727,1.17254,1.17254,86,2,0
2026-05-01 05:10:00,1.17254,1.17257,1.17248,1.17252,98,2,0
2026-05-01 05:15:00,1.17252,1.17253,1.17239,1.17248,70,2,0
2026-05-01 05:20:00,1.17248,1.17254,1.1724,1.17246,88,2,0
2026-05-01 05:25:00,1.17246,1.17249,1.17241,1.17244,120,2,0
2026-05-01 05:30:00,1.17244,1.17254,1.17239,1.17254,80,2,0
2026-05-01 05:35:00,1.17254,1.17254,1.17242,1.17248,94,2,0
2026-05-01 05:40:00,1.17248,1.17261,1.1724,1.17252,106,2,0
2026-05-01 05:45:00,1.17252,1.17252,1.1724,1.1724700000000001,71,2,0
2026-05-01 05:50:00,1.1724700000000001,1.17248,1.17228,1.1723,83,2,0
2026-05-01 05:55:00,1.1723,1.17232,1.17217,1.1722299999999999,159,2,0
2026-05-01 06:00:00,1.1722299999999999,1.17242,1.1722299999999999,1.17224,231,2,0
2026-05-01 06:05:00,1.17224,1.1724,1.1721300000000001,1.17227,155,2,0
2026-05-01 06:10:00,1.17227,1.17229,1.17217,1.17219,152,2,0
2026-05-01 06:15:00,1.17219,1.17225,1.17205,1.17208,139,2,0
2026-05-01 06:20:00,1.17208,1.17217,1.17194,1.17209,131,2,0
2026-05-01 06:25:00,1.17209,1.17219,1.17194,1.17207,116,2,0
2026-05-01 06:30:00,1.17207,1.1721,1.17187,1.17188,151,2,0
2026-05-01 06:35:00,1.17188,1.17214,1.17188,1.17191,178,2,0
2026-05-01 06:40:00,1.17191,1.17215,1.17187,1.17214,145,2,0
2026-05-01 06:45:00,1.17214,1.17389,1.17214,1.17344,1126,2,0
2026-05-01 06:50:00,1.17344,1.1743999999999999,1.17342,1.17428,680,2,0
2026-05-01 06:55:00,1.17428,1.17449,1.17354,1.17354,603,2,0
2026-05-01 07:00:00,1.17354,1.17357,1.17318,1.17333,732,2,0
2026-05-01 07:05:00,1.17333,1.17389,1.17316,1.17338,755,2,0
2026-05-01 07:10:00,1.17338,1.17352,1.17322,1.1734,363,2,0
2026-05-01 07:15:00,1.1734,1.17371,1.17313,1.17355,365,2,0
2026-05-01 07:20:00,1.17355,1.1739,1.17342,1.17379,373,2,0
2026-05-01 07:25:00,1.17379,1.17398,1.17358,1.17394,304,2,0
2026-05-01 07:30:00,1.17394,1.17398,1.17362,1.17372,396,2,0
2026-05-01 07:35:00,1.17373,1.17392,1.17324,1.17338,406,2,0
2026-05-01 07:40:00,1.17339,1.17382,1.17339,1.17367,345,2,0
2026-05-01 07:45:00,1.17367,1.17399,1.17361,1.17399,231,2,0
2026-05-01 07:50:00,1.17399,1.17418,1.17366,1.17366,436,2,0
2026-05-01 07:55:00,1.17366,1.17368,1.17313,1.17344,423,2,0
2026-05-01 08:00:00,1.17344,1.17386,1.17337,1.17384,332,2,0
2026-05-01 08:05:00,1.17384,1.17384,1.17343,1.17344,324,2,0
2026-05-01 08:10:00,1.17344,1.17344,1.17318,1.17324,333,2,0
2026-05-01 08:15:00,1.17324,1.17368,1.17319,1.17365,232,2,0
2026-05-01 08:20:00,1.17365,1.17414,1.1736,1.17413,205,2,0
2026-05-01 08:25:00,1.17411,1.17479,1.17403,1.17443,271,2,0
2026-05-01 08:30:00,1.17443,1.17466,1.17418,1.17464,326,2,0
2026-05-01 08:35:00,1.17464,1.17473,1.17421,1.17428,255,2,0
2026-05-01 08:40:00,1.17428,1.17449,1.17423,1.17447,265,2,0
2026-05-01 08:45:00,1.17447,1.1745700000000001,1.17425,1.17437,258,2,0
2026-05-01 08:50:00,1.17437,1.17439,1.17417,1.17427,262,2,0
2026-05-01 08:55:00,1.17427,1.17438,1.17419,1.17434,251,2,0
2026-05-01 09:00:00,1.17434,1.17438,1.17377,1.17387,315,2,0
2026-05-01 09:05:00,1.17387,1.17397,1.17366,1.1737,228,2,0
2026-05-01 09:10:00,1.1737,1.17389,1.1736900000000001,1.17378,222,2,0
2026-05-01 09:15:00,1.17378,1.17389,1.17358,1.17363,296,2,0
2026-05-01 09:20:00,1.17363,1.17368,1.17342,1.17342,217,2,0
2026-05-01 09:25:00,1.17342,1.17351,1.17326,1.17339,201,2,0
2026-05-01 09:30:00,1.17339,1.17364,1.17334,1.17363,244,2,0
2026-05-01 09:35:00,1.17363,1.17368,1.17346,1.17357,198,2,0
2026-05-01 09:40:00,1.17357,1.17382,1.17355,1.17368,91,2,0
2026-05-01 09:45:00,1.17368,1.17372,1.17343,1.17349,206,2,0
2026-05-01 09:50:00,1.17349,1.17355,1.17337,1.17337,232,2,0
2026-05-01 09:55:00,1.17337,1.17349,1.17307,1.17311,307,2,0
2026-05-01 10:00:00,1.17311,1.17362,1.17307,1.17359,244,2,0
2026-05-01 10:05:00,1.17359,1.17408,1.17358,1.1740599999999999,301,2,0
2026-05-01 10:10:00,1.1740599999999999,1.17422,1.17403,1.17417,206,2,0
2026-05-01 10:15:00,1.17417,1.17426,1.17408,1.17426,185,2,0
2026-05-01 10:20:00,1.17426,1.17442,1.17426,1.17434,112,2,0
2026-05-01 10:25:00,1.17434,1.17439,1.17418,1.1742,160,2,0
2026-05-01 10:30:00,1.1742,1.17437,1.17415,1.1742,167,2,0
2026-05-01 10:35:00,1.1742,1.17422,1.17392,1.17401,226,2,0
2026-05-01 10:40:00,1.17401,1.17411,1.17399,1.17403,164,2,0
2026-05-01 10:45:00,1.17403,1.17444,1.17402,1.17444,167,2,0
2026-05-01 10:50:00,1.17444,1.17458,1.17433,1.17439,229,2,0
2026-05-01 10:55:00,1.17439,1.17447,1.17431,1.17447,213,2,0
2026-05-01 11:00:00,1.17447,1.17463,1.17439,1.17462,239,2,0
2026-05-01 11:05:00,1.17462,1.1746699999999999,1.17447,1.17454,217,2,0
2026-05-01 11:10:00,1.17454,1.17509,1.17454,1.17507,387,2,0
2026-05-01 11:15:00,1.17507,1.1754,1.17497,1.17533,344,2,0
2026-05-01 11:20:00,1.17533,1.17547,1.17519,1.17533,244,2,0
2026-05-01 11:25:00,1.17533,1.17583,1.17532,1.17553,296,2,0
2026-05-01 11:30:00,1.17553,1.17568,1.17507,1.17514,300,2,0
2026-05-01 11:35:00,1.17514,1.1752799999999999,1.1749100000000001,1.17493,237,2,0
2026-05-01 11:40:00,1.17493,1.17507,1.17475,1.1748,157,2,0
2026-05-01 11:45:00,1.1748,1.17492,1.17464,1.17464,136,2,0
2026-05-01 11:50:00,1.17464,1.17474,1.17456,1.17472,156,2,0
2026-05-01 11:55:00,1.17472,1.17516,1.17469,1.17513,285,2,0
2026-05-01 12:00:00,1.17513,1.17523,1.17481,1.17522,336,2,0
2026-05-01 12:05:00,1.17522,1.17539,1.17493,1.17513,283,2,0
2026-05-01 12:10:00,1.17513,1.1761300000000001,1.17512,1.17586,600,2,0
2026-05-01 12:15:00,1.17586,1.1764999999999999,1.17573,1.17637,549,2,0
2026-05-01 12:20:00,1.17637,1.17688,1.17615,1.17662,426,2,0
2026-05-01 12:25:00,1.17662,1.17677,1.17637,1.17654,451,2,0
2026-05-01 12:30:00,1.17654,1.17669,1.17633,1.17633,330,2,0
2026-05-01 12:35:00,1.17633,1.17646,1.17621,1.17642,314,2,0
2026-05-01 12:40:00,1.17642,1.17647,1.17593,1.17595,332,2,0
2026-05-01 12:45:00,1.17595,1.17619,1.17564,1.17572,297,2,0
2026-05-01 12:50:00,1.17572,1.17607,1.17567,1.1758,236,2,0
2026-05-01 12:55:00,1.1758,1.17598,1.17575,1.17575,226,2,0
2026-05-01 13:00:00,1.17575,1.17602,1.17565,1.17586,340,2,0
2026-05-01 13:05:00,1.17586,1.17617,1.17581,1.17611,233,2,0
2026-05-01 13:10:00,1.17611,1.1762299999999999,1.1757900000000001,1.17592,255,2,0
2026-05-01 13:15:00,1.17592,1.17611,1.17567,1.17572,291,2,0
2026-05-01 13:20:00,1.17572,1.17587,1.17555,1.17555,217,2,0
2026-05-01 13:25:00,1.17555,1.17558,1.1753,1.1755,441,2,0
2026-05-01 13:30:00,1.1755,1.17582,1.1753,1.17573,573,2,0
2026-05-01 13:35:00,1.17573,1.17582,1.17542,1.17543,444,2,0
2026-05-01 13:40:00,1.17543,1.17558,1.17526,1.17532,372,2,0
2026-05-01 13:45:00,1.17531,1.17537,1.17438,1.17454,448,2,0
2026-05-01 13:50:00,1.17454,1.17544,1.17448,1.17517,892,2,0
2026-05-01 13:55:00,1.17517,1.17636,1.17515,1.17618,784,2,0
2026-05-01 14:00:00,1.17617,1.17732,1.17604,1.17731,813,2,0
2026-05-01 14:05:00,1.17731,1.1776200000000001,1.1768399999999999,1.17742,759,2,0
2026-05-01 14:10:00,1.17742,1.17832,1.17736,1.17784,685,2,0
2026-05-01 14:15:00,1.17786,1.17803,1.17759,1.17801,816,2,0
2026-05-01 14:20:00,1.17801,1.17851,1.17799,1.1783299999999999,558,2,0
2026-05-01 14:25:00,1.17832,1.17846,1.17786,1.17788,658,2,0
2026-05-01 14:30:00,1.1779,1.17804,1.1776,1.17776,508,2,0
2026-05-01 14:35:00,1.17776,1.17776,1.17715,1.17715,538,2,0
2026-05-01 14:40:00,1.17715,1.17736,1.17675,1.17702,578,2,0
2026-05-01 14:45:00,1.17702,1.17733,1.17696,1.17702,340,2,0
2026-05-01 14:50:00,1.17702,1.17707,1.17641,1.17641,623,2,0
2026-05-01 14:55:00,1.17641,1.17689,1.17641,1.17672,574,2,0
2026-05-01 15:00:00,1.17673,1.17687,1.17643,1.17667,577,2,0
2026-05-01 15:05:00,1.17667,1.17687,1.17644,1.17683,453,2,0
2026-05-01 15:10:00,1.17683,1.17702,1.17664,1.17695,354,2,0
2026-05-01 15:15:00,1.17695,1.17705,1.17671,1.17682,305,2,0
2026-05-01 15:20:00,1.17682,1.17687,1.17643,1.17648,371,2,0
2026-05-01 15:25:00,1.17648,1.17662,1.17622,1.1764000000000001,407,2,0
2026-05-01 15:30:00,1.1764000000000001,1.17666,1.1763,1.17641,352,2,0
2026-05-01 15:35:00,1.17641,1.1768,1.17631,1.17636,438,2,0
2026-05-01 15:40:00,1.17636,1.17648,1.17611,1.1764000000000001,280,2,0
2026-05-01 15:45:00,1.1764000000000001,1.1768,1.17631,1.1768,239,2,0
2026-05-01 15:50:00,1.1768,1.17685,1.1753,1.17626,987,2,0
2026-05-01 15:55:00,1.17629,1.17629,1.17547,1.17549,434,2,0
2026-05-01 16:00:00,1.17549,1.17556,1.17525,1.1755200000000001,372,2,0
2026-05-01 16:05:00,1.1755200000000001,1.1757,1.17534,1.17537,230,2,0
2026-05-01 16:10:00,1.17537,1.1755,1.17506,1.17533,236,2,0
2026-05-01 16:15:00,1.17533,1.17563,1.17533,1.17543,159,2,0
2026-05-01 16:20:00,1.17543,1.1755,1.17465,1.17502,617,2,0
2026-05-01 16:25:00,1.17503,1.17512,1.1746699999999999,1.17478,687,2,0
2026-05-01 16:30:00,1.17479,1.17489,1.17422,1.17432,455,2,0
2026-05-01 16:35:00,1.17432,1.17453,1.17424,1.17453,362,2,0
2026-05-01 16:40:00,1.17453,1.17473,1.17445,1.17451,265,2,0
2026-05-01 16:45:00,1.17451,1.17452,1.17416,1.17431,227,2,0
2026-05-01 16:50:00,1.17431,1.17436,1.17401,1.17413,226,2,0
2026-05-01 16:55:00,1.17413,1.17422,1.17377,1.17382,262,2,0
2026-05-01 17:00:00,1.17382,1.17401,1.17352,1.17363,323,2,0
2026-05-01 17:05:00,1.17363,1.1739600000000001,1.17356,1.17393,196,2,0
2026-05-01 17:10:00,1.17393,1.17403,1.17363,1.1736900000000001,105,2,0
2026-05-01 17:15:00,1.1736900000000001,1.17377,1.17352,1.1736,193,2,0
2026-05-01 17:20:00,1.1736,1.17393,1.17359,1.17373,118,2,0
2026-05-01 17:25:00,1.17373,1.17373,1.17347,1.17366,224,2,0
2026-05-01 17:30:00,1.17366,1.17377,1.17301,1.17317,293,2,0
2026-05-01 17:35:00,1.17317,1.17332,1.17291,1.17328,251,2,0
2026-05-01 17:40:00,1.17328,1.17337,1.17304,1.17306,111,2,0
2026-05-01 17:45:00,1.17306,1.17316,1.17293,1.17298,101,2,0
2026-05-01 17:50:00,1.17298,1.17373,1.17296,1.17329,315,2,0
2026-05-01 17:55:00,1.17329,1.17337,1.17313,1.1733,185,2,0
2026-05-01 18:00:00,1.1733,1.1734,1.17243,1.1724700000000001,263,2,0
2026-05-01 18:05:00,1.1724700000000001,1.17268,1.17235,1.17263,154,2,0
2026-05-01 18:10:00,1.17263,1.17267,1.1724700000000001,1.17255,108,2,0
2026-05-01 18:15:00,1.17255,1.17262,1.1722299999999999,1.17257,190,2,0
2026-05-01 18:20:00,1.17257,1.17277,1.17256,1.17259,148,2,0
2026-05-01 18:25:00,1.17259,1.17259,1.17195,1.17237,241,2,0
2026-05-01 18:30:00,1.17236,1.1726,1.17194,1.17203,456,2,0
2026-05-01 18:35:00,1.17203,1.1726,1.172,1.17258,116,2,0
2026-05-01 18:40:00,1.17258,1.17264,1.17243,1.17261,201,2,0
2026-05-01 18:45:00,1.17261,1.17278,1.17253,1.17275,115,2,0
2026-05-01 18:50:00,1.17275,1.1728,1.17243,1.17253,158,2,0
2026-05-01 18:55:00,1.17253,1.17292,1.17253,1.17272,233,2,0
2026-05-01 19:00:00,1.17272,1.17283,1.17249,1.17252,118,2,0
2026-05-01 19:05:00,1.17252,1.17265,1.17251,1.17258,58,2,0
2026-05-01 19:10:00,1.17258,1.17261,1.17236,1.17244,113,2,0
2026-05-01 19:15:00,1.17244,1.17251,1.17237,1.17241,75,2,0
2026-05-01 19:20:00,1.17241,1.17252,1.17238,1.17239,72,2,0
2026-05-01 19:25:00,1.17239,1.17249,1.17226,1.17227,66,2,0
2026-05-01 19:30:00,1.17227,1.17227,1.17209,1.17218,70,2,0
2026-05-01 19:35:00,1.17219,1.1722299999999999,1.17203,1.17222,83,2,0
2026-05-01 19:40:00,1.17222,1.17233,1.17199,1.17204,70,2,0
2026-05-01 19:45:00,1.17204,1.17209,1.17201,1.17201,56,2,0
2026-05-01 19:50:00,1.17201,1.17203,1.17177,1.17185,98,2,0
2026-05-01 19:55:00,1.17185,1.17201,1.17183,1.17195,100,2,0
2026-05-01 20:00:00,1.17195,1.17215,1.17192,1.17202,148,2,0
2026-05-01 20:05:00,1.17202,1.17212,1.17198,1.17212,116,2,0
2026-05-01 20:10:00,1.17212,1.1722299999999999,1.17203,1.17203,64,2,0
2026-05-01 20:15:00,1.17203,1.17206,1.1719,1.17191,130,2,0
2026-05-01 20:20:00,1.17191,1.172,1.1719,1.1719,90,2,0
2026-05-01 20:25:00,1.1719,1.17193,1.17167,1.17167,98,2,0
2026-05-01 20:30:00,1.17167,1.1718899999999999,1.17164,1.17183,113,2,0
2026-05-01 20:35:00,1.17185,1.17185,1.17159,1.17161,106,2,0
2026-05-01 20:40:00,1.17161,1.17191,1.17153,1.17191,111,3,0
2026-05-01 20:45:00,1.17191,1.17192,1.17177,1.17183,194,3,0
2026-05-01 20:50:00,1.17183,1.1721,1.17169,1.17202,332,2,0
2026-05-03 21:10:00,1.17426,1.1745,1.1742,1.1745,12,42,0
2026-05-03 21:15:00,1.1745,1.1745700000000001,1.17414,1.1745700000000001,43,33,0
2026-05-03 21:20:00,1.1745700000000001,1.17468,1.1745700000000001,1.1746699999999999,37,33,0
2026-05-03 21:25:00,1.1746699999999999,1.17474,1.17464,1.1746699999999999,31,36,0
2026-05-03 21:30:00,1.1746699999999999,1.17469,1.17461,1.17464,22,42,0
2026-05-03 21:35:00,1.17464,1.1746699999999999,1.17455,1.17455,40,38,0
2026-05-03 21:40:00,1.17456,1.17471,1.17453,1.17456,20,25,0
2026-05-03 21:45:00,1.17454,1.17454,1.17438,1.17443,28,23,0
2026-05-03 21:50:00,1.17443,1.17443,1.17402,1.1740599999999999,24,26,0
2026-05-03 21:55:00,1.1740599999999999,1.17407,1.17317,1.17375,336,46,0
2026-05-03 22:00:00,1.17373,1.17417,1.17337,1.17384,256,2,0
2026-05-03 22:05:00,1.17384,1.17391,1.17348,1.17351,175,2,0
2026-05-03 22:10:00,1.17351,1.17367,1.1733500000000001,1.17339,132,2,0
2026-05-03 22:15:00,1.17339,1.1734,1.17296,1.17307,98,2,0
2026-05-03 22:20:00,1.17307,1.1731,1.17267,1.1729,116,2,0
2026-05-03 22:25:00,1.1729,1.17336,1.17281,1.17321,92,2,0
2026-05-03 22:30:00,1.17321,1.17347,1.17318,1.17334,94,2,0
2026-05-03 22:35:00,1.17334,1.17355,1.17321,1.17344,121,2,0
2026-05-03 22:40:00,1.17344,1.1736,1.17344,1.17353,99,2,0
2026-05-03 22:45:00,1.17353,1.17358,1.17334,1.1733500000000001,63,2,0
2026-05-03 22:50:00,1.1733500000000001,1.17336,1.17323,1.1733,69,2,0
2026-05-03 22:55:00,1.1733,1.17332,1.17303,1.17331,89,2,0
2026-05-03 23:00:00,1.17331,1.17331,1.17304,1.17318,139,2,0
2026-05-03 23:05:00,1.17318,1.17323,1.17315,1.17321,37,2,0
2026-05-03 23:10:00,1.17321,1.17327,1.17316,1.17321,36,3,0
2026-05-03 23:15:00,1.17321,1.17321,1.17302,1.17314,46,2,0
2026-05-03 23:20:00,1.17314,1.17314,1.17307,1.17307,50,3,0
2026-05-03 23:25:00,1.17307,1.17311,1.17302,1.17305,27,2,0
2026-05-03 23:30:00,1.17305,1.1731,1.17301,1.1730800000000001,36,2,0
2026-05-03 23:35:00,1.1730800000000001,1.17322,1.17296,1.17299,83,2,0
2026-05-03 23:40:00,1.17299,1.17299,1.17265,1.17265,75,2,0
2026-05-03 23:45:00,1.17265,1.17298,1.1724999999999999,1.1728,139,2,0
2026-05-03 23:50:00,1.1728,1.17295,1.1727,1.17277,156,2,0
2026-05-03 23:55:00,1.17277,1.17278,1.17249,1.17257,165,2,0
2026-05-04 00:00:00,1.17257,1.1727,1.17239,1.17266,266,2,0
2026-05-04 00:05:00,1.17266,1.17287,1.17258,1.17272,206,2,0
2026-05-04 00:10:00,1.17272,1.17276,1.17244,1.17255,164,2,0
2026-05-04 00:15:00,1.17254,1.17266,1.1724,1.17254,233,2,0
2026-05-04 00:20:00,1.17254,1.17254,1.1722,1.17232,219,2,0
2026-05-04 00:25:00,1.17232,1.17243,1.17214,1.17234,197,2,0
2026-05-04 00:30:00,1.17234,1.17257,1.17233,1.1724999999999999,154,2,0
2026-05-04 00:35:00,1.1724999999999999,1.17257,1.1724700000000001,1.17254,144,2,0
2026-05-04 00:40:00,1.17254,1.17259,1.17243,1.17243,143,2,0
2026-05-04 00:45:00,1.17243,1.17255,1.17235,1.17251,162,2,0
2026-05-04 00:50:00,1.17251,1.17269,1.17233,1.17244,210,2,0
2026-05-04 00:55:00,1.17244,1.17273,1.17239,1.17269,251,2,0
2026-05-04 01:00:00,1.17269,1.17271,1.17227,1.17238,244,2,0
2026-05-04 01:05:00,1.17238,1.1724,1.172,1.17212,272,2,0
2026-05-04 01:10:00,1.17212,1.17226,1.17201,1.17225,214,2,0
2026-05-04 01:15:00,1.17225,1.17291,1.17225,1.17233,391,2,0
2026-05-04 01:20:00,1.17233,1.1724999999999999,1.17225,1.1723,163,2,0
2026-05-04 01:25:00,1.1723,1.17235,1.17212,1.17224,140,2,0
2026-05-04 01:30:00,1.17224,1.17232,1.1721,1.17224,179,2,0
2026-05-04 01:35:00,1.17224,1.17242,1.17216,1.17241,196,2,0
2026-05-04 01:40:00,1.17241,1.17256,1.17237,1.17255,146,2,0
2026-05-04 01:45:00,1.17255,1.17262,1.1722299999999999,1.17227,132,2,0
2026-05-04 01:50:00,1.17227,1.17236,1.17222,1.17235,140,2,0
2026-05-04 01:55:00,1.17235,1.17253,1.17232,1.17251,132,2,0
2026-05-04 02:00:00,1.17251,1.17257,1.17234,1.17251,186,2,0
2026-05-04 02:05:00,1.17251,1.17257,1.17241,1.17255,183,2,0
2026-05-04 02:10:00,1.17255,1.17278,1.17245,1.17269,171,2,0
2026-05-04 02:15:00,1.17269,1.17269,1.17239,1.17252,187,2,0
2026-05-04 02:20:00,1.17252,1.17252,1.17233,1.17241,117,2,0
2026-05-04 02:25:00,1.17241,1.17241,1.17225,1.17225,93,2,0
2026-05-04 02:30:00,1.17225,1.17252,1.17225,1.17251,152,2,0
2026-05-04 02:35:00,1.17251,1.17262,1.17244,1.17257,114,2,0
2026-05-04 02:40:00,1.17257,1.17259,1.1724999999999999,1.17257,103,2,0
2026-05-04 02:45:00,1.17257,1.17265,1.17254,1.17265,102,2,0
2026-05-04 02:50:00,1.17265,1.17275,1.17256,1.1727400000000001,108,2,0
2026-05-04 02:55:00,1.17272,1.17285,1.17267,1.17273,189,2,0
2026-05-04 03:00:00,1.17273,1.17278,1.17258,1.17264,119,2,0
2026-05-04 03:05:00,1.17264,1.17277,1.1726,1.1727400000000001,74,2,0
2026-05-04 03:10:00,1.1727400000000001,1.17285,1.1724999999999999,1.17272,147,2,0
2026-05-04 03:15:00,1.17272,1.17273,1.17262,1.17269,105,2,0
2026-05-04 03:20:00,1.17269,1.1727,1.17252,1.17261,98,2,0
2026-05-04 03:25:00,1.17261,1.1727,1.17259,1.17259,116,2,0
2026-05-04 03:30:00,1.17259,1.17265,1.1724999999999999,1.17262,100,2,0
2026-05-04 03:35:00,1.17262,1.17263,1.17254,1.17255,117,2,0
2026-05-04 03:40:00,1.17255,1.17262,1.17245,1.17259,92,2,0
2026-05-04 03:45:00,1.17259,1.1733,1.17259,1.17305,1268,2,0
2026-05-04 03:50:00,1.17305,1.17389,1.17298,1.17372,797,2,0
2026-05-04 03:55:00,1.17372,1.17384,1.1735,1.17374,492,2,0
2026-05-04 04:00:00,1.17374,1.17381,1.17338,1.17349,321,2,0
2026-05-04 04:05:00,1.17349,1.1736,1.17336,1.17342,329,2,0
2026-05-04 04:10:00,1.17341,1.17347,1.17331,1.17331,161,2,0
2026-05-04 04:15:00,1.17331,1.1733500000000001,1.17319,1.17332,131,2,0
2026-05-04 04:20:00,1.17332,1.17334,1.17298,1.17298,139,2,0
2026-05-04 04:25:00,1.17298,1.17305,1.1729,1.17296,115,2,0
2026-05-04 04:30:00,1.17296,1.17301,1.17283,1.17285,119,2,0
2026-05-04 04:35:00,1.17285,1.17294,1.17275,1.17278,125,2,0
2026-05-04 04:40:00,1.17278,1.17283,1.1727400000000001,1.17279,76,2,0
2026-05-04 04:45:00,1.17279,1.17289,1.17279,1.17279,35,2,0
2026-05-04 04:50:00,1.17279,1.17292,1.17277,1.17285,61,2,0
2026-05-04 04:55:00,1.17285,1.1729,1.17279,1.1729,83,2,0
2026-05-04 05:00:00,1.1729,1.17296,1.17276,1.17294,103,2,0
2026-05-04 05:05:00,1.17294,1.173,1.17289,1.17291,79,2,0
2026-05-04 05:10:00,1.17291,1.17312,1.17278,1.1728,235,2,0
2026-05-04 05:15:00,1.17281,1.17322,1.17264,1.17302,328,2,0
2026-05-04 05:20:00,1.17302,1.17307,1.17292,1.17299,269,2,0
2026-05-04 05:25:00,1.17299,1.17299,1.17264,1.17266,181,2,0
2026-05-04 05:30:00,1.17266,1.17272,1.17257,1.17264,160,2,0
2026-05-04 05:35:00,1.17264,1.1729,1.17258,1.1727,181,2,0
2026-05-04 05:40:00,1.1727,1.17288,1.17269,1.17287,143,2,0
2026-05-04 05:45:00,1.17287,1.17297,1.17281,1.17296,128,2,0
2026-05-04 05:50:00,1.17296,1.17309,1.17291,1.17304,152,2,0
2026-05-04 05:55:00,1.17304,1.17318,1.17304,1.17306,149,2,0
2026-05-04 06:00:00,1.17306,1.17336,1.17301,1.17326,256,2,0
2026-05-04 06:05:00,1.17326,1.17333,1.17319,1.17332,183,2,0
2026-05-04 06:10:00,1.17332,1.17357,1.17313,1.17349,206,2,0
2026-05-04 06:15:00,1.17349,1.17359,1.17341,1.17359,135,2,0
2026-05-04 06:20:00,1.17359,1.17371,1.17351,1.17361,148,2,0
2026-05-04 06:25:00,1.17361,1.17363,1.17341,1.17355,153,2,0
2026-05-04 06:30:00,1.17355,1.17366,1.17317,1.1733500000000001,284,2,0
2026-05-04 06:35:00,1.1733500000000001,1.17343,1.17319,1.17319,205,2,0
2026-05-04 06:40:00,1.17319,1.17319,1.17275,1.17282,197,2,0
2026-05-04 06:45:00,1.17282,1.17282,1.17214,1.17262,319,2,0
2026-05-04 06:50:00,1.17262,1.17315,1.17262,1.17291,204,2,0
2026-05-04 06:55:00,1.17291,1.17303,1.17282,1.17287,173,2,0
2026-05-04 07:00:00,1.17287,1.1729,1.17251,1.17251,376,2,0
2026-05-04 07:05:00,1.17251,1.17266,1.17236,1.1724,272,2,0
2026-05-04 07:10:00,1.1724,1.17276,1.1724,1.1726,185,2,0
2026-05-04 07:15:00,1.1726,1.17275,1.1724,1.17251,211,2,0
2026-05-04 07:20:00,1.17251,1.17282,1.17246,1.17254,191,2,0
2026-05-04 07:25:00,1.17254,1.17256,1.17201,1.17206,254,2,0
2026-05-04 07:30:00,1.17206,1.17232,1.17205,1.17224,150,2,0
2026-05-04 07:35:00,1.17224,1.17243,1.17205,1.17215,187,2,0
2026-05-04 07:40:00,1.17215,1.17216,1.17183,1.17183,245,2,0
2026-05-04 07:45:00,1.17183,1.17197,1.17181,1.17191,162,2,0
2026-05-04 07:50:00,1.17191,1.17191,1.17151,1.17172,159,2,0
2026-05-04 07:55:00,1.17172,1.17215,1.17165,1.17177,222,2,0
2026-05-04 08:00:00,1.17178,1.17178,1.17122,1.17126,392,2,0
2026-05-04 08:05:00,1.17127,1.1714,1.17113,1.1714,203,2,0
2026-05-04 08:10:00,1.1714,1.17158,1.17136,1.17157,150,2,0
2026-05-04 08:15:00,1.17157,1.17158,1.17135,1.17142,132,2,0
2026-05-04 08:20:00,1.17142,1.17173,1.17141,1.17158,152,2,0
2026-05-04 08:25:00,1.17158,1.17188,1.17158,1.17182,150,2,0
2026-05-04 08:30:00,1.17182,1.17198,1.17177,1.17197,119,2,0
2026-05-04 08:35:00,1.17197,1.17217,1.17181,1.17187,95,2,0
2026-05-04 08:40:00,1.17187,1.17211,1.1718600000000001,1.17202,102,2,0
2026-05-04 08:45:00,1.17202,1.17222,1.17201,1.17206,182,2,0
2026-05-04 08:50:00,1.17206,1.17231,1.17202,1.17211,172,2,0
2026-05-04 08:55:00,1.17212,1.17214,1.17182,1.1719,176,2,0
2026-05-04 09:00:00,1.1719,1.17236,1.17182,1.17234,250,2,0
2026-05-04 09:05:00,1.17234,1.17235,1.17192,1.17192,172,2,0
2026-05-04 09:10:00,1.17192,1.172,1.17178,1.17195,192,2,0
2026-05-04 09:15:00,1.17195,1.17204,1.17173,1.17192,236,2,0
2026-05-04 09:20:00,1.17192,1.17206,1.17161,1.1716199999999999,217,2,0
2026-05-04 09:25:00,1.1716199999999999,1.17188,1.17158,1.1718600000000001,119,2,0
2026-05-04 09:30:00,1.1718600000000001,1.17202,1.17181,1.17201,89,2,0
2026-05-04 09:35:00,1.17201,1.17211,1.17196,1.17202,102,2,0
2026-05-04 09:40:00,1.17202,1.17207,1.17195,1.17204,110,2,0
2026-05-04 09:45:00,1.17204,1.17204,1.17188,1.17191,81,2,0
2026-05-04 09:50:00,1.17191,1.17197,1.17172,1.17192,120,2,0
2026-05-04 09:55:00,1.17192,1.17195,1.17166,1.17173,186,2,0
2026-05-04 10:00:00,1.17173,1.17173,1.17043,1.17104,835,2,0
2026-05-04 10:05:00,1.17104,1.17105,1.16963,1.1698,1118,2,0
2026-05-04 10:10:00,1.1698,1.17015,1.16931,1.16965,807,2,0
2026-05-04 10:15:00,1.16965,1.16968,1.16892,1.1691,908,2,0
2026-05-04 10:20:00,1.1691,1.16951,1.16887,1.16949,553,2,0
2026-05-04 10:25:00,1.16949,1.17037,1.16949,1.17026,501,2,0
2026-05-04 10:30:00,1.17026,1.17144,1.17022,1.17104,1023,2,0
2026-05-04 10:35:00,1.17104,1.17131,1.17084,1.17111,581,2,0
2026-05-04 10:40:00,1.17108,1.17122,1.17085,1.1710099999999999,462,2,0
2026-05-04 10:45:00,1.1710099999999999,1.1712500000000001,1.17087,1.1712500000000001,253,2,0
2026-05-04 10:50:00,1.1712500000000001,1.17127,1.1707,1.17079,222,2,0
2026-05-04 10:55:00,1.17079,1.17079,1.17033,1.17051,375,2,0
2026-05-04 11:00:00,1.17051,1.17085,1.17018,1.17029,516,2,0
2026-05-04 11:05:00,1.17029,1.17029,1.16992,1.17013,272,2,0
2026-05-04 11:10:00,1.17013,1.17025,1.16966,1.16966,443,2,0
2026-05-04 11:15:00,1.16966,1.17017,1.16955,1.1701,331,2,0
2026-05-04 11:20:00,1.1701,1.17018,1.16985,1.16993,232,2,0
2026-05-04 11:25:00,1.16993,1.17012,1.1699,1.17007,229,2,0
2026-05-04 11:30:00,1.1700599999999999,1.17008,1.1697,1.16972,329,2,0
2026-05-04 11:35:00,1.16972,1.17012,1.16952,1.16967,507,2,0
2026-05-04 11:40:00,1.16967,1.17012,1.1696,1.16994,272,2,0
2026-05-04 11:45:00,1.16994,1.16998,1.16967,1.16972,149,2,0
2026-05-04 11:50:00,1.16975,1.17002,1.16956,1.16975,230,2,0
2026-05-04 11:55:00,1.16975,1.1697899999999999,1.16927,1.16931,332,2,0
2026-05-04 12:00:00,1.16931,1.16981,1.1692,1.16973,344,2,0
2026-05-04 12:05:00,1.16973,1.17012,1.16965,1.16996,276,2,0
2026-05-04 12:10:00,1.16996,1.17021,1.16986,1.17018,247,2,0
2026-05-04 12:15:00,1.17018,1.17081,1.17007,1.1707,619,2,0
2026-05-04 12:20:00,1.1707,1.17097,1.17055,1.17082,413,2,0
2026-05-04 12:25:00,1.17081,1.17095,1.17061,1.17087,324,2,0
2026-05-04 12:30:00,1.17085,1.17097,1.17059,1.17076,258,2,0
2026-05-04 12:35:00,1.17076,1.17111,1.17053,1.17087,354,2,0
2026-05-04 12:40:00,1.17087,1.1709100000000001,1.17066,1.17082,191,2,0
2026-05-04 12:45:00,1.17082,1.17106,1.17073,1.1710099999999999,161,2,0
2026-05-04 12:50:00,1.1710099999999999,1.17117,1.17086,1.17092,145,2,0
2026-05-04 12:55:00,1.17092,1.17124,1.17076,1.1709100000000001,234,2,0
2026-05-04 13:00:00,1.1709100000000001,1.1709100000000001,1.1702,1.17063,1140,2,0
2026-05-04 13:05:00,1.17063,1.17096,1.17042,1.17096,498,2,0
2026-05-04 13:10:00,1.17099,1.17137,1.17093,1.17095,394,2,0
2026-05-04 13:15:00,1.17095,1.17102,1.1706,1.17062,237,2,0
2026-05-04 13:20:00,1.17062,1.17097,1.17056,1.17071,289,2,0
2026-05-04 13:25:00,1.17071,1.1708,1.17052,1.17072,255,2,0
2026-05-04 13:30:00,1.17072,1.17155,1.17062,1.17153,460,2,0
2026-05-04 13:35:00,1.17153,1.17166,1.17137,1.1716199999999999,386,2,0
2026-05-04 13:40:00,1.1716199999999999,1.17178,1.1715200000000001,1.17157,256,2,0
2026-05-04 13:45:00,1.17157,1.17173,1.17147,1.1716199999999999,425,2,0
2026-05-04 13:50:00,1.1716199999999999,1.17172,1.17141,1.17151,333,2,0
2026-05-04 13:55:00,1.17151,1.17173,1.17129,1.17149,342,2,0
2026-05-04 14:00:00,1.17148,1.17149,1.17111,1.17111,379,2,0
2026-05-04 14:05:00,1.1711,1.17121,1.1706699999999999,1.17077,706,2,0
2026-05-04 14:10:00,1.17077,1.17116,1.17069,1.17096,400,2,0
2026-05-04 14:15:00,1.17096,1.17134,1.1709,1.1713,412,2,0
2026-05-04 14:20:00,1.1713,1.17156,1.17117,1.17132,371,2,0
2026-05-04 14:25:00,1.17131,1.17145,1.1713,1.17138,317,2,0
2026-05-04 14:30:00,1.17138,1.17157,1.17131,1.17133,304,2,0
2026-05-04 14:35:00,1.17133,1.1716199999999999,1.17124,1.17146,251,2,0
2026-05-04 14:40:00,1.17146,1.1716199999999999,1.17084,1.17085,291,2,0
2026-05-04 14:45:00,1.17085,1.17102,1.17051,1.17077,404,2,0
2026-05-04 14:50:00,1.17077,1.17086,1.17058,1.17075,330,2,0
2026-05-04 14:55:00,1.17075,1.17089,1.17041,1.17071,478,2,0
2026-05-04 15:00:00,1.17071,1.17117,1.17045,1.17107,665,2,0
2026-05-04 15:05:00,1.17107,1.17142,1.17103,1.17132,542,2,0
2026-05-04 15:10:00,1.17132,1.17156,1.17097,1.17109,443,2,0
2026-05-04 15:15:00,1.17109,1.17153,1.17011,1.17029,707,2,0
2026-05-04 15:20:00,1.17026,1.17035,1.16965,1.1699,1094,2,0
2026-05-04 15:25:00,1.1699,1.17011,1.16967,1.1701,867,2,0
2026-05-04 15:30:00,1.1701,1.17024,1.1698,1.17005,591,2,0
2026-05-04 15:35:00,1.17005,1.17016,1.16974,1.17,585,2,0
2026-05-04 15:40:00,1.17,1.17011,1.16963,1.1700599999999999,478,2,0
2026-05-04 15:45:00,1.1700599999999999,1.17029,1.1696900000000001,1.1697,447,2,0
2026-05-04 15:50:00,1.1697,1.17014,1.16939,1.17007,800,2,0
2026-05-04 15:55:00,1.17007,1.17014,1.16963,1.16973,666,2,0
2026-05-04 16:00:00,1.16973,1.17007,1.16948,1.16964,504,2,0
2026-05-04 16:05:00,1.16964,1.1697,1.1688399999999999,1.16898,933,2,0
2026-05-04 16:10:00,1.16896,1.16902,1.16849,1.16852,738,2,0
2026-05-04 16:15:00,1.16852,1.16957,1.16841,1.16916,1051,2,0
2026-05-04 16:20:00,1.16916,1.16972,1.16916,1.16942,586,2,0
2026-05-04 16:25:00,1.16942,1.1696,1.16894,1.16906,534,2,0
2026-05-04 16:30:00,1.16906,1.16931,1.16894,1.16928,399,2,0
2026-05-04 16:35:00,1.16927,1.16931,1.16854,1.16859,550,2,0
2026-05-04 16:40:00,1.16859,1.16875,1.16835,1.16837,451,2,0
2026-05-04 16:45:00,1.16837,1.16852,1.1682,1.16846,392,2,0
2026-05-04 16:50:00,1.16845,1.16854,1.16825,1.16828,389,2,0
2026-05-04 16:55:00,1.16829,1.16835,1.16809,1.16821,275,2,0
2026-05-04 17:00:00,1.16821,1.16865,1.16816,1.16858,558,2,0
2026-05-04 17:05:00,1.16858,1.16886,1.16856,1.16878,255,2,0
2026-05-04 17:10:00,1.16878,1.16898,1.16868,1.16887,173,2,0
2026-05-04 17:15:00,1.16887,1.16942,1.16881,1.16933,482,2,0
2026-05-04 17:20:00,1.16933,1.1696,1.16911,1.16942,267,2,0
2026-05-04 17:25:00,1.16942,1.1696,1.16938,1.16952,232,2,0
2026-05-04 17:30:00,1.16952,1.16971,1.16948,1.16962,232,2,0
2026-05-04 17:35:00,1.16962,1.16962,1.16915,1.16939,330,2,0
2026-05-04 17:40:00,1.16939,1.16939,1.16912,1.16927,239,2,0
2026-05-04 17:45:00,1.16927,1.16929,1.16909,1.16925,116,2,0
2026-05-04 17:50:00,1.16925,1.16946,1.16922,1.16944,118,2,0
2026-05-04 17:55:00,1.16944,1.16946,1.16932,1.16933,144,2,0
2026-05-04 18:00:00,1.16933,1.16959,1.16913,1.16956,261,2,0
2026-05-04 18:05:00,1.16956,1.16968,1.16927,1.16936,182,2,0
2026-05-04 18:10:00,1.1693500000000001,1.16952,1.16934,1.16942,108,2,0
2026-05-04 18:15:00,1.16942,1.16942,1.16906,1.16913,150,2,0
2026-05-04 18:20:00,1.16913,1.16921,1.16888,1.169,252,2,0
2026-05-04 18:25:00,1.169,1.16917,1.16892,1.16914,340,2,0
2026-05-04 18:30:00,1.16914,1.16924,1.16911,1.16917,228,2,0
2026-05-04 18:35:00,1.16916,1.16924,1.16903,1.16923,203,2,0
2026-05-04 18:40:00,1.16923,1.16927,1.16905,1.16907,213,2,0
2026-05-04 18:45:00,1.16907,1.1691799999999999,1.16898,1.16912,175,2,0
2026-05-04 18:50:00,1.16912,1.16922,1.16881,1.16898,299,2,0
2026-05-04 18:55:00,1.16898,1.16978,1.16891,1.16971,384,2,0
2026-05-04 19:00:00,1.1696900000000001,1.16977,1.16933,1.16934,378,2,0
2026-05-04 19:05:00,1.16934,1.17004,1.16934,1.16972,743,2,0
2026-05-04 19:10:00,1.16972,1.16976,1.16947,1.16976,250,2,0
2026-05-04 19:15:00,1.16976,1.16988,1.16976,1.16984,148,2,0
2026-05-04 19:20:00,1.16984,1.1702,1.16978,1.1702,189,2,0
2026-05-04 19:25:00,1.1702,1.17021,1.16971,1.16996,212,2,0
2026-05-04 19:30:00,1.16996,1.1700599999999999,1.16986,1.17001,154,2,0
2026-05-04 19:35:00,1.17001,1.17007,1.16995,1.16995,113,2,0
2026-05-04 19:40:00,1.16995,1.16999,1.16976,1.16987,171,2,0
2026-05-04 19:45:00,1.16987,1.16988,1.16972,1.16972,131,2,0
2026-05-04 19:50:00,1.16972,1.16972,1.16954,1.1696,211,2,0
2026-05-04 19:55:00,1.1696,1.16965,1.16939,1.16949,347,2,0
2026-05-04 20:00:00,1.16949,1.16949,1.16929,1.1693500000000001,145,2,0
2026-05-04 20:05:00,1.1693500000000001,1.1693500000000001,1.16924,1.16934,67,2,0
2026-05-04 20:10:00,1.16934,1.16944,1.1691,1.1691,91,2,0
2026-05-04 20:15:00,1.1691,1.1691,1.16893,1.16895,53,2,0
2026-05-04 20:20:00,1.16895,1.16895,1.16871,1.16875,65,2,0
2026-05-04 20:25:00,1.16875,1.16896,1.1687400000000001,1.16896,69,2,0
2026-05-04 20:30:00,1.16896,1.16902,1.16894,1.16897,50,2,0
2026-05-04 20:35:00,1.16897,1.16901,1.16889,1.16901,46,2,0
2026-05-04 20:40:00,1.16901,1.1692,1.16901,1.16916,48,2,0
2026-05-04 20:45:00,1.16916,1.16924,1.16909,1.16917,56,2,0
2026-05-04 20:50:00,1.16917,1.16924,1.16909,1.16911,31,2,0
2026-05-04 20:55:00,1.16911,1.16915,1.16901,1.16901,196,3,0
2026-05-04 21:00:00,1.16902,1.16902,1.16891,1.16891,6,46,0
2026-05-04 21:05:00,1.16892,1.16892,1.16861,1.16876,17,45,0
2026-05-04 21:10:00,1.16876,1.16877,1.16876,1.16876,7,59,0
2026-05-04 21:15:00,1.16876,1.1688399999999999,1.16873,1.1688399999999999,12,58,0
2026-05-04 21:20:00,1.1688399999999999,1.16899,1.1688399999999999,1.16899,12,48,0
2026-05-04 21:25:00,1.16899,1.16899,1.16895,1.16896,7,49,0
2026-05-04 21:30:00,1.16896,1.16907,1.1689,1.16891,16,32,0
2026-05-04 21:35:00,1.16891,1.16891,1.16888,1.16891,14,39,0
2026-05-04 21:40:00,1.16889,1.16893,1.16888,1.1689,12,38,0
2026-05-04 21:45:00,1.1689,1.1689,1.16886,1.16887,13,22,0
2026-05-04 21:50:00,1.16887,1.16887,1.16885,1.16887,8,22,0
2026-05-04 21:55:00,1.16887,1.16895,1.16885,1.16895,14,17,0
2026-05-04 22:00:00,1.16895,1.16911,1.16886,1.16897,69,3,0
2026-05-04 22:05:00,1.16897,1.16902,1.16894,1.16899,26,2,0
2026-05-04 22:10:00,1.16899,1.169,1.16891,1.16893,52,2,0
2026-05-04 22:15:00,1.16893,1.16896,1.16887,1.1689,30,3,0
2026-05-04 22:20:00,1.1689,1.169,1.1689,1.16899,18,3,0
2026-05-04 22:25:00,1.169,1.16909,1.16899,1.16909,24,3,0
2026-05-04 22:30:00,1.1690800000000001,1.16916,1.16904,1.16907,32,2,0
2026-05-04 22:35:00,1.16907,1.16915,1.16907,1.16911,28,2,0
2026-05-04 22:40:00,1.16912,1.16913,1.16909,1.1691,26,2,0
2026-05-04 22:45:00,1.16909,1.1691,1.16906,1.16907,15,4,0
2026-05-04 22:50:00,1.16907,1.1690800000000001,1.16899,1.16899,24,3,0
2026-05-04 22:55:00,1.16899,1.16903,1.16897,1.16899,21,4,0
2026-05-04 23:00:00,1.16899,1.1691,1.16897,1.16909,33,2,0
2026-05-04 23:05:00,1.16909,1.16911,1.1690800000000001,1.16911,23,2,0
2026-05-04 23:10:00,1.16911,1.16911,1.16904,1.1691,30,2,0
2026-05-04 23:15:00,1.16911,1.16911,1.16909,1.16911,9,2,0
2026-05-04 23:20:00,1.16911,1.16921,1.1691,1.1692,11,2,0
2026-05-04 23:25:00,1.1692,1.16923,1.16915,1.16917,18,2,0
2026-05-04 23:30:00,1.16917,1.16931,1.16915,1.16925,21,2,0
2026-05-04 23:35:00,1.16925,1.16925,1.16911,1.16916,34,2,0
2026-05-04 23:40:00,1.16916,1.16923,1.1691,1.16915,27,3,0
2026-05-04 23:45:00,1.16915,1.16921,1.16914,1.16917,29,2,0
2026-05-04 23:50:00,1.16917,1.16917,1.16911,1.16915,31,3,0
2026-05-04 23:55:00,1.16915,1.16919,1.16912,1.16915,55,2,0
2026-05-05 00:00:00,1.16915,1.16938,1.16907,1.16932,154,2,0
2026-05-05 00:05:00,1.16932,1.16937,1.16921,1.16927,93,2,0
2026-05-05 00:10:00,1.16927,1.16937,1.16917,1.16929,103,2,0
2026-05-05 00:15:00,1.16929,1.16929,1.16898,1.16907,110,2,0
2026-05-05 00:20:00,1.16907,1.16907,1.16866,1.16873,115,2,0
2026-05-05 00:25:00,1.16873,1.16877,1.1686,1.16871,125,2,0
2026-05-05 00:30:00,1.16871,1.16871,1.1685,1.1685,97,2,0
2026-05-05 00:35:00,1.1685,1.16866,1.16849,1.16865,110,2,0
2026-05-05 00:40:00,1.16865,1.16867,1.16856,1.16862,64,2,0
2026-05-05 00:45:00,1.16862,1.16885,1.16862,1.1688,91,2,0
2026-05-05 00:50:00,1.1688,1.16888,1.1688,1.16883,62,2,0
2026-05-05 00:55:00,1.16883,1.16885,1.16861,1.16862,67,2,0
2026-05-05 01:00:00,1.16862,1.16865,1.16841,1.16851,210,2,0
2026-05-05 01:05:00,1.16851,1.16856,1.1684700000000001,1.16853,93,2,0
2026-05-05 01:10:00,1.16853,1.16859,1.16842,1.16842,120,2,0
2026-05-05 01:15:00,1.16842,1.16852,1.1684,1.16841,90,2,0
2026-05-05 01:20:00,1.16841,1.16846,1.1679599999999999,1.16815,181,2,0
2026-05-05 01:25:00,1.16815,1.16821,1.16812,1.16817,96,2,0
2026-05-05 01:30:00,1.16817,1.16841,1.16811,1.16838,129,2,0
2026-05-05 01:35:00,1.16838,1.16877,1.16838,1.16842,235,2,0
2026-05-05 01:40:00,1.16842,1.16865,1.16841,1.16849,208,2,0
2026-05-05 01:45:00,1.16849,1.16859,1.16846,1.1685699999999999,162,2,0
2026-05-05 01:50:00,1.1685699999999999,1.16881,1.1685699999999999,1.16875,128,2,0
2026-05-05 01:55:00,1.16875,1.16875,1.16855,1.16867,120,2,0
2026-05-05 02:00:00,1.16867,1.16883,1.16865,1.16877,170,2,0
2026-05-05 02:05:00,1.16877,1.16881,1.1687400000000001,1.16877,119,2,0
2026-05-05 02:10:00,1.16877,1.16877,1.16864,1.16865,91,2,0
2026-05-05 02:15:00,1.16865,1.16875,1.16861,1.16872,59,2,0
2026-05-05 02:20:00,1.16872,1.16887,1.1687,1.16887,67,2,0
2026-05-05 02:25:00,1.16887,1.16905,1.16886,1.16897,102,2,0
2026-05-05 02:30:00,1.16897,1.16909,1.1689,1.16903,104,2,0
2026-05-05 02:35:00,1.16903,1.16903,1.16893,1.16901,91,2,0
2026-05-05 02:40:00,1.16901,1.16912,1.169,1.16911,56,2,0
2026-05-05 02:45:00,1.16911,1.16913,1.16893,1.16895,121,2,0
2026-05-05 02:50:00,1.16895,1.16896,1.1688,1.1688,63,2,0
2026-05-05 02:55:00,1.1688,1.16881,1.16871,1.1687400000000001,79,2,0
2026-05-05 03:00:00,1.16872,1.1687400000000001,1.1685,1.16859,123,2,0
2026-05-05 03:05:00,1.16859,1.16864,1.16854,1.16859,47,2,0
2026-05-05 03:10:00,1.16859,1.1687,1.16859,1.1687,60,2,0
2026-05-05 03:15:00,1.1687,1.16875,1.16865,1.16875,59,2,0
2026-05-05 03:20:00,1.16875,1.16876,1.16869,1.16871,36,2,0
2026-05-05 03:25:00,1.16871,1.1688,1.16865,1.1687,107,2,0
2026-05-05 03:30:00,1.1687,1.1687,1.16855,1.16855,74,2,0
2026-05-05 03:35:00,1.16855,1.16859,1.16852,1.16856,66,2,0
2026-05-05 03:40:00,1.16856,1.16856,1.16844,1.16851,31,2,0
2026-05-05 03:45:00,1.16851,1.16856,1.1685,1.16855,37,2,0
2026-05-05 03:50:00,1.16855,1.16856,1.1685,1.1685,58,2,0
2026-05-05 03:55:00,1.1685,1.1685,1.16834,1.16839,99,2,0
2026-05-05 04:00:00,1.16838,1.1685699999999999,1.16835,1.16852,82,2,0
2026-05-05 04:05:00,1.16852,1.16856,1.1685,1.16851,55,2,0
2026-05-05 04:10:00,1.1685,1.1685699999999999,1.16849,1.16855,36,3,0
2026-05-05 04:15:00,1.16855,1.16861,1.16854,1.1686,49,2,0
2026-05-05 04:20:00,1.1686,1.16862,1.16854,1.16855,56,2,0
2026-05-05 04:25:00,1.16855,1.16866,1.16855,1.16861,55,2,0
2026-05-05 04:30:00,1.16861,1.16872,1.1685,1.1685699999999999,218,2,0
2026-05-05 04:35:00,1.1685699999999999,1.16861,1.16846,1.1685,76,2,0
2026-05-05 04:40:00,1.1685,1.16859,1.1684,1.16842,106,2,0
2026-05-05 04:45:00,1.16842,1.16842,1.16821,1.16825,94,2,0
2026-05-05 04:50:00,1.16825,1.1684,1.16818,1.16819,104,2,0
2026-05-05 04:55:00,1.16819,1.16819,1.16769,1.16777,213,2,0
2026-05-05 05:00:00,1.16777,1.16797,1.16764,1.16794,161,2,0
2026-05-05 05:05:00,1.16794,1.168,1.1678600000000001,1.1679,103,2,0
2026-05-05 05:10:00,1.1679,1.16795,1.16785,1.1679,68,2,0
2026-05-05 05:15:00,1.1679,1.1679,1.16773,1.1678,102,2,0
2026-05-05 05:20:00,1.1678,1.16817,1.1678,1.16815,82,2,0
2026-05-05 05:25:00,1.16815,1.16817,1.16795,1.1679599999999999,65,2,0
2026-05-05 05:30:00,1.1679599999999999,1.16829,1.16794,1.16829,223,2,0
2026-05-05 05:35:00,1.16829,1.16842,1.16816,1.16832,240,2,0
2026-05-05 05:40:00,1.16832,1.16842,1.16821,1.16836,181,2,0
2026-05-05 05:45:00,1.16835,1.16844,1.16829,1.16832,161,2,0
2026-05-05 05:50:00,1.16832,1.16836,1.1681,1.1681,99,2,0
2026-05-05 05:55:00,1.1681,1.16833,1.16809,1.16831,134,2,0
2026-05-05 06:00:00,1.16831,1.16855,1.16819,1.16848,397,2,0
2026-05-05 06:05:00,1.16849,1.16865,1.16838,1.16861,148,2,0
2026-05-05 06:10:00,1.16861,1.16872,1.16845,1.16855,134,2,0
2026-05-05 06:15:00,1.16855,1.16863,1.16811,1.16814,228,2,0
2026-05-05 06:20:00,1.16814,1.16827,1.16793,1.16801,117,2,0
2026-05-05 06:25:00,1.16801,1.16858,1.16801,1.1684700000000001,164,2,0
2026-05-05 06:30:00,1.1684700000000001,1.16895,1.1684,1.16875,190,2,0
2026-05-05 06:35:00,1.16875,1.16887,1.16844,1.16865,265,2,0
2026-05-05 06:40:00,1.16865,1.1688,1.1685,1.16872,226,2,0
2026-05-05 06:45:00,1.16873,1.16878,1.16849,1.16855,229,2,0
2026-05-05 06:50:00,1.16855,1.16881,1.16853,1.1687400000000001,168,2,0
2026-05-05 06:55:00,1.1687400000000001,1.1688,1.16849,1.16858,235,2,0
2026-05-05 07:00:00,1.1686,1.16902,1.16856,1.16894,440,2,0
2026-05-05 07:05:00,1.16894,1.1693,1.16886,1.1691,285,2,0
2026-05-05 07:10:00,1.1691,1.16921,1.1689,1.16896,201,2,0
2026-05-05 07:15:00,1.16896,1.16902,1.16885,1.16895,165,2,0
2026-05-05 07:20:00,1.16895,1.16911,1.16886,1.16895,190,2,0
2026-05-05 07:25:00,1.16898,1.16907,1.16875,1.16876,216,2,0
2026-05-05 07:30:00,1.16876,1.16906,1.16865,1.16896,216,2,0
2026-05-05 07:35:00,1.16896,1.16966,1.16896,1.16951,362,2,0
2026-05-05 07:40:00,1.16951,1.16951,1.16916,1.1691799999999999,221,2,0
2026-05-05 07:45:00,1.1691799999999999,1.16931,1.16903,1.16906,159,2,0
2026-05-05 07:50:00,1.16906,1.16929,1.16906,1.16914,139,2,0
2026-05-05 07:55:00,1.16914,1.16917,1.1689,1.1689,133,2,0
2026-05-05 08:00:00,1.1689,1.16916,1.16885,1.16916,190,2,0
2026-05-05 08:05:00,1.16916,1.16932,1.16904,1.16916,216,2,0
2026-05-05 08:10:00,1.16916,1.16929,1.1691,1.16915,122,2,0
2026-05-05 08:15:00,1.16915,1.16931,1.16914,1.16922,128,2,0
2026-05-05 08:20:00,1.16922,1.16941,1.1691799999999999,1.16938,148,2,0
2026-05-05 08:25:00,1.16938,1.16967,1.16938,1.16942,251,2,0
2026-05-05 08:30:00,1.16941,1.16947,1.16898,1.16898,267,2,0
2026-05-05 08:35:00,1.16898,1.16906,1.16858,1.16861,261,2,0
2026-05-05 08:40:00,1.16862,1.16876,1.16848,1.16871,221,2,0
2026-05-05 08:45:00,1.16871,1.16886,1.16853,1.16864,193,2,0
2026-05-05 08:50:00,1.16864,1.16907,1.16864,1.16899,149,2,0
2026-05-05 08:55:00,1.169,1.16901,1.1687400000000001,1.16887,165,2,0
2026-05-05 09:00:00,1.16887,1.16896,1.16838,1.16862,585,2,0
2026-05-05 09:05:00,1.16862,1.1689,1.16854,1.16887,179,2,0
2026-05-05 09:10:00,1.16887,1.16903,1.1686,1.16862,159,2,0
2026-05-05 09:15:00,1.16862,1.16862,1.16816,1.16819,376,2,0
2026-05-05 09:20:00,1.16819,1.16853,1.1681,1.1685,308,2,0
2026-05-05 09:25:00,1.1685,1.16867,1.16833,1.16863,189,2,0
2026-05-05 09:30:00,1.16863,1.16909,1.16863,1.1688,426,2,0
2026-05-05 09:35:00,1.1688,1.16889,1.16868,1.16887,206,2,0
2026-05-05 09:40:00,1.16887,1.16915,1.16887,1.1691,139,2,0
2026-05-05 09:45:00,1.1691,1.16928,1.16892,1.16899,155,2,0
2026-05-05 09:50:00,1.16899,1.16902,1.16862,1.16896,286,2,0
2026-05-05 09:55:00,1.16896,1.16909,1.1688399999999999,1.16901,234,2,0
2026-05-05 10:00:00,1.16901,1.16904,1.16869,1.16879,238,2,0
2026-05-05 10:05:00,1.16879,1.16895,1.16877,1.16881,147,2,0
2026-05-05 10:10:00,1.16881,1.16897,1.16876,1.16894,97,2,0
2026-05-05 10:15:00,1.16894,1.1690800000000001,1.16887,1.16907,84,2,0
2026-05-05 10:20:00,1.1690800000000001,1.16943,1.1690800000000001,1.16938,125,2,0
2026-05-05 10:25:00,1.16938,1.16955,1.16932,1.1694499999999999,145,2,0
2026-05-05 10:30:00,1.16943,1.16976,1.16925,1.1694499999999999,253,2,0
2026-05-05 10:35:00,1.1694499999999999,1.16948,1.16905,1.16907,272,2,0
2026-05-05 10:40:00,1.16907,1.16926,1.1688,1.16892,220,2,0
2026-05-05 10:45:00,1.16892,1.16895,1.16872,1.16886,115,2,0
2026-05-05 10:50:00,1.16886,1.16891,1.16873,1.16883,133,2,0
2026-05-05 10:55:00,1.16883,1.16895,1.16879,1.16894,126,2,0
2026-05-05 11:00:00,1.16894,1.16901,1.16832,1.16859,406,2,0
2026-05-05 11:05:00,1.16859,1.16863,1.16843,1.1686,174,2,0
2026-05-05 11:10:00,1.16861,1.16862,1.16848,1.1685699999999999,125,2,0
2026-05-05 11:15:00,1.1685699999999999,1.16858,1.16832,1.1685,211,2,0
2026-05-05 11:20:00,1.1685,1.16901,1.16845,1.16895,141,2,0
2026-05-05 11:25:00,1.16895,1.16937,1.16893,1.16926,275,2,0
2026-05-05 11:30:00,1.16926,1.16946,1.16905,1.16921,268,2,0
2026-05-05 11:35:00,1.16921,1.16933,1.16896,1.16899,241,2,0
2026-05-05 11:40:00,1.16899,1.16915,1.16896,1.16901,133,2,0
2026-05-05 11:45:00,1.16901,1.16914,1.16882,1.16903,202,2,0
2026-05-05 11:50:00,1.16903,1.16912,1.16885,1.16899,175,2,0
2026-05-05 11:55:00,1.16899,1.169,1.16876,1.1689,261,2,0
2026-05-05 12:00:00,1.1689,1.16898,1.16852,1.16856,323,2,0
2026-05-05 12:05:00,1.16856,1.1688,1.16852,1.16862,570,2,0
2026-05-05 12:10:00,1.16862,1.16922,1.16852,1.16907,605,2,0
2026-05-05 12:15:00,1.16907,1.16941,1.16907,1.1693500000000001,360,2,0
2026-05-05 12:20:00,1.1693500000000001,1.1696,1.16916,1.1695,477,2,0
2026-05-05 12:25:00,1.1695,1.16977,1.16932,1.16961,267,2,0
2026-05-05 12:30:00,1.16961,1.1697,1.16926,1.16936,291,2,0
2026-05-05 12:35:00,1.16936,1.16941,1.16905,1.1691,250,2,0
2026-05-05 12:40:00,1.1691,1.16929,1.16902,1.16907,218,2,0
2026-05-05 12:45:00,1.16907,1.16927,1.16904,1.16906,206,2,0
2026-05-05 12:50:00,1.16906,1.16922,1.16901,1.16913,175,2,0
2026-05-05 12:55:00,1.16913,1.1693,1.16905,1.16923,208,2,0
2026-05-05 13:00:00,1.16923,1.16963,1.1692,1.16951,302,2,0
2026-05-05 13:05:00,1.16951,1.17027,1.16951,1.17005,401,2,0
2026-05-05 13:10:00,1.17005,1.17036,1.17002,1.17007,291,2,0
2026-05-05 13:15:00,1.17007,1.17042,1.17,1.17041,210,2,0
2026-05-05 13:20:00,1.17041,1.17046,1.17005,1.1700599999999999,265,2,0
2026-05-05 13:25:00,1.17007,1.17028,1.17007,1.17008,205,2,0
2026-05-05 13:30:00,1.17008,1.17031,1.16997,1.17031,320,2,0
2026-05-05 13:35:00,1.17031,1.17033,1.16993,1.17001,388,2,0
2026-05-05 13:40:00,1.17001,1.17014,1.16976,1.16981,332,2,0
2026-05-05 13:45:00,1.16981,1.16989,1.1697,1.16986,305,2,0
2026-05-05 13:50:00,1.16986,1.17009,1.16976,1.16983,370,2,0
2026-05-05 13:55:00,1.16983,1.17,1.16964,1.16972,355,2,0
2026-05-05 14:00:00,1.1697,1.17,1.16958,1.16984,482,2,0
2026-05-05 14:05:00,1.16985,1.17058,1.16977,1.17026,366,2,0
2026-05-05 14:10:00,1.17026,1.17036,1.16961,1.16975,568,2,0
2026-05-05 14:15:00,1.1698,1.16992,1.16915,1.16953,784,2,0
2026-05-05 14:20:00,1.16953,1.17035,1.1694,1.17033,407,2,0
2026-05-05 14:25:00,1.17033,1.17043,1.17018,1.17018,271,2,0
2026-05-05 14:30:00,1.1702,1.17027,1.16988,1.17002,344,2,0
2026-05-05 14:35:00,1.17002,1.17014,1.16981,1.16996,329,2,0
2026-05-05 14:40:00,1.16996,1.17041,1.16976,1.17025,290,2,0
2026-05-05 14:45:00,1.17025,1.17049,1.16999,1.17043,323,2,0
2026-05-05 14:50:00,1.17043,1.17045,1.16985,1.17015,377,2,0
2026-05-05 14:55:00,1.17015,1.17058,1.17003,1.17056,393,2,0
2026-05-05 15:00:00,1.17056,1.17105,1.17051,1.17102,451,2,0
2026-05-05 15:05:00,1.17102,1.17103,1.1706,1.17064,313,2,0
2026-05-05 15:10:00,1.17065,1.17077,1.17054,1.17059,307,2,0
2026-05-05 15:15:00,1.17059,1.17062,1.17024,1.17025,390,2,0
2026-05-05 15:20:00,1.17025,1.1705,1.1701,1.17033,271,2,0
2026-05-05 15:25:00,1.17033,1.17058,1.17027,1.17058,194,2,0
2026-05-05 15:30:00,1.17058,1.17063,1.17034,1.17053,358,2,0
2026-05-05 15:35:00,1.17053,1.1711,1.17053,1.17093,223,2,0
2026-05-05 15:40:00,1.17094,1.17136,1.17082,1.17117,198,2,0
2026-05-05 15:45:00,1.17117,1.17135,1.17111,1.17118,229,2,0
2026-05-05 15:50:00,1.17118,1.17123,1.17084,1.17099,308,2,0
2026-05-05 15:55:00,1.17099,1.17099,1.17064,1.17064,258,2,0
2026-05-05 16:00:00,1.17064,1.17086,1.17054,1.17066,194,2,0
2026-05-05 16:05:00,1.17066,1.17073,1.17039,1.1703999999999999,176,2,0
2026-05-05 16:10:00,1.1703999999999999,1.17046,1.1702,1.1702,120,2,0
2026-05-05 16:15:00,1.1702,1.17021,1.16997,1.17011,203,2,0
2026-05-05 16:20:00,1.17012,1.17017,1.17003,1.17003,117,2,0
2026-05-05 16:25:00,1.17003,1.1700599999999999,1.16986,1.17003,156,2,0
2026-05-05 16:30:00,1.17003,1.17005,1.1697899999999999,1.16991,130,2,0
2026-05-05 16:35:00,1.16991,1.17026,1.16987,1.17013,124,2,0
2026-05-05 16:40:00,1.17013,1.17031,1.17011,1.17029,129,2,0
2026-05-05 16:45:00,1.17029,1.17034,1.17011,1.17015,176,2,0
2026-05-05 16:50:00,1.17015,1.17024,1.17011,1.17016,116,2,0
2026-05-05 16:55:00,1.17016,1.17018,1.16987,1.16992,155,2,0
2026-05-05 17:00:00,1.16992,1.17016,1.16989,1.17005,218,2,0
2026-05-05 17:05:00,1.17004,1.1701,1.16972,1.16974,151,2,0
2026-05-05 17:10:00,1.16974,1.16984,1.1696,1.16972,137,2,0
2026-05-05 17:15:00,1.16972,1.16996,1.1697,1.16994,126,2,0
2026-05-05 17:20:00,1.16994,1.16996,1.16972,1.16972,96,2,0
2026-05-05 17:25:00,1.16972,1.16997,1.1697,1.16993,137,2,0
2026-05-05 17:30:00,1.16993,1.17019,1.16988,1.17018,219,2,0
2026-05-05 17:35:00,1.17018,1.17041,1.17004,1.17018,219,2,0
2026-05-05 17:40:00,1.17018,1.17026,1.16995,1.16996,248,2,0
2026-05-05 17:45:00,1.16995,1.1701,1.16994,1.17004,172,2,0
2026-05-05 17:50:00,1.17004,1.17012,1.1699,1.16992,140,2,0
2026-05-05 17:55:00,1.16992,1.16993,1.16976,1.16987,143,2,0
2026-05-05 18:00:00,1.16987,1.16999,1.16982,1.16998,133,2,0
2026-05-05 18:05:00,1.16998,1.17004,1.16982,1.16983,95,2,0
2026-05-05 18:10:00,1.16983,1.16993,1.16978,1.16986,97,2,0
2026-05-05 18:15:00,1.16986,1.16992,1.16983,1.16987,31,2,0
2026-05-05 18:20:00,1.16987,1.16993,1.16983,1.16993,48,2,0
2026-05-05 18:25:00,1.16993,1.1700599999999999,1.16984,1.16992,106,2,0
2026-05-05 18:30:00,1.16992,1.16996,1.1697,1.16971,137,2,0
2026-05-05 18:35:00,1.16971,1.16999,1.16971,1.16992,57,2,0
2026-05-05 18:40:00,1.16992,1.16996,1.16987,1.16988,109,2,0
2026-05-05 18:45:00,1.16988,1.17,1.16987,1.16988,69,2,0
2026-05-05 18:50:00,1.16988,1.17007,1.16988,1.17,65,2,0
2026-05-05 18:55:00,1.17,1.17007,1.16991,1.16998,105,2,0
2026-05-05 19:00:00,1.16998,1.17011,1.16985,1.16987,124,2,0
2026-05-05 19:05:00,1.16987,1.16987,1.16977,1.16981,66,2,0
2026-05-05 19:10:00,1.16981,1.16987,1.16975,1.16977,73,2,0
2026-05-05 19:15:00,1.16977,1.1697899999999999,1.16968,1.1697,77,2,0
2026-05-05 19:20:00,1.1697,1.16974,1.16968,1.16973,49,2,0
2026-05-05 19:25:00,1.16973,1.16973,1.16949,1.16953,95,2,0
2026-05-05 19:30:00,1.16953,1.16966,1.16952,1.16961,88,2,0
2026-05-05 19:35:00,1.16961,1.16967,1.16957,1.16964,91,2,0
2026-05-05 19:40:00,1.16964,1.16965,1.16952,1.16956,92,2,0
2026-05-05 19:45:00,1.16956,1.16968,1.16946,1.16947,97,2,0
2026-05-05 19:50:00,1.16947,1.16958,1.16942,1.16954,100,2,0
2026-05-05 19:55:00,1.16954,1.16958,1.16942,1.16952,234,2,0
2026-05-05 20:00:00,1.16952,1.16965,1.16948,1.16964,119,2,0
2026-05-05 20:05:00,1.16964,1.16968,1.16959,1.16961,51,2,0
2026-05-05 20:10:00,1.16961,1.16966,1.16957,1.16961,48,2,0
2026-05-05 20:15:00,1.16961,1.16961,1.16947,1.16948,87,2,0
2026-05-05 20:20:00,1.16948,1.16949,1.16943,1.16943,19,2,0
2026-05-05 20:25:00,1.16943,1.16949,1.16941,1.1694499999999999,35,2,0
2026-05-05 20:30:00,1.1694499999999999,1.1694499999999999,1.16937,1.16942,36,2,0
2026-05-05 20:35:00,1.16942,1.1694499999999999,1.16931,1.16931,42,2,0
2026-05-05 20:40:00,1.16931,1.16933,1.16923,1.16924,42,2,0
2026-05-05 20:45:00,1.16923,1.1694,1.1692,1.1694,94,2,0
2026-05-05 20:50:00,1.1694,1.16948,1.16931,1.1694,83,2,0
2026-05-05 20:55:00,1.1694,1.1694,1.16923,1.16925,125,3,0
2026-05-05 21:00:00,1.16916,1.1691799999999999,1.16916,1.1691799999999999,6,36,0
2026-05-05 21:05:00,1.16914,1.16928,1.16914,1.16927,18,26,0
2026-05-05 21:10:00,1.16927,1.16927,1.16922,1.16927,7,23,0
2026-05-05 21:15:00,1.16927,1.16927,1.16926,1.16926,8,24,0
2026-05-05 21:20:00,1.16926,1.16927,1.16926,1.16926,7,22,0
2026-05-05 21:25:00,1.16926,1.16926,1.16926,1.16926,5,21,0
2026-05-05 21:30:00,1.16926,1.16926,1.16926,1.16926,5,21,0
2026-05-05 21:35:00,1.16926,1.1693,1.16926,1.1693,6,20,0
2026-05-05 21:40:00,1.1693,1.1693,1.1693,1.1693,5,17,0
2026-05-05 21:45:00,1.1693,1.16934,1.16927,1.16927,17,15,0
2026-05-05 21:50:00,1.16926,1.16927,1.16924,1.16924,8,21,0
2026-05-05 21:55:00,1.16924,1.16925,1.16923,1.16924,9,22,0
2026-05-05 22:00:00,1.16923,1.16948,1.1692,1.16944,75,3,0
2026-05-05 22:05:00,1.1694499999999999,1.16951,1.1694,1.16944,25,5,0
2026-05-05 22:10:00,1.16944,1.1695,1.16937,1.16937,63,3,0
2026-05-05 22:15:00,1.16937,1.16937,1.16925,1.16925,31,5,0
2026-05-05 22:20:00,1.16925,1.1693,1.16925,1.16926,27,6,0
2026-05-05 22:25:00,1.16926,1.16928,1.16915,1.16926,40,3,0
2026-05-05 22:30:00,1.16926,1.16927,1.16917,1.16925,49,3,0
2026-05-05 22:35:00,1.16925,1.16932,1.16923,1.16931,45,3,0
2026-05-05 22:40:00,1.16931,1.1693500000000001,1.1693,1.16933,42,4,0
2026-05-05 22:45:00,1.16933,1.1693500000000001,1.16928,1.1693,35,3,0
2026-05-05 22:50:00,1.1693,1.17025,1.1693,1.17022,512,2,0
2026-05-05 22:55:00,1.17022,1.17092,1.17022,1.17053,628,2,0
2026-05-05 23:00:00,1.17053,1.17096,1.1705,1.17096,331,2,0
2026-05-05 23:05:00,1.17096,1.17156,1.17096,1.17146,240,2,0
2026-05-05 23:10:00,1.17146,1.17244,1.17135,1.17231,420,2,0
2026-05-05 23:15:00,1.17231,1.1724,1.17206,1.17231,301,2,0
2026-05-05 23:20:00,1.17231,1.17253,1.17203,1.17205,262,2,0
2026-05-05 23:25:00,1.17205,1.17205,1.17175,1.17176,176,2,0
2026-05-05 23:30:00,1.17176,1.17212,1.1717,1.17199,231,2,0
2026-05-05 23:35:00,1.17199,1.17202,1.17184,1.17185,127,2,0
2026-05-05 23:40:00,1.17185,1.17187,1.1716199999999999,1.17163,117,2,0
2026-05-05 23:45:00,1.17163,1.17176,1.17161,1.17165,180,2,0
2026-05-05 23:50:00,1.17165,1.17176,1.17159,1.17161,107,2,0
2026-05-05 23:55:00,1.17161,1.17161,1.17144,1.17145,141,2,0
2026-05-06 00:00:00,1.17145,1.17165,1.1713,1.17138,549,2,0
2026-05-06 00:05:00,1.17138,1.17163,1.17123,1.17144,472,2,0
2026-05-06 00:10:00,1.17144,1.1715,1.17121,1.17127,268,2,0
2026-05-06 00:15:00,1.17127,1.1715200000000001,1.17111,1.17148,269,2,0
2026-05-06 00:20:00,1.17148,1.17172,1.17131,1.17156,293,2,0
2026-05-06 00:25:00,1.17157,1.1718,1.17133,1.17137,258,2,0
2026-05-06 00:30:00,1.17137,1.17191,1.17133,1.17184,211,2,0
2026-05-06 00:35:00,1.17184,1.17203,1.17181,1.17184,227,2,0
2026-05-06 00:40:00,1.17184,1.17203,1.17181,1.17194,210,2,0
2026-05-06 00:45:00,1.17192,1.17199,1.1717,1.17174,200,2,0
2026-05-06 00:50:00,1.17174,1.17204,1.17174,1.17194,174,2,0
2026-05-06 00:55:00,1.17194,1.17214,1.17192,1.17201,159,2,0
2026-05-06 01:00:00,1.17201,1.17215,1.17181,1.17193,380,2,0
2026-05-06 01:05:00,1.17193,1.17196,1.17176,1.17192,201,2,0
2026-05-06 01:10:00,1.17192,1.17204,1.17188,1.17194,140,2,0
2026-05-06 01:15:00,1.17194,1.17237,1.17187,1.17231,175,2,0
2026-05-06 01:20:00,1.17231,1.17252,1.17217,1.1724700000000001,132,2,0
2026-05-06 01:25:00,1.1724700000000001,1.17248,1.1722299999999999,1.1722299999999999,170,2,0
2026-05-06 01:30:00,1.1722299999999999,1.1722299999999999,1.17194,1.17204,297,2,0
2026-05-06 01:35:00,1.17205,1.17217,1.17182,1.17217,324,2,0
2026-05-06 01:40:00,1.17217,1.17232,1.17214,1.17231,183,2,0
2026-05-06 01:45:00,1.17231,1.1726,1.1723,1.17254,225,2,0
2026-05-06 01:50:00,1.17254,1.17254,1.17226,1.17227,336,2,0
2026-05-06 01:55:00,1.17229,1.17231,1.17208,1.17212,329,2,0
2026-05-06 02:00:00,1.17211,1.17241,1.1721,1.17235,360,2,0
2026-05-06 02:05:00,1.17235,1.1724700000000001,1.17221,1.17231,237,2,0
2026-05-06 02:10:00,1.17231,1.17233,1.17212,1.17212,177,2,0
2026-05-06 02:15:00,1.17212,1.17233,1.17212,1.17225,173,2,0
2026-05-06 02:20:00,1.17225,1.17229,1.1721,1.17211,149,2,0
2026-05-06 02:25:00,1.17211,1.1721300000000001,1.1718,1.17183,178,2,0
2026-05-06 02:30:00,1.17183,1.17192,1.17181,1.1719,130,2,0
2026-05-06 02:35:00,1.1719,1.17196,1.17175,1.17175,125,2,0
2026-05-06 02:40:00,1.17175,1.1718,1.1716199999999999,1.17165,110,2,0
2026-05-06 02:45:00,1.17165,1.17176,1.17155,1.1717,144,2,0
2026-05-06 02:50:00,1.1717,1.17176,1.17164,1.17165,63,2,0
2026-05-06 02:55:00,1.17165,1.17183,1.17165,1.17173,101,2,0
2026-05-06 03:00:00,1.17173,1.17206,1.17168,1.17191,185,2,0
2026-05-06 03:05:00,1.17191,1.1722,1.1718899999999999,1.17209,124,2,0
2026-05-06 03:10:00,1.17209,1.17218,1.17206,1.17212,64,2,0
2026-05-06 03:15:00,1.17212,1.17215,1.17187,1.17207,145,2,0
2026-05-06 03:20:00,1.17207,1.1722,1.17207,1.17218,56,2,0
2026-05-06 03:25:00,1.17218,1.1722,1.17197,1.17202,93,2,0
2026-05-06 03:30:00,1.17202,1.17202,1.17177,1.1718600000000001,161,2,0
2026-05-06 03:35:00,1.1718600000000001,1.17229,1.17184,1.17211,201,2,0
2026-05-06 03:40:00,1.17211,1.17212,1.17202,1.17204,117,2,0
2026-05-06 03:45:00,1.17204,1.17205,1.17163,1.17163,133,2,0
2026-05-06 03:50:00,1.17163,1.17174,1.1716199999999999,1.17167,116,2,0
2026-05-06 03:55:00,1.17167,1.1718,1.17166,1.17177,86,2,0
2026-05-06 04:00:00,1.17177,1.17177,1.1716199999999999,1.17173,97,2,0
2026-05-06 04:05:00,1.17173,1.17182,1.17165,1.17165,80,2,0
2026-05-06 04:10:00,1.17165,1.1718,1.17164,1.1718,94,2,0
2026-05-06 04:15:00,1.17181,1.17184,1.17174,1.17175,54,2,0
2026-05-06 04:20:00,1.17175,1.17193,1.17174,1.17192,86,2,0
2026-05-06 04:25:00,1.17192,1.17283,1.17188,1.1728,583,2,0
2026-05-06 04:30:00,1.1728,1.17332,1.17263,1.17325,907,2,0
2026-05-06 04:35:00,1.17325,1.17365,1.17323,1.17337,1063,2,0
2026-05-06 04:40:00,1.17337,1.17357,1.17301,1.17331,870,2,0
2026-05-06 04:45:00,1.17331,1.17394,1.17306,1.17391,778,2,0
2026-05-06 04:50:00,1.17391,1.17425,1.17387,1.17416,793,2,0
2026-05-06 04:55:00,1.17418,1.17429,1.17366,1.1736900000000001,731,2,0
2026-05-06 05:00:00,1.1737,1.1738,1.1735,1.17356,530,2,0
2026-05-06 05:05:00,1.17356,1.1736900000000001,1.17347,1.17366,539,2,0
2026-05-06 05:10:00,1.17366,1.17367,1.1733500000000001,1.17336,356,2,0
2026-05-06 05:15:00,1.17336,1.17336,1.1731,1.17329,317,2,0
2026-05-06 05:20:00,1.17329,1.17332,1.173,1.17321,258,2,0
2026-05-06 05:25:00,1.17321,1.17342,1.17319,1.1733,211,2,0
2026-05-06 05:30:00,1.1733,1.17332,1.17315,1.17317,184,2,0
2026-05-06 05:35:00,1.17317,1.17324,1.17312,1.17323,148,2,0
2026-05-06 05:40:00,1.17323,1.17332,1.17314,1.17321,111,2,0
2026-05-06 05:45:00,1.1732,1.17333,1.17317,1.17322,119,2,0
2026-05-06 05:50:00,1.17322,1.17331,1.17319,1.17319,136,2,0
2026-05-06 05:55:00,1.17319,1.17331,1.17306,1.17329,217,2,0
2026-05-06 06:00:00,1.17329,1.1735,1.17312,1.17312,379,2,0
2026-05-06 06:05:00,1.17312,1.17337,1.1730800000000001,1.17325,206,2,0
2026-05-06 06:10:00,1.17325,1.17341,1.17304,1.17325,326,2,0
2026-05-06 06:15:00,1.17325,1.1733500000000001,1.17304,1.17315,227,2,0
2026-05-06 06:20:00,1.17315,1.1735,1.17309,1.17342,188,2,0
2026-05-06 06:25:00,1.17342,1.1735,1.17318,1.17326,258,2,0
2026-05-06 06:30:00,1.17326,1.1733,1.17282,1.17296,256,2,0
2026-05-06 06:35:00,1.17296,1.17338,1.17296,1.17329,248,2,0
2026-05-06 06:40:00,1.17329,1.17336,1.1729,1.17314,376,2,0
2026-05-06 06:45:00,1.17314,1.1735,1.17314,1.17343,202,2,0
2026-05-06 06:50:00,1.17343,1.17355,1.1731,1.17346,223,2,0
2026-05-06 06:55:00,1.17346,1.17346,1.17325,1.17333,218,2,0
2026-05-06 07:00:00,1.17333,1.1735,1.1730800000000001,1.17337,312,2,0
2026-05-06 07:05:00,1.17338,1.17366,1.17302,1.17306,293,2,0
2026-05-06 07:10:00,1.17306,1.17315,1.17281,1.17281,290,2,0
2026-05-06 07:15:00,1.17281,1.17303,1.1727,1.17283,208,2,0
2026-05-06 07:20:00,1.17283,1.17309,1.17276,1.17277,199,2,0
2026-05-06 07:25:00,1.17275,1.17303,1.17273,1.17302,272,2,0
2026-05-06 07:30:00,1.17302,1.1730800000000001,1.17256,1.17256,263,2,0
2026-05-06 07:35:00,1.17256,1.17291,1.17244,1.17289,262,2,0
2026-05-06 07:40:00,1.17289,1.17307,1.17277,1.17278,200,2,0
2026-05-06 07:45:00,1.17278,1.17322,1.17277,1.17293,443,2,0
2026-05-06 07:50:00,1.17293,1.1732,1.17282,1.17296,358,2,0
2026-05-06 07:55:00,1.17296,1.17381,1.17296,1.17377,544,2,0
2026-05-06 08:00:00,1.17375,1.17398,1.17346,1.17363,499,2,0
2026-05-06 08:05:00,1.17363,1.17365,1.17332,1.17336,302,2,0
2026-05-06 08:10:00,1.17336,1.17352,1.17333,1.17338,360,2,0
2026-05-06 08:15:00,1.17338,1.17357,1.1733,1.17352,258,2,0
2026-05-06 08:20:00,1.17352,1.17354,1.17328,1.17334,282,2,0
2026-05-06 08:25:00,1.17334,1.1738,1.1733,1.17378,183,2,0
2026-05-06 08:30:00,1.17378,1.17463,1.17372,1.17456,318,2,0
2026-05-06 08:35:00,1.17456,1.17475,1.1745,1.1745700000000001,254,2,0
2026-05-06 08:40:00,1.1745700000000001,1.17496,1.17456,1.17478,294,2,0
2026-05-06 08:45:00,1.17478,1.1751800000000001,1.17473,1.17473,303,2,0
2026-05-06 08:50:00,1.17474,1.17706,1.17473,1.17669,1914,2,0
2026-05-06 08:55:00,1.17669,1.17702,1.17622,1.1762299999999999,1155,2,0
2026-05-06 09:00:00,1.1762299999999999,1.17644,1.1756,1.17574,680,2,0
2026-05-06 09:05:00,1.17573,1.17632,1.17569,1.17601,550,2,0
2026-05-06 09:10:00,1.17601,1.17633,1.1758899999999999,1.17594,533,2,0
2026-05-06 09:15:00,1.17594,1.17672,1.1758899999999999,1.17661,505,2,0
2026-05-06 09:20:00,1.17662,1.17662,1.17616,1.17657,431,2,0
2026-05-06 09:25:00,1.17657,1.17696,1.17645,1.17665,299,2,0
2026-05-06 09:30:00,1.17664,1.17725,1.17649,1.1769,678,2,0
2026-05-06 09:35:00,1.1769,1.17724,1.17666,1.17722,365,2,0
2026-05-06 09:40:00,1.17722,1.17736,1.1771,1.17713,290,2,0
2026-05-06 09:45:00,1.17713,1.17757,1.17709,1.17756,262,2,0
2026-05-06 09:50:00,1.17756,1.1777,1.17729,1.17766,256,2,0
2026-05-06 09:55:00,1.17766,1.1777,1.17744,1.17751,328,2,0
2026-05-06 10:00:00,1.1775,1.1777,1.17739,1.17754,430,2,0
2026-05-06 10:05:00,1.17754,1.1776,1.17702,1.17716,294,2,0
2026-05-06 10:10:00,1.17716,1.17725,1.17689,1.1769,301,2,0
2026-05-06 10:15:00,1.1769,1.17702,1.1767400000000001,1.17691,299,2,0
2026-05-06 10:20:00,1.17691,1.17693,1.17669,1.17672,374,2,0
2026-05-06 10:25:00,1.17672,1.17704,1.17664,1.17693,364,2,0
2026-05-06 10:30:00,1.17693,1.1775,1.17693,1.17731,417,2,0
2026-05-06 10:35:00,1.17731,1.17742,1.17707,1.17741,373,2,0
2026-05-06 10:40:00,1.17741,1.1784,1.1774,1.1783,637,2,0
2026-05-06 10:45:00,1.1783,1.17882,1.1779600000000001,1.17841,770,2,0
2026-05-06 10:50:00,1.17841,1.17966,1.17841,1.17944,861,2,0
2026-05-06 10:55:00,1.17944,1.17959,1.17888,1.17889,782,2,0
2026-05-06 11:00:00,1.17889,1.17901,1.17858,1.17888,739,2,0
2026-05-06 11:05:00,1.17888,1.17915,1.17873,1.17879,561,2,0
2026-05-06 11:10:00,1.17879,1.17885,1.17824,1.17845,595,2,0
2026-05-06 11:15:00,1.17845,1.17875,1.1784,1.17853,511,2,0
2026-05-06 11:20:00,1.17853,1.17853,1.17819,1.1783299999999999,362,2,0
2026-05-06 11:25:00,1.1783299999999999,1.17897,1.1783299999999999,1.17851,418,2,0
2026-05-06 11:30:00,1.17851,1.17859,1.1782,1.17835,393,2,0
2026-05-06 11:35:00,1.17835,1.17862,1.1783,1.1785,314,2,0
2026-05-06 11:40:00,1.17849,1.17865,1.1774,1.17753,1046,2,0
2026-05-06 11:45:00,1.17753,1.17766,1.17726,1.17739,516,2,0
2026-05-06 11:50:00,1.17739,1.17746,1.17704,1.17704,497,2,0
2026-05-06 11:55:00,1.17704,1.17714,1.1768,1.17699,426,2,0
2026-05-06 12:00:00,1.17699,1.1770100000000001,1.17622,1.17634,665,2,0
2026-05-06 12:05:00,1.17631,1.17643,1.176,1.17619,670,2,0
2026-05-06 12:10:00,1.17619,1.17619,1.1752,1.17561,498,2,0
2026-05-06 12:15:00,1.1756,1.17591,1.17517,1.17587,915,2,0
2026-05-06 12:20:00,1.17587,1.1762299999999999,1.17544,1.1758899999999999,590,2,0
2026-05-06 12:25:00,1.1758899999999999,1.17611,1.17588,1.17602,291,2,0
2026-05-06 12:30:00,1.17602,1.17639,1.17602,1.17606,385,2,0
2026-05-06 12:35:00,1.17606,1.17609,1.17572,1.17575,286,2,0
2026-05-06 12:40:00,1.17575,1.17617,1.17557,1.1761,378,2,0
2026-05-06 12:45:00,1.17608,1.17609,1.17565,1.17592,348,2,0
2026-05-06 12:50:00,1.17592,1.176,1.17556,1.17558,380,2,0
2026-05-06 12:55:00,1.17557,1.1756,1.17527,1.17535,411,2,0
2026-05-06 13:00:00,1.17533,1.17592,1.17521,1.17548,548,2,0
2026-05-06 13:05:00,1.17543,1.17547,1.17462,1.1749100000000001,939,2,0
2026-05-06 13:10:00,1.1749100000000001,1.17565,1.1749,1.17557,387,2,0
2026-05-06 13:15:00,1.17557,1.1757900000000001,1.17534,1.17534,420,2,0
2026-05-06 13:20:00,1.17534,1.17536,1.17503,1.17514,451,2,0
2026-05-06 13:25:00,1.17514,1.17532,1.17494,1.17507,345,2,0
2026-05-06 13:30:00,1.17507,1.17546,1.1747,1.17543,712,2,0
2026-05-06 13:35:00,1.17543,1.1756199999999999,1.17522,1.17534,460,2,0
2026-05-06 13:40:00,1.17534,1.17548,1.17512,1.17516,341,2,0
2026-05-06 13:45:00,1.17516,1.17539,1.1751,1.17534,347,2,0
2026-05-06 13:50:00,1.17533,1.1755,1.17495,1.17537,481,2,0
2026-05-06 13:55:00,1.17536,1.17543,1.175,1.17516,391,2,0
2026-05-06 14:00:00,1.17516,1.17519,1.17483,1.17486,430,2,0
2026-05-06 14:05:00,1.17486,1.17506,1.17449,1.17497,704,2,0
2026-05-06 14:10:00,1.17497,1.17502,1.17476,1.17479,478,2,0
2026-05-06 14:15:00,1.17479,1.17493,1.1745700000000001,1.17485,375,2,0
2026-05-06 14:20:00,1.17485,1.1751800000000001,1.17481,1.17502,327,2,0
2026-05-06 14:25:00,1.17502,1.17506,1.1745700000000001,1.17466,502,2,0
2026-05-06 14:30:00,1.17466,1.1755200000000001,1.17462,1.17542,409,2,0
2026-05-06 14:35:00,1.17542,1.17561,1.17532,1.17557,332,2,0
2026-05-06 14:40:00,1.17557,1.17621,1.17545,1.17619,605,2,0
2026-05-06 14:45:00,1.17618,1.17628,1.17583,1.17593,606,2,0
2026-05-06 14:50:00,1.17593,1.17619,1.17564,1.17578,732,2,0
2026-05-06 14:55:00,1.1758,1.17592,1.17547,1.17551,513,2,0
2026-05-06 15:00:00,1.17551,1.17553,1.17502,1.17529,370,2,0
2026-05-06 15:05:00,1.17529,1.17542,1.17507,1.17522,384,2,0
2026-05-06 15:10:00,1.17522,1.17536,1.17486,1.17502,358,2,0
2026-05-06 15:15:00,1.17502,1.17516,1.17496,1.17509,359,2,0
2026-05-06 15:20:00,1.17511,1.17526,1.17507,1.1752,313,2,0
2026-05-06 15:25:00,1.1752,1.1754,1.17509,1.1753,267,2,0
2026-05-06 15:30:00,1.1753,1.17558,1.17529,1.17549,221,2,0
2026-05-06 15:35:00,1.17549,1.17551,1.1751800000000001,1.17542,333,2,0
2026-05-06 15:40:00,1.17543,1.17584,1.17536,1.17555,280,2,0
2026-05-06 15:45:00,1.17556,1.17571,1.17542,1.17556,300,2,0
2026-05-06 15:50:00,1.17557,1.17573,1.17538,1.17557,237,2,0
2026-05-06 15:55:00,1.17557,1.17569,1.17523,1.1752799999999999,291,2,0
2026-05-06 16:00:00,1.1752799999999999,1.17535,1.17502,1.17515,339,2,0
2026-05-06 16:05:00,1.17515,1.1752799999999999,1.1749,1.17508,255,2,0
2026-05-06 16:10:00,1.17508,1.1752799999999999,1.17508,1.17513,206,2,0
2026-05-06 16:15:00,1.17513,1.1751800000000001,1.17498,1.17509,307,2,0
2026-05-06 16:20:00,1.17509,1.17525,1.17508,1.17521,230,2,0
2026-05-06 16:25:00,1.17521,1.1752799999999999,1.17506,1.17507,144,2,0
2026-05-06 16:30:00,1.17508,1.1752799999999999,1.17507,1.17516,150,2,0
2026-05-06 16:35:00,1.17516,1.1752,1.17494,1.17503,178,2,0
2026-05-06 16:40:00,1.17503,1.17514,1.17497,1.17502,140,2,0
2026-05-06 16:45:00,1.17502,1.17502,1.17484,1.17492,162,2,0
2026-05-06 16:50:00,1.17492,1.17503,1.17466,1.17472,181,2,0
2026-05-06 16:55:00,1.17472,1.1749100000000001,1.17417,1.17442,501,2,0
2026-05-06 17:00:00,1.17442,1.17506,1.17426,1.17502,262,2,0
2026-05-06 17:05:00,1.17502,1.1752799999999999,1.17502,1.17511,208,2,0
2026-05-06 17:10:00,1.17511,1.17527,1.17511,1.17515,124,2,0
2026-05-06 17:15:00,1.17515,1.17524,1.17506,1.17519,88,2,0
2026-05-06 17:20:00,1.17519,1.1755200000000001,1.17516,1.17548,118,2,0
2026-05-06 17:25:00,1.17548,1.17555,1.17533,1.17533,164,2,0
2026-05-06 17:30:00,1.17534,1.17538,1.17493,1.17493,128,2,0
2026-05-06 17:35:00,1.17493,1.175,1.17472,1.17472,118,2,0
2026-05-06 17:40:00,1.17472,1.17473,1.1745700000000001,1.1746699999999999,164,2,0
2026-05-06 17:45:00,1.1746699999999999,1.1747,1.1745,1.17452,371,2,0
2026-05-06 17:50:00,1.17452,1.17459,1.17447,1.17452,89,2,0
2026-05-06 17:55:00,1.17452,1.17482,1.17449,1.17481,129,2,0
2026-05-06 18:00:00,1.17481,1.1749100000000001,1.17462,1.17463,173,2,0
2026-05-06 18:05:00,1.17463,1.17495,1.1745700000000001,1.17464,219,2,0
2026-05-06 18:10:00,1.17464,1.17471,1.17455,1.1746,229,2,0
2026-05-06 18:15:00,1.1746,1.17483,1.17458,1.17478,151,2,0
2026-05-06 18:20:00,1.17478,1.17483,1.17452,1.17453,160,2,0
2026-05-06 18:25:00,1.17453,1.1745700000000001,1.17446,1.17455,171,2,0
2026-05-06 18:30:00,1.17455,1.17473,1.17455,1.17462,155,2,0
2026-05-06 18:35:00,1.17462,1.17477,1.17456,1.17477,136,2,0
2026-05-06 18:40:00,1.17477,1.17482,1.17469,1.1747,81,2,0
2026-05-06 18:45:00,1.1747,1.17473,1.1746699999999999,1.1747,86,2,0
2026-05-06 18:50:00,1.1747,1.17495,1.17458,1.17488,184,2,0
2026-05-06 18:55:00,1.17488,1.17516,1.17488,1.17493,208,2,0
2026-05-06 19:00:00,1.17493,1.17515,1.17488,1.17506,277,2,0
2026-05-06 19:05:00,1.17506,1.17525,1.17497,1.17523,169,2,0
2026-05-06 19:10:00,1.17523,1.17543,1.17523,1.17534,98,2,0
2026-05-06 19:15:00,1.17534,1.17548,1.17533,1.17548,63,2,0
2026-05-06 19:20:00,1.17548,1.17554,1.1754,1.1755,139,2,0
2026-05-06 19:25:00,1.1755,1.1755,1.17526,1.17532,117,2,0
2026-05-06 19:30:00,1.17532,1.17532,1.17511,1.1752,187,2,0
2026-05-06 19:35:00,1.1752,1.17529,1.1751800000000001,1.1752799999999999,164,2,0
2026-05-06 19:40:00,1.1752799999999999,1.1752799999999999,1.17486,1.17487,156,2,0
2026-05-06 19:45:00,1.17487,1.1750099999999999,1.17484,1.17487,98,2,0
2026-05-06 19:50:00,1.17487,1.1751800000000001,1.17487,1.17496,209,2,0
2026-05-06 19:55:00,1.17496,1.17505,1.17475,1.17475,205,2,0
2026-05-06 20:00:00,1.17476,1.1749,1.17462,1.17477,191,2,0
2026-05-06 20:05:00,1.17477,1.17485,1.17472,1.17477,59,2,0
2026-05-06 20:10:00,1.17477,1.17502,1.17476,1.17493,86,2,0
2026-05-06 20:15:00,1.17493,1.17505,1.17484,1.1749100000000001,79,2,0
2026-05-06 20:20:00,1.1749100000000001,1.175,1.1749100000000001,1.17497,49,2,0
2026-05-06 20:25:00,1.17497,1.1750099999999999,1.17481,1.17482,64,2,0
2026-05-06 20:30:00,1.17482,1.17485,1.17474,1.17479,50,2,0
2026-05-06 20:35:00,1.17479,1.17479,1.17452,1.1746,49,2,0
2026-05-06 20:40:00,1.1746,1.17464,1.17456,1.1745700000000001,33,2,0
2026-05-06 20:45:00,1.1745700000000001,1.17461,1.17448,1.17459,35,2,0
2026-05-06 20:50:00,1.17459,1.17468,1.17458,1.17468,31,2,0
2026-05-06 20:55:00,1.17468,1.17489,1.17465,1.17481,126,2,0
2026-05-06 21:00:00,1.17441,1.17464,1.17423,1.17432,12,69,0
2026-05-06 21:05:00,1.17437,1.1745700000000001,1.17437,1.1745700000000001,14,41,0
2026-05-06 21:10:00,1.1745700000000001,1.17475,1.17442,1.17473,13,23,0
2026-05-06 21:15:00,1.17473,1.17478,1.17448,1.17477,23,27,0
2026-05-06 21:20:00,1.17477,1.17479,1.17477,1.17477,53,32,0
2026-05-06 21:25:00,1.17477,1.17478,1.17472,1.17477,42,33,0
2026-05-06 21:30:00,1.17477,1.17478,1.17475,1.17478,20,33,0
2026-05-06 21:35:00,1.17478,1.17483,1.17475,1.17482,17,33,0
2026-05-06 21:40:00,1.17482,1.17496,1.17482,1.17494,29,18,0
2026-05-06 21:45:00,1.17495,1.17495,1.17484,1.17484,51,18,0
2026-05-06 21:50:00,1.17484,1.17487,1.17483,1.17483,31,21,0
2026-05-06 21:55:00,1.17484,1.17487,1.17482,1.17484,66,22,0
2026-05-06 22:00:00,1.17484,1.17503,1.17483,1.17493,74,4,0
2026-05-06 22:05:00,1.17493,1.17497,1.1749100000000001,1.17497,26,6,0
2026-05-06 22:10:00,1.17497,1.17506,1.17496,1.17503,43,5,0
2026-05-06 22:15:00,1.17503,1.17509,1.17496,1.17506,48,3,0
2026-05-06 22:20:00,1.17506,1.17509,1.17502,1.17508,49,2,0
2026-05-06 22:25:00,1.17507,1.17508,1.1749100000000001,1.17494,65,2,0
2026-05-06 22:30:00,1.17495,1.17508,1.17492,1.17506,61,3,0
2026-05-06 22:35:00,1.17506,1.17506,1.17497,1.17506,74,3,0
2026-05-06 22:40:00,1.17506,1.17512,1.17506,1.17511,57,2,0
2026-05-06 22:45:00,1.17511,1.17512,1.17496,1.17503,64,3,0
2026-05-06 22:50:00,1.17503,1.17506,1.17497,1.1750099999999999,55,4,0
2026-05-06 22:55:00,1.1750099999999999,1.17504,1.17497,1.17503,54,4,0
2026-05-06 23:00:00,1.17503,1.17514,1.17498,1.17511,63,3,0
2026-05-06 23:05:00,1.17511,1.1751800000000001,1.17511,1.17517,49,2,0
2026-05-06 23:10:00,1.17517,1.17517,1.17509,1.17512,38,2,0
2026-05-06 23:15:00,1.17512,1.17513,1.17498,1.17498,48,2,0
2026-05-06 23:20:00,1.17498,1.17498,1.17486,1.17492,44,2,0
2026-05-06 23:25:00,1.1749100000000001,1.1749100000000001,1.17483,1.1749100000000001,25,3,0
2026-05-06 23:30:00,1.1749100000000001,1.17492,1.17482,1.17488,46,2,0
2026-05-06 23:35:00,1.17488,1.1749,1.17484,1.17485,33,3,0
2026-05-06 23:40:00,1.17486,1.17489,1.17481,1.17485,26,2,0
2026-05-06 23:45:00,1.17485,1.17493,1.17479,1.17479,69,2,0
2026-05-06 23:50:00,1.17479,1.1748,1.1746699999999999,1.17468,78,2,0
2026-05-06 23:55:00,1.17468,1.1748,1.17462,1.17478,94,2,0
2026-05-07 00:00:00,1.17478,1.17524,1.17473,1.17484,409,2,0
2026-05-07 00:05:00,1.17484,1.17498,1.17466,1.17488,324,2,0
2026-05-07 00:10:00,1.17488,1.1754,1.17483,1.17539,348,2,0
2026-05-07 00:15:00,1.17539,1.1754,1.17504,1.17515,202,2,0
2026-05-07 00:20:00,1.17515,1.17519,1.17494,1.17497,190,2,0
2026-05-07 00:25:00,1.17498,1.17499,1.17473,1.17484,225,2,0
2026-05-07 00:30:00,1.17484,1.17489,1.17471,1.17484,225,2,0
2026-05-07 00:35:00,1.17484,1.17497,1.17483,1.17496,141,2,0
2026-05-07 00:40:00,1.17496,1.17507,1.17471,1.17483,190,2,0
2026-05-07 00:45:00,1.17483,1.17485,1.17468,1.1748,135,2,0
2026-05-07 00:50:00,1.17479,1.17494,1.17473,1.1748,200,2,0
2026-05-07 00:55:00,1.1748,1.17488,1.17469,1.17485,166,2,0
2026-05-07 01:00:00,1.17485,1.17485,1.17464,1.17482,249,2,0
2026-05-07 01:05:00,1.17482,1.17496,1.17474,1.1749,114,2,0
2026-05-07 01:10:00,1.1749,1.17557,1.17489,1.1754,259,2,0
2026-05-07 01:15:00,1.1754,1.17567,1.17538,1.17566,339,2,0
2026-05-07 01:20:00,1.17566,1.17576,1.17557,1.17572,149,2,0
2026-05-07 01:25:00,1.17572,1.17575,1.17561,1.17568,201,2,0
2026-05-07 01:30:00,1.17568,1.1759,1.17556,1.1758899999999999,185,2,0
2026-05-07 01:35:00,1.1758899999999999,1.17618,1.17586,1.17614,269,2,0
2026-05-07 01:40:00,1.17614,1.17625,1.1761,1.17624,199,2,0
2026-05-07 01:45:00,1.17624,1.17632,1.17607,1.1761,254,2,0
2026-05-07 01:50:00,1.1761,1.17622,1.17602,1.17603,154,2,0
2026-05-07 01:55:00,1.17604,1.17605,1.17582,1.1758899999999999,258,2,0
2026-05-07 02:00:00,1.1758899999999999,1.17608,1.17572,1.17575,269,2,0
2026-05-07 02:05:00,1.17575,1.17576,1.1756199999999999,1.17563,148,2,0
2026-05-07 02:10:00,1.17563,1.17565,1.17558,1.17563,123,2,0
2026-05-07 02:15:00,1.17563,1.17572,1.17558,1.17564,103,2,0
2026-05-07 02:20:00,1.17564,1.17572,1.17546,1.17564,113,2,0
2026-05-07 02:25:00,1.17564,1.17569,1.17553,1.17564,127,2,0
2026-05-07 02:30:00,1.17564,1.17576,1.1756199999999999,1.17573,143,2,0
2026-05-07 02:35:00,1.17573,1.17575,1.17547,1.1755,134,2,0
2026-05-07 02:40:00,1.1755,1.17561,1.17545,1.17554,133,2,0
2026-05-07 02:45:00,1.17554,1.17565,1.17554,1.17564,92,2,0
2026-05-07 02:50:00,1.17564,1.17578,1.1755200000000001,1.17574,89,2,0
2026-05-07 02:55:00,1.17574,1.17577,1.1756199999999999,1.17563,143,2,0
2026-05-07 03:00:00,1.17563,1.17566,1.17537,1.17545,200,2,0
2026-05-07 03:05:00,1.17545,1.17553,1.17538,1.17547,101,2,0
2026-05-07 03:10:00,1.17547,1.17549,1.1752799999999999,1.17532,82,2,0
2026-05-07 03:15:00,1.17532,1.17554,1.17529,1.1755,91,2,0
2026-05-07 03:20:00,1.1755,1.1755,1.1753,1.1754,104,2,0
2026-05-07 03:25:00,1.1754,1.17553,1.17525,1.17525,98,2,0
2026-05-07 03:30:00,1.17525,1.1752799999999999,1.17512,1.17517,140,2,0
2026-05-07 03:35:00,1.17517,1.1751800000000001,1.17502,1.17513,91,2,0
2026-05-07 03:40:00,1.17513,1.17522,1.1751,1.17511,85,2,0
2026-05-07 03:45:00,1.17511,1.17512,1.17494,1.17496,87,2,0
2026-05-07 03:50:00,1.17496,1.17498,1.17488,1.17498,80,2,0
2026-05-07 03:55:00,1.17498,1.17505,1.17486,1.17488,111,2,0
2026-05-07 04:00:00,1.17488,1.17495,1.17477,1.17495,113,2,0
2026-05-07 04:05:00,1.17495,1.17505,1.17493,1.17504,97,3,0
2026-05-07 04:10:00,1.17504,1.17507,1.17497,1.17503,91,2,0
2026-05-07 04:15:00,1.17503,1.1752,1.17503,1.17512,74,2,0
2026-05-07 04:20:00,1.17512,1.1752,1.17506,1.17517,39,2,0
2026-05-07 04:25:00,1.17517,1.1752799999999999,1.17514,1.17523,35,2,0
2026-05-07 04:30:00,1.17522,1.1753,1.17514,1.17515,26,2,0
2026-05-07 04:35:00,1.17515,1.17534,1.17512,1.17534,53,2,0
2026-05-07 04:40:00,1.17534,1.17535,1.17513,1.17517,72,2,0
2026-05-07 04:45:00,1.17517,1.17525,1.17514,1.1752,90,2,0
2026-05-07 04:50:00,1.1752,1.17522,1.17512,1.17514,70,2,0
2026-05-07 04:55:00,1.17514,1.17515,1.17505,1.17507,103,2,0
2026-05-07 05:00:00,1.17507,1.17532,1.17506,1.1753,138,2,0
2026-05-07 05:05:00,1.1753,1.1753,1.17506,1.17513,139,2,0
2026-05-07 05:10:00,1.17513,1.17524,1.17513,1.1752,158,2,0
2026-05-07 05:15:00,1.1752,1.17523,1.17513,1.17513,105,2,0
2026-05-07 05:20:00,1.17513,1.17514,1.17499,1.17508,118,2,0
2026-05-07 05:25:00,1.17508,1.17515,1.1750099999999999,1.17514,68,2,0
2026-05-07 05:30:00,1.17514,1.1752799999999999,1.17514,1.17523,103,2,0
2026-05-07 05:35:00,1.17523,1.17533,1.17523,1.17525,66,2,0
2026-05-07 05:40:00,1.17525,1.17527,1.17516,1.17523,69,2,0
2026-05-07 05:45:00,1.17523,1.17534,1.1752,1.17527,121,2,0
2026-05-07 05:50:00,1.17527,1.17537,1.17522,1.17526,91,2,0
2026-05-07 05:55:00,1.17526,1.17526,1.17508,1.1751800000000001,90,2,0
2026-05-07 06:00:00,1.1751800000000001,1.1752,1.17498,1.17511,161,2,0
2026-05-07 06:05:00,1.17511,1.17511,1.17493,1.1750099999999999,159,2,0
2026-05-07 06:10:00,1.1750099999999999,1.17515,1.17498,1.175,162,2,0
2026-05-07 06:15:00,1.1750099999999999,1.1751800000000001,1.17493,1.1751800000000001,109,2,0
2026-05-07 06:20:00,1.1751800000000001,1.1751800000000001,1.17477,1.17508,193,2,0
2026-05-07 06:25:00,1.17508,1.17512,1.17477,1.17478,227,2,0
2026-05-07 06:30:00,1.17478,1.17504,1.17451,1.17496,324,2,0
2026-05-07 06:35:00,1.17496,1.17538,1.17486,1.17499,326,2,0
2026-05-07 06:40:00,1.17499,1.17563,1.17494,1.1756,545,2,0
2026-05-07 06:45:00,1.1756,1.17567,1.17492,1.17496,362,2,0
2026-05-07 06:50:00,1.17496,1.17498,1.17449,1.1746699999999999,338,2,0
2026-05-07 06:55:00,1.1746699999999999,1.1749100000000001,1.17461,1.1748,256,2,0
2026-05-07 07:00:00,1.1748,1.17551,1.17479,1.17549,342,2,0
2026-05-07 07:05:00,1.17549,1.17645,1.17541,1.17625,772,2,0
2026-05-07 07:10:00,1.17625,1.17671,1.17624,1.17668,566,2,0
2026-05-07 07:15:00,1.17668,1.17686,1.17594,1.17609,543,2,0
2026-05-07 07:20:00,1.17609,1.1764999999999999,1.17599,1.17642,352,2,0
2026-05-07 07:25:00,1.17642,1.17671,1.17634,1.17645,353,2,0
2026-05-07 07:30:00,1.17645,1.17654,1.17615,1.17633,328,2,0
2026-05-07 07:35:00,1.17633,1.17666,1.17629,1.17663,316,2,0
2026-05-07 07:40:00,1.17663,1.17677,1.17633,1.17644,284,2,0
2026-05-07 07:45:00,1.17644,1.17652,1.1762,1.17635,334,2,0
2026-05-07 07:50:00,1.17635,1.17669,1.17633,1.1764999999999999,346,2,0
2026-05-07 07:55:00,1.1764999999999999,1.1767400000000001,1.17642,1.17668,282,2,0
2026-05-07 08:00:00,1.17668,1.1767400000000001,1.17649,1.17658,440,2,0
2026-05-07 08:05:00,1.17658,1.17673,1.17652,1.17661,365,2,0
2026-05-07 08:10:00,1.17661,1.17669,1.1764999999999999,1.17668,286,2,0
2026-05-07 08:15:00,1.17668,1.17673,1.17629,1.17645,403,2,0
2026-05-07 08:20:00,1.17645,1.17714,1.1764000000000001,1.1771099999999999,193,2,0
2026-05-07 08:25:00,1.1771099999999999,1.17712,1.17655,1.17697,576,2,0
2026-05-07 08:30:00,1.17697,1.17734,1.17694,1.17694,312,2,0
2026-05-07 08:35:00,1.17694,1.1771099999999999,1.17679,1.177,280,2,0
2026-05-07 08:40:00,1.177,1.17713,1.17696,1.17697,216,2,0
2026-05-07 08:45:00,1.17697,1.1772,1.17694,1.17717,171,2,0
2026-05-07 08:50:00,1.17717,1.17741,1.17714,1.17719,226,2,0
2026-05-07 08:55:00,1.17719,1.17729,1.17697,1.17716,249,2,0
2026-05-07 09:00:00,1.17716,1.17719,1.17668,1.1771,359,2,0
2026-05-07 09:05:00,1.17709,1.17715,1.17678,1.1768,266,2,0
2026-05-07 09:10:00,1.1768,1.17686,1.17657,1.17683,292,2,0
2026-05-07 09:15:00,1.17683,1.17698,1.17673,1.1769,253,2,0
2026-05-07 09:20:00,1.1769,1.17697,1.17673,1.17675,180,2,0
2026-05-07 09:25:00,1.17675,1.17687,1.17656,1.17685,287,2,0
2026-05-07 09:30:00,1.17685,1.17746,1.1768,1.17744,211,2,0
2026-05-07 09:35:00,1.17744,1.17754,1.17728,1.17749,220,2,0
2026-05-07 09:40:00,1.17749,1.17771,1.17746,1.17767,171,2,0
2026-05-07 09:45:00,1.17767,1.17782,1.17758,1.17769,143,2,0
2026-05-07 09:50:00,1.17769,1.1777,1.17725,1.17736,237,2,0
2026-05-07 09:55:00,1.17736,1.17738,1.17691,1.17702,455,2,0
2026-05-07 10:00:00,1.1770100000000001,1.17729,1.17678,1.17729,324,2,0
2026-05-07 10:05:00,1.17729,1.1776,1.17723,1.17758,159,2,0
2026-05-07 10:10:00,1.17758,1.17759,1.17739,1.17752,221,2,0
2026-05-07 10:15:00,1.17752,1.17759,1.17737,1.17739,236,2,0
2026-05-07 10:20:00,1.17739,1.1776,1.1773,1.17747,203,2,0
2026-05-07 10:25:00,1.17747,1.17757,1.17739,1.17748,232,2,0
2026-05-07 10:30:00,1.17748,1.17757,1.17704,1.17715,314,2,0
2026-05-07 10:35:00,1.17715,1.17733,1.17707,1.17719,218,2,0
2026-05-07 10:40:00,1.17719,1.17725,1.17697,1.17717,288,2,0
2026-05-07 10:45:00,1.17717,1.17726,1.17655,1.17655,309,2,0
2026-05-07 10:50:00,1.17655,1.17689,1.17649,1.17678,320,2,0
2026-05-07 10:55:00,1.17678,1.17694,1.17668,1.17668,321,2,0
2026-05-07 11:00:00,1.17668,1.17685,1.17662,1.17669,276,2,0
2026-05-07 11:05:00,1.17669,1.1768,1.17647,1.17667,276,2,0
2026-05-07 11:10:00,1.17667,1.17667,1.17633,1.17636,270,2,0
2026-05-07 11:15:00,1.17636,1.17648,1.17622,1.17634,324,2,0
2026-05-07 11:20:00,1.17634,1.17665,1.17628,1.17658,275,2,0
2026-05-07 11:25:00,1.17657,1.17659,1.17633,1.17641,172,2,0
2026-05-07 11:30:00,1.17642,1.17655,1.17628,1.17639,229,2,0
2026-05-07 11:35:00,1.17639,1.1767,1.17639,1.1766,221,2,0
2026-05-07 11:40:00,1.17661,1.17679,1.17651,1.17656,232,2,0
2026-05-07 11:45:00,1.17656,1.17662,1.17648,1.17651,167,2,0
2026-05-07 11:50:00,1.17651,1.1766,1.17637,1.17656,183,2,0
2026-05-07 11:55:00,1.17656,1.17702,1.17645,1.17698,244,2,0
2026-05-07 12:00:00,1.17698,1.17715,1.17678,1.17703,373,2,0
2026-05-07 12:05:00,1.17703,1.17718,1.17691,1.17698,205,2,0
2026-05-07 12:10:00,1.17698,1.17721,1.17696,1.17709,311,2,0
2026-05-07 12:15:00,1.17709,1.17733,1.17688,1.17693,332,2,0
2026-05-07 12:20:00,1.17693,1.17713,1.17671,1.17694,480,2,0
2026-05-07 12:25:00,1.17694,1.17718,1.17691,1.17695,267,2,0
2026-05-07 12:30:00,1.17691,1.17709,1.17691,1.17703,267,2,0
2026-05-07 12:35:00,1.17703,1.17715,1.17692,1.17705,223,2,0
2026-05-07 12:40:00,1.17705,1.17747,1.177,1.17744,255,2,0
2026-05-07 12:45:00,1.17744,1.17756,1.1773500000000001,1.17754,171,2,0
2026-05-07 12:50:00,1.17754,1.1778,1.17741,1.17741,281,2,0
2026-05-07 12:55:00,1.17741,1.1776,1.17726,1.17728,320,2,0
2026-05-07 13:00:00,1.17728,1.17728,1.17697,1.17713,471,2,0
2026-05-07 13:05:00,1.17713,1.17744,1.17702,1.17729,302,2,0
2026-05-07 13:10:00,1.17729,1.1773,1.17704,1.17727,353,2,0
2026-05-07 13:15:00,1.17727,1.17755,1.17718,1.17755,297,2,0
2026-05-07 13:20:00,1.17755,1.17767,1.17739,1.17753,376,2,0
2026-05-07 13:25:00,1.1775,1.17771,1.17743,1.17754,218,2,0
2026-05-07 13:30:00,1.17754,1.17755,1.17722,1.1775,347,2,0
2026-05-07 13:35:00,1.1775,1.1775,1.17696,1.17704,449,2,0
2026-05-07 13:40:00,1.17704,1.17739,1.17696,1.17733,309,2,0
2026-05-07 13:45:00,1.17733,1.17746,1.17694,1.17718,594,2,0
2026-05-07 13:50:00,1.17717,1.17722,1.17665,1.1767400000000001,437,2,0
2026-05-07 13:55:00,1.17673,1.17713,1.17673,1.17685,353,2,0
2026-05-07 14:00:00,1.17685,1.17702,1.17638,1.17656,511,2,0
2026-05-07 14:05:00,1.17657,1.17678,1.17647,1.17666,355,2,0
2026-05-07 14:10:00,1.17666,1.17694,1.17666,1.1769,278,2,0
2026-05-07 14:15:00,1.1769,1.17706,1.17649,1.17698,416,2,0
2026-05-07 14:20:00,1.17698,1.17732,1.17696,1.17718,304,2,0
2026-05-07 14:25:00,1.17718,1.1773,1.17691,1.17694,281,2,0
2026-05-07 14:30:00,1.17695,1.17724,1.17695,1.17698,376,2,0
2026-05-07 14:35:00,1.17698,1.17699,1.17676,1.17692,425,2,0
2026-05-07 14:40:00,1.17692,1.17703,1.17685,1.1770100000000001,248,2,0
2026-05-07 14:45:00,1.177,1.17754,1.17698,1.17744,311,2,0
2026-05-07 14:50:00,1.17744,1.17771,1.17723,1.17725,427,2,0
2026-05-07 14:55:00,1.17725,1.1777199999999999,1.17722,1.17758,502,2,0
2026-05-07 15:00:00,1.17758,1.17777,1.1774,1.17755,351,2,0
2026-05-07 15:05:00,1.17755,1.17778,1.17748,1.17759,310,2,0
2026-05-07 15:10:00,1.17759,1.17769,1.1773500000000001,1.17736,209,2,0
2026-05-07 15:15:00,1.17736,1.17754,1.17719,1.17741,273,2,0
2026-05-07 15:20:00,1.17741,1.17747,1.17688,1.17702,410,2,0
2026-05-07 15:25:00,1.17702,1.17715,1.1763,1.17649,651,2,0
2026-05-07 15:30:00,1.17649,1.17709,1.17644,1.17698,302,2,0
2026-05-07 15:35:00,1.17698,1.17712,1.17685,1.17693,211,2,0
2026-05-07 15:40:00,1.17693,1.17712,1.17681,1.17683,254,2,0
2026-05-07 15:45:00,1.17683,1.17688,1.17665,1.17669,285,2,0
2026-05-07 15:50:00,1.17669,1.17676,1.17645,1.17673,311,2,0
2026-05-07 15:55:00,1.17673,1.17673,1.1763,1.17636,319,2,0
2026-05-07 16:00:00,1.17637,1.17658,1.1762299999999999,1.17629,491,2,0
2026-05-07 16:05:00,1.17629,1.17629,1.17587,1.17602,456,2,0
2026-05-07 16:10:00,1.17602,1.1761300000000001,1.17585,1.17597,351,2,0
2026-05-07 16:15:00,1.17597,1.17597,1.17564,1.1757,521,2,0
2026-05-07 16:20:00,1.1757,1.1761300000000001,1.1757,1.17612,448,2,0
2026-05-07 16:25:00,1.17612,1.17638,1.17612,1.17632,282,2,0
2026-05-07 16:30:00,1.17632,1.17646,1.1761300000000001,1.17643,307,2,0
2026-05-07 16:35:00,1.17643,1.17646,1.17607,1.17612,280,2,0
2026-05-07 16:40:00,1.17612,1.17629,1.17596,1.17603,433,2,0
2026-05-07 16:45:00,1.17603,1.17608,1.17592,1.17601,241,2,0
2026-05-07 16:50:00,1.17601,1.17612,1.17568,1.17607,285,2,0
2026-05-07 16:55:00,1.17607,1.17612,1.17585,1.17603,224,2,0
2026-05-07 17:00:00,1.17603,1.17608,1.17584,1.1758899999999999,231,2,0
2026-05-07 17:05:00,1.1758899999999999,1.17606,1.17567,1.17573,219,2,0
2026-05-07 17:10:00,1.17572,1.17597,1.17568,1.17594,248,2,0
2026-05-07 17:15:00,1.17594,1.17594,1.17559,1.17561,211,2,0
2026-05-07 17:20:00,1.17561,1.1759,1.17559,1.17568,333,2,0
2026-05-07 17:25:00,1.17568,1.17593,1.1746699999999999,1.17471,1263,2,0
2026-05-07 17:30:00,1.17471,1.17493,1.17387,1.17408,743,2,0
2026-05-07 17:35:00,1.17408,1.17469,1.17356,1.17468,508,2,0
2026-05-07 17:40:00,1.17468,1.17476,1.17417,1.17438,373,2,0
2026-05-07 17:45:00,1.17438,1.1746,1.17433,1.1745,302,2,0
2026-05-07 17:50:00,1.1745,1.1746,1.17432,1.17452,326,2,0
2026-05-07 17:55:00,1.17452,1.17499,1.17441,1.17489,557,2,0
2026-05-07 18:00:00,1.17488,1.17514,1.17479,1.17488,365,2,0
2026-05-07 18:05:00,1.17488,1.17507,1.17472,1.17477,331,2,0
2026-05-07 18:10:00,1.17477,1.17486,1.17462,1.17482,341,2,0
2026-05-07 18:15:00,1.17482,1.17507,1.17478,1.17496,202,2,0
2026-05-07 18:20:00,1.17496,1.17514,1.17487,1.17508,206,2,0
2026-05-07 18:25:00,1.17508,1.17513,1.17492,1.17508,397,2,0
2026-05-07 18:30:00,1.17508,1.17519,1.17503,1.17508,321,2,0
2026-05-07 18:35:00,1.17508,1.17515,1.1746699999999999,1.17497,386,2,0
2026-05-07 18:40:00,1.17497,1.17502,1.174,1.17433,448,2,0
2026-05-07 18:45:00,1.17433,1.17466,1.17404,1.17429,591,2,0
2026-05-07 18:50:00,1.17427,1.17487,1.17412,1.17446,744,2,0
2026-05-07 18:55:00,1.17446,1.17508,1.17432,1.175,662,2,0
2026-05-07 19:00:00,1.175,1.17513,1.17454,1.17478,304,2,0
2026-05-07 19:05:00,1.17478,1.1754,1.17468,1.1753,323,2,0
2026-05-07 19:10:00,1.1753,1.17541,1.17478,1.17488,228,2,0
2026-05-07 19:15:00,1.17488,1.1750099999999999,1.17399,1.17404,604,2,0
2026-05-07 19:20:00,1.17404,1.17424,1.1738,1.17391,458,2,0
2026-05-07 19:25:00,1.17391,1.17419,1.17364,1.17413,354,2,0
2026-05-07 19:30:00,1.17413,1.17455,1.1741,1.17453,171,2,0
2026-05-07 19:35:00,1.17453,1.17484,1.17448,1.1747,143,2,0
2026-05-07 19:40:00,1.1747,1.17478,1.17446,1.17453,245,2,0
2026-05-07 19:45:00,1.17452,1.17454,1.17416,1.17433,255,2,0
2026-05-07 19:50:00,1.17433,1.17458,1.17372,1.17404,644,2,0
2026-05-07 19:55:00,1.17402,1.17402,1.17334,1.17334,426,2,0
2026-05-07 20:00:00,1.17334,1.17447,1.17332,1.17407,742,2,0
2026-05-07 20:05:00,1.17407,1.17411,1.17377,1.17382,195,2,0
2026-05-07 20:10:00,1.17382,1.174,1.17381,1.17387,134,2,0
2026-05-07 20:15:00,1.17387,1.17387,1.17361,1.17366,107,2,0
2026-05-07 20:20:00,1.17366,1.17368,1.17337,1.17356,148,2,0
2026-05-07 20:25:00,1.17356,1.17368,1.1734499999999999,1.17349,82,2,0
2026-05-07 20:30:00,1.17349,1.17355,1.17324,1.17327,163,2,0
2026-05-07 20:35:00,1.17327,1.17344,1.17291,1.17294,410,2,0
2026-05-07 20:40:00,1.17294,1.17311,1.17292,1.17294,265,2,0
2026-05-07 20:45:00,1.17294,1.17297,1.17287,1.17292,185,2,0
2026-05-07 20:50:00,1.17292,1.17299,1.17288,1.1729,95,2,0
2026-05-07 20:55:00,1.1729,1.17293,1.17222,1.17233,406,2,0
2026-05-07 21:00:00,1.17239,1.17263,1.17239,1.17263,14,40,0
2026-05-07 21:05:00,1.1727,1.17278,1.17236,1.17261,37,38,0
2026-05-07 21:10:00,1.17261,1.17261,1.1724,1.17241,16,49,0
2026-05-07 21:15:00,1.17241,1.17285,1.17236,1.17285,57,33,0
2026-05-07 21:20:00,1.17285,1.17288,1.17276,1.17282,23,48,0
2026-05-07 21:25:00,1.17282,1.17294,1.1728,1.17282,19,26,0
2026-05-07 21:30:00,1.17282,1.17282,1.17232,1.17245,46,19,0
2026-05-07 21:35:00,1.17245,1.17277,1.17241,1.17261,53,11,0
2026-05-07 21:40:00,1.17261,1.17261,1.17253,1.17253,22,36,0
2026-05-07 21:45:00,1.17253,1.17257,1.17252,1.17256,26,40,0
2026-05-07 21:50:00,1.17256,1.17256,1.17252,1.17253,18,34,0
2026-05-07 21:55:00,1.17253,1.17258,1.17253,1.17256,20,23,0
2026-05-07 22:00:00,1.17256,1.17268,1.17226,1.17264,203,2,0
2026-05-07 22:05:00,1.17264,1.17265,1.17241,1.17243,79,3,0
2026-05-07 22:10:00,1.17243,1.1728399999999999,1.17243,1.17265,94,2,0
2026-05-07 22:15:00,1.17264,1.17298,1.17257,1.17286,218,2,0
2026-05-07 22:20:00,1.17286,1.17315,1.17283,1.17302,277,2,0
2026-05-07 22:25:00,1.17302,1.17303,1.17278,1.17285,127,4,0
2026-05-07 22:30:00,1.17285,1.17297,1.17263,1.17275,184,2,0
2026-05-07 22:35:00,1.17275,1.17282,1.17264,1.17267,106,4,0
2026-05-07 22:40:00,1.17267,1.17272,1.17253,1.17268,98,3,0
2026-05-07 22:45:00,1.17268,1.17272,1.17258,1.17258,59,4,0
2026-05-07 22:50:00,1.17258,1.17263,1.17254,1.1726,73,5,0
2026-05-07 22:55:00,1.1726,1.17266,1.1724700000000001,1.17249,48,3,0
2026-05-07 23:00:00,1.17249,1.17254,1.17246,1.17252,47,2,0
2026-05-07 23:05:00,1.17252,1.17256,1.17243,1.17252,47,3,0
2026-05-07 23:10:00,1.17252,1.17259,1.17249,1.17253,33,3,0
2026-05-07 23:15:00,1.17254,1.17269,1.17254,1.1726,29,2,0
2026-05-07 23:20:00,1.1726,1.1727,1.1726,1.17269,57,2,0
2026-05-07 23:25:00,1.17269,1.17276,1.17269,1.17275,14,2,0
2026-05-07 23:30:00,1.17275,1.17276,1.17268,1.17273,42,2,0
2026-05-07 23:35:00,1.17273,1.17273,1.17269,1.17272,29,2,0
2026-05-07 23:40:00,1.17272,1.1728399999999999,1.17272,1.1728399999999999,23,3,0
2026-05-07 23:45:00,1.1728399999999999,1.173,1.17283,1.17299,34,3,0
2026-05-07 23:50:00,1.17299,1.17314,1.17299,1.1730800000000001,42,2,0
2026-05-07 23:55:00,1.1730800000000001,1.1730800000000001,1.17296,1.17304,108,2,0
2026-05-08 00:00:00,1.17304,1.17322,1.17293,1.17298,275,2,0
2026-05-08 00:05:00,1.17298,1.17346,1.17298,1.17338,311,2,0
2026-05-08 00:10:00,1.17338,1.1734499999999999,1.17311,1.17317,152,2,0
2026-05-08 00:15:00,1.17317,1.17318,1.17263,1.17271,276,2,0
2026-05-08 00:20:00,1.17271,1.17304,1.17264,1.17303,163,2,0
2026-05-08 00:25:00,1.17303,1.17309,1.1728399999999999,1.17292,276,2,0
2026-05-08 00:30:00,1.17292,1.17313,1.17285,1.17312,302,2,0
2026-05-08 00:35:00,1.17312,1.17312,1.17291,1.17292,170,2,0
2026-05-08 00:40:00,1.17292,1.17302,1.17286,1.17287,187,2,0
2026-05-08 00:45:00,1.17287,1.17293,1.1727400000000001,1.17279,129,2,0
2026-05-08 00:50:00,1.17279,1.17299,1.17277,1.1728,256,2,0
2026-05-08 00:55:00,1.1728,1.17287,1.17268,1.17268,195,2,0
2026-05-08 01:00:00,1.17268,1.17304,1.17268,1.17282,421,2,0
2026-05-08 01:05:00,1.17282,1.17319,1.17281,1.17298,185,2,0
2026-05-08 01:10:00,1.17298,1.17313,1.17295,1.1730800000000001,92,2,0
2026-05-08 01:15:00,1.1730800000000001,1.17326,1.17294,1.17322,194,2,0
2026-05-08 01:20:00,1.17322,1.1733500000000001,1.17318,1.1732,100,2,0
2026-05-08 01:25:00,1.1732,1.1733500000000001,1.17317,1.17319,92,2,0
2026-05-08 01:30:00,1.17319,1.1733,1.17318,1.17321,79,2,0
2026-05-08 01:35:00,1.17321,1.17321,1.1729,1.17307,126,2,0
2026-05-08 01:40:00,1.17307,1.17311,1.17295,1.173,69,2,0
2026-05-08 01:45:00,1.173,1.17325,1.173,1.17323,76,2,0
2026-05-08 01:50:00,1.17323,1.17327,1.17311,1.17314,56,2,0
2026-05-08 01:55:00,1.17314,1.17326,1.17312,1.17324,120,2,0
2026-05-08 02:00:00,1.17324,1.17325,1.17304,1.17317,104,2,0
2026-05-08 02:05:00,1.17317,1.17319,1.17303,1.17313,125,2,0
2026-05-08 02:10:00,1.17313,1.17316,1.17299,1.17303,69,2,0
2026-05-08 02:15:00,1.17303,1.17305,1.17286,1.17302,117,2,0
2026-05-08 02:20:00,1.17302,1.17319,1.17299,1.17314,94,2,0
2026-05-08 02:25:00,1.17314,1.17314,1.17295,1.17295,101,2,0
2026-05-08 02:30:00,1.17295,1.17299,1.17286,1.17298,95,2,0
2026-05-08 02:35:00,1.17298,1.17302,1.17245,1.17253,336,2,0
2026-05-08 02:40:00,1.17254,1.17261,1.17245,1.1724700000000001,163,2,0
2026-05-08 02:45:00,1.1724700000000001,1.17299,1.1724700000000001,1.17294,141,2,0
2026-05-08 02:50:00,1.17294,1.17302,1.1727400000000001,1.17285,202,2,0
2026-05-08 02:55:00,1.17285,1.17289,1.17272,1.1727400000000001,136,2,0
2026-05-08 03:00:00,1.1727400000000001,1.17281,1.17268,1.17277,130,2,0
2026-05-08 03:05:00,1.17277,1.1729,1.17275,1.17289,88,2,0
2026-05-08 03:10:00,1.17289,1.17293,1.17285,1.1729,62,2,0
2026-05-08 03:15:00,1.1729,1.1729,1.17276,1.17278,82,2,0
2026-05-08 03:20:00,1.17278,1.17289,1.17275,1.17288,41,2,0
2026-05-08 03:25:00,1.17288,1.17297,1.17277,1.17288,99,2,0
2026-05-08 03:30:00,1.17288,1.1733,1.17287,1.17326,111,2,0
2026-05-08 03:35:00,1.17327,1.17327,1.17311,1.17318,120,2,0
2026-05-08 03:40:00,1.17318,1.17332,1.17314,1.17332,87,2,0
2026-05-08 03:45:00,1.17332,1.17337,1.1730800000000001,1.17309,94,2,0
2026-05-08 03:50:00,1.17309,1.17312,1.17287,1.17289,92,2,0
2026-05-08 03:55:00,1.17289,1.17299,1.17282,1.17282,121,2,0
2026-05-08 04:00:00,1.17282,1.17307,1.17282,1.173,128,2,0
2026-05-08 04:05:00,1.173,1.17306,1.17282,1.17298,188,2,0
2026-05-08 04:10:00,1.17298,1.17306,1.17287,1.17289,88,2,0
2026-05-08 04:15:00,1.17289,1.17296,1.17269,1.17295,85,2,0
2026-05-08 04:20:00,1.17295,1.17301,1.17289,1.17289,55,2,0
2026-05-08 04:25:00,1.17289,1.17295,1.17283,1.17293,58,2,0
2026-05-08 04:30:00,1.17293,1.17303,1.17293,1.17294,36,2,0
2026-05-08 04:35:00,1.17294,1.17315,1.17289,1.1731,69,2,0
2026-05-08 04:40:00,1.1731,1.17331,1.17309,1.17331,60,2,0
2026-05-08 04:45:00,1.17331,1.1734499999999999,1.17329,1.17344,75,2,0
2026-05-08 04:50:00,1.17344,1.17357,1.17332,1.17353,121,2,0
2026-05-08 04:55:00,1.17353,1.17353,1.1734,1.17351,142,2,0
2026-05-08 05:00:00,1.17351,1.17366,1.17351,1.17358,120,2,0
2026-05-08 05:05:00,1.17358,1.17359,1.17338,1.17338,75,2,0
2026-05-08 05:10:00,1.17338,1.17343,1.17328,1.17337,126,2,0
2026-05-08 05:15:00,1.17337,1.17346,1.17333,1.17343,99,2,0
2026-05-08 05:20:00,1.17343,1.17363,1.17343,1.17352,116,2,0
2026-05-08 05:25:00,1.17352,1.17362,1.17344,1.17362,70,2,0
2026-05-08 05:30:00,1.17362,1.17386,1.17355,1.1736900000000001,209,2,0
2026-05-08 05:35:00,1.1736900000000001,1.1736900000000001,1.17344,1.17344,101,2,0
2026-05-08 05:40:00,1.17344,1.17371,1.17344,1.1736900000000001,88,2,0
2026-05-08 05:45:00,1.1736900000000001,1.17375,1.17364,1.17366,91,2,0
2026-05-08 05:50:00,1.17366,1.1737,1.17349,1.17359,107,2,0
2026-05-08 05:55:00,1.17359,1.17386,1.17359,1.1737,120,2,0
2026-05-08 06:00:00,1.1737,1.17455,1.1736900000000001,1.1743999999999999,223,2,0
2026-05-08 06:05:00,1.1743999999999999,1.17463,1.17426,1.17458,278,2,0
2026-05-08 06:10:00,1.17458,1.1746,1.17404,1.17405,205,2,0
2026-05-08 06:15:00,1.17405,1.17435,1.17403,1.17422,172,2,0
2026-05-08 06:20:00,1.17422,1.17434,1.17413,1.17418,193,2,0
2026-05-08 06:25:00,1.17418,1.17474,1.17413,1.17474,207,2,0
2026-05-08 06:30:00,1.17475,1.17477,1.17429,1.17451,256,2,0
2026-05-08 06:35:00,1.17451,1.17461,1.17444,1.17453,162,2,0
2026-05-08 06:40:00,1.17453,1.17481,1.17453,1.1746,145,2,0
2026-05-08 06:45:00,1.1746,1.17473,1.17449,1.17468,171,2,0
2026-05-08 06:50:00,1.17468,1.17478,1.17451,1.17453,131,2,0
2026-05-08 06:55:00,1.17453,1.17459,1.17439,1.17443,181,2,0
2026-05-08 07:00:00,1.17443,1.17455,1.17425,1.17454,326,2,0
2026-05-08 07:05:00,1.17454,1.17478,1.17454,1.17468,268,2,0
2026-05-08 07:10:00,1.17468,1.17479,1.17443,1.17444,209,2,0
2026-05-08 07:15:00,1.17444,1.17456,1.17431,1.17453,191,2,0
2026-05-08 07:20:00,1.17453,1.17461,1.17435,1.17449,264,2,0
2026-05-08 07:25:00,1.17449,1.17449,1.17422,1.17427,239,2,0
2026-05-08 07:30:00,1.17427,1.17453,1.17423,1.17443,200,2,0
2026-05-08 07:35:00,1.17443,1.17464,1.17436,1.17448,177,2,0
2026-05-08 07:40:00,1.17448,1.17452,1.17433,1.17449,230,2,0
2026-05-08 07:45:00,1.17449,1.17452,1.17416,1.17438,186,2,0
2026-05-08 07:50:00,1.17438,1.17448,1.17421,1.17427,169,2,0
2026-05-08 07:55:00,1.17427,1.17438,1.17421,1.1743000000000001,207,2,0
2026-05-08 08:00:00,1.1743000000000001,1.1745,1.1742,1.17441,267,2,0
2026-05-08 08:05:00,1.17441,1.17448,1.1743000000000001,1.17434,89,2,0
2026-05-08 08:10:00,1.17435,1.17468,1.17435,1.17448,151,2,0
2026-05-08 08:15:00,1.17448,1.17482,1.17447,1.17476,244,2,0
2026-05-08 08:20:00,1.17476,1.17531,1.17475,1.17519,273,2,0
2026-05-08 08:25:00,1.17519,1.1755200000000001,1.17519,1.17551,321,2,0
2026-05-08 08:30:00,1.17551,1.17591,1.17549,1.17563,367,2,0
2026-05-08 08:35:00,1.17563,1.17582,1.17549,1.17578,281,2,0
2026-05-08 08:40:00,1.17578,1.17621,1.17567,1.17614,299,2,0
2026-05-08 08:45:00,1.17614,1.17657,1.17608,1.17632,349,2,0
2026-05-08 08:50:00,1.17632,1.17637,1.17581,1.17594,294,2,0
2026-05-08 08:55:00,1.17594,1.1764000000000001,1.17593,1.17638,267,2,0
2026-05-08 09:00:00,1.17638,1.17706,1.17632,1.17688,375,2,0
2026-05-08 09:05:00,1.17688,1.17702,1.17669,1.17678,224,2,0
2026-05-08 09:10:00,1.17678,1.1768399999999999,1.17672,1.17682,169,2,0
2026-05-08 09:15:00,1.17682,1.17706,1.17681,1.17698,176,2,0
2026-05-08 09:20:00,1.17698,1.17734,1.17695,1.17705,184,2,0
2026-05-08 09:25:00,1.17705,1.17712,1.17681,1.17681,268,2,0
2026-05-08 09:30:00,1.17681,1.17702,1.17676,1.17702,270,2,0
2026-05-08 09:35:00,1.17702,1.17704,1.17683,1.17689,132,2,0
2026-05-08 09:40:00,1.17689,1.1770100000000001,1.17678,1.17689,137,2,0
2026-05-08 09:45:00,1.17689,1.17715,1.17689,1.17694,136,2,0
2026-05-08 09:50:00,1.17694,1.177,1.17678,1.17691,201,2,0
2026-05-08 09:55:00,1.17692,1.17702,1.17666,1.17689,385,2,0
2026-05-08 10:00:00,1.17689,1.17721,1.17682,1.17714,244,2,0
2026-05-08 10:05:00,1.17714,1.17725,1.17713,1.17715,121,2,0
2026-05-08 10:10:00,1.17715,1.17715,1.17703,1.17705,92,2,0
2026-05-08 10:15:00,1.17705,1.17714,1.17697,1.17697,100,2,0
2026-05-08 10:20:00,1.17697,1.1771099999999999,1.17688,1.17709,146,2,0
2026-05-08 10:25:00,1.17709,1.17712,1.17694,1.17694,144,2,0
2026-05-08 10:30:00,1.17694,1.17721,1.17694,1.17704,124,2,0
2026-05-08 10:35:00,1.17704,1.17714,1.17689,1.17703,224,2,0
2026-05-08 10:40:00,1.17703,1.17708,1.17671,1.17671,159,2,0
2026-05-08 10:45:00,1.17671,1.17683,1.17647,1.1764999999999999,185,2,0
2026-05-08 10:50:00,1.1764999999999999,1.17656,1.17637,1.17639,185,2,0
2026-05-08 10:55:00,1.17639,1.17647,1.1761300000000001,1.17639,313,2,0
2026-05-08 11:00:00,1.17639,1.17658,1.17619,1.17635,294,2,0
2026-05-08 11:05:00,1.17635,1.17647,1.17632,1.17645,158,2,0
2026-05-08 11:10:00,1.17645,1.17648,1.17618,1.17644,262,2,0
2026-05-08 11:15:00,1.17644,1.17663,1.17641,1.17649,175,2,0
2026-05-08 11:20:00,1.17649,1.1767,1.17646,1.17669,172,2,0
2026-05-08 11:25:00,1.17669,1.17678,1.17662,1.17668,127,2,0
2026-05-08 11:30:00,1.17668,1.1768,1.17668,1.17675,100,2,0
2026-05-08 11:35:00,1.17675,1.17688,1.17652,1.17659,198,2,0
2026-05-08 11:40:00,1.17659,1.17668,1.17651,1.17651,156,2,0
2026-05-08 11:45:00,1.17649,1.17663,1.17634,1.17663,237,2,0
2026-05-08 11:50:00,1.17663,1.17673,1.17659,1.17661,158,2,0
2026-05-08 11:55:00,1.17661,1.17671,1.17641,1.17652,241,2,0
2026-05-08 12:00:00,1.17652,1.17654,1.17628,1.17628,332,2,0
2026-05-08 12:05:00,1.17628,1.17638,1.17605,1.17611,269,2,0
2026-05-08 12:10:00,1.17611,1.17617,1.17594,1.17599,252,2,0
2026-05-08 12:15:00,1.17599,1.1766,1.17596,1.17654,254,2,0
2026-05-08 12:20:00,1.17654,1.1767,1.17635,1.17654,217,2,0
2026-05-08 12:25:00,1.17654,1.17658,1.17634,1.17635,259,2,0
2026-05-08 12:30:00,1.17635,1.17781,1.17572,1.17775,879,2,0
2026-05-08 12:35:00,1.17775,1.17787,1.17749,1.17781,647,2,0
2026-05-08 12:40:00,1.17781,1.17782,1.17751,1.17768,576,2,0
2026-05-08 12:45:00,1.17769,1.17783,1.17744,1.17761,459,2,0
2026-05-08 12:50:00,1.17761,1.17776,1.17712,1.17776,481,2,0
2026-05-08 12:55:00,1.17776,1.17782,1.17726,1.1774,557,2,0
2026-05-08 13:00:00,1.17737,1.1775,1.1771099999999999,1.17724,727,2,0
2026-05-08 13:05:00,1.17723,1.17726,1.17681,1.17686,445,2,0
2026-05-08 13:10:00,1.17686,1.17697,1.17662,1.17676,466,2,0
2026-05-08 13:15:00,1.17676,1.17766,1.17664,1.1775,436,2,0
2026-05-08 13:20:00,1.17749,1.1776200000000001,1.17721,1.17754,363,2,0
2026-05-08 13:25:00,1.17754,1.17787,1.17754,1.17776,287,2,0
2026-05-08 13:30:00,1.17776,1.17854,1.17763,1.17844,493,2,0
2026-05-08 13:35:00,1.17844,1.17871,1.17808,1.17811,501,2,0
2026-05-08 13:40:00,1.17811,1.17847,1.17791,1.17819,482,2,0
2026-05-08 13:45:00,1.17819,1.17846,1.17803,1.17813,401,2,0
2026-05-08 13:50:00,1.17813,1.1782,1.17783,1.17804,342,2,0
2026-05-08 13:55:00,1.17804,1.17815,1.17773,1.17789,216,2,0
2026-05-08 14:00:00,1.17789,1.1779600000000001,1.17743,1.17746,308,2,0
2026-05-08 14:05:00,1.17746,1.17746,1.17693,1.17694,444,2,0
2026-05-08 14:10:00,1.17694,1.17739,1.17672,1.1773500000000001,472,2,0
2026-05-08 14:15:00,1.17734,1.1776,1.17724,1.17748,261,2,0
2026-05-08 14:20:00,1.17748,1.17751,1.17725,1.17738,207,2,0
2026-05-08 14:25:00,1.17738,1.17742,1.17672,1.17673,498,2,0
2026-05-08 14:30:00,1.17673,1.1773,1.17671,1.17719,452,2,0
2026-05-08 14:35:00,1.17719,1.1774499999999999,1.17707,1.1774,358,2,0
2026-05-08 14:40:00,1.1774,1.17758,1.17719,1.17732,410,2,0
2026-05-08 14:45:00,1.17732,1.17765,1.1773,1.17753,347,2,0
2026-05-08 14:50:00,1.17753,1.1776,1.17733,1.17756,326,2,0
2026-05-08 14:55:00,1.17757,1.1776,1.17736,1.17744,330,2,0
2026-05-08 15:00:00,1.17743,1.17766,1.17726,1.17744,322,2,0
2026-05-08 15:05:00,1.17744,1.17784,1.1774,1.17743,407,2,0
2026-05-08 15:10:00,1.17743,1.17755,1.17687,1.177,536,2,0
2026-05-08 15:15:00,1.177,1.1771,1.17679,1.17682,331,2,0
2026-05-08 15:20:00,1.17682,1.17719,1.17668,1.17704,225,2,0
2026-05-08 15:25:00,1.17704,1.17728,1.17698,1.17725,221,2,0
2026-05-08 15:30:00,1.17725,1.17742,1.17681,1.17741,496,2,0
2026-05-08 15:35:00,1.17741,1.17765,1.17737,1.17765,232,2,0
2026-05-08 15:40:00,1.17765,1.17765,1.17718,1.1773500000000001,254,2,0
2026-05-08 15:45:00,1.1773500000000001,1.1777,1.17724,1.17767,245,2,0
2026-05-08 15:50:00,1.17767,1.17785,1.17763,1.17764,233,2,0
2026-05-08 15:55:00,1.17764,1.17779,1.17726,1.17727,294,2,0
2026-05-08 16:00:00,1.17727,1.17756,1.17717,1.17717,335,2,0
2026-05-08 16:05:00,1.17717,1.17784,1.17717,1.17744,216,2,0
2026-05-08 16:10:00,1.17744,1.17754,1.1773500000000001,1.17748,131,2,0
2026-05-08 16:15:00,1.17748,1.1776200000000001,1.17748,1.17755,94,2,0
2026-05-08 16:20:00,1.17755,1.17768,1.17754,1.17764,89,2,0
2026-05-08 16:25:00,1.17764,1.17774,1.17757,1.17765,112,2,0
2026-05-08 16:30:00,1.17765,1.17775,1.17739,1.17742,94,2,0
2026-05-08 16:35:00,1.17742,1.17747,1.1773,1.17731,101,2,0
2026-05-08 16:40:00,1.17731,1.17733,1.17713,1.17723,182,2,0
2026-05-08 16:45:00,1.17723,1.17737,1.17717,1.1773500000000001,162,2,0
2026-05-08 16:50:00,1.1773500000000001,1.17743,1.17727,1.1773500000000001,98,2,0
2026-05-08 16:55:00,1.1773500000000001,1.17737,1.17707,1.17712,154,2,0
2026-05-08 17:00:00,1.17712,1.17721,1.17705,1.1771,216,2,0
2026-05-08 17:05:00,1.1771,1.1773500000000001,1.17708,1.17714,121,2,0
2026-05-08 17:10:00,1.17714,1.17721,1.17705,1.17712,75,2,0
2026-05-08 17:15:00,1.17712,1.17725,1.17707,1.17719,134,2,0
2026-05-08 17:20:00,1.17719,1.17752,1.17715,1.17744,130,2,0
2026-05-08 17:25:00,1.17744,1.17754,1.17741,1.17742,99,2,0
2026-05-08 17:30:00,1.17742,1.17746,1.17731,1.17738,81,2,0
2026-05-08 17:35:00,1.17738,1.17747,1.17736,1.17742,114,2,0
2026-05-08 17:40:00,1.17742,1.17755,1.17739,1.17742,86,2,0
2026-05-08 17:45:00,1.17742,1.17753,1.17738,1.17752,97,2,0
2026-05-08 17:50:00,1.17752,1.17759,1.1774,1.17758,145,2,0
2026-05-08 17:55:00,1.17758,1.1776200000000001,1.17716,1.17722,205,2,0
2026-05-08 18:00:00,1.17722,1.17792,1.17707,1.17788,405,2,0
2026-05-08 18:05:00,1.17788,1.17815,1.17788,1.17809,175,2,0
2026-05-08 18:10:00,1.17809,1.17816,1.17793,1.17801,107,2,0
2026-05-08 18:15:00,1.17801,1.1780599999999999,1.17777,1.17778,154,2,0
2026-05-08 18:20:00,1.17778,1.17787,1.17773,1.17782,97,2,0
2026-05-08 18:25:00,1.17782,1.17792,1.1777199999999999,1.17783,143,2,0
2026-05-08 18:30:00,1.17783,1.1779,1.17773,1.17787,105,2,0
2026-05-08 18:35:00,1.17787,1.17789,1.17777,1.17782,116,2,0
2026-05-08 18:40:00,1.17782,1.17785,1.17766,1.17785,105,2,0
2026-05-08 18:45:00,1.17785,1.17794,1.17778,1.17794,101,2,0
2026-05-08 18:50:00,1.17794,1.17802,1.17767,1.1777199999999999,85,2,0
2026-05-08 18:55:00,1.1777199999999999,1.17788,1.17752,1.17784,162,2,0
2026-05-08 19:00:00,1.17784,1.17808,1.17778,1.17803,149,2,0
2026-05-08 19:05:00,1.17803,1.17814,1.17798,1.17809,130,2,0
2026-05-08 19:10:00,1.17809,1.1782,1.17807,1.17813,90,2,0
2026-05-08 19:15:00,1.17813,1.17818,1.1780599999999999,1.17808,119,2,0
2026-05-08 19:20:00,1.17808,1.17819,1.1780599999999999,1.17818,90,2,0
2026-05-08 19:25:00,1.17818,1.17821,1.17813,1.17816,70,2,0
2026-05-08 19:30:00,1.17816,1.1782,1.17802,1.17818,158,2,0
2026-05-08 19:35:00,1.17818,1.17825,1.17811,1.17817,147,2,0
2026-05-08 19:40:00,1.17817,1.17832,1.17816,1.17821,215,2,0
2026-05-08 19:45:00,1.17821,1.17824,1.17813,1.17813,108,2,0
2026-05-08 19:50:00,1.17813,1.17818,1.17767,1.17803,171,2,0
2026-05-08 19:55:00,1.17803,1.17804,1.17784,1.17801,187,2,0
2026-05-08 20:00:00,1.17801,1.1781,1.17788,1.17805,211,2,0
2026-05-08 20:05:00,1.17805,1.17818,1.17805,1.17817,42,2,0
2026-05-08 20:10:00,1.17817,1.17835,1.17817,1.1783299999999999,52,2,0
2026-05-08 20:15:00,1.1783299999999999,1.17846,1.1783299999999999,1.17845,43,2,0
2026-05-08 20:20:00,1.17845,1.17848,1.17844,1.17846,23,2,0
2026-05-08 20:25:00,1.17846,1.17847,1.17829,1.17837,46,2,0
2026-05-08 20:30:00,1.17837,1.17854,1.1783299999999999,1.17853,70,2,0
2026-05-08 20:35:00,1.17852,1.1787,1.17851,1.17866,126,2,0
2026-05-08 20:40:00,1.17866,1.1786699999999999,1.17854,1.17862,158,2,0
2026-05-08 20:45:00,1.17862,1.17868,1.17861,1.17862,140,3,0
2026-05-08 20:50:00,1.17862,1.17878,1.1785700000000001,1.17871,186,2,0
