time,Open,High,Low,Close,Volume,spread,Volume
2026-03-29 23:00:00,741.86,746.21,740.99,745.89,296,21,0
2026-03-29 23:10:00,745.76,747.6,743.51,744.56,291,21,0
2026-03-29 23:20:00,744.48,748.22,743.36,747.4,297,21,0
2026-03-29 23:30:00,747.05,747.59,739.96,741.14,292,21,0
2026-03-29 23:40:00,741.24,743.01,738.34,741.93,291,21,0
2026-03-29 23:50:00,741.74,744.2,739.1,744.12,292,21,0
2026-03-30 00:00:00,744.15,745.61,741.49,742.71,297,21,0
2026-03-30 00:10:00,742.48,744.32,739.45,740.76,290,21,0
2026-03-30 00:20:00,741.03,745.55,739.91,742.14,295,21,0
2026-03-30 00:30:00,742.29,743.05,738.88,740.62,292,21,0
2026-03-30 00:40:00,740.71,742.63,736.99,738.42,293,21,0
2026-03-30 00:50:00,738.43,742.05,736.59,741.8,291,21,0
2026-03-30 01:00:00,741.46,747.26,740.01,747.23,297,21,0
2026-03-30 01:10:00,747.58,748.02,742.66,742.97,291,21,0
2026-03-30 01:20:00,742.95,747.16,741.5,746.36,296,21,0
2026-03-30 01:30:00,746.62,749.52,745.9,747.59,290,21,0
2026-03-30 01:40:00,747.44,750.52,747.09,749.56,292,21,0
2026-03-30 01:50:00,749.84,750.88,747.42,747.42,294,21,0
2026-03-30 02:00:00,747.44,749.84,746.08,747.61,295,21,0
2026-03-30 02:10:00,747.45,747.55,742.03,742.65,294,21,0
2026-03-30 02:20:00,742.6,746.59,742.1,745.98,294,21,0
2026-03-30 02:30:00,745.91,749.44,744.48,746.12,293,21,0
2026-03-30 02:40:00,746.2,750.76,746.2,747.41,297,21,0
2026-03-30 02:50:00,747.62,748.08,739.99,739.99,293,21,0
2026-03-30 03:00:00,739.8,740.69,733.22,734.74,291,21,0
2026-03-30 03:10:00,734.5,736.92,732.01,732.72,294,21,0
2026-03-30 03:20:00,732.7,734.22,729.87,733.33,297,21,0
2026-03-30 03:30:00,733.29,733.63,726.88,729.41,293,21,0
2026-03-30 03:40:00,729.85,733.7,729.79,732.91,297,21,0
2026-03-30 03:50:00,733.13,736.61,732.58,733.31,295,23,0
2026-03-30 04:00:00,733.12,734.93,729.83,730.31,295,23,0
2026-03-30 04:10:00,730.34,730.86,726.29,727.55,295,23,0
2026-03-30 04:20:00,727.43,727.92,725.31,726.78,295,23,0
2026-03-30 04:30:00,726.87,730.22,724.93,728.03,297,23,0
2026-03-30 04:40:00,728.05,733.19,726.75,731.27,292,23,0
2026-03-30 04:50:00,731.44,735.4,731.0,734.36,293,23,0
2026-03-30 05:00:00,734.32,734.41,728.96,729.88,296,23,0
2026-03-30 05:10:00,729.89,735.5,729.57,735.23,294,23,0
2026-03-30 05:20:00,735.22,736.68,733.63,734.08,290,23,0
2026-03-30 05:30:00,734.08,734.7,730.77,730.77,293,23,0
2026-03-30 05:40:00,730.9,731.58,726.83,727.39,298,23,0
2026-03-30 05:50:00,727.51,729.48,725.52,725.76,294,23,0
2026-03-30 06:00:00,725.97,727.22,721.73,722.78,293,23,0
2026-03-30 06:10:00,722.26,726.48,721.98,724.59,292,23,0
2026-03-30 06:20:00,724.59,731.54,723.71,731.21,293,23,0
2026-03-30 06:30:00,731.21,736.88,730.36,735.63,295,23,0
2026-03-30 06:40:00,735.45,735.45,726.65,727.06,290,23,0
2026-03-30 06:50:00,727.13,727.57,721.84,721.97,291,23,0
2026-03-30 07:00:00,721.72,723.84,720.42,723.22,294,23,0
2026-03-30 07:10:00,723.45,724.68,718.31,718.54,293,23,0
2026-03-30 07:20:00,718.48,719.04,716.48,717.68,294,23,0
2026-03-30 07:30:00,717.78,719.17,717.17,717.3,292,23,0
2026-03-30 07:40:00,717.21,721.67,716.44,721.37,291,23,0
2026-03-30 07:50:00,721.4,723.2,718.58,718.58,295,23,0
2026-03-30 08:00:00,718.76,719.39,716.28,718.32,293,23,0
2026-03-30 08:10:00,717.84,723.19,716.33,722.69,296,23,0
2026-03-30 08:20:00,722.45,722.99,719.44,719.6,294,23,0
2026-03-30 08:30:00,719.47,725.28,718.71,723.75,297,23,0
2026-03-30 08:40:00,723.8,726.0,721.38,721.46,295,23,0
2026-03-30 08:50:00,721.51,723.27,720.85,722.67,295,23,0
2026-03-30 09:00:00,722.69,722.93,717.78,721.68,296,23,0
2026-03-30 09:10:00,722.14,722.23,718.24,720.12,295,23,0
2026-03-30 09:20:00,720.06,720.97,718.59,719.0,297,23,0
2026-03-30 09:30:00,719.17,723.16,718.86,721.53,292,23,0
2026-03-30 09:40:00,721.55,723.68,719.42,720.37,296,23,0
2026-03-30 09:50:00,720.49,721.16,716.7,717.03,289,23,0
2026-03-30 10:00:00,717.17,718.49,714.94,717.15,296,23,0
2026-03-30 10:10:00,717.16,718.34,714.23,717.96,295,23,0
2026-03-30 10:20:00,718.02,718.1,712.21,712.57,293,23,0
2026-03-30 10:30:00,712.63,713.93,709.79,711.24,293,23,0
2026-03-30 10:40:00,711.19,711.47,707.66,709.1,291,23,0
2026-03-30 10:50:00,708.99,713.59,708.11,708.59,291,23,0
2026-03-30 11:00:00,708.75,712.99,707.94,711.05,294,23,0
2026-03-30 11:10:00,710.96,715.81,710.64,714.72,289,23,0
2026-03-30 11:20:00,714.59,715.55,711.83,714.61,294,23,0
2026-03-30 11:30:00,714.44,714.63,710.9,712.36,295,23,0
2026-03-30 11:40:00,712.3,712.75,708.43,710.03,291,23,0
2026-03-30 11:50:00,710.13,711.9,704.41,706.44,296,23,0
2026-03-30 12:00:00,706.44,712.59,705.47,710.23,299,23,0
2026-03-30 12:10:00,710.25,711.83,707.41,707.53,295,23,0
2026-03-30 12:20:00,707.39,707.96,703.63,704.09,293,23,0
2026-03-30 12:30:00,704.12,705.64,701.4,701.42,293,23,0
2026-03-30 12:40:00,701.45,706.27,700.89,704.69,295,23,0
2026-03-30 12:50:00,704.78,706.51,702.01,702.83,292,23,0
2026-03-30 13:00:00,703.13,707.2,702.74,702.85,292,23,0
2026-03-30 13:10:00,702.92,705.81,702.11,705.62,291,23,0
2026-03-30 13:20:00,705.35,708.76,703.88,706.38,293,23,0
2026-03-30 13:30:00,706.72,706.96,702.02,702.68,291,23,0
2026-03-30 13:40:00,702.78,703.39,696.54,700.14,293,23,0
2026-03-30 13:50:00,700.25,700.43,693.91,696.17,292,23,0
2026-03-30 14:00:00,696.33,697.3,694.16,694.61,296,23,0
2026-03-30 14:10:00,694.73,699.57,694.32,697.18,291,23,0
2026-03-30 14:20:00,697.25,703.34,695.28,699.83,295,23,0
2026-03-30 14:30:00,700.16,707.2,699.79,702.83,294,23,0
2026-03-30 14:40:00,703.0,704.05,700.05,700.51,291,23,0
2026-03-30 14:50:00,700.18,702.95,699.7,701.72,295,23,0
2026-03-30 15:00:00,701.62,702.27,699.23,701.75,293,23,0
2026-03-30 15:10:00,701.63,704.08,700.84,701.59,297,23,0
2026-03-30 15:20:00,701.44,704.43,699.74,703.96,293,23,0
2026-03-30 15:30:00,703.94,709.15,703.51,709.08,291,23,0
2026-03-30 15:40:00,709.03,710.44,706.91,707.55,295,23,0
2026-03-30 15:50:00,707.62,710.92,704.48,710.71,296,23,0
2026-03-30 16:00:00,710.67,712.13,709.09,711.83,296,23,0
2026-03-30 16:10:00,711.5,711.97,709.09,709.91,294,23,0
2026-03-30 16:20:00,709.65,712.58,707.38,708.37,296,23,0
2026-03-30 16:30:00,708.24,709.65,703.2,703.5,294,23,0
2026-03-30 16:40:00,703.23,707.87,702.71,706.08,294,23,0
2026-03-30 16:50:00,706.27,706.45,702.9,702.9,293,23,0
2026-03-30 17:00:00,702.84,705.42,699.25,699.41,298,23,0
2026-03-30 17:10:00,699.23,702.7,695.28,699.19,296,23,0
2026-03-30 17:20:00,699.36,699.46,693.24,695.35,294,23,0
2026-03-30 17:30:00,695.3,699.22,694.73,696.4,293,23,0
2026-03-30 17:40:00,696.81,696.93,692.16,693.01,296,23,0
2026-03-30 17:50:00,692.93,695.65,691.63,695.45,292,23,0
2026-03-30 18:00:00,695.11,699.26,693.22,697.83,293,23,0
2026-03-30 18:10:00,697.91,703.68,697.57,702.63,296,23,0
2026-03-30 18:20:00,702.68,710.28,701.22,710.19,296,23,0
2026-03-30 18:30:00,710.01,714.42,708.6,712.93,294,23,0
2026-03-30 18:40:00,713.1,716.6,710.61,711.73,297,23,0
2026-03-30 18:50:00,711.72,714.63,711.37,712.75,295,23,0
2026-03-30 19:00:00,712.63,716.67,712.12,712.55,290,23,0
2026-03-30 19:10:00,712.49,715.21,711.11,712.82,294,23,0
2026-03-30 19:20:00,712.83,713.93,709.89,710.94,294,23,0
2026-03-30 19:30:00,711.14,711.56,707.92,710.16,295,23,0
2026-03-30 19:40:00,709.98,712.45,707.25,709.16,291,23,0
2026-03-30 19:50:00,708.99,713.52,706.64,711.3,296,23,0
2026-03-30 20:00:00,710.76,716.58,709.96,713.8,293,23,0
2026-03-30 20:10:00,713.72,719.63,713.22,718.0,294,23,0
2026-03-30 20:20:00,718.09,723.11,717.99,721.45,293,23,0
2026-03-30 20:30:00,721.49,722.06,717.41,721.58,297,23,0
2026-03-30 20:40:00,721.52,723.32,720.65,721.53,291,23,0
2026-03-30 20:50:00,721.44,725.48,719.87,725.31,290,23,0
2026-03-30 21:00:00,725.44,729.15,725.04,728.94,296,23,0
2026-03-30 21:10:00,728.75,728.86,721.27,721.8,297,23,0
2026-03-30 21:20:00,722.09,723.44,720.47,720.76,297,23,0
2026-03-30 21:30:00,720.31,725.25,719.63,723.21,292,23,0
2026-03-30 21:40:00,723.02,724.49,720.19,721.74,294,23,0
2026-03-30 21:50:00,721.79,725.0,720.89,724.05,293,23,0
2026-03-30 22:00:00,724.33,725.76,720.92,721.67,293,23,0
2026-03-30 22:10:00,721.65,722.22,718.97,719.58,291,23,0
2026-03-30 22:20:00,719.47,720.22,710.39,710.9,294,23,0
2026-03-30 22:30:00,710.88,711.49,708.33,710.78,293,23,0
2026-03-30 22:40:00,710.85,712.67,708.67,710.57,292,23,0
2026-03-30 22:50:00,710.71,712.11,708.88,709.92,294,23,0
2026-03-30 23:00:00,709.84,712.94,708.01,712.3,295,23,0
2026-03-30 23:10:00,712.08,713.59,709.03,709.85,291,23,0
2026-03-30 23:20:00,709.9,711.64,708.47,711.01,293,23,0
2026-03-30 23:30:00,711.4,715.49,710.69,714.23,295,23,0
2026-03-30 23:40:00,714.2,714.35,709.4,710.22,294,23,0
2026-03-30 23:50:00,710.11,710.12,705.21,705.59,295,23,0
2026-03-31 00:00:00,705.78,708.56,705.45,708.43,296,23,0
2026-03-31 00:10:00,708.33,709.91,704.44,705.55,296,23,0
2026-03-31 00:20:00,705.41,705.94,703.38,703.74,293,23,0
2026-03-31 00:30:00,703.87,703.94,700.05,701.21,288,23,0
2026-03-31 00:40:00,701.4,702.07,692.89,694.11,292,23,0
2026-03-31 00:50:00,694.02,699.38,693.91,697.75,296,23,0
2026-03-31 01:00:00,697.89,698.07,693.59,694.67,296,23,0
2026-03-31 01:10:00,694.72,696.12,693.53,695.58,295,23,0
2026-03-31 01:20:00,695.63,697.18,692.98,693.77,293,23,0
2026-03-31 01:30:00,693.71,697.48,692.35,697.38,298,23,0
2026-03-31 01:40:00,697.28,699.66,696.75,697.11,290,23,0
2026-03-31 01:50:00,696.96,698.5,695.39,695.8,292,23,0
2026-03-31 02:00:00,695.91,696.98,690.59,690.97,294,23,0
2026-03-31 02:10:00,690.99,691.22,687.23,687.23,292,23,0
2026-03-31 02:20:00,687.13,689.16,684.25,685.24,296,23,0
2026-03-31 02:30:00,685.2,689.79,684.15,688.88,293,23,0
2026-03-31 02:40:00,688.74,688.74,683.84,687.51,291,23,0
2026-03-31 02:50:00,687.31,691.25,687.06,689.23,292,23,0
2026-03-31 03:00:00,689.11,695.84,688.63,693.19,296,23,0
2026-03-31 03:10:00,693.14,693.61,686.59,689.9,287,23,0
2026-03-31 03:20:00,689.89,691.53,686.03,686.2,295,23,0
2026-03-31 03:30:00,686.2,687.33,682.51,682.77,294,23,0
2026-03-31 03:40:00,682.93,683.76,679.41,680.38,290,23,0
2026-03-31 03:50:00,680.41,680.59,676.6,678.01,296,23,0
2026-03-31 04:00:00,678.44,681.43,677.86,680.33,294,23,0
2026-03-31 04:10:00,680.22,683.43,679.34,682.85,296,23,0
2026-03-31 04:20:00,682.71,683.47,677.96,679.23,294,23,0
2026-03-31 04:30:00,679.09,684.56,678.34,684.42,288,23,0
2026-03-31 04:40:00,684.23,685.08,680.83,683.34,290,23,0
2026-03-31 04:50:00,683.44,691.43,683.28,690.02,289,23,0
2026-03-31 05:00:00,689.59,689.59,685.59,686.5,297,23,0
2026-03-31 05:10:00,686.92,687.58,683.3,683.31,295,23,0
2026-03-31 05:20:00,683.04,688.4,682.21,686.42,292,23,0
2026-03-31 05:30:00,685.83,688.63,683.8,688.36,294,23,0
2026-03-31 05:40:00,688.0,694.88,687.28,694.88,293,23,0
2026-03-31 05:50:00,694.83,695.32,689.12,691.42,291,23,0
2026-03-31 06:00:00,691.12,692.21,689.5,690.22,291,23,0
2026-03-31 06:10:00,690.31,693.78,690.1,691.63,293,23,0
2026-03-31 06:20:00,691.79,692.09,689.34,689.55,293,23,0
2026-03-31 06:30:00,689.4,694.42,689.4,691.46,296,23,0
2026-03-31 06:40:00,691.36,695.42,691.34,692.05,292,23,0
2026-03-31 06:50:00,691.91,694.26,687.61,691.07,294,23,0
2026-03-31 07:00:00,690.88,692.12,689.1,690.32,294,23,0
2026-03-31 07:10:00,690.6,691.4,687.19,688.87,294,23,0
2026-03-31 07:20:00,688.32,689.31,686.55,687.47,296,23,0
2026-03-31 07:30:00,687.31,688.74,685.95,687.74,289,23,0
2026-03-31 07:40:00,687.52,687.82,683.31,684.63,297,23,0
2026-03-31 07:50:00,684.56,685.05,681.83,683.33,287,23,0
2026-03-31 08:00:00,683.57,686.66,681.29,682.49,291,23,0
2026-03-31 08:10:00,682.46,684.38,680.43,680.67,294,23,0
2026-03-31 08:20:00,680.9,684.27,680.78,682.26,294,23,0
2026-03-31 08:30:00,682.47,683.18,675.86,676.05,294,23,0
2026-03-31 08:40:00,675.85,676.9,673.93,674.47,292,23,0
2026-03-31 08:50:00,674.17,674.76,667.07,667.39,297,23,0
2026-03-31 09:00:00,667.43,668.13,664.58,665.43,292,23,0
2026-03-31 09:10:00,665.46,666.41,661.05,661.05,294,23,0
2026-03-31 09:20:00,661.07,663.14,659.8,663.14,292,23,0
2026-03-31 09:30:00,662.84,663.02,658.62,661.87,294,23,0
2026-03-31 09:40:00,661.81,664.6,659.98,660.31,287,23,0
2026-03-31 09:50:00,660.46,661.22,655.39,656.77,298,23,0
2026-03-31 10:00:00,656.88,657.09,653.71,653.89,294,23,0
2026-03-31 10:10:00,653.64,657.5,652.89,656.76,294,23,0
2026-03-31 10:20:00,656.56,657.58,654.55,655.84,291,23,0
2026-03-31 10:30:00,656.08,659.85,654.31,659.69,292,23,0
2026-03-31 10:40:00,659.5,662.13,658.33,659.72,293,23,0
2026-03-31 10:50:00,659.68,659.68,653.27,657.66,287,23,0
2026-03-31 11:00:00,657.92,661.83,657.42,659.46,293,23,0
2026-03-31 11:10:00,659.18,659.53,652.86,656.29,288,23,0
2026-03-31 11:20:00,656.5,657.8,653.93,657.21,294,23,0
2026-03-31 11:30:00,656.93,659.04,655.77,657.84,294,23,0
2026-03-31 11:40:00,657.73,659.71,653.59,654.82,297,23,0
2026-03-31 11:50:00,654.87,657.8,654.5,656.35,296,23,0
2026-03-31 12:00:00,656.37,658.04,652.14,652.22,294,23,0
2026-03-31 12:10:00,651.92,653.79,650.12,653.09,292,23,0
2026-03-31 12:20:00,653.15,653.9,650.14,651.38,299,23,0
2026-03-31 12:30:00,651.26,655.25,650.3,654.22,287,23,0
2026-03-31 12:40:00,654.39,656.67,652.79,656.02,291,23,0
2026-03-31 12:50:00,656.1,656.55,650.29,650.61,296,23,0
2026-03-31 13:00:00,650.76,651.42,645.14,647.65,299,23,0
2026-03-31 13:10:00,647.62,649.81,645.58,649.81,293,23,0
2026-03-31 13:20:00,650.04,651.63,647.94,647.94,291,23,0
2026-03-31 13:30:00,648.03,648.34,642.64,642.89,292,23,0
2026-03-31 13:40:00,642.76,644.34,641.7,643.26,294,23,0
2026-03-31 13:50:00,643.02,644.03,639.73,643.16,292,23,0
2026-03-31 14:00:00,643.15,643.78,638.97,640.61,294,23,0
2026-03-31 14:10:00,640.52,641.46,634.79,635.13,291,23,0
2026-03-31 14:20:00,635.0,636.61,631.9,632.51,289,23,0
2026-03-31 14:30:00,632.43,633.75,631.61,632.09,293,23,0
2026-03-31 14:40:00,632.48,637.84,630.85,636.66,294,23,0
2026-03-31 14:50:00,636.9,637.23,635.2,637.23,293,23,0
2026-03-31 15:00:00,637.31,641.59,636.08,638.27,296,23,0
2026-03-31 15:10:00,638.29,638.29,632.26,632.47,295,23,0
2026-03-31 15:20:00,632.42,633.05,628.4,628.4,292,23,0
2026-03-31 15:30:00,628.25,631.03,627.88,629.78,291,23,0
2026-03-31 15:40:00,629.94,633.72,628.84,629.03,295,23,0
2026-03-31 15:50:00,629.03,633.73,628.9,633.6,298,23,0
2026-03-31 16:00:00,633.71,635.67,629.95,633.83,292,23,0
2026-03-31 16:10:00,633.77,634.8,631.98,634.31,296,23,0
2026-03-31 16:20:00,634.43,635.0,626.74,629.34,293,23,0
2026-03-31 16:30:00,629.53,629.89,626.72,627.79,297,23,0
2026-03-31 16:40:00,627.82,629.37,626.77,627.04,292,23,0
2026-03-31 16:50:00,626.78,633.51,626.54,632.89,291,23,0
2026-03-31 17:00:00,633.13,636.15,632.96,635.75,296,23,0
2026-03-31 17:10:00,635.7,636.64,631.81,632.59,293,23,0
2026-03-31 17:20:00,632.62,634.93,631.52,633.88,294,23,0
2026-03-31 17:30:00,633.7,633.75,629.37,629.82,291,23,0
2026-03-31 17:40:00,629.76,632.01,627.58,631.8,290,23,0
2026-03-31 17:50:00,631.68,631.92,625.71,627.96,291,23,0
2026-03-31 18:00:00,628.0,630.04,625.57,629.72,294,23,0
2026-03-31 18:10:00,629.84,632.2,627.48,628.15,294,23,0
2026-03-31 18:20:00,627.99,629.36,626.14,626.81,293,23,0
2026-03-31 18:30:00,626.79,633.51,625.58,633.13,293,23,0
2026-03-31 18:40:00,633.23,636.66,629.71,634.46,290,23,0
2026-03-31 18:50:00,634.62,636.31,632.15,632.3,294,23,0
2026-03-31 19:00:00,632.35,636.65,631.42,635.55,294,23,0
2026-03-31 19:10:00,635.61,640.42,635.03,639.24,288,23,0
2026-03-31 19:20:00,639.38,640.91,635.05,636.43,292,23,0
2026-03-31 19:30:00,636.45,639.65,635.8,638.67,293,23,0
2026-03-31 19:40:00,638.48,641.02,637.04,641.02,299,23,0
2026-03-31 19:50:00,640.96,642.0,637.44,638.94,290,23,0
2026-03-31 20:00:00,639.11,639.5,635.14,635.26,293,23,0
2026-03-31 20:10:00,635.15,636.69,634.78,635.62,291,23,0
2026-03-31 20:20:00,635.72,637.19,633.05,633.43,294,23,0
2026-03-31 20:30:00,633.48,634.18,629.77,630.05,297,23,0
2026-03-31 20:40:00,630.01,634.02,629.05,631.96,290,23,0
2026-03-31 20:50:00,631.87,632.93,629.85,632.15,289,23,0
2026-03-31 21:00:00,632.19,632.62,627.87,628.19,293,23,0
2026-03-31 21:10:00,628.22,630.98,626.02,630.7,296,23,0
2026-03-31 21:20:00,630.79,633.48,630.16,632.25,292,23,0
2026-03-31 21:30:00,632.31,634.14,629.02,629.89,286,23,0
2026-03-31 21:40:00,630.11,631.04,627.3,631.04,292,23,0
2026-03-31 21:50:00,631.32,633.51,629.75,631.36,294,23,0
2026-03-31 22:00:00,631.31,633.75,631.06,632.74,294,23,0
2026-03-31 22:10:00,632.73,636.4,632.15,636.31,295,23,0
2026-03-31 22:20:00,636.26,637.95,634.82,635.76,295,23,0
2026-03-31 22:30:00,635.56,635.87,630.72,631.7,295,23,0
2026-03-31 22:40:00,631.72,633.11,629.63,630.55,293,23,0
2026-03-31 22:50:00,630.75,631.48,628.14,628.15,290,23,0
2026-03-31 23:00:00,628.03,628.63,623.95,624.42,291,23,0
2026-03-31 23:10:00,624.44,625.51,621.35,625.16,293,23,0
2026-03-31 23:20:00,624.9,627.2,624.78,627.2,293,23,0
2026-03-31 23:30:00,627.17,630.39,626.68,628.3,292,23,0
2026-03-31 23:40:00,628.32,629.41,626.92,627.57,294,23,0
2026-03-31 23:50:00,627.52,629.86,626.76,629.49,294,23,0
2026-04-01 00:00:00,629.37,630.14,626.79,628.37,293,23,0
2026-04-01 00:10:00,628.14,633.13,626.86,632.99,293,23,0
2026-04-01 00:20:00,633.58,635.46,630.34,630.68,293,23,0
2026-04-01 00:30:00,630.84,633.22,630.4,632.01,295,23,0
2026-04-01 00:40:00,631.87,632.33,629.61,631.01,293,23,0
2026-04-01 00:50:00,631.53,637.88,631.09,636.73,292,23,0
2026-04-01 01:00:00,636.85,642.31,636.53,640.78,291,23,0
2026-04-01 01:10:00,640.92,644.84,637.93,644.84,297,23,0
2026-04-01 01:20:00,645.04,648.16,644.53,648.16,296,23,0
2026-04-01 01:30:00,648.13,649.87,647.2,648.27,292,23,0
2026-04-01 01:40:00,648.07,651.14,647.02,648.36,296,23,0
2026-04-01 01:50:00,648.72,649.85,645.73,645.73,296,23,0
2026-04-01 02:00:00,645.75,646.96,642.86,643.98,297,23,0
2026-04-01 02:10:00,643.98,648.59,641.8,648.44,292,23,0
2026-04-01 02:20:00,648.56,648.65,645.18,646.59,296,23,0
2026-04-01 02:30:00,646.64,647.41,643.58,643.68,291,23,0
2026-04-01 02:40:00,643.77,646.8,642.76,644.05,295,23,0
2026-04-01 02:50:00,643.94,644.5,640.46,643.72,294,23,0
2026-04-01 03:00:00,643.57,647.94,643.56,645.42,294,23,0
2026-04-01 03:10:00,645.29,646.87,642.9,643.24,296,23,0
2026-04-01 03:20:00,643.1,644.95,641.76,644.77,291,23,0
2026-04-01 03:30:00,644.78,644.99,641.03,641.34,290,23,0
2026-04-01 03:40:00,641.11,644.72,640.99,642.88,293,23,0
2026-04-01 03:50:00,642.82,643.49,638.68,639.8,297,23,0
2026-04-01 04:00:00,639.81,642.68,637.7,642.0,290,23,0
2026-04-01 04:10:00,642.18,642.19,639.08,640.35,292,23,0
2026-04-01 04:20:00,640.53,644.63,639.8,644.63,294,23,0
2026-04-01 04:30:00,644.69,647.65,644.64,647.64,293,23,0
2026-04-01 04:40:00,647.26,648.01,643.54,645.26,293,23,0
2026-04-01 04:50:00,645.21,646.98,643.13,645.19,294,23,0
2026-04-01 05:00:00,644.99,652.22,644.74,651.19,297,23,0
2026-04-01 05:10:00,651.05,654.23,649.81,650.65,296,23,0
2026-04-01 05:20:00,650.97,652.49,650.11,650.81,291,23,0
2026-04-01 05:30:00,650.87,651.46,649.06,650.61,297,23,0
2026-04-01 05:40:00,650.52,652.96,649.18,650.82,291,23,0
2026-04-01 05:50:00,650.77,654.67,649.46,654.61,291,23,0
2026-04-01 06:00:00,654.79,656.8,654.07,654.68,289,23,0
2026-04-01 06:10:00,654.66,657.4,653.72,656.41,297,23,0
2026-04-01 06:20:00,656.61,657.39,652.27,652.27,289,23,0
2026-04-01 06:30:00,651.83,655.81,650.85,652.23,296,23,0
2026-04-01 06:40:00,652.19,653.57,644.21,644.3,298,23,0
2026-04-01 06:50:00,644.17,648.9,642.73,647.26,293,23,0
2026-04-01 07:00:00,647.29,649.19,644.88,649.12,295,23,0
2026-04-01 07:10:00,649.21,651.37,647.45,647.45,292,23,0
2026-04-01 07:20:00,647.76,650.87,647.48,649.62,297,23,0
2026-04-01 07:30:00,649.8,654.39,649.56,653.19,291,23,0
2026-04-01 07:40:00,653.11,656.37,652.56,655.52,291,23,0
2026-04-01 07:50:00,655.52,658.67,653.81,656.22,292,23,0
2026-04-01 08:00:00,656.13,657.68,653.66,654.33,293,23,0
2026-04-01 08:10:00,654.38,657.0,653.35,655.93,293,23,0
2026-04-01 08:20:00,655.95,658.67,655.95,658.12,293,23,0
2026-04-01 08:30:00,658.26,659.79,657.48,658.17,296,23,0
2026-04-01 08:40:00,658.29,658.55,655.19,655.97,297,23,0
2026-04-01 08:50:00,655.98,657.36,653.24,653.24,294,23,0
2026-04-01 09:00:00,653.32,659.41,652.54,658.27,293,23,0
2026-04-01 09:10:00,658.43,661.49,657.19,660.0,292,23,0
2026-04-01 09:20:00,659.97,661.63,652.23,652.23,294,23,0
2026-04-01 09:30:00,652.23,656.27,649.67,653.38,297,23,0
2026-04-01 09:40:00,653.79,655.55,651.11,655.38,294,23,0
2026-04-01 09:50:00,655.33,659.11,655.02,657.03,291,23,0
2026-04-01 10:00:00,657.03,657.75,654.9,655.78,293,23,0
2026-04-01 10:10:00,655.92,659.06,654.64,657.03,296,23,0
2026-04-01 10:20:00,656.95,658.94,655.82,657.45,295,23,0
2026-04-01 10:30:00,657.51,661.64,657.51,659.53,297,23,0
2026-04-01 10:40:00,659.35,662.31,656.28,661.4,293,23,0
2026-04-01 10:50:00,661.32,663.38,659.47,662.74,293,23,0
2026-04-01 11:00:00,662.9,665.4,660.44,660.85,294,23,0
2026-04-01 11:10:00,660.77,663.97,660.77,662.53,297,23,0
2026-04-01 11:20:00,662.48,662.9,656.05,657.61,295,23,0
2026-04-01 11:30:00,657.82,658.13,654.18,654.54,291,23,0
2026-04-01 11:40:00,654.47,658.09,653.96,657.96,292,23,0
2026-04-01 11:50:00,658.16,658.16,655.14,655.14,289,23,0
2026-04-01 12:00:00,655.01,661.32,655.01,660.54,297,23,0
2026-04-01 12:10:00,660.7,664.96,658.65,664.58,292,23,0
2026-04-01 12:20:00,664.44,666.62,663.51,663.85,294,23,0
2026-04-01 12:30:00,663.97,664.29,659.51,661.64,292,23,0
2026-04-01 12:40:00,661.55,662.54,658.39,659.81,290,23,0
2026-04-01 12:50:00,659.99,659.99,654.43,654.64,296,23,0
2026-04-01 13:00:00,654.34,654.34,647.37,647.55,294,23,0
2026-04-01 13:10:00,647.64,653.12,646.76,653.03,293,23,0
2026-04-01 13:20:00,653.02,654.11,650.83,652.81,294,23,0
2026-04-01 13:30:00,652.72,652.78,650.41,650.67,290,23,0
2026-04-01 13:40:00,650.67,654.53,649.98,654.3,297,23,0
2026-04-01 13:50:00,654.55,657.6,653.71,655.14,288,23,0
2026-04-01 14:00:00,655.18,658.27,653.97,656.21,293,23,0
2026-04-01 14:10:00,656.48,656.9,650.57,651.33,294,23,0
2026-04-01 14:20:00,651.48,653.81,650.7,651.65,293,23,0
2026-04-01 14:30:00,651.4,652.52,649.81,650.32,285,23,0
2026-04-01 14:40:00,650.48,656.08,649.62,655.15,293,23,0
2026-04-01 14:50:00,654.91,656.09,652.0,653.46,295,23,0
2026-04-01 15:00:00,653.33,653.71,648.32,648.52,292,23,0
2026-04-01 15:10:00,648.64,649.41,643.34,643.34,296,23,0
2026-04-01 15:20:00,643.36,645.85,642.86,643.62,292,23,0
2026-04-01 15:30:00,643.33,643.78,640.98,641.3,294,23,0
2026-04-01 15:40:00,641.31,643.1,639.63,639.63,294,23,0
2026-04-01 15:50:00,639.74,641.06,638.51,638.57,294,23,0
2026-04-01 16:00:00,638.51,640.1,637.55,637.55,292,23,0
2026-04-01 16:10:00,637.56,638.54,634.7,634.8,293,23,0
2026-04-01 16:20:00,634.98,635.67,633.28,634.61,294,23,0
2026-04-01 16:30:00,634.74,635.0,629.42,631.53,286,23,0
2026-04-01 16:40:00,631.63,634.08,629.49,631.7,294,23,0
2026-04-01 16:50:00,631.31,633.84,629.75,629.93,295,23,0
2026-04-01 17:00:00,629.97,631.61,628.54,630.08,288,23,0
2026-04-01 17:10:00,629.94,631.45,626.72,630.24,296,23,0
2026-04-01 17:20:00,630.28,632.32,628.25,632.15,298,23,0
2026-04-01 17:30:00,632.19,634.02,631.88,633.08,288,23,0
2026-04-01 17:40:00,633.05,635.66,630.89,633.16,294,23,0
2026-04-01 17:50:00,632.91,633.34,629.87,631.38,294,23,0
2026-04-01 18:00:00,631.39,633.04,629.33,631.51,294,23,0
2026-04-01 18:10:00,631.37,634.9,630.31,634.6,295,23,0
2026-04-01 18:20:00,634.69,635.1,632.03,633.9,294,23,0
2026-04-01 18:30:00,633.81,636.3,629.74,630.14,290,23,0
2026-04-01 18:40:00,629.94,632.23,629.53,629.59,296,23,0
2026-04-01 18:50:00,629.68,630.69,627.51,629.27,288,23,0
2026-04-01 19:00:00,629.52,631.29,627.01,629.24,293,23,0
2026-04-01 19:10:00,629.13,631.32,625.9,630.44,296,23,0
2026-04-01 19:20:00,630.27,633.91,629.84,630.91,288,23,0
2026-04-01 19:30:00,631.09,634.17,629.15,634.15,291,23,0
2026-04-01 19:40:00,634.1,635.15,632.21,634.34,289,23,0
2026-04-01 19:50:00,634.19,636.87,631.13,633.13,293,23,0
2026-04-01 20:00:00,633.03,638.14,632.25,638.14,297,23,0
2026-04-01 20:10:00,637.94,642.49,637.29,641.87,293,23,0
2026-04-01 20:20:00,641.89,643.51,637.53,637.78,297,23,0
2026-04-01 20:30:00,637.72,640.73,634.41,640.02,294,23,0
2026-04-01 20:40:00,639.69,642.62,639.66,641.11,298,23,0
2026-04-01 20:50:00,641.23,641.37,637.03,639.14,291,23,0
2026-04-01 21:00:00,639.26,641.09,635.5,635.5,293,23,0
2026-04-01 21:10:00,635.23,637.83,633.7,637.56,290,23,0
2026-04-01 21:20:00,637.41,639.04,634.97,634.97,294,23,0
2026-04-01 21:30:00,634.97,638.33,634.17,637.57,291,23,0
2026-04-01 21:40:00,637.71,639.03,633.83,634.83,293,23,0
2026-04-01 21:50:00,634.65,634.8,629.19,632.38,295,23,0
2026-04-01 22:00:00,632.29,632.29,628.19,629.64,288,23,0
2026-04-01 22:10:00,629.55,629.64,625.53,626.04,288,23,0
2026-04-01 22:20:00,626.29,626.76,623.87,624.24,294,23,0
2026-04-01 22:30:00,624.1,626.01,622.17,625.54,293,23,0
2026-04-01 22:40:00,625.44,626.05,621.97,624.56,290,23,0
2026-04-01 22:50:00,624.49,626.42,621.19,625.28,289,23,0
2026-04-01 23:00:00,625.26,625.26,621.7,622.39,293,23,0
2026-04-01 23:10:00,622.37,623.19,620.44,622.91,292,23,0
2026-04-01 23:20:00,622.85,626.59,621.43,625.72,291,23,0
2026-04-01 23:30:00,625.55,627.85,624.66,626.67,297,23,0
2026-04-01 23:40:00,626.83,629.0,626.46,627.11,291,23,0
2026-04-01 23:50:00,627.17,627.17,622.28,622.7,294,23,0
2026-04-02 00:00:00,622.46,622.86,620.41,622.5,295,23,0
2026-04-02 00:10:00,622.86,628.15,622.68,627.06,293,23,0
2026-04-02 00:20:00,626.84,626.92,623.69,624.65,294,23,0
2026-04-02 00:30:00,624.59,628.32,624.45,627.88,290,23,0
2026-04-02 00:40:00,627.75,628.98,626.56,628.09,291,23,0
2026-04-02 00:50:00,627.99,631.28,627.34,627.85,292,23,0
2026-04-02 01:00:00,627.62,629.93,626.13,627.23,294,23,0
2026-04-02 01:10:00,627.84,628.75,626.33,626.95,294,23,0
2026-04-02 01:20:00,627.28,627.7,621.11,621.86,296,23,0
2026-04-02 01:30:00,621.75,622.39,618.11,618.17,292,23,0
2026-04-02 01:40:00,618.44,623.01,617.75,619.88,291,23,0
2026-04-02 01:50:00,620.06,622.58,618.17,619.03,296,23,0
2026-04-02 02:00:00,618.8,620.18,615.4,616.05,268,23,0
2026-04-02 02:10:00,615.96,616.17,612.51,614.95,287,23,0
2026-04-02 02:20:00,614.84,615.47,612.42,615.47,291,23,0
2026-04-02 02:30:00,615.5,618.85,615.16,616.65,295,23,0
2026-04-02 02:40:00,616.51,618.84,615.91,616.86,293,23,0
2026-04-02 02:50:00,616.81,616.91,612.97,614.96,291,23,0
2026-04-02 03:00:00,615.1,617.91,613.24,613.24,293,23,0
2026-04-02 03:10:00,613.58,614.67,607.82,611.26,293,23,0
2026-04-02 03:20:00,611.26,615.29,610.35,612.4,292,23,0
2026-04-02 03:30:00,612.41,615.89,611.56,615.21,296,23,0
2026-04-02 03:40:00,615.22,617.3,613.96,616.67,297,23,0
2026-04-02 03:50:00,616.67,619.28,613.04,613.46,290,23,0
2026-04-02 04:00:00,613.45,615.34,611.68,612.58,295,23,0
2026-04-02 04:10:00,612.54,613.6,610.54,611.78,293,23,0
2026-04-02 04:20:00,611.64,616.02,610.83,613.14,293,23,0
2026-04-02 04:30:00,613.25,615.62,612.36,614.48,288,23,0
2026-04-02 04:40:00,614.55,617.37,613.18,614.15,291,23,0
2026-04-02 04:50:00,614.44,616.51,612.52,613.38,293,23,0
2026-04-02 05:00:00,613.64,615.8,611.12,611.21,291,23,0
2026-04-02 05:10:00,610.9,611.87,607.91,608.29,290,23,0
2026-04-02 05:20:00,608.34,611.64,607.83,610.02,295,23,0
2026-04-02 05:30:00,609.95,611.74,608.55,610.2,287,23,0
2026-04-02 05:40:00,610.19,612.97,609.75,610.96,291,23,0
2026-04-02 05:50:00,610.92,613.83,609.1,610.15,296,23,0
2026-04-02 06:00:00,610.16,614.96,609.36,613.96,295,23,0
2026-04-02 06:10:00,613.79,614.32,609.55,611.61,293,23,0
2026-04-02 06:20:00,611.66,611.78,609.21,609.41,291,23,0
2026-04-02 06:30:00,609.38,610.85,608.2,609.74,293,23,0
2026-04-02 06:40:00,609.9,610.02,606.57,608.23,295,23,0
2026-04-02 06:50:00,608.42,611.0,607.58,609.58,289,23,0
2026-04-02 07:00:00,609.78,615.14,609.55,613.16,293,23,0
2026-04-02 07:10:00,613.1,614.02,610.85,612.34,295,23,0
2026-04-02 07:20:00,612.27,615.41,610.66,615.12,290,23,0
2026-04-02 07:30:00,615.05,616.85,609.24,609.47,292,23,0
2026-04-02 07:40:00,609.27,609.39,605.52,606.69,292,23,0
2026-04-02 07:50:00,606.67,608.35,604.83,607.56,291,23,0
2026-04-02 08:00:00,607.33,607.33,604.38,604.58,298,23,0
2026-04-02 08:10:00,604.54,608.07,603.57,606.16,292,23,0
2026-04-02 08:20:00,606.34,609.01,605.1,605.1,294,23,0
2026-04-02 08:30:00,605.04,605.19,601.97,604.08,291,23,0
2026-04-02 08:40:00,604.02,607.71,603.59,605.9,296,23,0
2026-04-02 08:50:00,605.88,611.21,605.58,611.21,286,23,0
2026-04-02 09:00:00,611.27,614.79,611.27,614.21,295,23,0
2026-04-02 09:10:00,614.29,615.13,611.38,612.89,294,23,0
2026-04-02 09:20:00,612.74,615.72,612.59,615.2,288,23,0
2026-04-02 09:30:00,615.24,615.83,612.14,613.1,296,23,0
2026-04-02 09:40:00,613.15,615.07,610.96,611.42,289,23,0
2026-04-02 09:50:00,611.46,611.74,608.31,608.31,295,23,0
2026-04-02 10:00:00,608.53,609.51,606.34,608.67,291,23,0
2026-04-02 10:10:00,608.76,609.87,606.92,609.0,292,23,0
2026-04-02 10:20:00,609.01,609.78,605.78,608.29,291,23,0
2026-04-02 10:30:00,608.06,608.42,605.64,605.71,295,23,0
2026-04-02 10:40:00,605.85,609.01,605.57,607.16,295,23,0
2026-04-02 10:50:00,607.12,611.33,606.43,610.59,294,23,0
2026-04-02 11:00:00,610.68,610.93,607.99,610.16,291,23,0
2026-04-02 11:10:00,610.13,612.51,607.87,612.0,293,23,0
2026-04-02 11:20:00,611.89,612.15,608.35,609.48,293,23,0
2026-04-02 11:30:00,609.48,613.72,609.48,612.83,288,23,0
2026-04-02 11:40:00,612.85,615.28,610.69,611.19,292,23,0
2026-04-02 11:50:00,611.02,615.95,611.02,615.08,296,23,0
2026-04-02 12:00:00,615.38,616.86,613.76,616.52,290,23,0
2026-04-02 12:10:00,616.64,620.84,615.68,617.92,291,23,0
2026-04-02 12:20:00,617.9,618.11,615.95,617.0,293,23,0
2026-04-02 12:30:00,616.87,619.02,613.26,618.19,290,23,0
2026-04-02 12:40:00,618.28,620.81,618.0,618.01,291,23,0
2026-04-02 12:50:00,617.76,620.04,616.81,618.16,292,23,0
2026-04-02 13:00:00,618.03,618.41,616.04,617.18,296,23,0
2026-04-02 13:10:00,616.96,617.51,614.07,616.96,291,23,0
2026-04-02 13:20:00,617.31,618.33,615.0,615.58,291,23,0
2026-04-02 13:30:00,615.79,617.27,613.12,614.79,290,23,0
2026-04-02 13:40:00,614.87,620.24,614.28,619.85,292,23,0
2026-04-02 13:50:00,619.75,622.37,618.78,620.66,294,23,0
2026-04-02 14:00:00,620.58,620.9,616.29,617.65,289,23,0
2026-04-02 14:10:00,617.79,619.17,614.99,616.31,294,23,0
2026-04-02 14:20:00,616.29,619.95,614.64,619.5,297,23,0
2026-04-02 14:30:00,619.67,620.11,616.83,617.0,287,23,0
2026-04-02 14:40:00,616.79,619.13,615.07,615.14,288,23,0
2026-04-02 14:50:00,615.26,617.52,614.28,616.02,294,23,0
2026-04-02 15:00:00,616.09,616.5,612.73,613.46,292,23,0
2026-04-02 15:10:00,613.45,616.46,613.02,613.69,294,23,0
2026-04-02 15:20:00,613.63,616.66,613.14,616.12,291,23,0
2026-04-02 15:30:00,616.17,616.64,612.99,613.08,291,23,0
2026-04-02 15:40:00,613.22,615.3,609.67,613.89,297,23,0
2026-04-02 15:50:00,613.82,618.55,613.82,617.3,291,23,0
2026-04-02 16:00:00,617.34,620.74,617.0,620.34,293,23,0
2026-04-02 16:10:00,620.27,623.72,619.14,622.04,291,23,0
2026-04-02 16:20:00,621.71,621.96,619.44,621.37,293,23,0
2026-04-02 16:30:00,621.32,623.42,617.37,618.66,293,23,0
2026-04-02 16:40:00,618.66,619.13,612.21,614.54,292,23,0
2026-04-02 16:50:00,614.6,618.72,613.85,617.88,293,23,0
2026-04-02 17:00:00,617.93,621.26,617.93,619.72,295,23,0
2026-04-02 17:10:00,619.99,624.6,619.41,622.12,294,23,0
2026-04-02 17:20:00,622.36,623.04,620.24,621.12,292,23,0
2026-04-02 17:30:00,620.95,620.95,616.57,618.62,294,23,0
2026-04-02 17:40:00,618.68,620.62,617.31,618.25,296,23,0
2026-04-02 17:50:00,618.4,620.83,617.56,620.58,296,23,0
2026-04-02 18:00:00,620.71,622.41,619.85,620.92,291,23,0
2026-04-02 18:10:00,620.94,622.0,618.96,620.81,293,23,0
2026-04-02 18:20:00,620.66,621.7,616.14,616.6,294,23,0
2026-04-02 18:30:00,616.64,618.72,615.25,616.48,288,23,0
2026-04-02 18:40:00,616.62,620.51,615.63,616.33,294,23,0
2026-04-02 18:50:00,616.11,617.45,614.24,617.05,296,23,0
2026-04-02 19:00:00,617.14,617.61,614.71,616.43,293,23,0
2026-04-02 19:10:00,616.34,619.62,615.03,619.53,294,23,0
2026-04-02 19:20:00,619.67,621.79,618.62,620.18,291,23,0
2026-04-02 19:30:00,620.12,622.52,617.51,621.89,296,23,0
2026-04-02 19:40:00,621.92,622.29,619.33,621.16,289,23,0
2026-04-02 19:50:00,620.97,624.37,618.62,623.75,293,23,0
2026-04-02 20:00:00,623.68,627.32,623.39,627.01,293,23,0
2026-04-02 20:10:00,626.76,628.4,625.48,626.33,293,23,0
2026-04-02 20:20:00,626.33,628.29,624.13,624.98,295,23,0
2026-04-02 20:30:00,625.34,629.53,625.34,629.38,293,23,0
2026-04-02 20:40:00,629.32,631.24,626.88,627.31,293,23,0
2026-04-02 20:50:00,627.08,627.43,625.05,627.41,292,23,0
2026-04-02 21:00:00,627.47,627.8,623.69,624.56,294,23,0
2026-04-02 21:10:00,624.48,626.68,623.22,625.4,288,23,0
2026-04-02 21:20:00,625.52,627.95,623.71,627.44,291,23,0
2026-04-02 21:30:00,627.32,627.37,622.68,622.68,296,23,0
2026-04-02 21:40:00,622.67,624.19,621.0,623.08,296,23,0
2026-04-02 21:50:00,623.02,626.36,622.94,623.52,295,23,0
2026-04-02 22:00:00,623.65,624.96,623.08,623.34,293,23,0
2026-04-02 22:10:00,623.4,623.71,619.49,620.55,295,23,0
2026-04-02 22:20:00,620.59,621.64,618.89,619.39,291,23,0
2026-04-02 22:30:00,619.56,620.14,617.05,620.14,287,23,0
2026-04-02 22:40:00,620.34,621.92,619.16,619.86,292,23,0
2026-04-02 22:50:00,619.94,623.38,619.24,623.33,293,23,0
2026-04-02 23:00:00,623.17,628.36,623.01,625.98,292,23,0
2026-04-02 23:10:00,626.0,629.09,623.9,624.27,296,23,0
2026-04-02 23:20:00,624.42,625.99,622.57,624.2,294,23,0
2026-04-02 23:30:00,624.08,628.42,623.67,628.33,291,23,0
2026-04-02 23:40:00,628.27,630.04,626.73,627.65,294,23,0
2026-04-02 23:50:00,627.48,629.45,625.45,629.45,292,23,0
2026-04-03 00:00:00,629.29,634.37,628.77,634.28,290,23,0
2026-04-03 00:10:00,634.13,640.74,633.93,640.45,289,23,0
2026-04-03 00:20:00,640.62,645.21,640.19,644.47,293,23,0
2026-04-03 00:30:00,644.76,646.37,643.35,643.59,295,23,0
2026-04-03 00:40:00,643.61,646.0,642.52,646.0,288,23,0
2026-04-03 00:50:00,645.88,647.2,644.85,647.16,294,23,0
2026-04-03 01:00:00,647.21,647.53,641.8,642.01,294,23,0
2026-04-03 01:10:00,641.62,644.55,641.07,642.67,291,23,0
2026-04-03 01:20:00,642.56,643.67,638.14,641.81,295,23,0
2026-04-03 01:30:00,641.78,642.79,637.03,637.18,295,23,0
2026-04-03 01:40:00,636.99,640.21,635.12,637.11,293,23,0
2026-04-03 01:50:00,636.99,640.2,636.99,639.32,292,23,0
2026-04-03 02:00:00,639.23,645.45,638.57,643.03,298,23,0
2026-04-03 02:10:00,643.14,643.91,641.08,643.81,297,23,0
2026-04-03 02:20:00,643.87,645.52,640.83,641.32,293,23,0
2026-04-03 02:30:00,641.11,643.35,640.95,643.1,293,23,0
2026-04-03 02:40:00,643.14,644.87,640.06,642.01,290,23,0
2026-04-03 02:50:00,641.96,644.39,641.36,643.97,293,23,0
2026-04-03 03:00:00,643.77,644.71,642.18,642.53,292,23,0
2026-04-03 03:10:00,642.49,645.86,642.49,644.66,293,23,0
2026-04-03 03:20:00,644.74,646.14,641.48,641.9,290,23,0
2026-04-03 03:30:00,641.73,647.36,641.6,643.16,291,23,0
2026-04-03 03:40:00,643.18,648.93,641.94,648.76,292,23,0
2026-04-03 03:50:00,648.85,650.11,647.56,649.67,288,23,0
2026-04-03 04:00:00,649.73,649.89,643.47,644.25,286,23,0
2026-04-03 04:10:00,644.35,647.5,643.42,645.3,288,23,0
2026-04-03 04:20:00,645.19,646.75,643.14,643.93,295,23,0
2026-04-03 04:30:00,643.82,650.14,642.69,649.81,288,23,0
2026-04-03 04:40:00,649.59,651.41,649.02,649.49,286,23,0
2026-04-03 04:50:00,649.5,651.3,648.39,650.88,296,23,0
2026-04-03 05:00:00,650.8,651.86,646.11,650.39,294,23,0
2026-04-03 05:10:00,650.67,650.76,647.56,647.97,296,23,0
2026-04-03 05:20:00,647.72,651.18,644.79,645.56,294,23,0
2026-04-03 05:30:00,645.26,645.48,638.9,638.93,295,23,0
2026-04-03 05:40:00,639.14,641.02,636.6,638.05,293,23,0
2026-04-03 05:50:00,637.81,638.73,634.84,635.14,293,23,0
2026-04-03 06:00:00,634.77,636.45,633.2,635.11,294,23,0
2026-04-03 06:10:00,635.35,637.21,633.05,637.21,294,23,0
2026-04-03 06:20:00,636.99,638.91,635.07,637.66,293,23,0
2026-04-03 06:30:00,637.88,645.91,637.06,645.91,295,23,0
2026-04-03 06:40:00,645.86,647.62,644.16,645.28,292,23,0
2026-04-03 06:50:00,645.48,648.3,645.38,646.95,291,23,0
2026-04-03 07:00:00,647.02,648.65,643.85,648.65,295,23,0
2026-04-03 07:10:00,648.73,650.81,645.54,649.27,297,23,0
2026-04-03 07:20:00,649.27,650.14,644.43,645.05,294,23,0
2026-04-03 07:30:00,645.11,648.17,644.88,646.69,297,23,0
2026-04-03 07:40:00,646.56,649.19,644.22,645.04,290,23,0
2026-04-03 07:50:00,645.24,646.13,642.31,643.34,294,23,0
2026-04-03 08:00:00,643.17,646.61,642.02,646.26,294,23,0
2026-04-03 08:10:00,646.49,648.43,644.69,644.91,289,23,0
2026-04-03 08:20:00,644.76,644.83,641.49,641.89,292,23,0
2026-04-03 08:30:00,642.01,642.31,636.49,636.61,289,23,0
2026-04-03 08:40:00,636.76,638.89,635.91,636.6,296,23,0
2026-04-03 08:50:00,636.51,638.71,632.68,632.78,297,23,0
2026-04-03 09:00:00,632.85,633.92,630.65,630.86,298,23,0
2026-04-03 09:10:00,630.84,631.54,627.8,628.41,295,23,0
2026-04-03 09:20:00,628.07,628.43,621.22,622.12,295,23,0
2026-04-03 09:30:00,621.93,623.33,619.92,620.6,293,23,0
2026-04-03 09:40:00,620.49,622.09,617.87,620.19,299,23,0
2026-04-03 09:50:00,619.91,620.19,616.22,616.65,292,23,0
2026-04-03 10:00:00,616.75,616.98,612.2,612.32,293,23,0
2026-04-03 10:10:00,612.41,619.78,612.41,619.65,291,23,0
2026-04-03 10:20:00,619.66,623.16,617.08,622.09,293,23,0
2026-04-03 10:30:00,622.09,622.35,618.08,618.61,295,23,0
2026-04-03 10:40:00,618.64,623.91,618.43,622.45,296,23,0
2026-04-03 10:50:00,622.52,628.75,622.17,628.47,291,23,0
2026-04-03 11:00:00,628.61,629.64,626.07,627.5,295,23,0
2026-04-03 11:10:00,627.33,627.59,624.23,626.54,296,23,0
2026-04-03 11:20:00,626.36,628.35,626.23,626.47,293,23,0
2026-04-03 11:30:00,626.3,626.88,623.7,624.59,294,23,0
2026-04-03 11:40:00,624.63,624.63,620.6,620.85,292,23,0
2026-04-03 11:50:00,620.69,623.26,618.07,619.79,292,23,0
2026-04-03 12:00:00,619.77,622.73,619.44,622.11,291,23,0
2026-04-03 12:10:00,621.98,623.66,619.53,620.1,296,23,0
2026-04-03 12:20:00,620.09,624.84,620.09,623.4,287,23,0
2026-04-03 12:30:00,623.26,625.36,620.49,621.35,295,23,0
2026-04-03 12:40:00,621.44,621.48,618.52,619.28,292,23,0
2026-04-03 12:50:00,619.23,619.6,615.57,616.57,287,23,0
2026-04-03 13:00:00,616.59,617.88,614.5,614.5,289,23,0
2026-04-03 13:10:00,614.58,619.9,614.43,619.33,293,23,0
2026-04-03 13:20:00,619.24,621.73,613.79,613.97,294,23,0
2026-04-03 13:30:00,613.71,613.89,611.06,612.58,292,23,0
2026-04-03 13:40:00,612.57,616.18,611.97,616.09,296,23,0
2026-04-03 13:50:00,616.02,619.07,615.44,618.62,291,23,0
2026-04-03 14:00:00,618.61,620.24,615.75,616.59,292,23,0
2026-04-03 14:10:00,616.55,616.55,610.67,611.46,295,23,0
2026-04-03 14:20:00,611.62,613.72,609.59,610.75,293,23,0
2026-04-03 14:30:00,610.74,614.94,609.95,614.68,289,23,0
2026-04-03 14:40:00,614.62,615.49,612.37,614.03,291,23,0
2026-04-03 14:50:00,613.86,615.2,612.39,614.15,291,23,0
2026-04-03 15:00:00,614.35,617.61,613.09,613.7,291,23,0
2026-04-03 15:10:00,613.89,618.97,612.56,618.28,287,23,0
2026-04-03 15:20:00,618.4,623.03,618.33,619.6,291,23,0
2026-04-03 15:30:00,619.43,620.68,616.41,620.0,295,23,0
2026-04-03 15:40:00,619.74,620.45,617.54,619.64,293,23,0
2026-04-03 15:50:00,619.6,619.6,614.52,615.46,293,23,0
2026-04-03 16:00:00,615.46,618.09,614.46,616.8,288,23,0
2026-04-03 16:10:00,616.94,617.11,614.38,614.63,292,23,0
2026-04-03 16:20:00,614.58,617.77,613.88,617.76,293,23,0
2026-04-03 16:30:00,617.81,619.24,616.77,618.94,293,23,0
2026-04-03 16:40:00,619.11,623.09,619.11,622.94,295,23,0
2026-04-03 16:50:00,622.99,626.12,621.96,625.65,293,23,0
2026-04-03 17:00:00,625.7,628.6,624.19,628.56,292,23,0
2026-04-03 17:10:00,628.49,632.7,627.74,632.56,293,23,0
2026-04-03 17:20:00,632.64,632.64,629.59,631.01,290,23,0
2026-04-03 17:30:00,630.65,633.76,629.84,631.27,293,23,0
2026-04-03 17:40:00,630.95,631.03,626.97,629.64,290,23,0
2026-04-03 17:50:00,629.7,632.4,629.11,630.97,294,23,0
2026-04-03 18:00:00,630.82,630.87,624.03,624.48,293,23,0
2026-04-03 18:10:00,624.23,626.8,623.19,626.78,289,23,0
2026-04-03 18:20:00,626.76,628.15,622.31,623.0,298,23,0
2026-04-03 18:30:00,622.9,624.5,621.85,623.5,291,23,0
2026-04-03 18:40:00,623.79,626.77,622.41,622.97,293,23,0
2026-04-03 18:50:00,623.02,623.57,620.02,620.02,292,23,0
2026-04-03 19:00:00,619.68,622.16,618.9,621.8,296,23,0
2026-04-03 19:10:00,622.11,625.09,621.97,623.08,288,23,0
2026-04-03 19:20:00,622.85,623.53,621.6,623.12,294,23,0
2026-04-03 19:30:00,623.15,627.2,621.36,625.69,292,23,0
2026-04-03 19:40:00,625.42,626.29,621.14,622.91,290,23,0
2026-04-03 19:50:00,622.9,625.43,621.68,622.12,292,23,0
2026-04-03 20:00:00,622.2,625.77,620.17,625.11,292,23,0
2026-04-03 20:10:00,625.09,629.56,625.09,627.96,290,23,0
2026-04-03 20:20:00,628.01,630.26,626.23,629.5,293,23,0
2026-04-03 20:30:00,629.78,629.78,623.24,625.12,289,23,0
2026-04-03 20:40:00,625.1,630.69,625.09,627.36,294,23,0
2026-04-03 20:50:00,627.31,628.28,623.34,624.25,293,23,0
2026-04-03 21:00:00,624.26,627.7,623.11,626.82,294,23,0
2026-04-03 21:10:00,626.72,628.51,625.85,626.57,291,23,0
2026-04-03 21:20:00,626.41,626.41,621.24,621.43,289,23,0
2026-04-03 21:30:00,621.27,623.1,619.34,619.34,294,23,0
2026-04-03 21:40:00,619.39,622.62,619.14,619.51,298,23,0
2026-04-03 21:50:00,619.31,621.21,618.43,618.85,295,23,0
2026-04-03 22:00:00,618.77,620.77,617.12,617.6,294,23,0
2026-04-03 22:10:00,617.65,617.65,614.47,614.6,294,23,0
2026-04-03 22:20:00,614.69,617.1,612.82,613.89,294,23,0
2026-04-03 22:30:00,613.9,616.93,611.19,611.22,292,23,0
2026-04-03 22:40:00,611.31,615.08,609.75,614.95,295,23,0
2026-04-03 22:50:00,614.97,617.25,613.53,613.72,289,23,0
2026-04-03 23:00:00,613.52,615.96,613.38,613.69,293,23,0
2026-04-03 23:10:00,613.5,614.13,611.21,612.14,292,23,0
2026-04-03 23:20:00,612.09,613.27,608.55,609.47,291,23,0
2026-04-03 23:30:00,609.43,610.37,604.17,604.42,292,23,0
2026-04-03 23:40:00,604.2,607.69,604.18,606.27,296,23,0
2026-04-03 23:50:00,606.23,606.79,603.2,604.98,294,23,0
2026-04-04 00:00:00,604.87,607.93,603.7,607.93,293,23,0
2026-04-04 00:10:00,607.64,611.29,607.64,609.27,291,23,0
2026-04-04 00:20:00,609.28,611.98,607.46,611.83,294,23,0
2026-04-04 00:30:00,611.9,613.22,611.05,612.16,295,23,0
2026-04-04 00:40:00,612.24,615.65,612.24,614.11,294,23,0
2026-04-04 00:50:00,613.94,614.7,612.23,612.56,295,23,0
2026-04-04 01:00:00,612.88,616.75,612.12,616.32,294,23,0
2026-04-04 01:10:00,616.32,622.03,616.21,619.12,289,23,0
2026-04-04 01:20:00,619.0,620.0,616.63,619.87,289,23,0
2026-04-04 01:30:00,619.89,621.12,618.79,619.51,288,23,0
2026-04-04 01:40:00,619.52,620.64,614.68,616.81,293,23,0
2026-04-04 01:50:00,616.91,619.52,615.84,618.05,292,23,0
2026-04-04 02:00:00,617.96,621.96,616.67,621.11,294,23,0
2026-04-04 02:10:00,621.14,622.54,618.91,620.69,292,23,0
2026-04-04 02:20:00,620.78,623.58,619.68,623.16,294,23,0
2026-04-04 02:30:00,622.95,627.25,622.27,626.79,286,23,0
2026-04-04 02:40:00,626.71,629.25,625.04,626.45,298,23,0
2026-04-04 02:50:00,626.57,626.9,620.93,622.38,298,23,0
2026-04-04 03:00:00,622.26,625.79,621.91,625.79,292,23,0
2026-04-04 03:10:00,625.99,627.56,624.78,626.57,291,23,0
2026-04-04 03:20:00,626.54,629.24,625.74,627.17,290,23,0
2026-04-04 03:30:00,627.24,629.58,626.57,629.58,294,23,0
2026-04-04 03:40:00,629.59,631.04,628.4,630.12,291,23,0
2026-04-04 03:50:00,630.34,632.1,626.62,626.88,297,23,0
2026-04-04 04:00:00,626.86,630.4,626.1,629.88,297,23,0
2026-04-04 04:10:00,629.91,630.33,626.56,626.79,294,23,0
2026-04-04 04:20:00,626.75,629.99,626.36,626.58,289,23,0
2026-04-04 04:30:00,626.59,628.65,623.89,627.04,286,23,0
2026-04-04 04:40:00,627.17,627.58,623.74,625.18,293,23,0
2026-04-04 04:50:00,625.18,626.83,624.23,626.79,292,23,0
2026-04-04 05:00:00,626.8,631.39,626.8,630.33,291,23,0
2026-04-04 05:10:00,630.22,632.61,629.96,631.89,293,23,0
2026-04-04 05:20:00,631.98,632.52,630.22,631.17,295,23,0
2026-04-04 05:30:00,631.26,633.88,630.6,632.81,295,23,0
2026-04-04 05:40:00,633.09,636.21,632.54,635.08,295,23,0
2026-04-04 05:50:00,635.36,635.42,630.74,631.24,287,23,0
2026-04-04 06:00:00,631.11,631.47,628.18,630.25,290,23,0
2026-04-04 06:10:00,630.08,631.16,629.62,630.52,295,23,0
2026-04-04 06:20:00,630.45,632.82,628.76,632.24,289,23,0
2026-04-04 06:30:00,632.23,634.66,630.46,633.57,295,23,0
2026-04-04 06:40:00,633.84,639.1,633.36,638.47,291,23,0
2026-04-04 06:50:00,638.42,643.61,637.1,641.98,291,23,0
2026-04-04 07:00:00,642.21,643.3,639.49,642.72,292,23,0
2026-04-04 07:10:00,643.1,647.51,643.1,646.32,294,23,0
2026-04-04 07:20:00,646.29,646.36,641.78,642.37,293,23,0
2026-04-04 07:30:00,642.46,643.76,635.96,636.61,292,23,0
2026-04-04 07:40:00,636.59,640.73,635.54,639.74,294,23,0
2026-04-04 07:50:00,639.96,640.49,637.78,640.39,295,23,0
2026-04-04 08:00:00,640.21,644.83,639.35,644.68,297,23,0
2026-04-04 08:10:00,644.94,647.37,644.45,644.45,291,23,0
2026-04-04 08:20:00,644.46,646.2,641.82,643.91,293,23,0
2026-04-04 08:30:00,643.7,643.92,639.02,640.08,286,23,0
2026-04-04 08:40:00,640.17,642.01,638.84,640.62,294,23,0
2026-04-04 08:50:00,640.81,643.05,637.85,638.34,292,23,0
2026-04-04 09:00:00,638.63,641.9,637.47,640.62,296,23,0
2026-04-04 09:10:00,640.7,641.67,637.95,640.48,291,23,0
2026-04-04 09:20:00,640.75,642.94,638.79,642.94,293,23,0
2026-04-04 09:30:00,643.0,645.88,642.55,645.36,294,23,0
2026-04-04 09:40:00,645.48,651.57,645.24,650.2,292,23,0
2026-04-04 09:50:00,650.11,650.11,643.21,645.11,294,23,0
2026-04-04 10:00:00,645.23,647.46,644.67,646.12,281,23,0
2026-04-04 10:10:00,646.2,646.4,642.72,643.69,296,23,0
2026-04-04 10:20:00,643.78,644.24,640.6,642.0,292,23,0
2026-04-04 10:30:00,641.89,643.26,640.1,640.55,297,23,0
2026-04-04 10:40:00,640.56,640.7,633.15,633.55,292,23,0
2026-04-04 10:50:00,633.72,636.44,633.0,634.82,292,23,0
2026-04-04 11:00:00,634.68,639.51,634.62,638.05,287,23,0
2026-04-04 11:10:00,637.91,639.75,636.84,636.84,292,23,0
2026-04-04 11:20:00,636.93,638.79,635.7,637.1,293,23,0
2026-04-04 11:30:00,636.91,640.37,635.36,640.34,294,23,0
2026-04-04 11:40:00,640.36,641.13,637.48,639.85,293,23,0
2026-04-04 11:50:00,639.74,641.55,636.25,638.99,293,23,0
2026-04-04 12:00:00,638.85,641.95,638.69,640.1,296,23,0
2026-04-04 12:10:00,640.4,642.21,637.13,637.26,296,23,0
2026-04-04 12:20:00,637.37,639.99,636.18,636.97,297,23,0
2026-04-04 12:30:00,637.07,638.92,636.93,637.28,299,23,0
2026-04-04 12:40:00,637.38,638.81,635.12,635.63,293,23,0
2026-04-04 12:50:00,635.85,639.71,635.53,639.36,297,23,0
2026-04-04 13:00:00,639.51,641.75,633.16,633.16,293,23,0
2026-04-04 13:10:00,633.43,634.87,630.88,633.66,292,23,0
2026-04-04 13:20:00,633.73,636.84,633.17,635.33,296,23,0
2026-04-04 13:30:00,635.34,635.48,630.72,630.89,298,23,0
2026-04-04 13:40:00,630.74,633.24,629.42,632.95,293,23,0
2026-04-04 13:50:00,632.89,634.5,631.62,632.97,295,23,0
2026-04-04 14:00:00,633.23,639.99,632.41,639.59,285,23,0
2026-04-04 14:10:00,639.61,641.96,636.65,641.67,294,23,0
2026-04-04 14:20:00,641.61,645.42,641.61,643.25,295,23,0
2026-04-04 14:30:00,643.32,647.71,643.32,647.57,293,23,0
2026-04-04 14:40:00,647.7,649.42,645.03,646.69,291,23,0
2026-04-04 14:50:00,646.46,646.7,636.75,637.74,293,23,0
2026-04-04 15:00:00,637.58,638.24,636.03,636.03,290,23,0
2026-04-04 15:10:00,635.98,644.27,635.21,644.27,295,23,0
2026-04-04 15:20:00,644.05,646.66,642.54,646.39,294,23,0
2026-04-04 15:30:00,646.5,648.14,644.58,647.09,294,23,0
2026-04-04 15:40:00,646.98,649.43,646.63,649.43,290,23,0
2026-04-04 15:50:00,649.43,653.79,649.34,651.05,293,23,0
2026-04-04 16:00:00,651.32,652.1,648.44,649.3,295,23,0
2026-04-04 16:10:00,649.05,650.06,643.71,644.18,287,23,0
2026-04-04 16:20:00,644.25,647.46,642.87,645.41,287,23,0
2026-04-04 16:30:00,645.45,650.92,644.7,647.64,289,23,0
2026-04-04 16:40:00,647.59,652.39,647.09,650.16,294,23,0
2026-04-04 16:50:00,649.93,653.17,649.69,650.73,293,23,0
2026-04-04 17:00:00,650.61,652.66,648.1,652.43,293,23,0
2026-04-04 17:10:00,652.67,655.77,652.07,655.71,294,23,0
2026-04-04 17:20:00,655.32,658.98,654.71,658.45,292,23,0
2026-04-04 17:30:00,658.24,659.59,655.96,658.15,295,23,0
2026-04-04 17:40:00,658.18,661.51,657.03,659.8,295,23,0
2026-04-04 17:50:00,659.56,660.36,655.01,655.28,294,23,0
2026-04-04 18:00:00,654.98,660.04,654.98,659.84,294,23,0
2026-04-04 18:10:00,659.73,664.2,658.88,663.03,294,23,0
2026-04-04 18:20:00,662.65,663.37,660.24,661.82,297,23,0
2026-04-04 18:30:00,661.63,661.88,656.25,657.06,293,23,0
2026-04-04 18:40:00,657.19,657.41,655.43,656.54,291,23,0
2026-04-04 18:50:00,656.59,661.24,656.47,659.99,297,23,0
2026-04-04 19:00:00,660.12,663.5,659.38,662.8,293,23,0
2026-04-04 19:10:00,662.66,667.66,662.48,665.47,292,23,0
2026-04-04 19:20:00,665.85,667.14,662.36,666.45,292,23,0
2026-04-04 19:30:00,666.3,671.03,665.79,670.06,294,23,0
2026-04-04 19:40:00,669.82,676.28,669.65,675.72,292,23,0
2026-04-04 19:50:00,675.79,678.41,673.27,673.44,293,23,0
2026-04-04 20:00:00,673.48,678.48,672.51,676.45,296,23,0
2026-04-04 20:10:00,676.4,676.49,671.25,675.32,294,23,0
2026-04-04 20:20:00,675.16,677.48,672.2,676.07,296,23,0
2026-04-04 20:30:00,675.86,676.0,672.54,674.54,293,23,0
2026-04-04 20:40:00,674.29,676.06,671.46,672.13,295,23,0
2026-04-04 20:50:00,671.98,674.23,670.98,672.59,297,23,0
2026-04-04 21:00:00,672.73,676.01,672.08,675.81,285,23,0
2026-04-04 21:10:00,675.99,676.06,670.93,672.62,293,23,0
2026-04-04 21:20:00,672.69,674.99,671.6,673.62,294,23,0
2026-04-04 21:30:00,673.54,673.54,668.43,669.86,295,23,0
2026-04-04 21:40:00,669.85,670.04,665.86,668.49,293,23,0
2026-04-04 21:50:00,668.34,670.16,665.8,667.43,291,23,0
2026-04-04 22:00:00,667.72,668.84,666.02,667.1,296,23,0
2026-04-04 22:10:00,667.01,668.69,664.66,666.68,294,23,0
2026-04-04 22:20:00,666.76,668.17,665.23,666.06,293,23,0
2026-04-04 22:30:00,665.95,669.69,663.53,669.26,291,23,0
2026-04-04 22:40:00,669.23,671.03,667.72,670.67,295,23,0
2026-04-04 22:50:00,670.62,673.77,669.92,672.82,294,23,0
2026-04-04 23:00:00,672.77,676.77,672.56,676.47,290,23,0
2026-04-04 23:10:00,676.49,677.44,672.89,676.26,289,23,0
2026-04-04 23:20:00,676.38,677.36,674.39,675.94,297,23,0
2026-04-04 23:30:00,675.89,676.27,671.68,672.54,294,23,0
2026-04-04 23:40:00,672.85,674.94,669.88,670.23,289,23,0
2026-04-04 23:50:00,670.71,672.78,667.03,669.58,290,23,0
2026-04-05 00:00:00,669.46,669.46,664.18,665.05,297,23,0
2026-04-05 00:10:00,664.91,664.98,660.2,660.94,292,23,0
2026-04-05 00:20:00,660.99,661.81,658.08,660.53,295,23,0
2026-04-05 00:30:00,660.61,661.22,656.24,661.02,295,23,0
2026-04-05 00:40:00,660.99,663.63,659.93,662.13,298,23,0
2026-04-05 00:50:00,662.13,669.68,661.79,667.79,295,23,0
2026-04-05 01:00:00,668.0,670.3,666.96,669.35,294,23,0
2026-04-05 01:10:00,669.24,671.67,669.24,670.59,290,23,0
2026-04-05 01:20:00,670.71,672.61,667.95,671.77,291,23,0
2026-04-05 01:30:00,671.76,672.24,668.12,671.76,296,23,0
2026-04-05 01:40:00,671.66,674.69,670.23,673.88,293,23,0
2026-04-05 01:50:00,673.95,676.35,673.42,674.77,291,23,0
2026-04-05 02:00:00,675.09,677.73,673.23,676.32,296,23,0
2026-04-05 02:10:00,676.25,678.59,675.21,678.59,290,23,0
2026-04-05 02:20:00,678.64,684.6,678.45,682.0,283,23,0
2026-04-05 02:30:00,681.82,685.13,681.0,682.41,298,23,0
2026-04-05 02:40:00,682.27,683.29,680.28,680.99,294,23,0
2026-04-05 02:50:00,681.08,681.94,679.69,681.43,295,23,0
2026-04-05 03:00:00,681.58,682.45,676.79,682.31,295,23,0
2026-04-05 03:10:00,682.31,683.75,680.06,683.64,296,23,0
2026-04-05 03:20:00,683.58,686.45,682.23,683.65,297,23,0
2026-04-05 03:30:00,683.4,685.73,681.58,685.73,291,23,0
2026-04-05 03:40:00,685.97,690.62,685.67,687.14,296,23,0
2026-04-05 03:50:00,687.12,687.61,680.13,681.64,292,23,0
2026-04-05 04:00:00,681.64,689.63,681.56,687.1,290,23,0
2026-04-05 04:10:00,687.19,690.98,686.06,690.28,296,23,0
2026-04-05 04:20:00,690.3,692.16,688.72,689.82,297,23,0
2026-04-05 04:30:00,689.99,691.23,686.77,687.96,296,23,0
2026-04-05 04:40:00,687.98,691.52,684.94,691.18,295,23,0
2026-04-05 04:50:00,691.21,695.85,689.88,695.48,288,23,0
2026-04-05 05:00:00,695.42,698.97,694.94,698.56,293,23,0
2026-04-05 05:10:00,698.57,701.61,695.94,701.58,294,23,0
2026-04-05 05:20:00,701.97,702.18,698.16,699.25,296,23,0
2026-04-05 05:30:00,699.13,699.92,692.58,693.79,298,23,0
2026-04-05 05:40:00,693.63,694.94,690.03,690.3,297,23,0
2026-04-05 05:50:00,690.09,691.25,688.06,688.25,291,23,0
2026-04-05 06:00:00,688.19,691.55,686.46,686.46,295,23,0
2026-04-05 06:10:00,686.55,688.89,685.01,685.96,290,23,0
2026-04-05 06:20:00,685.74,687.06,684.87,686.52,292,23,0
2026-04-05 06:30:00,686.61,690.21,686.05,686.14,288,23,0
2026-04-05 06:40:00,686.15,686.66,682.92,685.06,298,23,0
2026-04-05 06:50:00,685.07,687.67,684.19,684.19,295,23,0
2026-04-05 07:00:00,684.14,684.35,679.69,681.88,290,23,0
2026-04-05 07:10:00,682.18,683.33,678.86,681.1,293,23,0
2026-04-05 07:20:00,680.61,682.26,679.8,679.87,294,23,0
2026-04-05 07:30:00,679.79,680.31,676.48,676.69,292,23,0
2026-04-05 07:40:00,676.73,677.02,671.78,672.01,292,23,0
2026-04-05 07:50:00,671.86,672.61,667.43,667.57,292,23,0
2026-04-05 08:00:00,667.94,669.11,665.65,668.1,293,23,0
2026-04-05 08:10:00,668.07,669.51,665.05,666.11,293,23,0
2026-04-05 08:20:00,665.87,666.04,661.88,662.83,296,23,0
2026-04-05 08:30:00,662.79,666.1,661.55,664.8,291,23,0
2026-04-05 08:40:00,665.01,668.13,664.88,667.69,288,23,0
2026-04-05 08:50:00,667.87,670.61,667.59,668.62,292,23,0
2026-04-05 09:00:00,668.54,668.66,663.69,665.93,290,23,0
2026-04-05 09:10:00,665.86,666.01,661.62,664.08,288,23,0
2026-04-05 09:20:00,664.2,670.99,664.2,669.75,292,23,0
2026-04-05 09:30:00,669.84,670.74,666.84,668.89,296,23,0
2026-04-05 09:40:00,668.71,671.2,666.92,667.49,296,23,0
2026-04-05 09:50:00,667.68,668.54,664.82,667.51,294,23,0
2026-04-05 10:00:00,667.49,669.94,665.35,669.94,295,23,0
2026-04-05 10:10:00,669.99,674.4,669.99,674.08,293,23,0
2026-04-05 10:20:00,673.82,674.46,669.25,672.11,297,23,0
2026-04-05 10:30:00,671.96,675.01,671.14,674.06,295,23,0
2026-04-05 10:40:00,673.93,676.84,672.29,672.51,296,23,0
2026-04-05 10:50:00,672.47,676.05,672.25,673.95,296,23,0
2026-04-05 11:00:00,673.88,673.93,669.53,669.92,293,23,0
2026-04-05 11:10:00,669.55,671.04,668.16,668.29,293,23,0
2026-04-05 11:20:00,668.01,668.35,664.22,664.53,293,23,0
2026-04-05 11:30:00,664.49,665.23,661.91,661.91,293,23,0
2026-04-05 11:40:00,661.69,664.06,659.33,663.04,293,23,0
2026-04-05 11:50:00,662.93,663.72,658.49,659.21,295,23,0
2026-04-05 12:00:00,659.11,659.91,655.98,657.36,289,23,0
2026-04-05 12:10:00,657.39,660.19,655.83,657.08,294,23,0
2026-04-05 12:20:00,657.18,659.47,655.89,658.45,286,23,0
2026-04-05 12:30:00,658.6,658.88,653.91,655.81,294,23,0
2026-04-05 12:40:00,655.83,659.7,655.83,658.6,294,23,0
2026-04-05 12:50:00,658.95,660.77,657.01,659.76,296,23,0
2026-04-05 13:00:00,659.49,663.38,658.03,658.21,291,23,0
2026-04-05 13:10:00,658.17,660.25,657.26,660.07,292,23,0
2026-04-05 13:20:00,660.15,661.51,659.04,660.81,295,23,0
2026-04-05 13:30:00,660.61,662.65,657.27,658.11,290,23,0
2026-04-05 13:40:00,658.03,659.5,655.13,658.39,291,23,0
2026-04-05 13:50:00,658.13,658.52,655.63,658.41,296,23,0
2026-04-05 14:00:00,658.32,660.69,655.51,655.73,296,23,0
2026-04-05 14:10:00,655.61,655.61,650.59,652.83,292,23,0
2026-04-05 14:20:00,653.05,655.62,651.56,652.54,291,23,0
2026-04-05 14:30:00,652.32,653.04,649.62,651.0,293,23,0
2026-04-05 14:40:00,651.15,651.46,647.06,648.4,293,23,0
2026-04-05 14:50:00,648.42,651.58,648.36,649.83,295,23,0
2026-04-05 15:00:00,649.47,651.18,648.36,650.67,294,23,0
2026-04-05 15:10:00,650.48,650.7,647.21,647.59,289,23,0
2026-04-05 15:20:00,647.62,648.88,644.38,644.88,295,23,0
2026-04-05 15:30:00,645.08,646.53,644.16,644.88,292,23,0
2026-04-05 15:40:00,644.93,646.96,642.76,643.13,293,23,0
2026-04-05 15:50:00,642.78,643.3,637.81,637.93,293,23,0
2026-04-05 16:00:00,637.97,638.62,634.19,634.39,288,23,0
2026-04-05 16:10:00,634.41,635.15,631.9,634.9,292,23,0
2026-04-05 16:20:00,634.92,635.1,629.4,630.21,291,23,0
2026-04-05 16:30:00,630.37,632.79,629.53,632.55,297,23,0
2026-04-05 16:40:00,632.4,633.06,628.91,629.0,292,23,0
2026-04-05 16:50:00,629.2,630.42,627.4,628.0,291,23,0
2026-04-05 17:00:00,627.95,627.95,624.28,625.51,293,23,0
2026-04-05 17:10:00,625.45,627.43,624.27,627.43,290,23,0
2026-04-05 17:20:00,627.37,630.48,626.42,626.7,292,23,0
2026-04-05 17:30:00,626.56,629.68,626.39,628.44,294,23,0
2026-04-05 17:40:00,628.47,633.16,628.47,630.38,287,23,0
2026-04-05 17:50:00,630.43,631.46,628.65,630.28,295,23,0
2026-04-05 18:00:00,630.47,631.26,628.23,628.99,285,23,0
2026-04-05 18:10:00,628.87,632.55,627.9,630.38,294,23,0
2026-04-05 18:20:00,630.65,630.73,627.26,628.29,293,23,0
2026-04-05 18:30:00,628.24,628.85,624.16,625.91,290,23,0
2026-04-05 18:40:00,625.57,628.61,623.75,628.45,295,23,0
2026-04-05 18:50:00,628.32,630.17,626.9,630.17,292,23,0
2026-04-05 19:00:00,630.36,631.3,627.1,628.27,297,23,0
2026-04-05 19:10:00,628.44,634.06,628.44,632.03,293,23,0
2026-04-05 19:20:00,632.11,634.16,630.26,630.48,291,23,0
2026-04-05 19:30:00,630.63,631.2,622.79,624.06,292,23,0
2026-04-05 19:40:00,624.03,628.59,624.03,626.6,292,23,0
2026-04-05 19:50:00,626.91,629.09,626.02,626.67,294,23,0
2026-04-05 20:00:00,626.56,627.4,624.17,627.31,289,23,0
2026-04-05 20:10:00,627.42,630.75,626.82,630.46,297,23,0
2026-04-05 20:20:00,630.53,632.57,627.86,628.17,288,23,0
2026-04-05 20:30:00,628.09,628.09,625.07,625.66,291,23,0
2026-04-05 20:40:00,626.1,626.71,622.73,623.15,292,23,0
2026-04-05 20:50:00,623.4,623.55,619.4,619.46,297,23,0
2026-04-05 21:00:00,619.66,623.38,619.41,621.24,293,23,0
2026-04-05 21:10:00,621.16,622.04,618.86,620.63,293,23,0
2026-04-05 21:20:00,620.49,624.37,620.49,623.52,294,23,0
2026-04-05 21:30:00,623.36,626.03,622.08,623.61,289,23,0
2026-04-05 21:40:00,623.61,625.11,622.79,623.63,289,23,0
2026-04-05 21:50:00,623.62,626.47,622.18,622.23,292,23,0
2026-04-05 22:00:00,622.54,624.06,620.37,622.19,294,23,0
2026-04-05 22:10:00,622.08,626.3,621.69,626.03,297,23,0
2026-04-05 22:20:00,625.99,628.17,622.51,623.03,293,23,0
2026-04-05 22:30:00,622.91,624.7,621.05,624.03,293,23,0
2026-04-05 22:40:00,623.94,629.24,623.79,628.54,294,23,0
2026-04-05 22:50:00,628.84,632.87,628.62,629.1,289,23,0
2026-04-05 23:00:00,628.76,630.98,628.09,628.94,294,23,0
2026-04-05 23:10:00,628.84,633.69,628.42,633.65,288,23,0
2026-04-05 23:20:00,633.16,635.04,629.6,629.99,292,23,0
2026-04-05 23:30:00,630.02,632.71,629.94,632.53,290,23,0
2026-04-05 23:40:00,632.67,632.87,627.33,627.52,290,23,0
2026-04-05 23:50:00,627.46,628.37,625.1,627.51,296,23,0
2026-04-06 00:00:00,627.77,628.36,624.31,624.37,297,23,0
2026-04-06 00:10:00,624.51,626.0,623.66,624.96,293,23,0
2026-04-06 00:20:00,624.74,627.13,623.36,626.91,295,23,0
2026-04-06 00:30:00,626.77,626.84,622.3,623.08,295,23,0
2026-04-06 00:40:00,622.9,623.59,621.46,623.14,295,23,0
2026-04-06 00:50:00,623.16,625.17,617.71,618.17,295,23,0
2026-04-06 01:00:00,618.03,620.6,615.84,619.88,292,23,0
2026-04-06 01:10:00,619.88,619.95,612.36,612.91,296,23,0
2026-04-06 01:20:00,613.06,613.94,609.29,610.5,295,23,0
2026-04-06 01:30:00,610.42,611.47,607.32,609.06,294,23,0
2026-04-06 01:40:00,609.28,610.52,606.27,606.79,290,23,0
2026-04-06 01:50:00,606.74,613.21,606.22,611.07,292,23,0
2026-04-06 02:00:00,611.21,612.55,608.11,608.81,294,23,0
2026-04-06 02:10:00,608.87,612.2,608.2,611.39,292,23,0
2026-04-06 02:20:00,611.41,612.21,608.68,609.64,292,23,0
2026-04-06 02:30:00,609.77,611.29,609.21,610.04,291,23,0
2026-04-06 02:40:00,609.94,615.1,609.71,613.74,293,23,0
2026-04-06 02:50:00,613.57,613.93,610.69,613.6,292,23,0
2026-04-06 03:00:00,614.0,614.0,610.91,611.09,296,23,0
2026-04-06 03:10:00,611.19,615.44,611.1,615.22,295,23,0
2026-04-06 03:20:00,615.2,615.52,611.86,614.02,293,23,0
2026-04-06 03:30:00,614.06,615.51,611.82,612.94,294,23,0
2026-04-06 03:40:00,613.12,614.09,609.05,610.46,294,23,0
2026-04-06 03:50:00,610.65,611.68,608.69,610.57,291,23,0
2026-04-06 04:00:00,610.29,611.52,608.23,610.07,292,23,0
2026-04-06 04:10:00,609.96,615.67,609.96,614.82,292,19,0
2026-04-06 04:20:00,614.75,614.77,609.49,610.3,293,19,0
2026-04-06 04:30:00,610.13,612.98,609.33,611.78,295,19,0
2026-04-06 04:40:00,611.94,612.5,609.31,610.24,295,19,0
2026-04-06 04:50:00,610.24,611.2,607.65,610.14,295,19,0
2026-04-06 05:00:00,610.31,610.68,607.21,609.06,296,19,0
2026-04-06 05:10:00,608.96,614.08,608.67,612.11,288,19,0
2026-04-06 05:20:00,612.16,614.07,611.0,612.31,297,19,0
2026-04-06 05:30:00,612.33,614.09,610.53,613.96,294,19,0
2026-04-06 05:40:00,613.72,616.47,611.52,613.44,292,19,0
2026-04-06 05:50:00,613.29,616.78,613.14,615.58,295,19,0
2026-04-06 06:00:00,615.54,619.26,614.54,616.64,294,19,0
2026-04-06 06:10:00,616.62,621.19,616.16,616.44,292,19,0
2026-04-06 06:20:00,616.06,619.56,614.11,619.21,287,19,0
2026-04-06 06:30:00,619.15,620.89,617.75,618.49,294,19,0
2026-04-06 06:40:00,618.48,621.64,616.81,620.16,291,19,0
2026-04-06 06:50:00,620.25,621.42,618.21,621.3,294,19,0
2026-04-06 07:00:00,621.27,623.64,620.95,621.63,293,19,0
2026-04-06 07:10:00,621.78,622.22,620.17,620.28,291,19,0
2026-04-06 07:20:00,620.58,625.77,620.49,625.05,292,19,0
2026-04-06 07:30:00,625.14,625.93,622.68,623.8,294,19,0
2026-04-06 07:40:00,623.75,625.04,621.87,624.52,293,19,0
2026-04-06 07:50:00,624.46,629.9,624.46,629.54,294,19,0
2026-04-06 08:00:00,629.46,630.26,627.57,628.57,290,19,0
2026-04-06 08:10:00,628.72,629.24,625.17,627.04,292,19,0
2026-04-06 08:20:00,626.81,630.86,625.51,629.13,293,19,0
2026-04-06 08:30:00,629.25,631.57,627.25,630.78,293,19,0
2026-04-06 08:40:00,630.97,635.15,629.72,634.35,295,19,0
2026-04-06 08:50:00,634.52,635.01,628.36,628.77,293,19,0
2026-04-06 09:00:00,628.75,630.14,625.97,629.67,294,19,0
2026-04-06 09:10:00,629.73,630.46,626.72,629.65,291,19,0
2026-04-06 09:20:00,629.43,633.85,629.4,632.02,294,19,0
2026-04-06 09:30:00,632.38,634.1,631.57,633.91,291,19,0
2026-04-06 09:40:00,633.62,635.53,631.95,633.82,295,19,0
2026-04-06 09:50:00,633.79,638.31,633.12,638.23,288,19,0
2026-04-06 10:00:00,638.2,639.47,634.89,639.22,292,19,0
2026-04-06 10:10:00,639.3,639.4,634.69,634.69,289,19,0
2026-04-06 10:20:00,634.59,635.58,632.58,635.27,292,19,0
2026-04-06 10:30:00,635.42,640.44,635.09,638.54,289,19,0
2026-04-06 10:40:00,638.91,639.02,636.98,638.08,292,19,0
2026-04-06 10:50:00,638.24,645.66,635.95,645.4,292,19,0
2026-04-06 11:00:00,645.22,647.26,639.76,639.76,297,19,0
2026-04-06 11:10:00,639.91,639.91,631.79,632.37,293,19,0
2026-04-06 11:20:00,632.44,634.61,631.32,631.88,294,19,0
2026-04-06 11:30:00,631.97,633.77,629.89,629.89,299,19,0
2026-04-06 11:40:00,629.87,636.47,629.87,636.47,294,19,0
2026-04-06 11:50:00,636.69,638.5,635.76,638.33,294,19,0
2026-04-06 12:00:00,638.32,640.04,636.26,637.22,295,19,0
2026-04-06 12:10:00,637.07,637.19,630.7,631.04,296,19,0
2026-04-06 12:20:00,631.2,631.42,628.53,629.55,293,19,0
2026-04-06 12:30:00,629.37,631.74,628.21,630.73,288,19,0
2026-04-06 12:40:00,630.75,634.63,630.53,632.35,287,19,0
2026-04-06 12:50:00,632.39,635.06,632.02,634.68,289,19,0
2026-04-06 13:00:00,634.44,636.69,633.4,633.99,292,19,0
2026-04-06 13:10:00,634.13,636.09,633.38,634.67,297,19,0
2026-04-06 13:20:00,634.66,637.3,634.56,637.14,292,19,0
2026-04-06 13:30:00,637.09,637.93,633.53,633.61,291,19,0
2026-04-06 13:40:00,633.73,633.91,630.23,632.68,294,19,0
2026-04-06 13:50:00,632.79,634.93,631.59,633.06,292,19,0
2026-04-06 14:00:00,633.0,636.35,632.43,635.37,296,19,0
2026-04-06 14:10:00,635.39,639.2,634.82,638.48,294,19,0
2026-04-06 14:20:00,638.88,642.34,638.25,641.75,292,19,0
2026-04-06 14:30:00,641.67,645.6,641.66,645.6,291,19,0
2026-04-06 14:40:00,645.79,646.62,641.57,642.01,297,19,0
2026-04-06 14:50:00,642.22,647.38,642.16,646.79,289,19,0
2026-04-06 15:00:00,646.48,648.98,645.93,647.5,292,19,0
2026-04-06 15:10:00,647.3,648.59,646.29,647.0,296,19,0
2026-04-06 15:20:00,647.06,648.89,646.73,648.89,291,19,0
2026-04-06 15:30:00,648.86,656.23,648.86,655.65,290,19,0
2026-04-06 15:40:00,655.72,657.26,652.72,653.68,293,19,0
2026-04-06 15:50:00,653.88,655.76,653.59,654.69,292,19,0
2026-04-06 16:00:00,654.59,657.54,653.51,657.22,296,19,0
2026-04-06 16:10:00,657.27,660.27,654.78,658.83,294,19,0
2026-04-06 16:20:00,658.74,660.23,656.83,657.23,296,19,0
2026-04-06 16:30:00,657.38,657.86,653.06,655.06,290,19,0
2026-04-06 16:40:00,655.18,656.62,653.49,654.94,292,19,0
2026-04-06 16:50:00,654.86,654.86,651.76,651.86,296,19,0
2026-04-06 17:00:00,651.64,651.64,644.85,645.33,295,19,0
2026-04-06 17:10:00,645.59,645.99,640.65,642.82,289,19,0
2026-04-06 17:20:00,642.95,645.54,642.49,644.45,293,19,0
2026-04-06 17:30:00,644.54,647.5,642.82,646.73,287,19,0
2026-04-06 17:40:00,646.83,648.89,645.82,648.89,297,19,0
2026-04-06 17:50:00,649.07,653.56,647.77,652.78,293,19,0
2026-04-06 18:00:00,653.06,655.22,651.12,654.72,293,19,0
2026-04-06 18:10:00,654.71,656.78,653.95,654.9,294,19,0
2026-04-06 18:20:00,654.96,657.41,653.16,657.41,291,19,0
2026-04-06 18:30:00,657.49,659.7,657.31,658.11,294,19,0
2026-04-06 18:40:00,657.91,660.43,655.35,656.06,290,19,0
2026-04-06 18:50:00,656.28,656.28,653.16,653.17,293,19,0
2026-04-06 19:00:00,653.04,655.82,652.04,652.53,295,19,0
2026-04-06 19:10:00,652.55,652.67,649.44,652.55,295,19,0
2026-04-06 19:20:00,652.57,654.59,650.39,654.47,295,19,0
2026-04-06 19:30:00,654.55,657.64,653.83,656.54,291,19,0
2026-04-06 19:40:00,656.69,660.59,656.64,658.32,293,19,0
2026-04-06 19:50:00,658.32,658.91,655.73,657.91,292,19,0
2026-04-06 20:00:00,657.93,660.68,657.04,659.46,293,19,0
2026-04-06 20:10:00,659.54,660.03,656.08,656.29,297,19,0
2026-04-06 20:20:00,656.32,657.95,655.05,655.82,294,19,0
2026-04-06 20:30:00,655.54,657.7,653.37,655.87,293,19,0
2026-04-06 20:40:00,655.6,657.25,654.22,656.53,289,19,0
2026-04-06 20:50:00,656.29,658.86,655.61,658.78,295,19,0
2026-04-06 21:00:00,659.01,659.38,656.43,656.92,294,19,0
2026-04-06 21:10:00,656.73,659.07,655.55,655.97,291,19,0
2026-04-06 21:20:00,656.13,657.81,653.83,654.15,291,19,0
2026-04-06 21:30:00,654.05,656.17,651.48,652.7,291,19,0
2026-04-06 21:40:00,653.05,658.63,651.51,656.77,295,19,0
2026-04-06 21:50:00,656.87,662.67,656.16,661.89,291,19,0
2026-04-06 22:00:00,661.76,662.89,656.75,659.35,297,19,0
2026-04-06 22:10:00,659.27,663.82,658.32,660.29,296,19,0
2026-04-06 22:20:00,660.72,660.82,658.21,659.23,295,19,0
2026-04-06 22:30:00,659.09,661.6,658.18,661.38,296,19,0
2026-04-06 22:40:00,661.14,662.58,656.67,657.63,295,19,0
2026-04-06 22:50:00,657.51,663.9,656.5,661.76,289,19,0
2026-04-06 23:00:00,661.77,664.13,661.13,662.15,290,19,0
2026-04-06 23:10:00,662.03,664.35,659.17,663.18,297,19,0
2026-04-06 23:20:00,663.48,664.98,660.1,661.06,290,19,0
2026-04-06 23:30:00,661.31,665.23,661.09,664.76,292,19,0
2026-04-06 23:40:00,664.4,665.27,659.48,660.95,295,19,0
2026-04-06 23:50:00,660.98,663.53,659.24,663.2,292,19,0
2026-04-07 00:00:00,663.22,664.08,658.4,660.67,297,19,0
2026-04-07 00:10:00,660.83,666.66,660.46,666.66,289,19,0
2026-04-07 00:20:00,666.73,667.83,661.78,663.13,293,19,0
2026-04-07 00:30:00,663.05,664.03,661.02,662.07,293,19,0
2026-04-07 00:40:00,661.99,667.53,661.63,666.52,293,19,0
2026-04-07 00:50:00,666.4,669.82,665.07,669.52,293,19,0
2026-04-07 01:00:00,669.83,670.5,667.61,669.34,294,19,0
2026-04-07 01:10:00,669.41,669.47,663.31,664.99,292,19,0
2026-04-07 01:20:00,664.86,666.76,662.48,666.29,297,19,0
2026-04-07 01:30:00,665.98,666.69,661.56,661.91,293,19,0
2026-04-07 01:40:00,662.01,664.97,661.51,663.85,294,19,0
2026-04-07 01:50:00,663.73,664.8,661.83,662.62,296,19,0
2026-04-07 02:00:00,662.59,662.65,657.84,660.12,294,19,0
2026-04-07 02:10:00,660.47,665.05,660.21,663.51,293,19,0
2026-04-07 02:20:00,663.81,664.63,657.49,658.43,290,19,0
2026-04-07 02:30:00,658.35,660.34,651.94,653.79,292,19,0
2026-04-07 02:40:00,653.71,655.18,647.47,647.99,292,19,0
2026-04-07 02:50:00,647.68,647.72,643.79,646.43,293,19,0
2026-04-07 03:00:00,646.49,650.98,645.65,649.61,294,19,0
2026-04-07 03:10:00,649.5,650.71,647.08,648.77,297,19,0
2026-04-07 03:20:00,648.79,649.72,645.43,647.82,294,19,0
2026-04-07 03:30:00,647.92,651.09,647.21,649.19,293,19,0
2026-04-07 03:40:00,649.18,651.93,649.13,650.12,294,19,0
2026-04-07 03:50:00,650.13,650.54,647.69,649.42,294,19,0
2026-04-07 04:00:00,649.61,651.09,647.94,649.52,289,19,0
2026-04-07 04:10:00,649.31,650.01,645.18,648.09,296,19,0
2026-04-07 04:20:00,648.05,649.5,645.62,647.42,296,19,0
2026-04-07 04:30:00,647.32,649.89,647.32,649.15,292,19,0
2026-04-07 04:40:00,648.85,654.18,648.38,652.25,293,19,0
2026-04-07 04:50:00,652.47,655.02,651.14,653.64,284,19,0
2026-04-07 05:00:00,653.78,655.59,652.01,655.37,290,19,0
2026-04-07 05:10:00,655.54,657.28,652.4,652.71,288,19,0
2026-04-07 05:20:00,652.69,654.75,651.83,651.84,290,19,0
2026-04-07 05:30:00,651.78,653.07,650.18,653.07,297,19,0
2026-04-07 05:40:00,652.77,652.77,647.84,648.76,292,19,0
2026-04-07 05:50:00,648.75,649.45,644.09,644.21,291,19,0
2026-04-07 06:00:00,644.21,646.04,642.64,646.04,295,19,0
2026-04-07 06:10:00,645.99,648.89,644.55,648.63,293,19,0
2026-04-07 06:20:00,648.72,650.86,648.04,649.09,294,19,0
2026-04-07 06:30:00,649.15,649.77,646.54,646.94,289,19,0
2026-04-07 06:40:00,647.03,649.35,645.08,645.39,294,19,0
2026-04-07 06:50:00,645.29,654.5,644.93,653.44,294,19,0
2026-04-07 07:00:00,653.54,654.56,650.84,652.59,292,19,0
2026-04-07 07:10:00,652.54,657.63,652.36,656.81,296,19,0
2026-04-07 07:20:00,656.9,659.26,653.79,654.86,291,19,0
2026-04-07 07:30:00,654.89,654.91,651.55,653.33,293,19,0
2026-04-07 07:40:00,653.22,654.1,652.0,653.64,296,19,0
2026-04-07 07:50:00,653.52,659.31,653.4,658.8,293,19,0
2026-04-07 08:00:00,658.59,660.3,656.81,659.23,293,19,0
2026-04-07 08:10:00,659.1,663.96,658.45,663.47,292,19,0
2026-04-07 08:20:00,662.97,662.99,659.26,659.92,293,19,0
2026-04-07 08:30:00,659.83,660.83,657.0,660.74,293,19,0
2026-04-07 08:40:00,660.7,662.12,657.92,659.59,285,19,0
2026-04-07 08:50:00,659.56,659.9,657.49,659.04,293,19,0
2026-04-07 09:00:00,659.05,659.09,653.4,653.6,294,19,0
2026-04-07 09:10:00,653.43,654.14,649.79,649.84,296,19,0
2026-04-07 09:20:00,649.86,652.0,649.17,650.49,290,19,0
2026-04-07 09:30:00,650.5,650.5,645.54,646.06,291,19,0
2026-04-07 09:40:00,645.99,646.2,642.75,643.03,296,19,0
2026-04-07 09:50:00,643.07,645.69,640.09,645.69,294,19,0
2026-04-07 10:00:00,645.51,648.15,644.91,647.85,293,19,0
2026-04-07 10:10:00,648.0,648.29,643.37,645.8,292,19,0
2026-04-07 10:20:00,645.85,648.8,644.21,648.79,293,19,0
2026-04-07 10:30:00,648.36,649.16,646.26,648.25,295,19,0
2026-04-07 10:40:00,648.55,651.91,647.17,648.79,291,19,0
2026-04-07 10:50:00,648.76,650.85,648.5,649.02,291,19,0
2026-04-07 11:00:00,649.06,649.85,646.32,647.79,289,19,0
2026-04-07 11:10:00,647.99,648.92,645.84,647.11,291,19,0
2026-04-07 11:20:00,647.02,650.21,646.42,647.58,294,19,0
2026-04-07 11:30:00,647.47,650.73,644.48,649.63,292,19,0
2026-04-07 11:40:00,649.66,650.68,647.51,650.25,292,19,0
2026-04-07 11:50:00,650.42,651.77,648.34,648.75,294,19,0
2026-04-07 12:00:00,648.74,649.9,645.48,648.05,294,19,0
2026-04-07 12:10:00,648.26,649.54,646.57,646.72,294,19,0
2026-04-07 12:20:00,646.33,648.02,642.28,642.32,294,19,0
2026-04-07 12:30:00,642.53,643.36,641.38,642.67,298,19,0
2026-04-07 12:40:00,642.94,646.88,641.34,646.73,298,19,0
2026-04-07 12:50:00,646.6,648.59,644.86,648.17,290,19,0
2026-04-07 13:00:00,647.92,649.22,645.52,646.56,293,19,0
2026-04-07 13:10:00,646.7,648.97,645.31,645.96,297,19,0
2026-04-07 13:20:00,645.91,645.91,639.63,641.43,291,19,0
2026-04-07 13:30:00,641.32,642.93,639.83,641.33,290,19,0
2026-04-07 13:40:00,641.5,643.31,640.24,641.13,294,19,0
2026-04-07 13:50:00,641.06,646.38,640.18,645.12,293,19,0
2026-04-07 14:00:00,645.24,648.04,643.28,647.77,294,19,0
2026-04-07 14:10:00,647.88,649.4,646.5,647.65,294,19,0
2026-04-07 14:20:00,647.51,652.23,646.48,652.04,292,19,0
2026-04-07 14:30:00,651.91,652.11,647.41,648.88,292,19,0
2026-04-07 14:40:00,649.04,650.96,647.15,648.98,294,19,0
2026-04-07 14:50:00,649.07,649.17,644.93,645.36,290,19,0
2026-04-07 15:00:00,645.03,645.39,638.57,639.87,295,19,0
2026-04-07 15:10:00,639.68,643.47,639.68,642.98,295,19,0
2026-04-07 15:20:00,643.03,646.16,643.02,645.54,296,19,0
2026-04-07 15:30:00,645.43,647.48,643.8,647.29,297,19,0
2026-04-07 15:40:00,647.45,648.29,642.34,644.81,292,19,0
2026-04-07 15:50:00,644.92,647.28,642.46,647.28,294,19,0
2026-04-07 16:00:00,647.36,649.6,645.49,647.47,296,19,0
2026-04-07 16:10:00,647.43,656.54,646.61,654.91,299,19,0
2026-04-07 16:20:00,655.02,659.3,654.32,659.3,294,19,0
2026-04-07 16:30:00,659.24,661.65,658.04,659.72,296,19,0
2026-04-07 16:40:00,659.86,660.14,656.17,656.67,294,19,0
2026-04-07 16:50:00,656.48,657.8,653.46,657.76,295,19,0
2026-04-07 17:00:00,658.07,659.45,655.33,656.29,294,19,0
2026-04-07 17:10:00,656.3,658.08,654.39,655.04,295,19,0
2026-04-07 17:20:00,655.0,656.93,654.22,655.8,293,19,0
2026-04-07 17:30:00,655.82,658.25,653.57,653.92,291,19,0
2026-04-07 17:40:00,654.03,656.39,652.07,654.14,293,19,0
2026-04-07 17:50:00,654.53,655.12,649.5,650.63,291,19,0
2026-04-07 18:00:00,650.44,653.32,649.1,649.99,292,19,0
2026-04-07 18:10:00,649.86,650.96,648.21,649.44,290,19,0
2026-04-07 18:20:00,649.23,649.92,646.01,646.85,296,19,0
2026-04-07 18:30:00,646.99,650.11,645.8,649.24,294,19,0
2026-04-07 18:40:00,649.3,653.77,648.8,650.76,291,19,0
2026-04-07 18:50:00,650.87,652.06,648.38,652.06,293,19,0
2026-04-07 19:00:00,652.32,657.75,651.72,657.54,295,19,0
2026-04-07 19:10:00,657.64,660.83,657.28,657.61,294,19,0
2026-04-07 19:20:00,657.85,661.22,656.8,658.4,292,19,0
2026-04-07 19:30:00,658.34,664.13,658.28,663.77,295,19,0
2026-04-07 19:40:00,663.47,663.74,660.46,662.63,296,19,0
2026-04-07 19:50:00,662.85,664.54,661.03,661.65,295,19,0
2026-04-07 20:00:00,661.45,663.93,658.64,659.53,293,19,0
2026-04-07 20:10:00,659.66,659.73,657.32,658.67,294,19,0
2026-04-07 20:20:00,658.59,662.03,658.43,659.78,293,19,0
2026-04-07 20:30:00,659.95,660.43,654.99,655.07,291,19,0
2026-04-07 20:40:00,655.19,658.57,654.93,656.85,294,19,0
2026-04-07 20:50:00,656.83,657.17,652.76,655.36,290,19,0
2026-04-07 21:00:00,655.42,657.79,653.91,657.79,290,19,0
2026-04-07 21:10:00,657.57,659.03,654.54,655.22,292,19,0
2026-04-07 21:20:00,655.14,658.63,654.36,658.63,294,19,0
2026-04-07 21:30:00,658.5,659.19,656.63,656.63,287,19,0
2026-04-07 21:40:00,656.59,659.9,656.17,659.4,295,19,0
2026-04-07 21:50:00,659.47,662.24,659.35,660.39,293,19,0
2026-04-07 22:00:00,660.83,661.45,656.38,656.67,292,19,0
2026-04-07 22:10:00,656.5,658.89,655.45,657.25,295,19,0
2026-04-07 22:20:00,657.47,661.11,656.5,659.87,292,19,0
2026-04-07 22:30:00,660.03,662.29,658.83,658.98,298,19,0
2026-04-07 22:40:00,659.02,661.34,658.13,659.43,295,19,0
2026-04-07 22:50:00,659.44,661.38,658.91,661.38,291,19,0
2026-04-07 23:00:00,661.56,663.05,658.04,660.9,291,19,0
2026-04-07 23:10:00,660.79,661.8,659.23,660.01,295,19,0
2026-04-07 23:20:00,660.02,662.74,659.36,661.4,295,19,0
2026-04-07 23:30:00,661.35,662.61,659.02,660.25,296,19,0
2026-04-07 23:40:00,660.49,664.94,660.46,663.59,294,19,0
2026-04-07 23:50:00,663.49,663.96,661.48,662.04,296,19,0
2026-04-08 00:00:00,662.01,662.01,653.15,653.64,292,19,0
2026-04-08 00:10:00,653.85,657.91,652.72,655.38,293,19,0
2026-04-08 00:20:00,655.59,658.07,652.37,652.96,296,19,0
2026-04-08 00:30:00,653.32,655.43,650.76,651.5,287,19,0
2026-04-08 00:40:00,651.41,653.97,646.91,647.1,291,19,0
2026-04-08 00:50:00,646.89,655.28,646.12,655.27,290,19,0
2026-04-08 01:00:00,655.11,657.2,653.49,654.08,296,19,0
2026-04-08 01:10:00,654.4,657.66,654.11,656.56,292,19,0
2026-04-08 01:20:00,656.79,657.24,654.11,655.29,289,19,0
2026-04-08 01:30:00,655.01,659.06,655.01,658.33,288,19,0
2026-04-08 01:40:00,658.3,659.37,656.72,658.63,291,19,0
2026-04-08 01:50:00,658.63,661.17,656.2,660.4,296,19,0
2026-04-08 02:00:00,660.21,661.5,654.59,654.87,293,19,0
2026-04-08 02:10:00,654.89,656.35,654.21,655.79,294,19,0
2026-04-08 02:20:00,655.92,660.96,654.98,660.0,292,19,0
2026-04-08 02:30:00,660.11,661.07,658.2,660.73,291,19,0
2026-04-08 02:40:00,660.81,665.05,659.18,664.72,292,19,0
2026-04-08 02:50:00,664.8,666.82,663.96,665.13,296,19,0
2026-04-08 03:00:00,665.35,665.59,662.1,662.3,296,19,0
2026-04-08 03:10:00,662.33,666.47,661.59,662.95,293,19,0
2026-04-08 03:20:00,663.0,667.94,663.0,664.97,291,19,0
2026-04-08 03:30:00,665.14,666.78,662.98,664.44,295,19,0
2026-04-08 03:40:00,664.67,666.86,662.65,665.33,291,19,0
2026-04-08 03:50:00,665.29,665.7,661.2,662.16,292,19,0
2026-04-08 04:00:00,661.97,663.54,658.49,663.05,288,19,0
2026-04-08 04:10:00,663.02,664.63,660.13,661.49,296,19,0
2026-04-08 04:20:00,661.49,663.72,660.51,661.32,296,19,0
2026-04-08 04:30:00,661.14,664.09,659.53,663.31,294,19,0
2026-04-08 04:40:00,663.21,669.21,662.75,669.0,293,19,0
2026-04-08 04:50:00,668.93,672.34,668.57,670.92,295,19,0
2026-04-08 05:00:00,671.2,672.35,666.08,666.08,294,19,0
2026-04-08 05:10:00,666.01,666.48,662.89,666.29,293,19,0
2026-04-08 05:20:00,666.31,668.13,664.51,665.8,295,19,0
2026-04-08 05:30:00,665.47,669.69,665.47,669.34,296,19,0
2026-04-08 05:40:00,669.33,672.62,668.32,670.68,291,19,0
2026-04-08 05:50:00,670.51,673.24,670.28,671.86,293,19,0
2026-04-08 06:00:00,671.89,675.16,671.32,671.32,294,19,0
2026-04-08 06:10:00,671.38,675.08,669.96,673.79,298,19,0
2026-04-08 06:20:00,673.92,676.84,671.97,676.84,293,19,0
2026-04-08 06:30:00,676.87,679.14,672.13,672.14,287,19,0
2026-04-08 06:40:00,672.38,677.77,672.23,676.41,290,19,0
2026-04-08 06:50:00,675.98,676.82,671.25,672.74,297,19,0
2026-04-08 07:00:00,672.49,675.67,669.77,675.67,295,19,0
2026-04-08 07:10:00,675.52,677.61,673.92,674.75,297,19,0
2026-04-08 07:20:00,674.74,678.45,672.71,673.51,296,19,0
2026-04-08 07:30:00,673.56,677.73,671.02,676.31,293,19,0
2026-04-08 07:40:00,676.39,681.13,675.38,679.98,292,19,0
2026-04-08 07:50:00,680.08,680.75,675.41,676.24,294,19,0
2026-04-08 08:00:00,676.35,677.93,674.45,676.13,296,19,0
2026-04-08 08:10:00,675.89,675.91,670.03,671.02,294,19,0
2026-04-08 08:20:00,670.69,673.65,670.51,671.34,296,19,0
2026-04-08 08:30:00,671.35,672.53,669.38,669.87,292,19,0
2026-04-08 08:40:00,670.09,670.47,667.14,669.01,295,19,0
2026-04-08 08:50:00,668.87,670.33,663.28,663.39,291,19,0
2026-04-08 09:00:00,663.49,665.16,659.75,660.43,291,19,0
2026-04-08 09:10:00,660.25,663.27,659.67,661.07,296,19,0
2026-04-08 09:20:00,660.96,665.59,660.68,665.05,291,19,0
2026-04-08 09:30:00,664.78,664.78,659.79,661.68,296,19,0
2026-04-08 09:40:00,661.69,663.8,660.86,663.08,296,19,0
2026-04-08 09:50:00,663.1,666.4,661.98,662.12,293,19,0
2026-04-08 10:00:00,662.06,662.06,654.68,656.84,291,19,0
2026-04-08 10:10:00,656.81,657.83,654.49,657.83,296,19,0
2026-04-08 10:20:00,657.66,657.66,653.9,654.43,295,19,0
2026-04-08 10:30:00,654.55,658.6,654.2,655.09,292,19,0
2026-04-08 10:40:00,654.87,665.18,654.87,664.81,292,19,0
2026-04-08 10:50:00,665.01,666.23,663.16,665.61,297,19,0
2026-04-08 11:00:00,665.42,669.55,664.84,669.11,295,19,0
2026-04-08 11:10:00,668.89,669.54,664.95,666.38,296,19,0
2026-04-08 11:20:00,666.46,667.07,663.88,664.73,292,19,0
2026-04-08 11:30:00,664.97,664.97,661.05,662.99,296,19,0
2026-04-08 11:40:00,662.98,666.53,662.24,666.37,293,19,0
2026-04-08 11:50:00,666.26,668.75,663.63,667.4,292,19,0
2026-04-08 12:00:00,667.13,669.08,665.9,667.88,294,19,0
2026-04-08 12:10:00,667.8,668.42,662.93,663.92,296,19,0
2026-04-08 12:20:00,664.05,667.74,663.06,664.12,294,19,0
2026-04-08 12:30:00,664.29,668.53,664.29,666.72,293,19,0
2026-04-08 12:40:00,666.73,667.83,664.37,665.16,288,19,0
2026-04-08 12:50:00,665.36,666.86,663.37,664.43,289,19,0
2026-04-08 13:00:00,664.52,667.34,663.68,664.91,293,19,0
2026-04-08 13:10:00,665.01,665.39,659.95,660.42,294,19,0
2026-04-08 13:20:00,660.41,660.41,654.55,656.68,291,19,0
2026-04-08 13:30:00,656.47,659.01,654.91,658.25,295,19,0
2026-04-08 13:40:00,658.16,664.54,658.16,664.44,292,19,0
2026-04-08 13:50:00,664.23,664.67,661.83,663.5,288,19,0
2026-04-08 14:00:00,663.21,664.56,660.78,662.12,298,19,0
2026-04-08 14:10:00,662.3,663.42,659.4,660.32,290,19,0
2026-04-08 14:20:00,660.27,664.34,659.01,664.02,295,19,0
2026-04-08 14:30:00,663.95,665.34,662.57,664.92,291,19,0
2026-04-08 14:40:00,664.71,665.31,660.25,662.58,295,19,0
2026-04-08 14:50:00,662.55,662.82,659.08,662.03,292,19,0
2026-04-08 15:00:00,661.8,666.36,661.3,665.18,293,19,0
2026-04-08 15:10:00,664.98,665.96,662.88,664.17,295,19,0
2026-04-08 15:20:00,664.19,666.08,661.5,665.83,295,19,0
2026-04-08 15:30:00,665.7,666.72,662.84,664.01,292,19,0
2026-04-08 15:40:00,663.93,668.22,663.21,665.56,288,19,0
2026-04-08 15:50:00,665.72,665.98,660.32,662.43,293,19,0
2026-04-08 16:00:00,662.44,665.15,661.32,664.58,294,19,0
2026-04-08 16:10:00,664.75,665.37,659.77,663.36,290,19,0
2026-04-08 16:20:00,663.43,665.48,662.15,663.4,295,19,0
2026-04-08 16:30:00,663.26,663.77,659.07,659.64,294,19,0
2026-04-08 16:40:00,659.27,660.51,655.82,656.15,297,19,0
2026-04-08 16:50:00,655.95,656.5,653.99,655.35,295,19,0
2026-04-08 17:00:00,655.61,661.13,655.46,658.58,293,19,0
2026-04-08 17:10:00,658.59,661.52,655.84,656.54,293,19,0
2026-04-08 17:20:00,656.65,657.0,652.53,656.5,294,19,0
2026-04-08 17:30:00,656.74,661.06,655.3,656.36,290,19,0
2026-04-08 17:40:00,656.34,657.89,655.25,655.38,292,19,0
2026-04-08 17:50:00,655.45,656.77,653.21,656.38,298,19,0
2026-04-08 18:00:00,656.39,658.68,654.63,656.07,294,19,0
2026-04-08 18:10:00,656.18,657.58,654.54,654.86,294,19,0
2026-04-08 18:20:00,654.78,655.92,651.38,653.29,295,19,0
2026-04-08 18:30:00,653.34,653.5,648.13,649.19,288,19,0
2026-04-08 18:40:00,649.27,649.63,645.39,647.44,292,19,0
2026-04-08 18:50:00,647.28,647.47,644.42,646.78,293,19,0
2026-04-08 19:00:00,646.71,648.1,645.72,646.46,295,19,0
2026-04-08 19:10:00,646.59,646.85,643.29,646.55,292,19,0
2026-04-08 19:20:00,646.65,647.62,644.08,645.92,294,19,0
2026-04-08 19:30:00,645.74,646.44,642.32,642.47,297,19,0
2026-04-08 19:40:00,642.54,642.7,638.37,641.01,294,19,0
2026-04-08 19:50:00,641.08,644.18,640.76,643.92,295,19,0
2026-04-08 20:00:00,643.68,648.37,643.18,647.25,291,19,0
2026-04-08 20:10:00,647.52,651.18,647.15,650.8,294,19,0
2026-04-08 20:20:00,650.24,655.86,649.32,653.72,292,19,0
2026-04-08 20:30:00,653.74,656.09,651.95,655.51,289,19,0
2026-04-08 20:40:00,655.46,657.78,654.23,656.44,295,19,0
2026-04-08 20:50:00,656.36,661.4,656.07,659.61,296,19,0
2026-04-08 21:00:00,659.73,660.16,657.64,658.01,296,19,0
2026-04-08 21:10:00,658.24,660.79,657.14,659.8,292,19,0
2026-04-08 21:20:00,659.86,663.0,658.81,658.92,294,19,0
2026-04-08 21:30:00,658.82,661.7,657.15,661.47,286,19,0
2026-04-08 21:40:00,661.5,664.9,660.83,660.91,294,19,0
2026-04-08 21:50:00,660.64,661.43,658.14,659.89,293,19,0
2026-04-08 22:00:00,659.56,660.65,654.5,654.87,296,19,0
2026-04-08 22:10:00,654.9,657.38,654.07,657.07,291,19,0
2026-04-08 22:20:00,657.01,657.09,652.43,653.91,290,19,0
2026-04-08 22:30:00,654.03,656.4,652.65,652.74,291,19,0
2026-04-08 22:40:00,652.83,652.83,648.72,651.14,291,19,0
2026-04-08 22:50:00,651.2,654.8,650.19,652.49,293,19,0
2026-04-08 23:00:00,652.43,655.05,650.47,654.45,292,19,0
2026-04-08 23:10:00,654.0,656.97,653.69,656.12,292,19,0
2026-04-08 23:20:00,656.29,659.69,656.01,656.65,292,19,0
2026-04-08 23:30:00,656.8,657.04,652.57,653.58,293,19,0
2026-04-08 23:40:00,653.6,657.86,653.37,657.86,294,19,0
2026-04-08 23:50:00,658.18,659.95,656.09,656.9,292,19,0
2026-04-09 00:00:00,656.82,657.58,653.95,654.6,291,19,0
2026-04-09 00:10:00,654.44,656.27,653.5,656.0,299,19,0
2026-04-09 00:20:00,655.81,656.57,650.44,655.86,296,19,0
2026-04-09 00:30:00,655.86,656.55,652.79,654.79,294,19,0
2026-04-09 00:40:00,654.64,656.32,653.82,655.17,295,19,0
2026-04-09 00:50:00,655.4,655.4,651.14,652.27,296,19,0
2026-04-09 01:00:00,652.45,656.01,651.81,655.33,293,19,0
2026-04-09 01:10:00,655.51,655.88,650.91,651.85,290,19,0
2026-04-09 01:20:00,651.88,653.28,649.66,652.46,297,19,0
2026-04-09 01:30:00,652.28,654.97,650.04,650.09,294,19,0
2026-04-09 01:40:00,650.04,651.78,645.58,645.58,287,19,0
2026-04-09 01:50:00,645.82,647.42,642.14,642.23,296,19,0
2026-04-09 02:00:00,642.17,642.22,636.13,640.73,298,19,0
2026-04-09 02:10:00,640.35,643.32,638.8,642.23,293,19,0
2026-04-09 02:20:00,642.05,645.68,641.46,643.43,295,19,0
2026-04-09 02:30:00,643.41,646.1,641.77,645.73,288,19,0
2026-04-09 02:40:00,645.92,648.2,644.91,646.44,296,19,0
2026-04-09 02:50:00,646.69,649.75,644.9,644.9,291,19,0
2026-04-09 03:00:00,644.97,647.72,644.27,646.09,290,19,0
2026-04-09 03:10:00,646.02,646.63,640.4,641.71,292,19,0
2026-04-09 03:20:00,641.85,647.53,641.85,647.39,295,19,0
2026-04-09 03:30:00,647.08,652.21,645.9,651.52,295,19,0
2026-04-09 03:40:00,651.55,652.61,650.67,652.08,296,19,0
2026-04-09 03:50:00,651.99,653.88,650.54,652.4,292,19,0
2026-04-09 04:00:00,652.37,652.88,649.47,651.09,289,19,0
2026-04-09 04:10:00,651.1,651.62,644.7,645.81,291,19,0
2026-04-09 04:20:00,645.59,645.59,638.54,639.04,294,19,0
2026-04-09 04:30:00,638.87,639.99,636.36,636.97,295,19,0
2026-04-09 04:40:00,636.75,637.69,634.83,635.38,288,19,0
2026-04-09 04:50:00,635.24,636.47,634.11,636.05,292,19,0
2026-04-09 05:00:00,636.05,637.99,635.05,637.07,288,19,0
2026-04-09 05:10:00,637.2,637.23,632.44,632.81,294,19,0
2026-04-09 05:20:00,632.75,632.75,626.86,629.27,293,19,0
2026-04-09 05:30:00,629.01,629.97,626.42,627.56,291,19,0
2026-04-09 05:40:00,627.66,628.61,624.81,627.06,291,19,0
2026-04-09 05:50:00,627.1,627.75,624.37,627.6,292,19,0
2026-04-09 06:00:00,627.28,627.28,624.18,625.53,291,19,0
2026-04-09 06:10:00,625.6,626.12,621.34,622.23,291,19,0
2026-04-09 06:20:00,622.04,622.92,619.87,622.36,294,19,0
2026-04-09 06:30:00,622.44,625.52,622.2,623.54,296,19,0
2026-04-09 06:40:00,623.72,627.11,623.01,626.7,293,19,0
2026-04-09 06:50:00,626.64,627.85,624.97,627.71,294,19,0
2026-04-09 07:00:00,627.57,629.56,620.28,620.28,291,19,0
2026-04-09 07:10:00,620.05,625.55,619.59,623.5,296,19,0
2026-04-09 07:20:00,623.41,624.99,620.57,620.57,296,19,0
2026-04-09 07:30:00,620.43,620.99,618.31,619.4,293,19,0
2026-04-09 07:40:00,619.41,620.3,616.63,617.6,295,19,0
2026-04-09 07:50:00,617.65,619.63,616.15,618.29,293,19,0
2026-04-09 08:00:00,618.16,619.01,615.53,616.26,294,19,0
2026-04-09 08:10:00,616.08,620.82,615.57,618.07,291,19,0
2026-04-09 08:20:00,618.1,618.97,614.66,616.53,297,19,0
2026-04-09 08:30:00,616.57,618.39,615.05,618.33,296,19,0
2026-04-09 08:40:00,618.19,621.04,616.67,620.88,296,19,0
2026-04-09 08:50:00,620.95,622.15,617.52,621.62,296,19,0
2026-04-09 09:00:00,621.65,625.16,620.3,625.09,291,19,0
2026-04-09 09:10:00,624.9,627.6,623.28,626.84,292,19,0
2026-04-09 09:20:00,626.9,630.74,626.83,630.74,287,19,0
2026-04-09 09:30:00,630.88,632.22,629.56,630.33,293,19,0
2026-04-09 09:40:00,630.47,631.3,626.48,627.41,293,19,0
2026-04-09 09:50:00,627.05,627.91,624.89,626.22,295,19,0
2026-04-09 10:00:00,626.16,631.15,626.16,628.26,288,19,0
2026-04-09 10:10:00,628.12,630.85,628.02,628.69,296,19,0
2026-04-09 10:20:00,628.48,633.09,627.46,633.04,296,19,0
2026-04-09 10:30:00,632.89,636.64,630.94,635.83,295,19,0
2026-04-09 10:40:00,635.92,639.3,635.53,638.55,293,19,0
2026-04-09 10:50:00,638.59,642.58,638.37,641.17,294,19,0
2026-04-09 11:00:00,641.2,643.4,641.03,642.93,292,19,0
2026-04-09 11:10:00,643.01,644.59,639.09,639.23,293,19,0
2026-04-09 11:20:00,639.08,639.88,637.5,638.29,291,19,0
2026-04-09 11:30:00,638.24,639.49,635.74,636.11,287,19,0
2026-04-09 11:40:00,635.86,636.93,633.67,634.75,290,19,0
2026-04-09 11:50:00,634.84,636.45,633.45,635.24,289,19,0
2026-04-09 12:00:00,634.99,636.73,633.54,636.53,292,19,0
2026-04-09 12:10:00,636.57,637.8,635.22,636.28,292,19,0
2026-04-09 12:20:00,636.13,638.96,635.49,637.57,291,19,0
2026-04-09 12:30:00,637.77,641.8,637.04,641.46,299,19,0
2026-04-09 12:40:00,641.47,644.42,640.35,644.42,296,19,0
2026-04-09 12:50:00,644.28,645.41,641.01,644.63,297,19,0
2026-04-09 13:00:00,644.47,645.62,642.79,643.57,296,19,0
2026-04-09 13:10:00,643.78,644.61,641.03,642.25,298,19,0
2026-04-09 13:20:00,642.18,645.75,641.78,644.7,289,19,0
2026-04-09 13:30:00,644.75,649.05,643.97,648.74,289,19,0
2026-04-09 13:40:00,648.72,650.57,647.48,650.5,295,19,0
2026-04-09 13:50:00,650.25,652.48,649.88,651.77,295,19,0
2026-04-09 14:00:00,651.86,652.44,647.31,647.68,293,19,0
2026-04-09 14:10:00,647.75,649.4,647.28,648.8,291,19,0
2026-04-09 14:20:00,648.59,651.93,648.24,650.01,295,19,0
2026-04-09 14:30:00,650.15,653.73,649.47,652.23,290,19,0
2026-04-09 14:40:00,652.34,655.14,652.07,654.83,292,19,0
2026-04-09 14:50:00,654.82,655.11,652.69,654.13,294,19,0
2026-04-09 15:00:00,654.23,656.9,653.81,656.76,293,19,0
2026-04-09 15:10:00,656.76,662.37,656.29,660.46,294,19,0
2026-04-09 15:20:00,660.54,661.38,658.11,661.38,292,19,0
2026-04-09 15:30:00,661.39,662.82,658.94,660.11,293,19,0
2026-04-09 15:40:00,660.38,662.81,658.72,662.81,296,19,0
2026-04-09 15:50:00,662.99,668.59,662.12,666.19,297,19,0
2026-04-09 16:00:00,666.09,668.74,664.76,664.88,289,19,0
2026-04-09 16:10:00,665.04,667.66,660.47,661.32,296,19,0
2026-04-09 16:20:00,661.29,663.68,659.67,661.02,294,19,0
2026-04-09 16:30:00,660.92,661.08,657.23,657.82,294,19,0
2026-04-09 16:40:00,657.74,658.08,654.34,657.07,291,19,0
2026-04-09 16:50:00,656.92,659.53,654.45,658.91,296,19,0
2026-04-09 17:00:00,658.82,659.22,656.08,657.58,294,19,0
2026-04-09 17:10:00,657.58,658.71,654.43,657.67,295,19,0
2026-04-09 17:20:00,657.78,658.7,652.76,652.76,291,19,0
2026-04-09 17:30:00,652.39,654.88,651.71,654.05,297,19,0
2026-04-09 17:40:00,654.29,657.79,653.61,653.83,296,19,0
2026-04-09 17:50:00,654.03,654.03,649.0,649.61,298,19,0
2026-04-09 18:00:00,649.54,653.07,648.83,653.02,293,19,0
2026-04-09 18:10:00,653.11,655.45,652.0,655.45,296,19,0
2026-04-09 18:20:00,655.42,661.28,655.42,661.22,295,19,0
2026-04-09 18:30:00,661.05,665.84,660.47,663.71,289,19,0
2026-04-09 18:40:00,663.72,666.69,663.59,664.22,292,19,0
2026-04-09 18:50:00,664.25,666.67,663.87,665.74,294,19,0
2026-04-09 19:00:00,665.95,670.86,664.56,667.88,292,19,0
2026-04-09 19:10:00,667.66,669.45,664.96,666.19,291,19,0
2026-04-09 19:20:00,666.38,669.63,665.7,669.03,294,19,0
2026-04-09 19:30:00,669.1,671.5,667.33,668.06,295,19,0
2026-04-09 19:40:00,667.93,668.51,665.14,666.73,292,19,0
2026-04-09 19:50:00,666.43,672.16,665.76,671.8,297,19,0
2026-04-09 20:00:00,671.74,672.14,667.82,668.56,294,19,0
2026-04-09 20:10:00,668.53,675.92,668.44,675.16,296,19,0
2026-04-09 20:20:00,675.24,677.46,674.53,677.46,292,19,0
2026-04-09 20:30:00,677.24,678.57,674.9,678.36,290,19,0
2026-04-09 20:40:00,678.51,685.0,678.16,682.72,294,19,0
2026-04-09 20:50:00,682.62,683.66,679.4,679.97,291,19,0
2026-04-09 21:00:00,679.89,682.55,679.19,682.05,295,19,0
2026-04-09 21:10:00,682.29,683.08,678.67,680.65,297,19,0
2026-04-09 21:20:00,680.52,680.73,677.78,679.69,298,19,0
2026-04-09 21:30:00,679.84,682.51,679.12,681.37,291,19,0
2026-04-09 21:40:00,681.53,688.35,680.87,687.86,291,19,0
2026-04-09 21:50:00,687.74,689.87,687.15,688.68,296,19,0
2026-04-09 22:00:00,688.83,690.58,686.09,687.33,291,19,0
2026-04-09 22:10:00,687.39,689.42,685.71,688.48,294,19,0
2026-04-09 22:20:00,688.65,689.18,684.79,687.7,292,19,0
2026-04-09 22:30:00,687.69,690.67,685.44,689.61,293,19,0
2026-04-09 22:40:00,689.73,691.9,688.82,690.7,295,19,0
2026-04-09 22:50:00,690.65,691.99,688.37,690.09,296,19,0
2026-04-09 23:00:00,690.07,692.0,688.65,691.12,294,19,0
2026-04-09 23:10:00,691.09,693.5,690.64,691.85,289,19,0
2026-04-09 23:20:00,691.91,699.36,691.53,698.94,295,19,0
2026-04-09 23:30:00,698.91,700.56,697.7,699.11,286,19,0
2026-04-09 23:40:00,699.16,699.41,695.06,696.8,292,19,0
2026-04-09 23:50:00,696.79,698.46,695.6,698.14,294,19,0
2026-04-10 00:00:00,698.13,700.05,696.11,698.49,298,19,0
2026-04-10 00:10:00,698.46,700.37,696.42,699.07,287,19,0
2026-04-10 00:20:00,699.23,701.0,698.11,700.01,297,19,0
2026-04-10 00:30:00,700.15,702.03,699.08,701.37,293,19,0
2026-04-10 00:40:00,701.25,705.82,699.61,705.18,296,19,0
2026-04-10 00:50:00,705.21,707.27,704.54,705.77,293,19,0
2026-04-10 01:00:00,705.79,707.45,705.05,706.57,295,19,0
2026-04-10 01:10:00,706.84,712.6,706.06,709.98,296,19,0
2026-04-10 01:20:00,710.09,712.96,709.87,712.32,296,19,0
2026-04-10 01:30:00,712.33,714.14,709.24,713.16,295,19,0
2026-04-10 01:40:00,713.35,714.91,709.69,709.69,294,19,0
2026-04-10 01:50:00,709.73,712.9,709.09,712.14,293,19,0
2026-04-10 02:00:00,712.03,712.41,708.92,709.27,289,19,0
2026-04-10 02:10:00,709.05,713.32,708.54,712.95,293,19,0
2026-04-10 02:20:00,712.96,713.27,708.77,710.72,291,19,0
2026-04-10 02:30:00,710.52,712.94,708.51,711.56,290,19,0
2026-04-10 02:40:00,711.34,715.39,711.03,714.71,291,19,0
2026-04-10 02:50:00,714.57,714.57,707.24,707.55,292,19,0
2026-04-10 03:00:00,707.58,712.44,706.23,708.42,290,19,0
2026-04-10 03:10:00,708.38,711.04,705.45,710.48,295,19,0
2026-04-10 03:20:00,710.42,711.01,706.62,706.8,296,19,0
2026-04-10 03:30:00,706.83,709.4,705.22,705.4,294,19,0
2026-04-10 03:40:00,705.28,706.24,703.08,704.29,296,19,0
2026-04-10 03:50:00,704.25,705.45,700.24,701.88,293,19,0
2026-04-10 04:00:00,701.97,707.6,701.79,705.18,293,19,0
2026-04-10 04:10:00,705.2,707.23,703.17,705.33,289,19,0
2026-04-10 04:20:00,705.39,706.94,704.31,706.12,297,19,0
2026-04-10 04:30:00,706.17,707.49,703.15,704.22,295,19,0
2026-04-10 04:40:00,704.32,705.44,698.34,699.71,296,19,0
2026-04-10 04:50:00,699.91,702.34,696.19,696.69,295,19,0
2026-04-10 05:00:00,696.72,697.24,694.37,696.86,292,19,0
2026-04-10 05:10:00,696.78,704.6,696.01,704.41,293,19,0
2026-04-10 05:20:00,704.42,705.46,702.42,704.41,296,19,0
2026-04-10 05:30:00,704.54,705.5,702.67,703.58,293,19,0
2026-04-10 05:40:00,703.59,703.59,699.66,702.61,293,19,0
2026-04-10 05:50:00,702.37,706.58,701.3,706.58,294,19,0
2026-04-10 06:00:00,706.57,710.83,705.92,710.83,295,19,0
2026-04-10 06:10:00,710.48,711.51,708.38,709.18,296,19,0
2026-04-10 06:20:00,708.88,709.15,706.01,707.93,295,19,0
2026-04-10 06:30:00,708.01,710.31,706.4,706.8,297,19,0
2026-04-10 06:40:00,706.64,707.08,703.95,706.56,293,19,0
2026-04-10 06:50:00,706.65,707.61,700.91,701.27,297,19,0
2026-04-10 07:00:00,701.15,703.15,699.38,699.54,297,19,0
2026-04-10 07:10:00,699.19,699.21,695.21,698.02,294,19,0
2026-04-10 07:20:00,697.89,699.37,696.13,698.41,291,19,0
2026-04-10 07:30:00,698.29,699.53,692.2,693.69,288,19,0
2026-04-10 07:40:00,693.84,695.55,689.57,690.15,292,19,0
2026-04-10 07:50:00,690.13,694.98,690.13,691.4,289,19,0
2026-04-10 08:00:00,691.22,691.34,685.3,685.3,290,19,0
2026-04-10 08:10:00,685.15,685.63,676.62,677.14,289,19,0
2026-04-10 08:20:00,676.94,676.96,674.37,675.34,289,19,0
2026-04-10 08:30:00,675.29,676.8,673.97,675.94,290,19,0
2026-04-10 08:40:00,675.81,676.47,672.2,674.06,292,19,0
2026-04-10 08:50:00,673.8,674.76,671.49,671.49,294,19,0
2026-04-10 09:00:00,671.37,671.84,667.83,667.83,290,19,0
2026-04-10 09:10:00,667.74,669.32,666.1,667.71,291,19,0
2026-04-10 09:20:00,667.43,671.27,667.43,670.74,296,19,0
2026-04-10 09:30:00,670.83,675.21,669.92,671.0,295,19,0
2026-04-10 09:40:00,671.16,672.61,669.47,670.86,291,19,0
2026-04-10 09:50:00,670.93,673.89,669.62,670.7,292,19,0
2026-04-10 10:00:00,670.62,672.78,668.71,672.1,293,19,0
2026-04-10 10:10:00,671.86,672.04,667.24,669.41,294,19,0
2026-04-10 10:20:00,669.77,670.97,668.57,669.51,293,19,0
2026-04-10 10:30:00,669.27,671.46,665.79,670.85,292,19,0
2026-04-10 10:40:00,671.07,671.91,669.19,670.31,294,19,0
2026-04-10 10:50:00,670.1,670.3,667.19,669.45,285,19,0
2026-04-10 11:00:00,669.52,671.14,668.2,669.93,296,19,0
2026-04-10 11:10:00,669.96,673.41,668.87,669.0,293,19,0
2026-04-10 11:20:00,669.16,670.07,666.0,668.7,295,19,0
2026-04-10 11:30:00,668.65,669.19,665.81,666.02,288,19,0
2026-04-10 11:40:00,665.87,666.65,661.66,666.49,298,19,0
2026-04-10 11:50:00,666.42,666.99,662.11,662.11,295,19,0
2026-04-10 12:00:00,661.94,665.0,661.86,664.83,295,19,0
2026-04-10 12:10:00,664.96,667.58,663.32,663.56,293,19,0
2026-04-10 12:20:00,663.64,667.05,663.48,664.08,295,19,0
2026-04-10 12:30:00,664.34,665.88,662.83,664.0,294,19,0
2026-04-10 12:40:00,663.84,665.07,663.04,664.6,298,19,0
2026-04-10 12:50:00,664.65,667.9,664.08,664.24,294,19,0
2026-04-10 13:00:00,664.22,667.13,662.56,666.64,286,19,0
2026-04-10 13:10:00,666.17,670.64,665.17,670.02,291,19,0
2026-04-10 13:20:00,670.14,673.26,668.63,671.46,291,19,0
2026-04-10 13:30:00,671.29,672.0,668.9,668.9,294,19,0
2026-04-10 13:40:00,669.03,672.45,667.92,671.04,292,19,0
2026-04-10 13:50:00,671.01,677.03,670.74,676.55,290,19,0
2026-04-10 14:00:00,676.34,680.5,676.34,677.34,294,19,0
2026-04-10 14:10:00,677.34,678.11,672.56,673.6,292,19,0
2026-04-10 14:20:00,673.74,676.4,672.59,673.67,293,19,0
2026-04-10 14:30:00,673.71,676.21,673.62,675.64,291,19,0
2026-04-10 14:40:00,675.76,678.86,674.77,676.39,290,19,0
2026-04-10 14:50:00,676.26,678.45,675.05,675.57,295,19,0
2026-04-10 15:00:00,675.61,680.39,674.14,679.68,293,19,0
2026-04-10 15:10:00,679.67,683.5,679.37,682.56,287,19,0
2026-04-10 15:20:00,682.52,688.01,682.52,686.53,294,19,0
2026-04-10 15:30:00,686.62,688.2,684.9,686.71,296,19,0
2026-04-10 15:40:00,686.69,688.06,683.43,683.99,290,19,0
2026-04-10 15:50:00,684.2,684.2,680.51,681.15,286,19,0
2026-04-10 16:00:00,681.2,681.64,675.6,676.28,295,19,0
2026-04-10 16:10:00,676.11,678.27,675.67,678.27,294,19,0
2026-04-10 16:20:00,678.15,678.85,674.88,676.86,297,19,0
2026-04-10 16:30:00,677.3,677.47,672.58,675.67,291,19,0
2026-04-10 16:40:00,675.66,677.8,674.93,675.76,293,19,0
2026-04-10 16:50:00,675.9,678.24,675.33,677.24,290,19,0
2026-04-10 17:00:00,677.09,679.35,675.13,679.35,295,19,0
2026-04-10 17:10:00,679.43,682.31,678.02,678.89,297,19,0
2026-04-10 17:20:00,678.86,679.37,675.45,677.17,295,19,0
2026-04-10 17:30:00,677.16,679.59,675.57,676.44,290,19,0
2026-04-10 17:40:00,676.48,680.55,675.27,678.83,292,19,0
2026-04-10 17:50:00,678.78,679.06,676.02,676.05,292,19,0
2026-04-10 18:00:00,675.91,679.47,674.59,675.9,291,19,0
2026-04-10 18:10:00,675.64,677.57,674.14,675.27,289,19,0
2026-04-10 18:20:00,675.09,677.51,674.24,677.14,296,19,0
2026-04-10 18:30:00,677.31,680.76,675.87,680.76,297,19,0
2026-04-10 18:40:00,680.64,683.48,679.93,680.63,293,19,0
2026-04-10 18:50:00,680.6,689.35,680.15,689.31,293,19,0
2026-04-10 19:00:00,689.39,691.69,688.49,689.16,297,19,0
2026-04-10 19:10:00,689.16,695.94,687.94,695.94,293,19,0
2026-04-10 19:20:00,696.08,700.52,693.41,700.22,296,19,0
2026-04-10 19:30:00,700.21,700.39,695.88,695.88,294,19,0
2026-04-10 19:40:00,695.87,698.23,694.42,695.4,288,19,0
2026-04-10 19:50:00,695.28,698.53,694.17,694.2,290,19,0
2026-04-10 20:00:00,694.03,701.43,693.34,700.25,296,19,0
2026-04-10 20:10:00,700.09,702.31,697.4,698.29,296,19,0
2026-04-10 20:20:00,698.49,699.78,696.0,696.11,295,19,0
2026-04-10 20:30:00,696.1,698.25,694.76,694.82,288,19,0
2026-04-10 20:40:00,694.84,695.17,690.92,690.92,294,19,0
2026-04-10 20:50:00,691.13,696.67,690.96,694.45,290,19,0
2026-04-10 21:00:00,694.65,697.71,693.62,697.33,296,19,0
2026-04-10 21:10:00,697.41,700.28,697.29,698.69,296,19,0
2026-04-10 21:20:00,698.6,699.82,694.58,695.01,296,19,0
2026-04-10 21:30:00,695.24,695.29,685.94,686.23,296,19,0
2026-04-10 21:40:00,686.3,688.65,685.98,687.18,291,19,0
2026-04-10 21:50:00,687.21,689.09,685.01,688.86,294,19,0
2026-04-10 22:00:00,689.27,693.22,689.01,693.01,293,19,0
2026-04-10 22:10:00,692.87,693.84,684.51,685.05,291,19,0
2026-04-10 22:20:00,684.8,686.15,681.47,682.27,292,19,0
2026-04-10 22:30:00,682.0,684.4,680.75,682.86,297,19,0
2026-04-10 22:40:00,682.96,684.73,680.63,682.44,296,19,0
2026-04-10 22:50:00,682.24,682.48,678.87,681.82,296,19,0
2026-04-10 23:00:00,681.76,683.06,677.63,678.98,296,19,0
2026-04-10 23:10:00,679.19,681.72,677.75,681.38,292,19,0
2026-04-10 23:20:00,681.33,682.93,679.3,681.58,294,19,0
2026-04-10 23:30:00,681.57,682.27,678.99,680.49,294,19,0
2026-04-10 23:40:00,680.29,682.4,678.62,679.89,298,19,0
2026-04-10 23:50:00,679.69,679.89,671.1,671.24,295,19,0
2026-04-11 00:00:00,671.2,675.19,671.02,672.19,294,19,0
2026-04-11 00:10:00,672.66,676.58,670.85,674.44,294,19,0
2026-04-11 00:20:00,674.26,678.11,673.59,677.87,295,19,0
2026-04-11 00:30:00,677.83,678.86,673.39,673.95,293,19,0
2026-04-11 00:40:00,673.63,673.73,669.81,671.11,292,19,0
2026-04-11 00:50:00,670.97,672.07,668.12,669.87,293,19,0
2026-04-11 01:00:00,669.85,672.22,667.87,667.87,290,19,0
2026-04-11 01:10:00,667.81,670.81,665.56,667.62,295,19,0
2026-04-11 01:20:00,667.52,667.98,662.43,665.01,294,19,0
2026-04-11 01:30:00,665.32,667.36,664.36,666.21,295,19,0
2026-04-11 01:40:00,666.49,670.57,665.53,668.59,292,19,0
2026-04-11 01:50:00,668.83,670.47,668.06,669.52,294,19,0
2026-04-11 02:00:00,669.39,674.89,668.84,674.45,292,19,0
2026-04-11 02:10:00,674.21,675.0,672.56,672.56,295,19,0
2026-04-11 02:20:00,672.26,674.59,669.12,671.78,296,19,0
2026-04-11 02:30:00,671.87,675.32,671.33,675.28,289,19,0
2026-04-11 02:40:00,675.16,675.37,671.89,674.05,294,19,0
2026-04-11 02:50:00,673.76,674.11,670.5,673.01,291,19,0
2026-04-11 03:00:00,672.83,673.28,670.05,670.43,294,19,0
2026-04-11 03:10:00,670.38,671.68,668.64,670.19,296,19,0
2026-04-11 03:20:00,670.17,677.62,669.4,676.84,294,19,0
2026-04-11 03:30:00,676.87,677.27,671.38,673.94,295,19,0
2026-04-11 03:40:00,673.8,678.43,670.5,678.29,291,19,0
2026-04-11 03:50:00,678.54,679.93,677.2,677.62,286,19,0
2026-04-11 04:00:00,677.54,679.43,676.31,677.68,295,19,0
2026-04-11 04:10:00,677.67,678.95,675.8,676.24,293,19,0
2026-04-11 04:20:00,676.08,677.42,673.17,675.7,297,19,0
2026-04-11 04:30:00,675.47,679.48,675.07,679.29,293,19,0
2026-04-11 04:40:00,679.54,681.64,678.45,679.45,292,19,0
2026-04-11 04:50:00,679.3,679.46,675.89,676.56,293,19,0
2026-04-11 05:00:00,676.68,678.88,674.99,675.39,295,19,0
2026-04-11 05:10:00,675.35,677.15,672.7,674.02,296,19,0
2026-04-11 05:20:00,673.97,680.78,673.8,680.15,288,19,0
2026-04-11 05:30:00,679.89,683.3,679.03,682.83,295,19,0
2026-04-11 05:40:00,682.85,682.85,679.79,679.79,290,19,0
2026-04-11 05:50:00,679.74,679.8,675.0,675.96,293,19,0
2026-04-11 06:00:00,675.98,681.19,674.2,680.86,288,19,0
2026-04-11 06:10:00,680.79,683.2,678.41,680.31,293,19,0
2026-04-11 06:20:00,680.25,686.14,680.14,683.67,297,19,0
2026-04-11 06:30:00,683.67,685.3,683.25,685.04,296,19,0
2026-04-11 06:40:00,685.17,685.93,681.31,681.84,289,19,0
2026-04-11 06:50:00,681.81,683.07,680.56,682.19,293,19,0
2026-04-11 07:00:00,682.17,685.13,679.64,684.8,290,19,0
2026-04-11 07:10:00,685.17,686.35,681.49,681.93,292,19,0
2026-04-11 07:20:00,682.0,683.55,680.75,681.55,290,19,0
2026-04-11 07:30:00,681.7,685.63,681.1,684.87,287,19,0
2026-04-11 07:40:00,685.24,691.64,684.48,691.64,299,19,0
2026-04-11 07:50:00,691.47,692.38,689.92,690.53,291,19,0
2026-04-11 08:00:00,690.63,696.96,690.63,695.48,292,19,0
2026-04-11 08:10:00,695.3,695.34,690.33,691.58,294,19,0
2026-04-11 08:20:00,691.3,692.1,689.27,689.27,289,19,0
2026-04-11 08:30:00,689.28,691.26,687.08,689.0,294,19,0
2026-04-11 08:40:00,688.99,690.81,687.34,689.47,297,19,0
2026-04-11 08:50:00,689.58,692.8,688.39,690.75,290,19,0
2026-04-11 09:00:00,690.76,691.36,686.58,686.8,292,19,0
2026-04-11 09:10:00,686.57,686.6,682.0,683.99,295,19,0
2026-04-11 09:20:00,683.67,685.76,682.74,683.5,293,19,0
2026-04-11 09:30:00,683.79,684.31,680.87,682.5,295,19,0
2026-04-11 09:40:00,682.5,683.4,680.17,683.26,297,19,0
2026-04-11 09:50:00,683.36,685.46,681.05,685.46,290,19,0
2026-04-11 10:00:00,685.6,687.75,682.45,683.86,293,19,0
2026-04-11 10:10:00,683.96,686.62,683.3,686.2,295,19,0
2026-04-11 10:20:00,686.0,691.53,685.52,690.66,293,19,0
2026-04-11 10:30:00,690.53,694.31,689.8,694.0,294,19,0
2026-04-11 10:40:00,693.72,693.92,690.95,693.56,296,19,0
2026-04-11 10:50:00,693.49,697.28,690.51,696.13,296,19,0
2026-04-11 11:00:00,696.33,698.21,694.27,698.13,296,19,0
2026-04-11 11:10:00,698.14,702.23,696.0,702.17,287,19,0
2026-04-11 11:20:00,702.25,702.36,695.24,696.63,292,19,0
2026-04-11 11:30:00,696.8,702.51,696.46,702.32,291,19,0
2026-04-11 11:40:00,702.13,706.54,701.95,705.4,291,19,0
2026-04-11 11:50:00,705.23,708.5,704.75,707.89,291,19,0
2026-04-11 12:00:00,708.0,709.12,706.27,708.53,297,19,0
2026-04-11 12:10:00,708.58,712.55,707.98,711.9,291,19,0
2026-04-11 12:20:00,712.09,713.2,708.82,710.6,297,19,0
2026-04-11 12:30:00,710.52,711.82,707.46,711.46,295,19,0
2026-04-11 12:40:00,711.33,711.9,707.81,708.97,293,19,0
2026-04-11 12:50:00,708.93,710.9,705.9,707.58,296,19,0
2026-04-11 13:00:00,707.8,711.44,707.8,709.97,296,19,0
2026-04-11 13:10:00,710.01,713.12,708.79,712.79,293,19,0
2026-04-11 13:20:00,712.9,714.06,710.7,712.63,292,19,0
2026-04-11 13:30:00,712.6,715.52,710.74,713.44,295,19,0
2026-04-11 13:40:00,713.77,714.14,709.56,710.15,294,19,0
2026-04-11 13:50:00,710.16,711.83,708.43,711.67,298,19,0
2026-04-11 14:00:00,711.76,713.18,709.45,711.51,295,19,0
2026-04-11 14:10:00,711.64,712.12,706.49,708.57,295,19,0
2026-04-11 14:20:00,708.49,708.72,703.46,703.6,293,19,0
2026-04-11 14:30:00,703.66,704.99,701.39,701.68,297,19,0
2026-04-11 14:40:00,701.51,703.09,700.07,701.62,291,19,0
2026-04-11 14:50:00,701.67,708.54,701.47,707.46,299,19,0
2026-04-11 15:00:00,707.48,707.85,701.01,701.55,291,19,0
2026-04-11 15:10:00,701.51,706.38,700.56,705.07,293,19,0
2026-04-11 15:20:00,704.68,707.26,698.74,698.99,293,19,0
2026-04-11 15:30:00,698.88,704.9,698.72,703.78,296,19,0
2026-04-11 15:40:00,703.51,705.42,702.66,703.53,296,19,0
2026-04-11 15:50:00,703.53,706.15,699.89,705.55,292,19,0
2026-04-11 16:00:00,705.44,706.72,699.38,701.68,297,19,0
2026-04-11 16:10:00,701.89,705.23,701.28,704.07,291,19,0
2026-04-11 16:20:00,703.87,706.82,702.87,703.66,297,19,0
2026-04-11 16:30:00,703.78,711.35,703.46,709.93,290,19,0
2026-04-11 16:40:00,709.8,713.02,708.39,713.01,295,19,0
2026-04-11 16:50:00,712.89,718.18,711.47,717.44,294,19,0
2026-04-11 17:00:00,717.65,718.94,715.19,716.67,296,19,0
2026-04-11 17:10:00,716.44,718.01,713.8,714.52,296,19,0
2026-04-11 17:20:00,714.97,721.19,714.97,720.72,295,19,0
2026-04-11 17:30:00,720.41,720.41,714.1,714.68,296,19,0
2026-04-11 17:40:00,714.64,716.29,711.68,711.95,292,19,0
2026-04-11 17:50:00,712.06,712.72,705.55,705.78,293,19,0
2026-04-11 18:00:00,705.95,709.92,705.75,708.43,297,19,0
2026-04-11 18:10:00,708.73,709.51,704.85,705.77,294,19,0
2026-04-11 18:20:00,705.77,708.08,704.36,707.22,298,19,0
2026-04-11 18:30:00,707.45,710.21,703.84,706.13,294,19,0
2026-04-11 18:40:00,706.49,710.49,705.59,708.84,291,19,0
2026-04-11 18:50:00,708.86,709.57,704.92,706.14,298,19,0
2026-04-11 19:00:00,706.15,709.17,705.33,709.17,296,19,0
2026-04-11 19:10:00,708.96,709.03,705.44,707.25,292,19,0
2026-04-11 19:20:00,707.45,711.16,707.45,708.42,292,19,0
2026-04-11 19:30:00,708.66,710.14,703.48,704.2,291,19,0
2026-04-11 19:40:00,704.28,705.11,701.31,701.69,294,19,0
2026-04-11 19:50:00,701.86,704.53,700.84,703.32,293,19,0
2026-04-11 20:00:00,703.32,704.9,701.57,703.28,294,19,0
2026-04-11 20:10:00,703.3,706.01,702.04,703.43,294,19,0
2026-04-11 20:20:00,703.34,705.27,701.05,704.59,296,19,0
2026-04-11 20:30:00,704.4,707.31,703.87,704.94,294,19,0
2026-04-11 20:40:00,704.82,706.75,701.44,702.59,294,19,0
2026-04-11 20:50:00,702.85,711.77,702.64,711.66,294,19,0
2026-04-11 21:00:00,711.41,716.98,711.07,716.2,294,19,0
2026-04-11 21:10:00,716.41,717.93,711.22,712.16,296,19,0
2026-04-11 21:20:00,711.96,714.55,710.86,712.21,294,19,0
2026-04-11 21:30:00,712.1,712.74,708.71,708.75,292,19,0
2026-04-11 21:40:00,709.05,711.76,707.8,711.34,296,19,0
2026-04-11 21:50:00,711.56,713.15,709.74,711.82,295,19,0
2026-04-11 22:00:00,711.66,713.52,709.37,710.51,296,19,0
2026-04-11 22:10:00,710.41,712.87,709.44,711.11,296,19,0
2026-04-11 22:20:00,711.1,718.13,710.57,718.13,297,19,0
2026-04-11 22:30:00,718.23,719.47,714.53,717.57,297,19,0
2026-04-11 22:40:00,717.75,717.87,713.88,714.39,295,19,0
2026-04-11 22:50:00,714.09,714.69,706.83,707.9,292,19,0
2026-04-11 23:00:00,708.1,710.96,706.4,707.08,292,19,0
2026-04-11 23:10:00,707.06,709.37,705.68,707.28,296,19,0
2026-04-11 23:20:00,707.29,712.33,706.63,711.18,293,19,0
2026-04-11 23:30:00,710.88,710.88,707.03,707.09,294,19,0
2026-04-11 23:40:00,707.45,707.77,703.26,704.91,291,19,0
2026-04-11 23:50:00,705.1,708.7,704.05,704.39,290,19,0
2026-04-12 00:00:00,704.5,708.53,702.43,707.65,295,19,0
2026-04-12 00:10:00,707.66,711.02,706.53,706.88,297,19,0
2026-04-12 00:20:00,706.87,709.78,704.35,707.98,290,19,0
2026-04-12 00:30:00,707.81,709.22,706.3,708.56,291,19,0
2026-04-12 00:40:00,708.68,708.95,706.0,708.78,293,19,0
2026-04-12 00:50:00,708.75,712.08,708.21,709.21,296,19,0
2026-04-12 01:00:00,708.97,712.56,708.28,712.08,291,19,0
2026-04-12 01:10:00,712.11,713.57,711.28,711.37,299,19,0
2026-04-12 01:20:00,711.54,714.37,709.89,713.81,296,19,0
2026-04-12 01:30:00,713.89,716.19,712.26,715.35,295,19,0
2026-04-12 01:40:00,715.15,720.37,712.66,718.88,293,19,0
2026-04-12 01:50:00,718.75,719.71,714.93,714.93,294,19,0
2026-04-12 02:00:00,714.91,716.74,713.37,714.54,292,19,0
2026-04-12 02:10:00,714.52,718.15,713.97,715.56,291,19,0
2026-04-12 02:20:00,715.71,719.19,714.64,717.83,296,19,0
2026-04-12 02:30:00,717.63,717.63,713.95,714.8,294,19,0
2026-04-12 02:40:00,715.27,719.52,714.34,718.5,289,19,0
2026-04-12 02:50:00,718.56,720.38,715.69,716.71,296,19,0
2026-04-12 03:00:00,716.6,720.67,715.7,717.97,295,19,0
2026-04-12 03:10:00,717.97,721.18,717.31,718.74,297,19,0
2026-04-12 03:20:00,718.49,722.7,717.68,721.99,296,19,0
2026-04-12 03:30:00,722.17,729.08,722.17,727.38,287,19,0
2026-04-12 03:40:00,727.35,727.81,722.5,723.58,297,19,0
2026-04-12 03:50:00,723.5,726.49,721.97,723.13,295,19,0
2026-04-12 04:00:00,723.08,724.98,721.38,723.4,292,19,0
2026-04-12 04:10:00,723.51,727.65,722.5,726.65,296,19,0
2026-04-12 04:20:00,726.79,728.95,725.53,726.42,296,19,0
2026-04-12 04:30:00,726.62,729.17,725.43,727.83,298,19,0
2026-04-12 04:40:00,727.84,732.56,726.26,731.22,297,19,0
2026-04-12 04:50:00,731.16,731.5,726.18,728.83,293,19,0
2026-04-12 05:00:00,728.58,734.82,727.93,733.83,293,19,0
2026-04-12 05:10:00,733.82,735.94,730.17,730.22,295,19,0
2026-04-12 05:20:00,730.27,731.18,728.13,729.02,297,19,0
2026-04-12 05:30:00,728.86,729.78,725.97,726.86,292,19,0
2026-04-12 05:40:00,727.04,729.97,724.03,724.86,290,19,0
2026-04-12 05:50:00,724.63,724.76,721.8,723.09,292,19,0
2026-04-12 06:00:00,723.1,723.71,720.42,722.19,293,19,0
2026-04-12 06:10:00,722.5,727.1,721.79,724.69,292,19,0
2026-04-12 06:20:00,724.78,730.5,724.01,729.74,293,19,0
2026-04-12 06:30:00,729.68,734.54,727.75,733.57,295,19,0
2026-04-12 06:40:00,733.82,737.33,732.97,736.21,290,19,0
2026-04-12 06:50:00,736.05,738.66,733.45,735.22,287,19,0
2026-04-12 07:00:00,735.12,739.49,735.05,738.51,296,19,0
2026-04-12 07:10:00,738.59,743.87,738.59,743.67,295,19,0
2026-04-12 07:20:00,743.52,747.45,742.44,746.79,293,19,0
2026-04-12 07:30:00,746.6,750.58,743.94,749.97,295,19,0
2026-04-12 07:40:00,749.75,753.24,747.33,753.24,291,19,0
2026-04-12 07:50:00,753.37,756.4,750.93,755.27,298,19,0
2026-04-12 08:00:00,755.06,756.91,752.4,754.03,296,19,0
2026-04-12 08:10:00,754.14,756.75,751.86,751.99,295,19,0
2026-04-12 08:20:00,751.94,754.87,748.88,750.48,297,19,0
2026-04-12 08:30:00,750.15,750.62,747.34,749.6,296,19,0
2026-04-12 08:40:00,749.54,751.78,746.96,751.41,298,19,0
2026-04-12 08:50:00,751.69,754.03,751.2,753.32,293,19,0
2026-04-12 09:00:00,753.3,756.06,751.43,752.03,293,19,0
2026-04-12 09:10:00,751.76,752.65,747.41,749.0,294,19,0
2026-04-12 09:20:00,748.91,757.09,748.14,755.91,293,19,0
2026-04-12 09:30:00,755.76,756.74,753.26,756.25,295,19,0
2026-04-12 09:40:00,756.14,756.14,750.19,751.67,296,19,0
2026-04-12 09:50:00,751.74,758.27,751.36,757.66,293,19,0
2026-04-12 10:00:00,757.6,758.38,754.19,756.85,296,19,0
2026-04-12 10:10:00,756.8,759.1,756.28,757.82,295,19,0
2026-04-12 10:20:00,757.45,757.7,754.22,757.09,296,19,0
2026-04-12 10:30:00,757.18,757.72,754.17,756.07,294,19,0
2026-04-12 10:40:00,755.82,758.24,753.45,758.13,296,19,0
2026-04-12 10:50:00,757.9,759.06,753.88,758.73,294,19,0
2026-04-12 11:00:00,758.83,760.21,757.21,759.39,297,19,0
2026-04-12 11:10:00,759.44,759.72,753.05,753.77,290,19,0
2026-04-12 11:20:00,753.65,754.39,750.28,754.39,293,19,0
2026-04-12 11:30:00,754.4,757.15,754.01,756.85,294,19,0
2026-04-12 11:40:00,757.35,757.78,748.32,750.81,294,19,0
2026-04-12 11:50:00,750.81,751.44,744.74,746.45,296,19,0
2026-04-12 12:00:00,746.46,746.93,741.18,743.28,291,19,0
2026-04-12 12:10:00,743.62,745.25,742.41,742.55,292,19,0
2026-04-12 12:20:00,742.32,744.14,740.07,741.11,294,19,0
2026-04-12 12:30:00,741.13,744.8,739.46,743.55,296,19,0
2026-04-12 12:40:00,743.86,746.87,741.21,746.5,292,19,0
2026-04-12 12:50:00,746.19,746.69,743.54,744.51,291,19,0
2026-04-12 13:00:00,744.43,746.86,743.34,745.76,291,19,0
2026-04-12 13:10:00,745.62,746.0,741.91,742.37,289,19,0
2026-04-12 13:20:00,742.07,747.51,741.77,745.45,289,19,0
2026-04-12 13:30:00,745.41,747.16,743.85,746.45,293,19,0
2026-04-12 13:40:00,746.33,752.16,746.33,750.77,294,19,0
2026-04-12 13:50:00,751.03,756.64,750.89,755.22,296,19,0
2026-04-12 14:00:00,755.17,755.73,749.99,752.44,294,19,0
2026-04-12 14:10:00,752.44,754.81,749.2,753.86,294,19,0
2026-04-12 14:20:00,753.91,756.55,752.33,756.11,295,19,0
2026-04-12 14:30:00,756.1,756.67,753.39,753.4,296,19,0
2026-04-12 14:40:00,753.31,759.2,753.31,757.95,296,19,0
2026-04-12 14:50:00,757.94,758.52,750.76,752.12,298,19,0
2026-04-12 15:00:00,752.05,757.86,751.3,756.76,292,19,0
2026-04-12 15:10:00,756.83,758.53,752.66,753.66,292,19,0
2026-04-12 15:20:00,753.75,754.52,750.38,752.39,295,19,0
2026-04-12 15:30:00,752.03,754.38,751.19,751.71,294,19,0
2026-04-12 15:40:00,751.32,756.13,751.24,753.8,292,19,0
2026-04-12 15:50:00,754.07,756.9,751.26,751.33,291,19,0
2026-04-12 16:00:00,751.65,752.1,746.92,749.37,293,19,0
2026-04-12 16:10:00,749.5,755.35,748.18,755.01,294,19,0
2026-04-12 16:20:00,755.21,758.95,754.82,758.76,293,19,0
2026-04-12 16:30:00,759.18,766.82,757.8,764.1,296,19,0
2026-04-12 16:40:00,764.57,767.68,764.04,766.99,292,19,0
2026-04-12 16:50:00,766.71,770.25,765.38,766.79,294,19,0
2026-04-12 17:00:00,766.51,767.05,761.67,762.7,294,19,0
2026-04-12 17:10:00,762.36,762.36,759.09,761.86,291,19,0
2026-04-12 17:20:00,762.11,766.53,762.11,766.15,294,19,0
2026-04-12 17:30:00,765.74,767.49,762.35,762.92,297,19,0
2026-04-12 17:40:00,762.86,765.84,762.06,764.71,295,19,0
2026-04-12 17:50:00,764.71,766.78,762.67,765.19,296,19,0
2026-04-12 18:00:00,765.49,769.09,763.66,764.47,292,19,0
2026-04-12 18:10:00,764.36,765.73,760.06,761.2,290,19,0
2026-04-12 18:20:00,761.22,764.61,759.02,763.85,295,19,0
2026-04-12 18:30:00,764.13,766.96,761.98,761.98,293,19,0
2026-04-12 18:40:00,761.73,761.73,758.05,759.52,294,19,0
2026-04-12 18:50:00,759.33,766.75,759.19,766.59,298,19,0
2026-04-12 19:00:00,766.51,768.23,764.97,766.8,294,19,0
2026-04-12 19:10:00,766.55,766.68,762.58,764.4,292,19,0
2026-04-12 19:20:00,764.25,766.6,759.23,761.11,295,19,0
2026-04-12 19:30:00,760.96,763.71,760.03,762.67,296,19,0
2026-04-12 19:40:00,762.64,770.19,761.79,769.33,297,19,0
2026-04-12 19:50:00,769.23,771.73,766.43,768.29,292,19,0
2026-04-12 20:00:00,768.35,771.48,764.8,770.49,293,19,0
2026-04-12 20:10:00,770.47,771.95,768.6,769.81,294,19,0
2026-04-12 20:20:00,769.81,773.34,768.69,771.77,295,19,0
2026-04-12 20:30:00,771.79,772.28,767.79,769.28,294,19,0
2026-04-12 20:40:00,769.56,772.4,769.07,769.79,296,19,0
2026-04-12 20:50:00,769.67,773.1,768.95,771.36,294,19,0
2026-04-12 21:00:00,771.5,774.22,769.32,769.4,294,19,0
2026-04-12 21:10:00,769.62,769.62,765.31,767.21,295,19,0
2026-04-12 21:20:00,767.11,768.4,765.47,768.4,296,19,0
2026-04-12 21:30:00,768.57,770.04,766.25,769.03,293,19,0
2026-04-12 21:40:00,768.99,772.98,767.75,769.76,293,19,0
2026-04-12 21:50:00,769.77,771.8,766.12,766.87,298,19,0
2026-04-12 22:00:00,766.92,768.38,760.16,760.6,295,19,0
2026-04-12 22:10:00,760.77,764.37,760.47,762.22,288,19,0
2026-04-12 22:20:00,762.57,765.76,761.45,765.13,291,19,0
2026-04-12 22:30:00,765.36,767.89,763.5,766.59,293,19,0
2026-04-12 22:40:00,766.84,769.0,764.15,764.27,295,19,0
2026-04-12 22:50:00,764.1,768.24,763.92,766.06,290,19,0
2026-04-12 23:00:00,766.51,770.6,766.09,767.93,294,19,0
2026-04-12 23:10:00,767.79,775.23,767.22,775.22,296,19,0
2026-04-12 23:20:00,775.15,779.65,775.14,779.38,295,19,0
2026-04-12 23:30:00,779.16,782.19,778.34,779.46,291,19,0
2026-04-12 23:40:00,779.43,780.63,776.11,776.19,294,19,0
2026-04-12 23:50:00,776.14,779.73,773.19,775.47,290,19,0
2026-04-13 00:00:00,775.35,777.12,772.48,775.94,299,19,0
2026-04-13 00:10:00,775.72,779.23,774.79,777.67,296,19,0
2026-04-13 00:20:00,777.29,779.97,775.69,775.74,296,19,0
2026-04-13 00:30:00,775.76,778.32,775.28,777.6,294,19,0
2026-04-13 00:40:00,777.64,777.82,773.11,775.51,296,19,0
2026-04-13 00:50:00,775.51,777.4,773.41,773.66,295,19,0
2026-04-13 01:00:00,773.53,780.7,773.25,780.66,291,19,0
2026-04-13 01:10:00,780.7,782.84,777.38,780.88,291,19,0
2026-04-13 01:20:00,781.31,785.54,780.83,784.97,294,19,0
2026-04-13 01:30:00,784.98,786.15,781.52,782.6,296,19,0
2026-04-13 01:40:00,782.29,786.91,780.48,786.48,295,19,0
2026-04-13 01:50:00,786.75,789.07,783.76,784.81,294,19,0
2026-04-13 02:00:00,784.87,785.96,781.72,783.69,291,19,0
2026-04-13 02:10:00,783.78,783.78,776.46,782.87,298,19,0
2026-04-13 02:20:00,782.81,785.56,781.76,782.82,298,19,0
2026-04-13 02:30:00,783.11,783.84,778.5,783.0,291,19,0
2026-04-13 02:40:00,783.06,783.36,779.51,779.87,290,19,0
2026-04-13 02:50:00,779.89,783.85,776.57,776.66,289,19,0
2026-04-13 03:00:00,776.9,780.68,774.58,774.96,293,19,0
2026-04-13 03:10:00,775.07,778.65,770.92,775.82,295,19,0
2026-04-13 03:20:00,775.58,777.47,773.02,775.78,298,19,0
2026-04-13 03:30:00,775.6,778.95,772.81,778.4,295,19,0
2026-04-13 03:40:00,778.62,779.83,777.29,778.47,298,19,0
2026-04-13 03:50:00,778.38,781.46,776.29,776.76,296,24,0
2026-04-13 04:00:00,776.71,779.17,774.24,778.91,298,24,0
2026-04-13 04:10:00,779.15,779.92,776.25,776.33,297,24,0
2026-04-13 04:20:00,776.45,776.97,770.62,770.72,298,24,0
2026-04-13 04:30:00,770.66,773.51,767.76,768.03,293,24,0
2026-04-13 04:40:00,768.05,770.36,766.64,768.45,292,24,0
2026-04-13 04:50:00,768.8,769.7,765.32,768.63,296,24,0
2026-04-13 05:00:00,768.67,769.52,763.83,768.67,293,24,0
2026-04-13 05:10:00,768.76,769.41,766.59,768.65,297,24,0
2026-04-13 05:20:00,768.54,771.23,768.11,770.48,297,24,0
2026-04-13 05:30:00,770.2,770.81,766.95,769.16,297,24,0
2026-04-13 05:40:00,769.16,771.04,761.36,761.83,295,24,0
2026-04-13 05:50:00,761.64,763.29,759.24,760.62,291,24,0
2026-04-13 06:00:00,760.45,761.48,755.54,756.15,297,24,0
2026-04-13 06:10:00,756.08,759.65,755.79,759.05,293,24,0
2026-04-13 06:20:00,758.98,760.44,757.18,759.03,293,24,0
2026-04-13 06:30:00,758.84,759.74,757.38,758.49,295,24,0
2026-04-13 06:40:00,758.48,761.82,758.37,759.46,295,24,0
2026-04-13 06:50:00,759.82,760.26,757.32,758.05,294,24,0
2026-04-13 07:00:00,757.6,760.66,756.28,758.31,295,24,0
2026-04-13 07:10:00,758.21,758.81,755.33,755.42,288,24,0
2026-04-13 07:20:00,755.17,760.04,754.76,759.79,298,24,0
2026-04-13 07:30:00,760.01,766.58,760.01,765.88,294,24,0
2026-04-13 07:40:00,765.77,766.04,761.18,765.69,294,24,0
2026-04-13 07:50:00,765.74,767.35,763.53,764.73,296,24,0
2026-04-13 08:00:00,764.85,770.35,764.66,768.41,292,24,0
2026-04-13 08:10:00,768.98,770.92,767.51,768.67,297,24,0
2026-04-13 08:20:00,768.69,769.1,764.21,765.11,296,24,0
2026-04-13 08:30:00,765.11,769.64,765.11,766.86,296,24,0
2026-04-13 08:40:00,766.97,770.1,764.93,768.84,295,24,0
2026-04-13 08:50:00,768.86,769.18,764.12,766.46,290,24,0
2026-04-13 09:00:00,766.08,766.2,762.03,763.32,293,24,0
2026-04-13 09:10:00,763.2,765.67,762.72,763.29,288,24,0
2026-04-13 09:20:00,763.04,763.68,760.88,762.29,297,24,0
2026-04-13 09:30:00,761.99,763.43,758.33,762.86,292,24,0
2026-04-13 09:40:00,762.94,765.38,761.62,763.84,289,24,0
2026-04-13 09:50:00,764.03,764.49,761.48,761.87,295,24,0
2026-04-13 10:00:00,761.9,762.06,757.1,757.44,295,24,0
2026-04-13 10:10:00,757.61,763.79,756.42,761.41,294,24,0
2026-04-13 10:20:00,761.25,761.9,758.14,761.07,295,24,0
2026-04-13 10:30:00,760.99,761.29,753.17,754.37,297,24,0
2026-04-13 10:40:00,754.46,756.28,751.33,754.47,298,24,0
2026-04-13 10:50:00,754.55,759.13,750.74,751.47,293,24,0
2026-04-13 11:00:00,751.17,752.47,745.62,749.11,297,24,0
2026-04-13 11:10:00,748.93,754.5,747.69,752.32,293,24,0
2026-04-13 11:20:00,752.41,757.1,751.39,755.34,297,24,0
2026-04-13 11:30:00,755.39,756.99,754.32,756.11,291,24,0
2026-04-13 11:40:00,756.17,761.37,755.95,760.15,292,24,0
2026-04-13 11:50:00,760.06,762.97,756.76,756.84,297,24,0
2026-04-13 12:00:00,757.24,758.47,754.76,758.47,294,24,0
2026-04-13 12:10:00,758.13,764.01,758.13,763.51,289,24,0
2026-04-13 12:20:00,763.49,766.35,760.95,763.82,295,24,0
2026-04-13 12:30:00,763.97,769.27,763.86,768.3,294,24,0
2026-04-13 12:40:00,768.48,773.33,767.76,771.31,289,24,0
2026-04-13 12:50:00,771.51,772.23,767.74,769.61,294,24,0
2026-04-13 13:00:00,769.64,770.3,762.46,762.9,295,24,0
2026-04-13 13:10:00,762.68,767.45,761.69,767.45,294,24,0
2026-04-13 13:20:00,767.67,770.32,766.92,768.89,297,24,0
2026-04-13 13:30:00,768.82,769.07,763.64,766.25,292,24,0
2026-04-13 13:40:00,766.16,766.86,761.61,763.87,294,24,0
2026-04-13 13:50:00,763.83,763.83,758.89,760.59,297,24,0
2026-04-13 14:00:00,760.8,763.3,759.67,761.72,291,24,0
2026-04-13 14:10:00,761.65,764.34,759.35,761.77,296,24,0
2026-04-13 14:20:00,761.95,762.95,758.66,761.19,293,24,0
2026-04-13 14:30:00,760.99,761.28,757.09,759.07,295,24,0
2026-04-13 14:40:00,759.01,761.54,756.62,756.62,291,24,0
2026-04-13 14:50:00,756.37,761.16,755.98,758.47,294,24,0
2026-04-13 15:00:00,758.05,761.05,757.11,758.64,298,24,0
2026-04-13 15:10:00,758.54,761.97,756.93,760.63,290,24,0
2026-04-13 15:20:00,760.61,764.33,758.44,763.73,294,24,0
2026-04-13 15:30:00,763.87,765.41,759.27,761.07,296,24,0
2026-04-13 15:40:00,761.24,762.1,758.24,760.54,297,24,0
2026-04-13 15:50:00,760.53,762.22,754.39,754.69,292,24,0
2026-04-13 16:00:00,754.72,757.48,753.33,757.16,296,24,0
2026-04-13 16:10:00,756.99,758.7,753.41,757.64,291,24,0
2026-04-13 16:20:00,758.13,758.77,749.33,749.43,297,24,0
2026-04-13 16:30:00,749.51,754.36,749.04,752.06,295,24,0
2026-04-13 16:40:00,752.33,753.77,749.85,753.4,290,24,0
2026-04-13 16:50:00,753.16,753.51,748.14,748.76,292,24,0
2026-04-13 17:00:00,748.94,749.97,745.23,747.29,299,24,0
2026-04-13 17:10:00,747.23,748.36,742.69,744.62,297,24,0
2026-04-13 17:20:00,744.53,746.1,739.94,740.58,292,24,0
2026-04-13 17:30:00,740.42,744.92,739.03,744.28,294,24,0
2026-04-13 17:40:00,744.27,750.22,744.27,748.05,295,24,0
2026-04-13 17:50:00,747.94,750.59,746.25,747.48,289,24,0
2026-04-13 18:00:00,747.87,754.79,747.25,753.82,293,24,0
2026-04-13 18:10:00,753.72,758.49,752.49,758.06,293,24,0
2026-04-13 18:20:00,758.02,761.04,756.62,759.4,290,24,0
2026-04-13 18:30:00,759.35,762.15,755.24,761.65,297,24,0
2026-04-13 18:40:00,762.1,765.2,761.53,763.84,296,24,0
2026-04-13 18:50:00,763.78,764.28,759.63,761.63,297,24,0
2026-04-13 19:00:00,761.81,763.24,757.38,757.51,297,24,0
2026-04-13 19:10:00,757.29,757.61,753.05,754.61,295,24,0
2026-04-13 19:20:00,755.06,758.37,754.69,757.95,292,24,0
2026-04-13 19:30:00,757.95,764.9,757.92,763.19,290,24,0
2026-04-13 19:40:00,763.33,769.75,763.31,768.89,296,24,0
2026-04-13 19:50:00,769.04,773.47,767.39,773.47,295,24,0
2026-04-13 20:00:00,773.41,775.2,770.79,770.85,292,24,0
2026-04-13 20:10:00,770.59,772.54,767.74,771.04,295,24,0
2026-04-13 20:20:00,771.18,772.03,767.93,770.55,294,24,0
2026-04-13 20:30:00,770.17,773.18,768.73,768.73,295,24,0
2026-04-13 20:40:00,768.89,772.12,767.54,769.68,296,24,0
2026-04-13 20:50:00,769.72,772.52,768.66,772.4,296,24,0
2026-04-13 21:00:00,772.45,776.56,771.42,772.18,290,24,0
2026-04-13 21:10:00,772.1,772.98,769.47,770.74,292,24,0
2026-04-13 21:20:00,770.84,780.89,770.84,778.82,296,24,0
2026-04-13 21:30:00,779.12,781.69,777.61,780.7,294,24,0
2026-04-13 21:40:00,780.21,781.94,777.96,779.71,293,24,0
2026-04-13 21:50:00,779.82,786.63,778.88,786.58,293,24,0
2026-04-13 22:00:00,786.7,786.91,783.04,783.78,295,24,0
2026-04-13 22:10:00,783.87,791.46,781.93,789.62,296,24,0
2026-04-13 22:20:00,789.8,791.63,788.18,789.16,294,24,0
2026-04-13 22:30:00,789.06,794.89,788.44,790.87,292,24,0
2026-04-13 22:40:00,790.78,797.64,789.82,797.51,296,24,0
2026-04-13 22:50:00,797.53,800.67,796.84,800.6,294,24,0
2026-04-13 23:00:00,800.54,802.8,798.94,801.97,292,24,0
2026-04-13 23:10:00,802.02,804.63,800.85,802.62,299,24,0
2026-04-13 23:20:00,802.88,804.53,799.73,800.1,292,24,0
2026-04-13 23:30:00,799.85,801.03,794.88,801.03,292,24,0
2026-04-13 23:40:00,801.26,802.31,794.4,794.96,293,24,0
2026-04-13 23:50:00,794.83,795.8,791.97,792.56,295,24,0
2026-04-14 00:00:00,792.32,793.37,787.81,790.07,297,24,0
2026-04-14 00:10:00,790.37,790.85,784.07,785.23,294,24,0
2026-04-14 00:20:00,785.23,785.57,783.03,785.3,293,24,0
2026-04-14 00:30:00,785.39,790.66,785.04,789.06,293,24,0
2026-04-14 00:40:00,789.1,790.56,780.72,780.72,293,24,0
2026-04-14 00:50:00,780.93,781.99,776.47,776.47,290,24,0
2026-04-14 01:00:00,776.75,785.24,776.36,783.79,295,24,0
2026-04-14 01:10:00,783.92,793.01,783.92,791.57,295,24,0
2026-04-14 01:20:00,791.51,792.11,788.55,790.39,295,24,0
2026-04-14 01:30:00,790.19,793.57,789.04,790.99,296,24,0
2026-04-14 01:40:00,790.95,791.97,785.04,785.52,297,24,0
2026-04-14 01:50:00,785.45,792.25,784.42,790.24,296,24,0
2026-04-14 02:00:00,789.96,791.55,786.93,791.55,295,24,0
2026-04-14 02:10:00,791.8,793.18,788.93,788.93,291,24,0
2026-04-14 02:20:00,788.77,790.83,787.04,790.63,290,24,0
2026-04-14 02:30:00,790.52,791.91,785.97,786.67,293,24,0
2026-04-14 02:40:00,786.65,791.66,786.11,791.5,294,24,0
2026-04-14 02:50:00,791.76,791.76,783.77,785.62,292,24,0
2026-04-14 03:00:00,785.26,787.65,784.66,787.14,295,24,0
2026-04-14 03:10:00,787.39,787.63,781.59,782.68,296,24,0
2026-04-14 03:20:00,782.69,784.36,780.98,782.12,291,24,0
2026-04-14 03:30:00,782.44,788.3,782.0,787.16,294,24,0
2026-04-14 03:40:00,787.16,796.18,787.14,795.08,295,24,0
2026-04-14 03:50:00,794.55,798.01,793.14,794.94,297,24,0
2026-04-14 04:00:00,794.95,797.14,793.62,793.82,298,24,0
2026-04-14 04:10:00,793.72,793.74,786.9,787.36,298,24,0
2026-04-14 04:20:00,787.52,793.77,787.46,791.8,294,24,0
2026-04-14 04:30:00,791.41,791.53,786.96,787.28,298,24,0
2026-04-14 04:40:00,787.21,789.04,783.2,784.06,291,24,0
2026-04-14 04:50:00,784.13,789.28,781.8,788.48,293,24,0
2026-04-14 05:00:00,788.64,793.38,788.32,792.23,294,24,0
2026-04-14 05:10:00,792.28,797.36,791.7,796.14,295,24,0
2026-04-14 05:20:00,796.23,801.07,795.97,798.64,296,24,0
2026-04-14 05:30:00,798.7,801.8,797.72,798.51,294,24,0
2026-04-14 05:40:00,798.49,798.71,791.74,792.34,296,24,0
2026-04-14 05:50:00,792.4,798.32,791.95,798.21,292,24,0
2026-04-14 06:00:00,798.24,799.11,793.27,794.74,293,24,0
2026-04-14 06:10:00,794.59,796.31,792.09,796.12,295,24,0
2026-04-14 06:20:00,796.09,801.48,796.09,799.49,298,24,0
2026-04-14 06:30:00,799.42,800.06,792.6,794.43,298,24,0
2026-04-14 06:40:00,794.65,797.87,791.66,795.3,295,24,0
2026-04-14 06:50:00,795.35,796.69,791.8,793.11,297,24,0
2026-04-14 07:00:00,793.62,793.79,789.1,791.11,296,24,0
2026-04-14 07:10:00,791.25,792.99,789.27,790.53,297,24,0
2026-04-14 07:20:00,790.66,794.15,790.66,792.55,294,24,0
2026-04-14 07:30:00,792.76,798.07,792.63,793.11,292,24,0
2026-04-14 07:40:00,793.33,799.9,793.02,798.61,296,24,0
2026-04-14 07:50:00,798.73,805.91,797.95,805.62,294,24,0
2026-04-14 08:00:00,805.62,809.11,804.16,807.45,293,24,0
2026-04-14 08:10:00,807.36,808.04,803.24,803.24,293,24,0
2026-04-14 08:20:00,803.27,804.11,800.72,803.88,299,24,0
2026-04-14 08:30:00,803.9,807.1,802.44,807.03,294,24,0
2026-04-14 08:40:00,806.77,807.42,799.75,806.35,290,24,0
2026-04-14 08:50:00,806.31,809.59,805.09,808.9,295,24,0
2026-04-14 09:00:00,808.84,808.87,802.29,804.75,294,24,0
2026-04-14 09:10:00,804.39,811.3,804.39,810.78,298,24,0
2026-04-14 09:20:00,810.69,811.23,807.41,809.94,296,24,0
2026-04-14 09:30:00,809.97,810.39,803.64,803.93,289,24,0
2026-04-14 09:40:00,804.13,804.13,799.8,801.95,295,24,0
2026-04-14 09:50:00,801.8,808.66,801.49,807.83,296,24,0
2026-04-14 10:00:00,807.79,817.95,807.79,817.54,297,24,0
2026-04-14 10:10:00,817.48,820.01,816.34,818.95,294,24,0
2026-04-14 10:20:00,818.84,820.02,814.65,815.35,294,24,0
2026-04-14 10:30:00,815.53,819.39,811.68,819.18,294,24,0
2026-04-14 10:40:00,819.25,826.02,819.22,823.91,295,24,0
2026-04-14 10:50:00,823.97,824.2,820.02,821.4,298,24,0
2026-04-14 11:00:00,821.59,822.29,815.13,817.24,296,24,0
2026-04-14 11:10:00,817.2,822.77,817.2,820.74,294,24,0
2026-04-14 11:20:00,820.79,820.97,813.28,813.48,294,24,0
2026-04-14 11:30:00,813.27,817.28,811.52,813.51,297,24,0
2026-04-14 11:40:00,813.81,817.29,810.26,816.7,296,24,0
2026-04-14 11:50:00,816.52,817.75,809.06,810.9,295,24,0
2026-04-14 12:00:00,810.68,814.56,806.46,806.46,295,24,0
2026-04-14 12:10:00,806.38,807.85,805.54,806.12,289,24,0
2026-04-14 12:20:00,806.55,806.88,800.05,801.23,298,24,0
2026-04-14 12:30:00,801.52,811.16,799.89,811.15,287,24,0
2026-04-14 12:40:00,811.06,812.32,807.46,809.94,296,24,0
2026-04-14 12:50:00,810.04,811.62,808.12,809.18,293,24,0
2026-04-14 13:00:00,809.94,812.57,807.19,807.48,299,24,0
2026-04-14 13:10:00,807.58,813.22,806.21,811.48,297,24,0
2026-04-14 13:20:00,811.2,811.4,807.87,809.34,295,24,0
2026-04-14 13:30:00,809.37,809.56,803.25,803.74,294,24,0
2026-04-14 13:40:00,803.68,808.25,803.68,806.21,290,24,0
2026-04-14 13:50:00,806.18,806.78,802.1,804.39,293,24,0
2026-04-14 14:00:00,804.09,804.46,799.53,801.45,293,24,0
2026-04-14 14:10:00,801.18,805.51,800.65,801.5,296,24,0
2026-04-14 14:20:00,801.54,804.62,800.7,802.83,293,24,0
2026-04-14 14:30:00,803.03,803.03,796.53,798.68,289,24,0
2026-04-14 14:40:00,798.88,800.9,797.85,799.72,295,24,0
2026-04-14 14:50:00,799.77,801.91,795.79,799.44,298,24,0
2026-04-14 15:00:00,799.62,800.24,790.91,792.17,293,24,0
2026-04-14 15:10:00,791.9,795.49,790.72,793.0,293,24,0
2026-04-14 15:20:00,793.09,794.92,787.21,787.76,295,24,0
2026-04-14 15:30:00,787.93,792.38,787.93,790.9,295,24,0
2026-04-14 15:40:00,791.32,795.0,790.3,792.43,293,24,0
2026-04-14 15:50:00,792.35,794.96,790.17,794.08,291,24,0
2026-04-14 16:00:00,794.09,797.64,792.43,796.18,289,24,0
2026-04-14 16:10:00,796.2,796.62,792.22,793.4,296,24,0
2026-04-14 16:20:00,793.2,793.41,790.4,792.45,295,24,0
2026-04-14 16:30:00,792.48,792.58,787.3,787.67,286,24,0
2026-04-14 16:40:00,788.02,789.94,785.77,785.89,295,24,0
2026-04-14 16:50:00,785.94,786.97,779.77,780.35,296,24,0
2026-04-14 17:00:00,780.6,784.92,780.35,783.95,299,24,0
2026-04-14 17:10:00,783.92,785.27,781.83,783.84,292,24,0
2026-04-14 17:20:00,784.11,785.23,780.83,783.3,292,24,0
2026-04-14 17:30:00,783.49,784.76,776.89,777.87,295,24,0
2026-04-14 17:40:00,777.76,779.18,775.94,777.92,294,24,0
2026-04-14 17:50:00,777.73,779.98,774.52,774.67,289,24,0
2026-04-14 18:00:00,774.55,774.55,766.4,768.95,294,24,0
2026-04-14 18:10:00,768.7,769.83,766.9,768.83,292,24,0
2026-04-14 18:20:00,769.02,774.18,767.96,772.24,295,24,0
2026-04-14 18:30:00,772.19,773.36,769.18,770.15,295,24,0
2026-04-14 18:40:00,769.79,772.45,768.7,769.55,297,24,0
2026-04-14 18:50:00,769.76,770.58,767.68,769.19,297,24,0
2026-04-14 19:00:00,769.28,771.48,768.12,770.44,294,24,0
2026-04-14 19:10:00,770.45,772.2,768.9,769.27,297,24,0
2026-04-14 19:20:00,769.1,772.69,768.58,770.62,289,24,0
2026-04-14 19:30:00,770.79,774.93,770.74,774.21,296,24,0
2026-04-14 19:40:00,774.1,774.58,769.0,769.27,295,24,0
2026-04-14 19:50:00,769.42,769.5,762.37,762.37,292,24,0
2026-04-14 20:00:00,762.45,764.67,759.88,764.6,293,24,0
2026-04-14 20:10:00,764.35,766.38,760.62,762.29,293,24,0
2026-04-14 20:20:00,762.25,763.76,756.69,756.69,299,24,0
2026-04-14 20:30:00,756.69,756.99,752.73,754.41,297,24,0
2026-04-14 20:40:00,754.53,755.91,748.64,748.64,294,24,0
2026-04-14 20:50:00,748.63,752.7,748.26,752.7,294,24,0
2026-04-14 21:00:00,752.5,755.38,750.84,755.21,296,24,0
2026-04-14 21:10:00,755.27,757.73,753.33,756.42,295,24,0
2026-04-14 21:20:00,756.81,759.56,755.73,757.97,296,24,0
2026-04-14 21:30:00,757.94,762.22,757.75,760.03,296,24,0
2026-04-14 21:40:00,760.09,762.92,759.38,762.07,292,24,0
2026-04-14 21:50:00,761.97,763.46,758.8,760.92,293,24,0
2026-04-14 22:00:00,760.74,761.28,757.41,759.2,292,24,0
2026-04-14 22:10:00,758.96,763.63,758.76,761.05,291,24,0
2026-04-14 22:20:00,761.21,764.02,759.28,763.82,293,24,0
2026-04-14 22:30:00,763.75,764.75,759.91,760.37,293,24,0
2026-04-14 22:40:00,760.35,760.45,755.03,756.14,295,24,0
2026-04-14 22:50:00,756.25,757.64,755.23,757.64,293,24,0
2026-04-14 23:00:00,757.72,758.74,750.52,752.36,295,24,0
2026-04-14 23:10:00,752.61,754.55,749.62,751.49,297,24,0
2026-04-14 23:20:00,751.66,755.92,751.66,754.38,291,24,0
2026-04-14 23:30:00,754.32,757.79,753.17,757.77,291,24,0
2026-04-14 23:40:00,757.83,762.15,757.05,762.11,298,24,0
2026-04-14 23:50:00,762.45,769.79,761.4,769.77,296,24,0
2026-04-15 00:00:00,769.69,771.3,765.77,766.64,296,24,0
2026-04-15 00:10:00,766.03,774.96,766.03,774.0,295,24,0
2026-04-15 00:20:00,773.87,774.41,770.14,773.84,288,24,0
2026-04-15 00:30:00,773.95,778.2,773.12,774.45,293,24,0
2026-04-15 00:40:00,774.39,776.01,772.69,774.91,295,24,0
2026-04-15 00:50:00,774.74,776.82,772.96,775.95,292,24,0
2026-04-15 01:00:00,775.8,775.8,768.69,769.2,291,24,0
2026-04-15 01:10:00,769.24,770.1,765.81,767.06,293,24,0
2026-04-15 01:20:00,767.13,769.7,763.88,769.24,291,24,0
2026-04-15 01:30:00,768.84,773.68,767.23,773.15,296,24,0
2026-04-15 01:40:00,773.46,785.64,773.46,784.3,296,24,0
2026-04-15 01:50:00,784.25,784.35,779.24,779.44,296,24,0
2026-04-15 02:00:00,779.17,779.97,772.9,774.14,292,24,0
2026-04-15 02:10:00,773.73,776.56,773.03,773.37,297,24,0
2026-04-15 02:20:00,773.52,773.7,770.27,771.56,291,24,0
2026-04-15 02:30:00,771.49,776.64,770.41,770.9,293,24,0
2026-04-15 02:40:00,770.92,772.73,768.93,771.75,293,24,0
2026-04-15 02:50:00,771.7,771.95,768.41,771.36,296,24,0
2026-04-15 03:00:00,770.99,773.1,769.87,772.57,293,24,0
2026-04-15 03:10:00,772.84,774.74,770.46,770.87,298,24,0
2026-04-15 03:20:00,770.45,770.94,767.06,768.81,295,24,0
2026-04-15 03:30:00,769.05,769.11,762.91,765.52,298,24,0
2026-04-15 03:40:00,765.66,771.74,765.41,771.13,290,24,0
2026-04-15 03:50:00,771.27,778.09,770.74,777.84,297,24,0
2026-04-15 04:00:00,777.85,779.84,770.85,771.71,296,24,0
2026-04-15 04:10:00,771.6,771.6,766.86,768.32,288,24,0
2026-04-15 04:20:00,768.3,768.32,761.19,762.17,293,24,0
2026-04-15 04:30:00,762.03,763.93,759.26,763.47,297,24,0
2026-04-15 04:40:00,763.53,766.86,763.53,766.72,295,24,0
2026-04-15 04:50:00,766.76,766.88,761.32,761.8,293,24,0
2026-04-15 05:00:00,761.79,764.41,758.78,758.78,298,24,0
2026-04-15 05:10:00,758.74,759.7,756.62,758.59,295,24,0
2026-04-15 05:20:00,758.32,759.02,752.39,756.17,293,24,0
2026-04-15 05:30:00,756.28,759.88,754.45,756.14,296,24,0
2026-04-15 05:40:00,756.4,759.56,754.6,758.59,297,24,0
2026-04-15 05:50:00,758.47,761.61,757.68,758.29,293,24,0
2026-04-15 06:00:00,757.88,761.25,755.16,760.56,294,24,0
2026-04-15 06:10:00,760.28,761.3,756.48,761.07,296,24,0
2026-04-15 06:20:00,761.49,767.29,761.49,767.27,292,24,0
2026-04-15 06:30:00,767.3,772.64,766.73,771.95,293,24,0
2026-04-15 06:40:00,771.99,776.24,769.69,769.97,295,24,0
2026-04-15 06:50:00,770.21,770.91,765.62,768.07,296,24,0
2026-04-15 07:00:00,768.04,770.67,766.64,768.87,295,24,0
2026-04-15 07:10:00,769.03,770.43,765.46,768.06,295,24,0
2026-04-15 07:20:00,768.15,772.13,766.65,771.98,296,24,0
2026-04-15 07:30:00,771.88,772.27,767.96,768.99,296,24,0
2026-04-15 07:40:00,769.28,774.67,768.51,774.02,298,24,0
2026-04-15 07:50:00,774.21,780.53,773.21,779.1,292,24,0
2026-04-15 08:00:00,779.3,784.31,778.28,780.79,297,24,0
2026-04-15 08:10:00,780.75,781.42,776.81,778.47,292,24,0
2026-04-15 08:20:00,778.46,779.71,775.77,776.47,296,24,0
2026-04-15 08:30:00,776.43,777.56,772.99,772.99,296,24,0
2026-04-15 08:40:00,773.4,776.95,772.8,776.27,289,24,0
2026-04-15 08:50:00,776.53,778.69,774.73,777.17,298,24,0
2026-04-15 09:00:00,777.41,780.16,773.4,773.96,293,24,0
2026-04-15 09:10:00,774.08,775.85,772.44,775.51,291,24,0
2026-04-15 09:20:00,775.41,779.19,772.96,777.86,294,24,0
2026-04-15 09:30:00,777.72,783.43,777.06,783.24,290,24,0
2026-04-15 09:40:00,782.83,784.9,781.42,783.19,295,24,0
2026-04-15 09:50:00,782.82,788.84,782.63,785.52,295,24,0
2026-04-15 10:00:00,785.76,793.04,785.76,790.79,296,24,0
2026-04-15 10:10:00,790.81,798.52,790.23,797.94,292,24,0
2026-04-15 10:20:00,798.11,800.38,794.84,796.21,294,24,0
2026-04-15 10:30:00,796.63,796.63,791.02,793.92,293,24,0
2026-04-15 10:40:00,793.95,793.96,789.28,790.14,293,24,0
2026-04-15 10:50:00,790.13,796.22,788.91,795.14,299,24,0
2026-04-15 11:00:00,795.09,795.49,787.5,789.15,298,24,0
2026-04-15 11:10:00,789.03,793.76,788.09,790.71,296,24,0
2026-04-15 11:20:00,791.18,799.11,790.0,798.79,290,24,0
2026-04-15 11:30:00,798.87,799.3,794.93,798.11,296,24,0
2026-04-15 11:40:00,798.08,801.84,795.6,797.33,293,24,0
2026-04-15 11:50:00,797.27,800.06,795.36,799.2,296,24,0
2026-04-15 12:00:00,798.98,802.78,796.06,796.71,296,24,0
2026-04-15 12:10:00,796.84,796.84,792.75,795.12,291,24,0
2026-04-15 12:20:00,795.02,801.76,794.87,801.53,296,24,0
2026-04-15 12:30:00,801.26,802.62,796.91,797.36,297,24,0
2026-04-15 12:40:00,797.17,797.89,793.39,795.69,293,24,0
2026-04-15 12:50:00,795.73,798.44,794.61,796.23,292,24,0
2026-04-15 13:00:00,796.28,798.96,794.29,797.83,298,24,0
2026-04-15 13:10:00,797.63,800.26,797.29,799.14,294,24,0
2026-04-15 13:20:00,799.25,803.1,796.21,803.1,298,24,0
2026-04-15 13:30:00,803.4,804.46,797.29,797.29,293,24,0
2026-04-15 13:40:00,797.07,798.55,794.81,797.11,292,24,0
2026-04-15 13:50:00,797.33,804.32,797.33,803.85,297,24,0
2026-04-15 14:00:00,803.84,804.7,801.33,802.08,296,24,0
2026-04-15 14:10:00,801.94,805.49,801.75,801.75,295,24,0
2026-04-15 14:20:00,802.1,803.09,797.56,799.02,293,24,0
2026-04-15 14:30:00,799.12,804.79,798.55,802.93,291,24,0
2026-04-15 14:40:00,802.97,805.79,800.36,803.73,289,24,0
2026-04-15 14:50:00,803.68,803.94,795.3,796.37,299,24,0
2026-04-15 15:00:00,796.91,797.21,790.35,795.45,296,24,0
2026-04-15 15:10:00,795.65,798.22,795.23,795.25,294,24,0
2026-04-15 15:20:00,795.43,797.07,791.25,791.56,297,24,0
2026-04-15 15:30:00,791.26,794.24,788.75,794.18,296,24,0
2026-04-15 15:40:00,793.93,794.2,788.36,789.85,293,24,0
2026-04-15 15:50:00,789.8,796.62,789.17,794.82,296,24,0
2026-04-15 16:00:00,794.74,796.7,794.25,795.4,297,24,0
2026-04-15 16:10:00,795.23,799.61,793.99,798.63,290,24,0
2026-04-15 16:20:00,798.49,801.34,797.62,801.1,293,24,0
2026-04-15 16:30:00,801.02,803.62,796.84,796.84,297,24,0
2026-04-15 16:40:00,797.02,797.7,791.5,794.12,296,24,0
2026-04-15 16:50:00,794.48,801.02,794.05,799.01,295,24,0
2026-04-15 17:00:00,798.86,801.35,797.44,799.63,293,24,0
2026-04-15 17:10:00,799.33,801.4,796.83,797.11,292,24,0
2026-04-15 17:20:00,796.96,799.94,795.69,797.97,294,24,0
2026-04-15 17:30:00,797.98,799.76,794.5,795.08,298,24,0
2026-04-15 17:40:00,794.94,803.53,794.82,802.62,296,24,0
2026-04-15 17:50:00,802.66,804.65,800.67,804.65,294,24,0
2026-04-15 18:00:00,805.04,808.42,802.24,802.93,296,24,0
2026-04-15 18:10:00,802.7,805.57,801.71,802.34,299,24,0
2026-04-15 18:20:00,802.4,806.54,802.04,804.29,296,24,0
2026-04-15 18:30:00,804.21,809.26,800.7,801.44,296,24,0
2026-04-15 18:40:00,801.64,803.74,798.56,799.43,294,24,0
2026-04-15 18:50:00,799.2,799.59,794.28,795.86,293,24,0
2026-04-15 19:00:00,796.31,796.83,794.44,795.26,293,24,0
2026-04-15 19:10:00,795.35,796.38,792.93,795.38,298,24,0
2026-04-15 19:20:00,795.47,795.62,790.82,790.85,293,24,0
2026-04-15 19:30:00,790.79,791.74,784.2,784.76,291,24,0
2026-04-15 19:40:00,784.93,786.06,783.05,784.69,296,24,0
2026-04-15 19:50:00,784.42,785.5,781.25,784.0,297,24,0
2026-04-15 20:00:00,783.82,785.46,779.44,780.46,296,24,0
2026-04-15 20:10:00,780.33,780.74,778.02,780.24,293,24,0
2026-04-15 20:20:00,780.47,783.87,779.14,780.92,297,24,0
2026-04-15 20:30:00,781.0,783.59,780.64,781.93,296,24,0
2026-04-15 20:40:00,781.69,782.03,778.11,780.28,293,24,0
2026-04-15 20:50:00,780.27,780.44,772.07,774.4,296,24,0
2026-04-15 21:00:00,774.14,776.29,771.83,773.28,291,24,0
2026-04-15 21:10:00,773.26,775.94,771.96,774.69,294,24,0
2026-04-15 21:20:00,774.57,774.81,767.45,769.96,297,24,0
2026-04-15 21:30:00,770.27,772.22,768.04,770.15,294,24,0
2026-04-15 21:40:00,770.1,772.24,767.97,771.57,296,24,0
2026-04-15 21:50:00,771.54,774.26,770.42,772.33,290,24,0
2026-04-15 22:00:00,772.19,774.7,771.55,772.7,296,24,0
2026-04-15 22:10:00,772.62,774.94,770.27,772.52,293,24,0
2026-04-15 22:20:00,772.42,775.89,771.9,772.19,294,24,0
2026-04-15 22:30:00,772.15,772.78,769.71,769.9,293,24,0
2026-04-15 22:40:00,769.91,773.77,768.98,772.93,295,24,0
2026-04-15 22:50:00,773.12,777.26,770.55,774.44,295,24,0
2026-04-15 23:00:00,774.49,774.49,768.89,770.61,293,24,0
2026-04-15 23:10:00,770.7,772.01,768.79,770.72,292,24,0
2026-04-15 23:20:00,770.46,772.64,769.37,770.44,297,24,0
2026-04-15 23:30:00,770.69,772.16,766.13,767.93,292,24,0
2026-04-15 23:40:00,768.07,775.01,766.35,772.97,297,24,0
2026-04-15 23:50:00,773.09,774.24,771.05,772.15,295,24,0
2026-04-16 00:00:00,771.95,774.52,770.6,774.31,294,24,0
2026-04-16 00:10:00,773.84,777.93,772.68,776.26,290,24,0
2026-04-16 00:20:00,776.71,776.71,769.51,771.2,298,24,0
2026-04-16 00:30:00,771.38,772.66,769.51,770.68,291,24,0
2026-04-16 00:40:00,770.45,773.31,767.73,769.32,292,24,0
2026-04-16 00:50:00,769.22,770.85,767.82,770.44,295,24,0
2026-04-16 01:00:00,771.05,773.41,769.18,772.97,295,24,0
2026-04-16 01:10:00,772.93,778.63,772.5,776.78,291,24,0
2026-04-16 01:20:00,776.77,783.89,775.19,783.89,292,24,0
2026-04-16 01:30:00,783.31,788.54,782.88,785.94,297,24,0
2026-04-16 01:40:00,785.7,787.12,783.62,784.25,293,24,0
2026-04-16 01:50:00,784.27,785.26,780.76,781.92,292,24,0
2026-04-16 02:00:00,781.65,784.25,780.64,781.72,291,24,0
2026-04-16 02:10:00,781.98,785.66,780.39,781.13,293,24,0
2026-04-16 02:20:00,781.21,781.72,775.08,777.53,295,24,0
2026-04-16 02:30:00,777.5,778.18,774.8,775.69,294,24,0
2026-04-16 02:40:00,775.83,782.81,775.52,781.56,289,24,0
2026-04-16 02:50:00,781.36,782.96,778.96,782.95,294,24,0
2026-04-16 03:00:00,783.11,788.54,781.69,787.89,290,24,0
2026-04-16 03:10:00,787.98,793.26,787.98,790.73,291,24,0
2026-04-16 03:20:00,790.81,792.39,784.71,785.42,297,24,0
2026-04-16 03:30:00,785.48,785.59,780.39,780.4,292,24,0
2026-04-16 03:40:00,780.12,781.79,778.61,780.5,297,24,0
2026-04-16 03:50:00,780.22,783.47,779.25,782.14,293,24,0
2026-04-16 04:00:00,782.36,783.97,780.4,781.05,295,24,0
2026-04-16 04:10:00,781.17,781.93,778.03,781.05,295,24,0
2026-04-16 04:20:00,780.89,784.67,780.41,784.14,293,24,0
2026-04-16 04:30:00,783.89,788.47,782.65,788.41,291,24,0
2026-04-16 04:40:00,788.39,790.99,787.03,788.86,295,24,0
2026-04-16 04:50:00,789.15,792.55,787.74,789.97,295,24,0
2026-04-16 05:00:00,789.97,796.33,789.79,796.29,292,24,0
2026-04-16 05:10:00,796.22,803.2,796.22,801.34,295,24,0
2026-04-16 05:20:00,801.09,804.53,797.88,801.97,298,24,0
2026-04-16 05:30:00,802.18,802.4,797.41,798.06,293,24,0
2026-04-16 05:40:00,798.24,802.7,798.02,802.37,297,24,0
2026-04-16 05:50:00,802.63,803.87,800.87,803.13,293,24,0
2026-04-16 06:00:00,802.67,806.79,802.4,805.12,295,24,0
2026-04-16 06:10:00,805.48,809.61,805.09,806.44,295,24,0
2026-04-16 06:20:00,806.88,808.25,802.8,804.45,293,24,0
2026-04-16 06:30:00,804.46,808.42,803.17,806.44,292,24,0
2026-04-16 06:40:00,806.4,812.5,804.12,810.33,296,24,0
2026-04-16 06:50:00,810.37,810.9,806.99,809.47,296,24,0
2026-04-16 07:00:00,809.58,815.13,807.2,807.65,293,24,0
2026-04-16 07:10:00,807.25,808.86,800.84,801.45,295,24,0
2026-04-16 07:20:00,801.36,802.83,797.45,798.51,292,24,0
2026-04-16 07:30:00,797.93,800.01,796.33,797.45,293,24,0
2026-04-16 07:40:00,797.73,799.56,793.78,793.78,296,24,0
2026-04-16 07:50:00,793.94,794.95,790.5,791.74,299,24,0
2026-04-16 08:00:00,791.66,794.26,789.69,792.4,296,24,0
2026-04-16 08:10:00,792.27,798.96,791.56,797.22,290,24,0
2026-04-16 08:20:00,797.2,805.16,796.14,803.6,297,24,0
2026-04-16 08:30:00,803.76,808.85,802.68,808.85,295,24,0
2026-04-16 08:40:00,809.23,814.13,808.43,812.56,295,24,0
2026-04-16 08:50:00,812.64,814.45,808.85,809.36,296,24,0
2026-04-16 09:00:00,809.46,812.7,808.39,810.52,292,24,0
2026-04-16 09:10:00,810.53,811.2,808.01,808.3,297,24,0
2026-04-16 09:20:00,808.62,809.45,803.32,805.94,296,24,0
2026-04-16 09:30:00,806.02,807.01,798.33,799.05,293,24,0
2026-04-16 09:40:00,799.06,800.56,793.45,793.86,294,24,0
2026-04-16 09:50:00,793.98,794.1,790.56,790.83,293,24,0
2026-04-16 10:00:00,790.78,794.67,789.5,794.31,296,24,0
2026-04-16 10:10:00,794.21,796.56,792.13,792.26,298,24,0
2026-04-16 10:20:00,792.09,795.77,790.46,793.23,295,24,0
2026-04-16 10:30:00,792.87,797.77,792.42,796.33,296,24,0
2026-04-16 10:40:00,796.07,798.95,794.63,795.51,294,24,0
2026-04-16 10:50:00,795.67,798.43,794.25,798.37,296,24,0
2026-04-16 11:00:00,798.5,800.4,795.08,796.95,297,24,0
2026-04-16 11:10:00,796.83,802.25,794.19,800.03,296,24,0
2026-04-16 11:20:00,799.93,800.63,796.26,798.66,294,24,0
2026-04-16 11:30:00,798.82,801.25,797.51,801.18,293,24,0
2026-04-16 11:40:00,800.9,803.44,798.5,803.2,295,24,0
2026-04-16 11:50:00,803.52,804.82,797.55,802.81,296,24,0
2026-04-16 12:00:00,802.78,803.96,799.25,803.03,293,24,0
2026-04-16 12:10:00,803.05,803.6,800.81,803.57,293,24,0
2026-04-16 12:20:00,803.99,805.83,802.55,805.3,296,24,0
2026-04-16 12:30:00,805.28,807.56,800.54,801.32,294,24,0
2026-04-16 12:40:00,801.3,801.7,796.5,796.51,292,24,0
2026-04-16 12:50:00,796.75,798.25,794.29,797.31,294,24,0
2026-04-16 13:00:00,797.31,798.32,793.43,795.34,296,24,0
2026-04-16 13:10:00,795.38,795.62,788.74,790.5,293,24,0
2026-04-16 13:20:00,790.65,791.64,784.9,785.41,293,24,0
2026-04-16 13:30:00,785.08,788.58,783.5,787.26,293,24,0
2026-04-16 13:40:00,787.27,795.38,786.26,794.77,294,24,0
2026-04-16 13:50:00,794.95,799.63,794.54,798.81,296,24,0
2026-04-16 14:00:00,798.53,800.95,795.92,798.64,294,24,0
2026-04-16 14:10:00,799.0,804.35,798.08,804.35,294,24,0
2026-04-16 14:20:00,804.33,804.33,798.56,798.96,296,24,0
2026-04-16 14:30:00,799.2,802.95,797.55,802.49,296,24,0
2026-04-16 14:40:00,802.58,803.74,800.31,802.3,295,24,0
2026-04-16 14:50:00,802.25,802.5,798.24,798.69,293,24,0
2026-04-16 15:00:00,798.88,805.1,798.36,804.57,294,24,0
2026-04-16 15:10:00,804.88,804.93,800.9,800.9,296,24,0
2026-04-16 15:20:00,800.84,801.13,793.92,796.74,295,24,0
2026-04-16 15:30:00,796.55,797.35,791.59,793.45,293,24,0
2026-04-16 15:40:00,793.71,796.33,792.21,793.11,292,24,0
2026-04-16 15:50:00,793.51,805.72,792.49,804.89,295,24,0
2026-04-16 16:00:00,805.02,809.64,805.02,807.37,294,24,0
2026-04-16 16:10:00,807.28,812.25,806.39,810.04,294,24,0
2026-04-16 16:20:00,810.46,811.16,804.89,805.81,293,24,0
2026-04-16 16:30:00,805.98,810.06,804.29,809.09,298,24,0
2026-04-16 16:40:00,809.17,811.04,806.9,811.01,296,24,0
2026-04-16 16:50:00,811.09,812.0,807.43,809.63,291,24,0
2026-04-16 17:00:00,809.48,809.54,804.99,805.03,296,24,0
2026-04-16 17:10:00,805.0,807.6,802.68,807.36,292,24,0
2026-04-16 17:20:00,807.29,809.92,804.65,805.78,299,24,0
2026-04-16 17:30:00,805.66,808.67,800.01,800.01,298,24,0
2026-04-16 17:40:00,800.03,807.52,799.07,802.32,294,24,0
2026-04-16 17:50:00,802.48,806.18,801.7,803.89,294,24,0
2026-04-16 18:00:00,803.76,806.55,803.11,806.34,295,24,0
2026-04-16 18:10:00,806.34,810.9,805.18,810.52,289,24,0
2026-04-16 18:20:00,810.68,813.41,809.44,811.68,295,24,0
2026-04-16 18:30:00,812.1,812.1,807.75,809.1,297,24,0
2026-04-16 18:40:00,808.88,809.78,806.48,808.15,295,24,0
2026-04-16 18:50:00,808.28,811.06,806.48,811.06,292,24,0
2026-04-16 19:00:00,811.13,813.7,809.54,810.87,294,24,0
2026-04-16 19:10:00,811.09,811.56,809.17,810.21,294,24,0
2026-04-16 19:20:00,810.41,810.41,801.05,806.27,295,24,0
2026-04-16 19:30:00,805.79,811.34,804.87,811.34,297,24,0
2026-04-16 19:40:00,811.34,815.21,810.74,812.03,291,24,0
2026-04-16 19:50:00,812.04,812.28,805.82,806.86,293,24,0
2026-04-16 20:00:00,806.73,810.11,806.11,806.72,292,24,0
2026-04-16 20:10:00,806.79,809.58,805.51,809.24,294,24,0
2026-04-16 20:20:00,809.4,810.19,805.51,807.01,296,24,0
2026-04-16 20:30:00,807.05,807.45,803.45,804.82,299,24,0
2026-04-16 20:40:00,805.2,807.5,803.81,804.99,293,24,0
2026-04-16 20:50:00,804.67,807.15,799.9,800.81,294,24,0
2026-04-16 21:00:00,800.96,804.22,798.76,804.13,297,24,0
2026-04-16 21:10:00,804.15,806.74,802.8,806.26,293,24,0
2026-04-16 21:20:00,806.0,806.48,794.51,794.92,291,24,0
2026-04-16 21:30:00,794.8,799.86,793.44,799.7,298,24,0
2026-04-16 21:40:00,800.23,800.44,794.88,798.99,295,24,0
2026-04-16 21:50:00,799.03,804.32,798.74,802.69,294,24,0
2026-04-16 22:00:00,802.83,806.92,802.83,804.99,295,24,0
2026-04-16 22:10:00,805.2,806.73,802.58,804.54,296,24,0
2026-04-16 22:20:00,804.86,806.5,804.25,804.82,293,24,0
2026-04-16 22:30:00,804.41,805.26,800.66,803.1,296,24,0
2026-04-16 22:40:00,802.89,804.37,794.75,795.57,292,24,0
2026-04-16 22:50:00,795.77,800.21,794.83,797.02,296,24,0
2026-04-16 23:00:00,796.96,798.58,791.95,794.12,292,24,0
2026-04-16 23:10:00,793.93,794.96,790.8,791.27,294,24,0
2026-04-16 23:20:00,791.58,796.23,791.06,795.76,293,24,0
2026-04-16 23:30:00,795.65,800.64,795.54,798.43,294,24,0
2026-04-16 23:40:00,798.38,799.12,791.93,793.75,295,24,0
2026-04-16 23:50:00,793.88,794.71,790.18,790.45,294,24,0
2026-04-17 00:00:00,790.91,791.06,782.63,782.63,294,24,0
2026-04-17 00:10:00,782.57,783.84,780.48,782.56,294,24,0
2026-04-17 00:20:00,782.79,784.42,778.91,782.39,292,24,0
2026-04-17 00:30:00,782.12,784.16,778.72,784.0,293,24,0
2026-04-17 00:40:00,784.04,784.27,780.16,781.09,292,24,0
2026-04-17 00:50:00,780.83,781.38,778.49,780.54,294,24,0
2026-04-17 01:00:00,780.27,783.67,780.0,783.36,295,24,0
2026-04-17 01:10:00,783.14,783.58,778.76,779.5,295,24,0
2026-04-17 01:20:00,779.41,781.75,777.66,778.39,294,24,0
2026-04-17 01:30:00,778.41,781.16,776.41,778.02,293,24,0
2026-04-17 01:40:00,778.17,779.89,776.8,779.15,291,24,0
2026-04-17 01:50:00,779.11,782.41,777.7,782.16,295,24,0
2026-04-17 02:00:00,781.73,783.29,777.75,778.46,296,24,0
2026-04-17 02:10:00,778.26,779.42,775.81,776.98,293,24,0
2026-04-17 02:20:00,776.89,778.21,772.98,775.76,296,24,0
2026-04-17 02:30:00,775.79,780.97,773.89,779.81,294,24,0
2026-04-17 02:40:00,779.99,782.52,777.79,779.9,294,24,0
2026-04-17 02:50:00,780.03,781.7,778.2,779.86,296,24,0
2026-04-17 03:00:00,779.82,782.46,777.03,778.79,295,24,0
2026-04-17 03:10:00,778.79,786.85,778.07,783.36,295,24,0
2026-04-17 03:20:00,783.36,786.27,781.15,782.29,297,24,0
2026-04-17 03:30:00,782.12,786.75,781.09,785.49,296,24,0
2026-04-17 03:40:00,785.68,787.47,783.63,784.14,294,24,0
2026-04-17 03:50:00,783.68,785.89,781.73,783.42,289,24,0
2026-04-17 04:00:00,783.26,784.8,779.91,782.99,293,24,0
2026-04-17 04:10:00,783.1,784.19,778.52,779.5,299,24,0
2026-04-17 04:20:00,779.58,780.99,775.02,775.51,296,24,0
2026-04-17 04:30:00,775.43,776.22,772.65,774.62,295,24,0
2026-04-17 04:40:00,774.35,779.44,773.19,779.34,297,24,0
2026-04-17 04:50:00,779.49,779.79,776.0,776.16,295,24,0
2026-04-17 05:00:00,775.86,776.56,772.02,775.5,293,24,0
2026-04-17 05:10:00,775.42,776.43,770.9,771.15,298,24,0
2026-04-17 05:20:00,771.1,774.22,769.55,774.22,295,24,0
2026-04-17 05:30:00,774.38,778.85,773.67,777.09,296,24,0
2026-04-17 05:40:00,777.07,779.45,774.3,776.54,295,24,0
2026-04-17 05:50:00,776.63,778.69,772.74,777.9,293,24,0
2026-04-17 06:00:00,777.62,778.68,770.27,771.49,295,24,0
2026-04-17 06:10:00,771.15,772.56,768.28,770.09,293,24,0
2026-04-17 06:20:00,769.95,773.93,769.77,771.6,295,24,0
2026-04-17 06:30:00,771.94,772.98,769.57,772.66,292,24,0
2026-04-17 06:40:00,772.73,775.1,769.28,775.1,290,24,0
2026-04-17 06:50:00,774.77,778.6,774.11,776.52,295,24,0
2026-04-17 07:00:00,776.49,776.85,772.5,773.51,291,24,0
2026-04-17 07:10:00,773.58,778.05,772.29,777.5,295,24,0
2026-04-17 07:20:00,777.15,778.99,776.47,777.56,295,24,0
2026-04-17 07:30:00,777.79,779.9,774.54,779.58,297,24,0
2026-04-17 07:40:00,779.47,787.35,779.24,786.83,296,24,0
2026-04-17 07:50:00,787.21,790.1,786.17,787.45,289,24,0
2026-04-17 08:00:00,787.44,788.6,784.53,787.68,293,24,0
2026-04-17 08:10:00,787.84,791.44,787.25,789.26,292,24,0
2026-04-17 08:20:00,789.53,789.83,783.79,788.35,292,24,0
2026-04-17 08:30:00,788.15,791.39,787.17,789.91,287,24,0
2026-04-17 08:40:00,790.27,790.91,785.34,785.38,292,24,0
2026-04-17 08:50:00,785.35,785.58,781.97,782.14,294,24,0
2026-04-17 09:00:00,782.16,784.42,781.0,783.69,294,24,0
2026-04-17 09:10:00,783.9,787.95,782.3,787.92,295,24,0
2026-04-17 09:20:00,787.95,790.76,786.91,789.62,295,24,0
2026-04-17 09:30:00,789.67,791.49,786.88,791.49,293,24,0
2026-04-17 09:40:00,791.47,794.82,790.96,792.34,295,24,0
2026-04-17 09:50:00,792.25,793.38,788.76,793.38,296,24,0
2026-04-17 10:00:00,793.96,795.94,791.42,794.2,292,24,0
2026-04-17 10:10:00,794.22,794.94,786.97,788.32,294,24,0
2026-04-17 10:20:00,788.29,788.52,783.19,784.94,295,24,0
2026-04-17 10:30:00,785.24,787.82,783.39,787.11,290,24,0
2026-04-17 10:40:00,787.04,789.49,785.84,787.77,294,24,0
2026-04-17 10:50:00,787.88,787.88,783.17,785.22,294,24,0
2026-04-17 11:00:00,785.48,788.38,782.05,784.13,295,24,0
2026-04-17 11:10:00,784.07,787.78,783.07,785.83,289,24,0
2026-04-17 11:20:00,785.67,785.78,782.07,782.48,286,24,0
2026-04-17 11:30:00,782.72,785.94,782.0,784.57,295,24,0
2026-04-17 11:40:00,784.63,786.49,782.52,784.3,297,24,0
2026-04-17 11:50:00,784.53,788.24,782.89,787.8,294,24,0
2026-04-17 12:00:00,788.19,792.24,787.05,791.82,295,24,0
2026-04-17 12:10:00,791.74,792.12,788.53,788.53,295,24,0
2026-04-17 12:20:00,788.67,790.01,785.41,787.75,290,24,0
2026-04-17 12:30:00,787.99,789.1,783.03,783.03,294,24,0
2026-04-17 12:40:00,782.9,787.57,782.79,784.59,294,24,0
2026-04-17 12:50:00,784.56,786.02,782.15,783.97,288,24,0
2026-04-17 13:00:00,784.07,786.84,783.21,783.63,294,24,0
2026-04-17 13:10:00,783.58,786.81,782.18,785.56,294,24,0
2026-04-17 13:20:00,785.58,789.22,785.36,788.39,292,24,0
2026-04-17 13:30:00,788.14,789.91,782.67,784.19,293,24,0
2026-04-17 13:40:00,784.19,785.04,778.03,778.03,296,24,0
2026-04-17 13:50:00,778.13,780.21,775.94,777.05,294,24,0
2026-04-17 14:00:00,777.26,777.49,773.47,774.12,294,24,0
2026-04-17 14:10:00,774.06,777.64,774.06,777.17,297,24,0
2026-04-17 14:20:00,777.25,778.19,773.93,775.06,290,24,0
2026-04-17 14:30:00,775.23,775.73,770.82,772.98,293,24,0
2026-04-17 14:40:00,772.97,773.5,767.14,767.2,293,24,0
2026-04-17 14:50:00,766.97,769.94,766.26,766.6,292,24,0
2026-04-17 15:00:00,766.71,775.35,766.61,775.35,293,24,0
2026-04-17 15:10:00,775.32,780.1,775.2,778.6,294,24,0
2026-04-17 15:20:00,778.81,779.0,772.6,773.28,295,24,0
2026-04-17 15:30:00,772.99,774.33,770.66,773.5,294,24,0
2026-04-17 15:40:00,773.73,779.17,772.64,779.02,291,24,0
2026-04-17 15:50:00,779.29,782.45,778.09,781.9,291,24,0
2026-04-17 16:00:00,781.9,782.34,777.02,778.01,291,24,0
2026-04-17 16:10:00,778.17,782.46,778.17,781.83,292,24,0
2026-04-17 16:20:00,782.01,782.41,774.17,774.2,291,24,0
2026-04-17 16:30:00,774.28,774.89,768.38,769.39,290,24,0
2026-04-17 16:40:00,769.71,770.4,765.27,768.14,296,24,0
2026-04-17 16:50:00,767.89,775.22,767.89,771.98,299,24,0
2026-04-17 17:00:00,771.98,775.4,771.52,772.69,295,24,0
2026-04-17 17:10:00,773.26,775.67,771.71,774.29,292,24,0
2026-04-17 17:20:00,774.48,775.39,772.76,772.76,298,24,0
2026-04-17 17:30:00,772.92,777.35,771.73,772.19,293,24,0
2026-04-17 17:40:00,772.48,776.76,771.99,774.42,295,24,0
2026-04-17 17:50:00,774.42,775.09,772.41,773.47,296,24,0
2026-04-17 18:00:00,773.73,775.2,769.51,769.77,295,24,0
2026-04-17 18:10:00,769.9,775.65,769.26,773.27,291,24,0
2026-04-17 18:20:00,773.07,774.96,770.4,771.52,293,24,0
2026-04-17 18:30:00,771.63,772.28,768.46,770.96,292,24,0
2026-04-17 18:40:00,770.71,773.37,769.0,773.2,293,24,0
2026-04-17 18:50:00,773.2,776.25,772.12,775.68,292,24,0
2026-04-17 19:00:00,775.77,776.25,769.64,770.0,291,24,0
2026-04-17 19:10:00,770.13,772.34,767.12,772.24,295,24,0
2026-04-17 19:20:00,772.15,773.49,769.53,769.53,295,24,0
2026-04-17 19:30:00,769.5,771.45,764.85,768.07,298,24,0
2026-04-17 19:40:00,768.32,773.91,767.34,769.05,291,24,0
2026-04-17 19:50:00,769.16,771.47,767.45,770.68,298,24,0
2026-04-17 20:00:00,770.26,770.28,765.18,769.03,294,24,0
2026-04-17 20:10:00,768.97,774.51,768.91,773.93,298,24,0
2026-04-17 20:20:00,773.71,776.83,772.04,773.18,291,24,0
2026-04-17 20:30:00,773.16,776.97,771.54,774.1,297,24,0
2026-04-17 20:40:00,774.05,777.14,770.68,777.14,294,24,0
2026-04-17 20:50:00,777.31,782.36,776.58,782.19,292,24,0
2026-04-17 21:00:00,782.37,784.7,782.06,784.01,292,24,0
2026-04-17 21:10:00,783.83,785.85,782.09,785.3,296,24,0
2026-04-17 21:20:00,785.55,789.97,784.79,789.47,294,24,0
2026-04-17 21:30:00,789.65,789.93,782.65,783.4,293,24,0
2026-04-17 21:40:00,783.37,786.23,778.61,779.91,298,24,0
2026-04-17 21:50:00,779.9,780.32,775.6,777.01,298,24,0
2026-04-17 22:00:00,776.98,779.19,774.29,776.69,293,24,0
2026-04-17 22:10:00,776.72,783.44,776.39,782.66,294,24,0
2026-04-17 22:20:00,782.82,785.8,780.65,784.89,295,24,0
2026-04-17 22:30:00,784.82,785.32,781.71,783.03,294,24,0
2026-04-17 22:40:00,783.05,784.41,779.62,779.64,290,24,0
2026-04-17 22:50:00,779.5,779.85,774.73,776.21,294,24,0
2026-04-17 23:00:00,776.36,780.61,774.44,780.47,290,24,0
2026-04-17 23:10:00,780.55,782.88,779.35,781.26,291,24,0
2026-04-17 23:20:00,781.37,783.71,780.46,782.14,292,24,0
2026-04-17 23:30:00,782.11,783.13,777.92,779.39,291,24,0
2026-04-17 23:40:00,779.36,784.81,778.96,782.46,295,24,0
2026-04-17 23:50:00,782.33,783.05,775.39,775.4,297,24,0
2026-04-18 00:00:00,775.4,775.4,769.9,774.04,295,24,0
2026-04-18 00:10:00,774.14,774.89,769.71,770.29,291,24,0
2026-04-18 00:20:00,770.39,772.83,767.02,771.52,298,24,0
2026-04-18 00:30:00,771.68,771.68,767.93,769.54,294,24,0
2026-04-18 00:40:00,769.6,770.87,768.1,769.99,294,24,0
2026-04-18 00:50:00,770.19,772.36,767.15,768.77,291,24,0
2026-04-18 01:00:00,768.85,771.75,768.56,768.88,293,24,0
2026-04-18 01:10:00,768.92,769.98,765.44,766.39,292,24,0
2026-04-18 01:20:00,766.44,770.92,765.04,768.12,293,24,0
2026-04-18 01:30:00,767.9,770.4,765.33,770.1,294,24,0
2026-04-18 01:40:00,770.17,773.0,769.43,772.96,291,24,0
2026-04-18 01:50:00,773.11,774.66,768.74,769.8,294,24,0
2026-04-18 02:00:00,769.83,770.34,764.96,767.47,296,24,0
2026-04-18 02:10:00,767.47,768.32,764.91,765.33,293,24,0
2026-04-18 02:20:00,765.46,773.15,765.24,772.08,295,24,0
2026-04-18 02:30:00,772.28,772.28,766.66,766.71,293,24,0
2026-04-18 02:40:00,766.87,768.39,766.06,766.24,293,24,0
2026-04-18 02:50:00,766.39,769.92,764.25,769.78,298,24,0
2026-04-18 03:00:00,769.67,773.35,769.56,772.68,296,24,0
2026-04-18 03:10:00,772.57,775.72,771.83,772.96,299,24,0
2026-04-18 03:20:00,772.95,776.19,770.77,773.33,293,24,0
2026-04-18 03:30:00,773.34,773.34,767.01,768.02,296,24,0
2026-04-18 03:40:00,768.07,770.01,765.02,766.83,295,24,0
2026-04-18 03:50:00,767.16,767.16,764.45,764.65,299,24,0
2026-04-18 04:00:00,764.67,767.95,762.96,767.21,292,24,0
2026-04-18 04:10:00,767.03,770.47,766.03,770.38,295,24,0
2026-04-18 04:20:00,770.16,773.07,769.46,772.1,296,24,0
2026-04-18 04:30:00,772.34,775.29,770.54,770.91,296,24,0
2026-04-18 04:40:00,771.11,773.44,769.31,769.31,293,24,0
2026-04-18 04:50:00,769.24,769.24,765.19,767.62,293,24,0
2026-04-18 05:00:00,767.47,770.68,766.65,770.08,295,24,0
2026-04-18 05:10:00,769.98,772.48,768.85,769.33,296,24,0
2026-04-18 05:20:00,769.65,773.73,768.47,769.39,296,24,0
2026-04-18 05:30:00,769.43,772.7,767.54,768.23,298,24,0
2026-04-18 05:40:00,768.33,768.33,762.87,763.98,293,24,0
2026-04-18 05:50:00,763.94,764.37,758.44,758.75,290,24,0
2026-04-18 06:00:00,758.9,759.32,755.29,756.83,291,24,0
2026-04-18 06:10:00,756.83,761.01,755.36,760.93,294,24,0
2026-04-18 06:20:00,760.94,763.88,760.5,761.14,295,24,0
2026-04-18 06:30:00,761.18,765.44,760.25,764.79,295,24,0
2026-04-18 06:40:00,764.63,765.11,758.7,759.66,295,24,0
2026-04-18 06:50:00,759.57,761.22,756.97,758.18,291,24,0
2026-04-18 07:00:00,758.16,760.58,756.79,760.27,292,24,0
2026-04-18 07:10:00,760.38,761.01,758.74,760.6,293,24,0
2026-04-18 07:20:00,760.51,761.41,754.21,754.83,298,24,0
2026-04-18 07:30:00,754.84,756.45,753.32,756.32,289,24,0
2026-04-18 07:40:00,756.39,758.03,753.29,757.52,297,24,0
2026-04-18 07:50:00,757.44,758.91,748.72,748.93,296,24,0
2026-04-18 08:00:00,749.17,755.78,748.93,755.22,290,24,0
2026-04-18 08:10:00,755.41,756.78,754.03,754.48,297,24,0
2026-04-18 08:20:00,754.57,755.8,752.95,754.87,295,24,0
2026-04-18 08:30:00,754.87,755.22,744.54,748.58,296,24,0
2026-04-18 08:40:00,748.64,749.41,744.59,745.56,291,24,0
2026-04-18 08:50:00,745.38,746.68,743.71,745.6,293,24,0
2026-04-18 09:00:00,745.47,749.37,743.44,749.29,299,24,0
2026-04-18 09:10:00,749.39,753.0,747.46,752.09,291,24,0
2026-04-18 09:20:00,752.19,754.16,750.19,754.16,294,24,0
2026-04-18 09:30:00,753.96,757.53,753.39,755.85,294,24,0
2026-04-18 09:40:00,755.84,757.39,754.02,757.08,296,24,0
2026-04-18 09:50:00,756.91,757.94,753.12,754.71,292,24,0
2026-04-18 10:00:00,754.92,758.73,753.89,757.74,296,24,0
2026-04-18 10:10:00,758.04,759.78,753.3,753.33,294,24,0
2026-04-18 10:20:00,753.63,756.44,752.03,754.22,295,24,0
2026-04-18 10:30:00,754.67,754.99,751.13,752.77,296,24,0
2026-04-18 10:40:00,752.82,756.0,752.82,756.0,291,24,0
2026-04-18 10:50:00,755.96,757.06,752.47,756.03,293,24,0
2026-04-18 11:00:00,755.92,755.92,751.17,752.07,289,24,0
2026-04-18 11:10:00,751.73,757.15,750.72,757.13,295,24,0
2026-04-18 11:20:00,757.16,757.27,751.36,752.24,288,24,0
2026-04-18 11:30:00,751.87,755.29,751.29,754.4,294,24,0
2026-04-18 11:40:00,754.65,758.35,754.08,755.53,295,24,0
2026-04-18 11:50:00,755.85,757.68,751.08,752.28,294,24,0
2026-04-18 12:00:00,752.27,755.25,748.24,755.25,295,24,0
2026-04-18 12:10:00,755.41,757.86,751.73,752.11,294,24,0
2026-04-18 12:20:00,752.13,754.48,751.03,752.34,294,24,0
2026-04-18 12:30:00,752.69,753.96,750.14,753.82,293,24,0
2026-04-18 12:40:00,753.97,756.51,750.92,752.09,290,24,0
2026-04-18 12:50:00,752.13,757.4,751.89,753.09,295,24,0
2026-04-18 13:00:00,753.08,755.07,751.51,754.55,294,24,0
2026-04-18 13:10:00,754.93,755.11,749.86,754.3,293,24,0
2026-04-18 13:20:00,754.48,754.88,752.54,753.92,298,24,0
2026-04-18 13:30:00,753.9,754.1,749.13,749.57,294,24,0
2026-04-18 13:40:00,749.35,749.87,745.55,746.14,295,24,0
2026-04-18 13:50:00,746.04,751.4,745.72,748.18,294,24,0
2026-04-18 14:00:00,748.12,749.71,745.19,745.19,295,24,0
2026-04-18 14:10:00,745.06,746.13,741.73,743.26,295,24,0
2026-04-18 14:20:00,743.39,743.41,738.79,739.57,291,24,0
2026-04-18 14:30:00,739.66,740.62,736.48,736.88,296,24,0
2026-04-18 14:40:00,736.77,737.9,733.86,734.39,296,24,0
2026-04-18 14:50:00,734.4,736.03,731.72,733.69,293,24,0
2026-04-18 15:00:00,733.89,736.71,733.26,735.22,296,24,0
2026-04-18 15:10:00,735.11,737.99,734.95,737.7,291,24,0
2026-04-18 15:20:00,737.67,742.65,736.93,742.16,292,24,0
2026-04-18 15:30:00,742.13,743.34,737.64,738.11,293,24,0
2026-04-18 15:40:00,738.16,741.45,737.54,739.68,300,24,0
2026-04-18 15:50:00,739.65,740.34,735.09,735.81,297,24,0
2026-04-18 16:00:00,736.06,740.54,736.06,738.75,294,24,0
2026-04-18 16:10:00,738.69,740.1,736.59,738.15,292,24,0
2026-04-18 16:20:00,738.07,738.28,733.72,734.1,293,24,0
2026-04-18 16:30:00,734.02,738.53,733.53,737.04,293,24,0
2026-04-18 16:40:00,736.92,739.21,735.62,736.61,295,24,0
2026-04-18 16:50:00,736.44,739.78,735.34,739.05,293,24,0
2026-04-18 17:00:00,739.42,740.93,737.31,738.4,294,24,0
2026-04-18 17:10:00,738.37,741.33,735.67,737.34,298,24,0
2026-04-18 17:20:00,737.5,737.92,727.18,727.36,295,24,0
2026-04-18 17:30:00,727.57,731.95,726.88,731.26,289,24,0
2026-04-18 17:40:00,731.32,732.38,729.02,731.61,295,24,0
2026-04-18 17:50:00,731.64,731.78,727.45,727.5,291,24,0
2026-04-18 18:00:00,727.58,729.76,727.21,728.83,295,24,0
2026-04-18 18:10:00,728.9,730.95,726.41,728.66,294,24,0
2026-04-18 18:20:00,728.78,733.93,727.39,733.08,292,24,0
2026-04-18 18:30:00,733.09,735.92,731.34,732.81,289,24,0
2026-04-18 18:40:00,732.72,733.58,728.5,728.5,289,24,0
2026-04-18 18:50:00,728.35,728.47,724.13,725.39,292,24,0
2026-04-18 19:00:00,725.52,729.64,724.64,728.63,296,24,0
2026-04-18 19:10:00,728.54,733.84,727.74,730.56,293,24,0
2026-04-18 19:20:00,730.54,733.42,730.46,730.46,296,24,0
2026-04-18 19:30:00,730.4,730.75,725.49,727.42,297,24,0
2026-04-18 19:40:00,727.59,732.73,727.5,731.23,293,24,0
2026-04-18 19:50:00,731.03,733.22,729.7,733.02,292,24,0
2026-04-18 20:00:00,733.33,735.89,731.73,733.19,295,24,0
2026-04-18 20:10:00,733.11,734.13,731.05,731.45,297,24,0
2026-04-18 20:20:00,731.59,731.61,726.15,728.34,293,24,0
2026-04-18 20:30:00,728.45,733.06,728.17,732.41,295,24,0
2026-04-18 20:40:00,732.24,736.94,731.22,732.57,299,24,0
2026-04-18 20:50:00,732.52,733.37,729.77,731.03,293,24,0
2026-04-18 21:00:00,730.99,731.69,727.37,728.38,292,24,0
2026-04-18 21:10:00,728.6,732.8,724.71,725.0,295,24,0
2026-04-18 21:20:00,724.73,727.04,723.74,725.03,292,24,0
2026-04-18 21:30:00,725.18,725.46,719.43,721.02,289,24,0
2026-04-18 21:40:00,720.84,725.69,720.57,722.21,297,24,0
2026-04-18 21:50:00,722.21,727.31,721.49,726.56,286,24,0
2026-04-18 22:00:00,726.64,728.61,725.09,726.84,297,24,0
2026-04-18 22:10:00,726.81,728.62,723.92,724.9,294,24,0
2026-04-18 22:20:00,724.8,725.6,721.27,724.07,297,24,0
2026-04-18 22:30:00,724.24,724.57,719.34,719.63,290,24,0
2026-04-18 22:40:00,719.85,724.89,719.68,724.41,297,24,0
2026-04-18 22:50:00,724.38,725.45,722.17,724.99,296,24,0
2026-04-18 23:00:00,724.97,730.0,723.92,729.04,294,24,0
2026-04-18 23:10:00,728.93,730.95,726.69,728.36,297,24,0
2026-04-18 23:20:00,728.17,732.67,726.53,730.87,294,24,0
2026-04-18 23:30:00,730.38,733.64,729.36,733.01,290,24,0
2026-04-18 23:40:00,732.9,734.86,731.85,733.53,290,24,0
2026-04-18 23:50:00,734.08,734.95,726.36,726.5,292,24,0
2026-04-19 00:00:00,727.06,728.16,724.29,727.99,294,24,0
2026-04-19 00:10:00,727.92,729.62,726.35,727.53,291,24,0
2026-04-19 00:20:00,727.37,728.13,724.75,727.16,292,24,0
2026-04-19 00:30:00,727.13,727.13,721.77,721.92,291,24,0
2026-04-19 00:40:00,721.9,723.79,719.83,720.65,296,24,0
2026-04-19 00:50:00,720.61,725.34,719.39,722.69,293,24,0
2026-04-19 01:00:00,722.82,724.12,719.97,722.26,289,24,0
2026-04-19 01:10:00,722.1,727.81,721.85,726.64,294,24,0
2026-04-19 01:20:00,726.69,726.98,720.86,721.52,171,24,0
2026-04-19 01:30:00,721.66,726.1,718.46,725.24,296,24,0
2026-04-19 01:40:00,725.25,725.82,723.14,724.08,298,24,0
2026-04-19 01:50:00,724.15,729.15,723.4,728.0,292,24,0
2026-04-19 02:00:00,727.77,731.48,726.42,729.34,292,24,0
2026-04-19 02:10:00,729.0,729.81,726.17,726.86,294,24,0
2026-04-19 02:20:00,726.83,727.43,724.32,724.84,292,24,0
2026-04-19 02:30:00,724.99,727.14,721.61,722.53,298,24,0
2026-04-19 02:40:00,722.44,726.8,720.65,725.83,297,24,0
2026-04-19 02:50:00,726.0,726.94,723.63,724.6,292,24,0
2026-04-19 03:00:00,724.74,732.12,724.74,728.54,295,24,0
2026-04-19 03:10:00,728.48,731.66,725.33,731.66,297,24,0
2026-04-19 03:20:00,731.78,737.87,731.51,732.97,296,24,0
2026-04-19 03:30:00,732.98,738.85,732.3,738.06,295,24,0
2026-04-19 03:40:00,738.04,738.04,732.53,732.97,293,24,0
2026-04-19 03:50:00,732.78,733.95,728.72,732.63,291,24,0
2026-04-19 04:00:00,732.45,735.8,730.13,734.38,293,24,0
2026-04-19 04:10:00,734.71,736.87,733.29,736.34,296,24,0
2026-04-19 04:20:00,736.44,737.6,732.17,735.34,297,24,0
2026-04-19 04:30:00,735.14,739.02,734.88,737.85,297,24,0
2026-04-19 04:40:00,738.06,738.31,732.18,732.9,296,24,0
2026-04-19 04:50:00,732.91,735.36,730.84,732.82,293,24,0
2026-04-19 05:00:00,732.84,735.09,727.89,727.89,297,24,0
2026-04-19 05:10:00,728.0,728.06,725.33,726.59,292,24,0
2026-04-19 05:20:00,726.65,732.11,726.65,731.54,297,24,0
2026-04-19 05:30:00,731.92,734.78,729.64,733.97,291,24,0
2026-04-19 05:40:00,733.96,734.11,728.56,730.07,290,24,0
2026-04-19 05:50:00,730.2,735.05,728.58,734.4,295,24,0
2026-04-19 06:00:00,734.53,738.41,733.97,736.86,292,24,0
2026-04-19 06:10:00,736.66,740.24,735.55,737.99,295,24,0
2026-04-19 06:20:00,737.72,740.28,735.06,740.28,294,24,0
2026-04-19 06:30:00,740.07,741.18,733.5,733.74,295,24,0
2026-04-19 06:40:00,733.44,734.85,728.39,728.55,289,24,0
2026-04-19 06:50:00,728.07,728.13,722.85,723.5,290,24,0
2026-04-19 07:00:00,723.47,726.6,721.66,722.29,290,24,0
2026-04-19 07:10:00,722.36,723.53,721.03,721.83,293,24,0
2026-04-19 07:20:00,721.57,723.32,719.9,722.92,294,24,0
2026-04-19 07:30:00,722.66,724.12,717.49,718.21,294,24,0
2026-04-19 07:40:00,718.22,719.48,709.43,710.32,293,24,0
2026-04-19 07:50:00,710.35,710.93,706.95,708.85,290,24,0
2026-04-19 08:00:00,708.9,710.88,706.86,708.38,295,24,0
2026-04-19 08:10:00,708.31,714.54,707.0,712.98,294,24,0
2026-04-19 08:20:00,712.77,714.46,711.69,713.77,294,24,0
2026-04-19 08:30:00,713.83,713.83,708.43,709.28,296,24,0
2026-04-19 08:40:00,709.38,711.51,707.54,710.6,296,24,0
2026-04-19 08:50:00,710.58,711.11,702.81,703.65,291,24,0
2026-04-19 09:00:00,703.67,707.25,703.48,706.53,294,24,0
2026-04-19 09:10:00,706.49,708.0,703.07,706.55,288,24,0
2026-04-19 09:20:00,706.69,709.21,704.46,709.21,294,24,0
2026-04-19 09:30:00,709.27,712.08,707.78,707.81,294,24,0
2026-04-19 09:40:00,707.69,712.37,705.88,712.03,297,24,0
2026-04-19 09:50:00,712.17,716.15,711.11,715.83,293,24,0
2026-04-19 10:00:00,715.67,717.84,709.4,709.4,296,24,0
2026-04-19 10:10:00,709.37,711.03,708.28,708.73,297,24,0
2026-04-19 10:20:00,708.64,710.52,706.5,706.72,296,24,0
2026-04-19 10:30:00,707.07,710.49,705.3,709.03,288,24,0
2026-04-19 10:40:00,708.92,709.72,704.71,709.19,292,24,0
2026-04-19 10:50:00,709.1,711.48,708.8,710.37,292,24,0
2026-04-19 11:00:00,710.24,711.3,708.74,708.88,289,24,0
2026-04-19 11:10:00,708.87,710.14,702.98,703.58,295,24,0
2026-04-19 11:20:00,703.64,706.75,701.97,701.97,296,24,0
2026-04-19 11:30:00,701.94,702.32,696.45,697.66,294,24,0
2026-04-19 11:40:00,697.58,698.75,694.64,698.29,293,24,0
2026-04-19 11:50:00,698.33,703.1,696.6,701.47,297,24,0
2026-04-19 12:00:00,701.5,702.31,697.54,698.87,297,24,0
2026-04-19 12:10:00,698.89,700.65,697.21,697.98,296,24,0
2026-04-19 12:20:00,698.04,698.24,688.33,688.52,295,24,0
2026-04-19 12:30:00,688.5,690.34,688.31,689.82,295,24,0
2026-04-19 12:40:00,689.72,695.26,689.58,693.16,292,24,0
2026-04-19 12:50:00,693.15,698.36,693.15,696.39,296,24,0
2026-04-19 13:00:00,696.15,701.46,695.83,700.05,293,24,0
2026-04-19 13:10:00,700.04,701.18,695.11,695.31,293,24,0
2026-04-19 13:20:00,695.54,699.28,694.64,698.4,294,24,0
2026-04-19 13:30:00,698.19,698.49,695.25,696.0,289,24,0
2026-04-19 13:40:00,696.12,699.93,695.28,698.38,297,24,0
2026-04-19 13:50:00,698.22,700.6,696.82,697.98,292,24,0
2026-04-19 14:00:00,697.98,701.1,696.88,699.0,290,24,0
2026-04-19 14:10:00,699.04,700.08,696.36,698.4,294,24,0
2026-04-19 14:20:00,698.17,699.03,693.3,694.27,294,24,0
2026-04-19 14:30:00,694.27,697.73,690.95,691.79,297,24,0
2026-04-19 14:40:00,691.81,692.56,689.69,690.94,291,24,0
2026-04-19 14:50:00,691.0,693.03,690.06,691.09,294,24,0
2026-04-19 15:00:00,691.1,691.95,685.34,686.23,293,24,0
2026-04-19 15:10:00,686.04,687.3,683.01,684.67,295,24,0
2026-04-19 15:20:00,684.91,686.11,683.1,683.32,293,24,0
2026-04-19 15:30:00,683.54,687.35,683.28,685.47,290,24,0
2026-04-19 15:40:00,685.76,687.85,683.25,684.58,294,24,0
2026-04-19 15:50:00,684.65,690.31,684.17,688.2,294,24,0
2026-04-19 16:00:00,688.12,690.78,684.35,690.44,290,24,0
2026-04-19 16:10:00,690.57,693.92,690.32,691.63,292,24,0
2026-04-19 16:20:00,691.53,691.53,689.3,690.61,294,24,0
2026-04-19 16:30:00,690.67,692.65,689.77,692.6,289,24,0
2026-04-19 16:40:00,692.82,695.93,691.33,695.82,290,24,0
2026-04-19 16:50:00,695.75,696.45,690.52,691.25,298,24,0
2026-04-19 17:00:00,691.45,694.8,691.45,693.75,298,24,0
2026-04-19 17:10:00,693.82,693.82,686.97,688.89,293,24,0
2026-04-19 17:20:00,688.49,695.0,687.89,694.74,293,24,0
2026-04-19 17:30:00,694.71,696.34,691.21,691.31,289,24,0
2026-04-19 17:40:00,691.4,693.59,690.47,690.47,292,24,0
2026-04-19 17:50:00,690.69,691.72,688.56,691.48,295,24,0
2026-04-19 18:00:00,691.54,695.24,688.64,695.24,294,24,0
2026-04-19 18:10:00,695.18,698.95,694.33,697.03,293,24,0
2026-04-19 18:20:00,697.15,701.82,696.7,701.63,293,24,0
2026-04-19 18:30:00,701.75,703.33,698.78,699.21,297,24,0
2026-04-19 18:40:00,699.48,706.88,698.15,706.09,296,24,0
2026-04-19 18:50:00,706.01,706.64,702.77,703.41,294,24,0
2026-04-19 19:00:00,703.39,707.54,703.11,705.94,295,24,0
2026-04-19 19:10:00,705.81,710.74,705.17,707.64,294,24,0
2026-04-19 19:20:00,708.04,710.17,705.75,710.12,297,24,0
2026-04-19 19:30:00,710.11,712.09,708.63,709.83,289,24,0
2026-04-19 19:40:00,709.86,712.47,708.76,710.66,290,24,0
2026-04-19 19:50:00,710.8,717.03,710.8,716.71,292,24,0
2026-04-19 20:00:00,716.81,719.76,714.08,714.88,297,24,0
2026-04-19 20:10:00,715.02,716.75,712.78,714.28,294,24,0
2026-04-19 20:20:00,714.12,714.98,712.42,714.07,291,24,0
2026-04-19 20:30:00,714.37,717.65,712.15,714.97,294,24,0
2026-04-19 20:40:00,714.88,719.82,713.76,718.57,298,24,0
2026-04-19 20:50:00,718.74,723.23,718.0,722.09,297,24,0
2026-04-19 21:00:00,721.97,722.56,717.91,719.49,293,24,0
2026-04-19 21:10:00,719.21,720.02,714.18,714.94,295,24,0
2026-04-19 21:20:00,714.66,718.34,711.59,717.63,294,24,0
2026-04-19 21:30:00,717.93,719.89,716.65,717.62,296,24,0
2026-04-19 21:40:00,717.4,720.8,716.97,719.67,293,24,0
2026-04-19 21:50:00,720.02,720.05,713.78,713.87,289,24,0
2026-04-19 22:00:00,713.66,714.4,710.52,711.13,290,24,0
2026-04-19 22:10:00,710.87,711.01,704.4,705.5,294,24,0
2026-04-19 22:20:00,705.5,706.4,702.19,703.71,293,24,0
2026-04-19 22:30:00,704.02,706.44,702.52,702.88,291,24,0
2026-04-19 22:40:00,702.88,708.61,702.66,706.41,296,24,0
2026-04-19 22:50:00,706.27,710.11,705.12,707.21,293,24,0
2026-04-19 23:00:00,707.32,707.33,703.5,704.41,286,24,0
2026-04-19 23:10:00,704.31,706.4,701.25,706.29,294,24,0
2026-04-19 23:20:00,706.14,708.66,705.35,708.25,296,24,0
2026-04-19 23:30:00,708.49,714.35,708.16,710.93,296,24,0
2026-04-19 23:40:00,710.96,714.22,710.1,714.1,289,24,0
2026-04-19 23:50:00,713.77,714.79,709.57,712.09,291,24,0
2026-04-20 00:00:00,711.92,714.09,711.09,712.09,295,24,0
2026-04-20 00:10:00,711.93,712.43,703.38,703.54,294,24,0
2026-04-20 00:20:00,703.52,705.06,700.04,704.95,292,24,0
2026-04-20 00:30:00,704.78,705.66,701.27,703.11,296,24,0
2026-04-20 00:40:00,703.08,704.1,701.32,702.47,298,24,0
2026-04-20 00:50:00,702.21,705.83,701.39,704.33,289,24,0
2026-04-20 01:00:00,704.32,709.36,702.67,705.24,295,24,0
2026-04-20 01:10:00,705.7,707.32,704.14,707.24,290,24,0
2026-04-20 01:20:00,707.22,710.98,707.11,709.24,293,24,0
2026-04-20 01:30:00,709.3,710.67,707.18,709.59,294,24,0
2026-04-20 01:40:00,709.71,712.98,708.01,709.16,294,24,0
2026-04-20 01:50:00,709.38,713.5,708.85,711.19,293,24,0
2026-04-20 02:00:00,711.34,715.94,711.06,714.91,287,24,0
2026-04-20 02:10:00,714.43,716.4,711.85,715.63,292,24,0
2026-04-20 02:20:00,715.37,717.08,712.56,715.44,294,24,0
2026-04-20 02:30:00,715.64,716.87,712.11,715.76,295,24,0
2026-04-20 02:40:00,715.35,716.02,713.19,713.94,296,24,0
2026-04-20 02:50:00,714.09,716.77,713.28,715.32,294,24,0
2026-04-20 03:00:00,715.08,718.46,713.8,718.46,296,24,0
2026-04-20 03:10:00,718.18,720.63,716.32,718.11,295,24,0
2026-04-20 03:20:00,718.18,720.1,716.96,719.86,294,24,0
2026-04-20 03:30:00,719.8,721.79,718.43,719.08,295,24,0
2026-04-20 03:40:00,719.13,723.51,717.51,720.1,293,24,0
2026-04-20 03:50:00,720.09,724.95,720.09,722.51,290,24,0
2026-04-20 04:00:00,722.54,722.88,714.75,716.01,287,24,0
2026-04-20 04:10:00,716.09,717.23,712.13,713.59,294,24,0
2026-04-20 04:20:00,713.95,716.01,711.75,715.02,297,24,0
2026-04-20 04:30:00,715.04,716.99,714.41,716.8,291,24,0
2026-04-20 04:40:00,716.91,717.86,712.66,715.98,292,24,0
2026-04-20 04:50:00,715.97,716.26,707.14,708.13,292,24,0
2026-04-20 05:00:00,707.83,709.06,705.64,707.93,298,24,0
2026-04-20 05:10:00,707.89,714.26,707.51,713.22,292,24,0
2026-04-20 05:20:00,713.29,717.01,713.0,716.49,293,24,0
2026-04-20 05:30:00,716.46,719.02,715.96,718.23,293,24,0
2026-04-20 05:40:00,718.28,719.22,716.67,716.71,296,24,0
2026-04-20 05:50:00,717.03,717.68,713.81,717.01,290,24,0
2026-04-20 06:00:00,717.09,718.98,715.39,715.39,296,24,0
2026-04-20 06:10:00,715.21,718.2,712.76,713.06,297,24,0
2026-04-20 06:20:00,712.86,716.52,712.86,715.53,293,22,0
2026-04-20 06:30:00,715.43,717.11,713.91,717.11,296,22,0
2026-04-20 06:40:00,717.26,723.04,716.7,722.1,292,22,0
2026-04-20 06:50:00,721.95,724.23,721.09,722.12,295,22,0
2026-04-20 07:00:00,722.17,722.17,717.98,719.19,287,22,0
2026-04-20 07:10:00,719.43,725.11,719.15,724.98,292,22,0
2026-04-20 07:20:00,725.08,725.08,720.57,721.38,293,22,0
2026-04-20 07:30:00,721.48,723.05,718.78,719.35,294,22,0
2026-04-20 07:40:00,719.23,719.24,713.26,714.82,293,22,0
2026-04-20 07:50:00,715.04,716.03,711.78,712.38,288,22,0
2026-04-20 08:00:00,712.45,718.18,711.68,714.13,298,22,0
2026-04-20 08:10:00,714.02,714.99,711.09,711.7,298,22,0
2026-04-20 08:20:00,711.7,716.96,710.73,714.34,289,22,0
2026-04-20 08:30:00,714.46,714.99,710.02,710.39,294,22,0
2026-04-20 08:40:00,710.33,710.98,707.73,709.96,292,22,0
2026-04-20 08:50:00,709.8,710.2,705.57,708.08,293,22,0
2026-04-20 09:00:00,708.17,711.61,705.95,710.99,290,22,0
2026-04-20 09:10:00,710.89,715.62,709.32,715.34,297,22,0
2026-04-20 09:20:00,715.67,717.0,712.04,712.04,295,22,0
2026-04-20 09:30:00,711.96,712.78,709.6,711.68,293,22,0
2026-04-20 09:40:00,711.99,714.39,710.21,712.5,289,22,0
2026-04-20 09:50:00,712.71,716.04,710.75,714.62,287,22,0
2026-04-20 10:00:00,714.53,715.4,710.58,712.44,295,22,0
2026-04-20 10:10:00,712.55,712.55,705.55,706.82,294,22,0
2026-04-20 10:20:00,706.92,712.31,706.12,712.31,290,22,0
2026-04-20 10:30:00,712.61,717.09,712.38,716.9,296,22,0
2026-04-20 10:40:00,717.01,720.66,715.48,720.03,296,22,0
2026-04-20 10:50:00,720.36,722.42,719.01,719.69,291,22,0
2026-04-20 11:00:00,719.48,722.72,718.59,721.18,292,22,0
2026-04-20 11:10:00,721.18,723.16,718.18,722.2,295,22,0
2026-04-20 11:20:00,722.24,727.32,721.97,725.15,295,22,0
2026-04-20 11:30:00,724.85,725.61,720.53,720.88,296,22,0
2026-04-20 11:40:00,720.91,724.35,720.49,723.33,292,22,0
2026-04-20 11:50:00,723.18,726.37,722.66,723.99,295,22,0
2026-04-20 12:00:00,724.2,731.15,722.79,730.72,291,22,0
2026-04-20 12:10:00,730.57,731.11,728.13,730.06,297,22,0
2026-04-20 12:20:00,729.81,731.32,728.26,728.83,290,22,0
2026-04-20 12:30:00,728.84,729.49,726.64,727.38,292,22,0
2026-04-20 12:40:00,727.27,728.87,725.31,725.72,293,22,0
2026-04-20 12:50:00,725.59,728.17,724.95,727.41,294,22,0
2026-04-20 13:00:00,727.37,730.84,726.7,729.64,297,22,0
2026-04-20 13:10:00,729.79,733.16,729.31,732.59,293,22,0
2026-04-20 13:20:00,732.27,735.82,730.17,735.08,295,22,0
2026-04-20 13:30:00,735.13,735.84,732.85,734.98,292,22,0
2026-04-20 13:40:00,734.95,735.98,729.06,730.7,297,22,0
2026-04-20 13:50:00,730.55,735.38,729.6,734.23,293,22,0
2026-04-20 14:00:00,734.03,734.03,729.73,732.14,296,22,0
2026-04-20 14:10:00,732.15,732.67,727.96,732.12,294,22,0
2026-04-20 14:20:00,731.89,739.1,731.87,738.14,293,22,0
2026-04-20 14:30:00,738.03,739.32,735.23,737.75,295,22,0
2026-04-20 14:40:00,738.08,743.15,736.19,743.15,295,22,0
2026-04-20 14:50:00,742.9,747.74,741.46,746.96,294,22,0
2026-04-20 15:00:00,746.97,748.04,742.9,742.9,291,22,0
2026-04-20 15:10:00,742.77,746.39,742.51,745.05,297,22,0
2026-04-20 15:20:00,744.68,746.67,742.37,744.39,299,22,0
2026-04-20 15:30:00,744.2,750.69,743.86,750.69,291,22,0
2026-04-20 15:40:00,750.51,751.37,748.01,751.02,292,22,0
2026-04-20 15:50:00,750.88,751.71,747.65,751.24,292,22,0
2026-04-20 16:00:00,751.11,751.81,748.55,749.75,292,22,0
2026-04-20 16:10:00,749.74,754.81,749.74,751.46,293,22,0
2026-04-20 16:20:00,751.31,756.26,748.94,755.22,292,22,0
2026-04-20 16:30:00,754.94,758.59,754.93,758.59,294,22,0
2026-04-20 16:40:00,758.56,759.75,754.72,756.2,291,22,0
2026-04-20 16:50:00,756.45,761.57,756.43,758.85,296,22,0
2026-04-20 17:00:00,758.63,760.73,755.67,756.84,297,22,0
2026-04-20 17:10:00,756.79,757.35,753.03,753.03,295,22,0
2026-04-20 17:20:00,753.2,760.07,752.88,757.63,292,22,0
2026-04-20 17:30:00,757.28,762.91,756.73,760.15,291,22,0
2026-04-20 17:40:00,759.96,761.6,756.64,756.64,295,22,0
2026-04-20 17:50:00,756.94,757.69,749.95,750.13,294,22,0
2026-04-20 18:00:00,750.19,755.82,749.41,753.98,293,22,0
2026-04-20 18:10:00,753.93,756.51,751.22,751.36,296,22,0
2026-04-20 18:20:00,751.68,754.3,750.66,753.96,294,22,0
2026-04-20 18:30:00,754.11,759.51,753.92,758.96,293,22,0
2026-04-20 18:40:00,759.46,765.31,758.42,764.71,296,22,0
2026-04-20 18:50:00,764.54,766.94,762.67,763.34,293,22,0
2026-04-20 19:00:00,763.14,763.23,760.06,762.52,292,22,0
2026-04-20 19:10:00,762.38,768.09,762.33,765.05,288,22,0
2026-04-20 19:20:00,764.92,767.5,763.22,763.78,295,22,0
2026-04-20 19:30:00,763.46,769.67,760.82,769.24,296,22,0
2026-04-20 19:40:00,769.65,774.77,768.82,770.01,295,22,0
2026-04-20 19:50:00,769.86,771.55,764.65,765.46,294,22,0
2026-04-20 20:00:00,765.42,766.51,762.39,765.41,295,22,0
2026-04-20 20:10:00,765.62,769.11,764.49,769.11,292,22,0
2026-04-20 20:20:00,769.1,772.99,767.4,772.65,297,22,0
2026-04-20 20:30:00,772.51,774.88,771.54,773.7,296,22,0
2026-04-20 20:40:00,773.34,773.87,766.46,768.4,292,22,0
2026-04-20 20:50:00,768.32,769.12,763.93,764.87,292,22,0
2026-04-20 21:00:00,765.0,767.1,763.59,763.6,293,22,0
2026-04-20 21:10:00,763.05,763.84,757.57,758.99,295,22,0
2026-04-20 21:20:00,758.95,758.99,753.7,755.03,292,22,0
2026-04-20 21:30:00,755.15,756.14,753.33,755.8,295,22,0
2026-04-20 21:40:00,755.72,758.29,754.47,757.28,292,22,0
2026-04-20 21:50:00,757.31,759.21,753.33,754.94,295,22,0
2026-04-20 22:00:00,755.37,755.49,751.18,751.6,292,22,0
2026-04-20 22:10:00,751.58,755.49,748.62,755.02,295,22,0
2026-04-20 22:20:00,754.81,755.48,749.0,749.71,294,22,0
2026-04-20 22:30:00,749.65,755.41,749.09,755.29,296,22,0
2026-04-20 22:40:00,755.46,756.72,750.51,750.75,293,22,0
2026-04-20 22:50:00,750.53,754.1,750.18,751.34,295,22,0
2026-04-20 23:00:00,751.17,752.19,748.68,750.45,293,22,0
2026-04-20 23:10:00,750.54,755.65,750.02,752.37,292,22,0
2026-04-20 23:20:00,752.57,753.98,751.15,752.42,289,22,0
2026-04-20 23:30:00,752.52,755.85,751.37,751.37,297,22,0
2026-04-20 23:40:00,751.33,759.74,751.04,759.74,288,22,0
2026-04-20 23:50:00,759.97,763.42,758.61,758.95,295,22,0
2026-04-21 00:00:00,758.98,760.11,748.91,749.3,290,22,0
2026-04-21 00:10:00,749.38,752.56,748.35,752.56,293,22,0
2026-04-21 00:20:00,752.81,757.89,751.64,755.67,295,22,0
2026-04-21 00:30:00,755.74,757.08,753.39,754.33,295,22,0
2026-04-21 00:40:00,754.28,758.81,753.91,756.75,293,22,0
2026-04-21 00:50:00,756.97,758.8,755.19,756.38,290,22,0
2026-04-21 01:00:00,756.55,757.34,754.69,756.31,294,22,0
2026-04-21 01:10:00,756.27,758.9,755.75,757.34,296,22,0
2026-04-21 01:20:00,757.41,761.7,756.86,761.49,299,22,0
2026-04-21 01:30:00,761.26,768.38,760.92,766.94,292,22,0
2026-04-21 01:40:00,766.85,768.44,763.84,768.39,295,22,0
2026-04-21 01:50:00,767.92,772.1,765.39,770.44,298,22,0
2026-04-21 02:00:00,770.35,771.58,765.74,766.65,298,22,0
2026-04-21 02:10:00,766.47,770.25,766.25,769.85,295,22,0
2026-04-21 02:20:00,769.87,770.41,763.48,765.29,296,22,0
2026-04-21 02:30:00,765.3,767.36,760.38,762.01,298,22,0
2026-04-21 02:40:00,761.92,763.24,757.88,762.58,294,22,0
2026-04-21 02:50:00,762.45,766.36,762.04,763.83,292,22,0
2026-04-21 03:00:00,763.78,766.09,761.77,763.85,292,22,0
2026-04-21 03:10:00,763.97,764.42,760.24,764.09,297,22,0
2026-04-21 03:20:00,764.66,765.73,761.84,761.84,294,22,0
2026-04-21 03:30:00,761.87,763.23,756.48,757.23,290,22,0
2026-04-21 03:40:00,757.03,761.41,756.8,760.1,293,22,0
2026-04-21 03:50:00,759.93,762.22,759.24,759.48,291,22,0
2026-04-21 04:00:00,759.89,761.58,756.24,758.79,290,22,0
2026-04-21 04:10:00,758.69,761.23,756.48,760.34,294,22,0
2026-04-21 04:20:00,760.4,762.66,758.81,759.6,295,22,0
2026-04-21 04:30:00,759.46,761.56,756.53,760.03,292,22,0
2026-04-21 04:40:00,760.39,760.45,756.69,756.89,298,22,0
2026-04-21 04:50:00,756.95,764.02,756.84,763.25,294,22,0
2026-04-21 05:00:00,763.24,769.17,763.24,767.88,297,22,0
2026-04-21 05:10:00,767.74,770.12,766.04,766.72,290,22,0
2026-04-21 05:20:00,766.92,768.93,765.17,767.36,294,22,0
2026-04-21 05:30:00,767.49,768.8,763.96,768.22,295,22,0
2026-04-21 05:40:00,768.05,772.74,767.73,772.34,296,22,0
2026-04-21 05:50:00,772.06,772.23,764.36,767.82,295,22,0
2026-04-21 06:00:00,767.91,771.68,767.0,770.51,296,22,0
2026-04-21 06:10:00,770.59,771.21,768.02,768.46,292,22,0
2026-04-21 06:20:00,768.57,771.79,767.02,771.63,295,22,0
2026-04-21 06:30:00,771.96,774.41,770.1,773.02,295,22,0
2026-04-21 06:40:00,773.16,777.27,772.56,777.08,294,22,0
2026-04-21 06:50:00,777.01,778.93,774.45,776.11,295,22,0
2026-04-21 07:00:00,776.16,779.67,775.71,779.67,293,22,0
2026-04-21 07:10:00,779.58,779.86,775.07,778.47,290,22,0
2026-04-21 07:20:00,778.38,778.81,768.63,769.11,298,22,0
2026-04-21 07:30:00,769.18,772.18,767.41,770.92,294,22,0
2026-04-21 07:40:00,770.82,774.79,770.82,774.42,290,22,0
2026-04-21 07:50:00,774.37,776.0,772.6,776.0,293,22,0
2026-04-21 08:00:00,775.78,777.72,774.67,777.34,292,22,0
2026-04-21 08:10:00,777.53,782.06,776.15,780.8,296,22,0
2026-04-21 08:20:00,780.77,781.76,776.96,778.59,296,22,0
2026-04-21 08:30:00,778.71,784.25,777.91,779.16,294,22,0
2026-04-21 08:40:00,779.25,783.9,778.14,783.17,291,22,0
2026-04-21 08:50:00,782.91,787.67,782.26,787.67,292,22,0
2026-04-21 09:00:00,787.37,787.9,780.4,781.08,292,22,0
2026-04-21 09:10:00,780.95,784.22,778.65,781.05,297,22,0
2026-04-21 09:20:00,780.88,785.6,780.49,784.4,292,22,0
2026-04-21 09:30:00,784.84,785.03,779.88,780.3,294,22,0
2026-04-21 09:40:00,780.32,782.27,779.32,779.48,292,22,0
2026-04-21 09:50:00,779.26,781.39,777.73,778.47,297,22,0
2026-04-21 10:00:00,778.18,779.01,775.7,777.22,295,22,0
2026-04-21 10:10:00,777.37,779.79,775.67,777.16,290,22,0
2026-04-21 10:20:00,777.01,778.63,773.78,776.25,295,22,0
2026-04-21 10:30:00,776.19,778.73,772.74,773.62,295,22,0
2026-04-21 10:40:00,773.72,775.19,771.26,771.54,293,22,0
2026-04-21 10:50:00,771.63,774.58,770.67,772.36,296,22,0
2026-04-21 11:00:00,772.0,772.49,764.26,765.64,293,22,0
2026-04-21 11:10:00,765.49,767.95,761.65,761.71,297,22,0
2026-04-21 11:20:00,761.65,761.93,759.38,759.4,293,22,0
2026-04-21 11:30:00,759.35,762.01,755.64,755.89,293,22,0
2026-04-21 11:40:00,755.66,763.51,755.6,762.57,291,22,0
2026-04-21 11:50:00,762.57,762.97,757.38,759.49,293,22,0
2026-04-21 12:00:00,759.27,759.97,752.34,754.5,298,22,0
2026-04-21 12:10:00,754.79,756.03,753.06,753.9,298,22,0
2026-04-21 12:20:00,754.46,756.09,752.44,752.87,290,22,0
2026-04-21 12:30:00,753.2,754.59,750.9,751.7,296,22,0
2026-04-21 12:40:00,751.82,762.21,751.82,762.21,293,22,0
2026-04-21 12:50:00,762.32,763.1,756.9,760.96,295,22,0
2026-04-21 13:00:00,760.77,762.93,759.48,759.96,295,22,0
2026-04-21 13:10:00,760.38,763.46,760.04,761.72,297,22,0
2026-04-21 13:20:00,761.92,764.2,760.24,760.82,293,22,0
2026-04-21 13:30:00,760.53,763.3,759.26,760.32,292,22,0
2026-04-21 13:40:00,760.34,763.11,756.73,762.65,295,26,0
2026-04-21 13:50:00,762.63,766.34,762.63,766.2,292,26,0
2026-04-21 14:00:00,766.26,769.94,765.42,767.11,292,26,0
2026-04-21 14:10:00,767.08,768.65,765.06,767.45,295,26,0
2026-04-21 14:20:00,767.35,771.48,767.25,770.01,295,26,0
2026-04-21 14:30:00,770.24,773.69,769.42,772.88,296,26,0
2026-04-21 14:40:00,772.81,774.85,769.96,772.85,294,26,0
2026-04-21 14:50:00,772.65,777.87,772.45,775.51,290,26,0
2026-04-21 15:00:00,775.43,775.89,769.97,771.76,298,26,0
2026-04-21 15:10:00,771.9,771.97,765.94,766.11,296,26,0
2026-04-21 15:20:00,766.02,773.05,765.68,772.31,295,26,0
2026-04-21 15:30:00,772.22,772.31,768.66,770.16,296,26,0
2026-04-21 15:40:00,769.75,771.22,768.5,769.71,290,26,0
2026-04-21 15:50:00,769.59,774.06,769.59,772.17,285,26,0
2026-04-21 16:00:00,772.26,773.76,769.96,771.35,294,26,0
2026-04-21 16:10:00,771.09,773.03,768.42,772.35,293,26,0
2026-04-21 16:20:00,772.18,776.12,771.53,772.72,290,26,0
2026-04-21 16:30:00,772.57,773.52,769.5,770.17,286,26,0
2026-04-21 16:40:00,770.1,776.43,769.32,776.05,295,26,0
2026-04-21 16:50:00,776.1,779.23,774.11,775.55,297,26,0
2026-04-21 17:00:00,775.76,778.15,773.7,775.89,295,26,0
2026-04-21 17:10:00,776.14,776.4,773.28,775.24,295,26,0
2026-04-21 17:20:00,775.31,775.98,772.21,773.13,293,26,0
2026-04-21 17:30:00,773.28,774.72,766.98,767.43,287,26,0
2026-04-21 17:40:00,767.27,769.01,761.98,765.55,293,26,0
2026-04-21 17:50:00,765.55,770.13,764.81,770.12,294,26,0
2026-04-21 18:00:00,770.13,774.82,766.7,766.96,295,26,0
2026-04-21 18:10:00,767.19,769.71,763.35,769.71,293,26,0
2026-04-21 18:20:00,769.42,772.76,768.45,770.42,296,26,0
2026-04-21 18:30:00,770.65,773.07,770.27,771.96,292,26,0
2026-04-21 18:40:00,771.29,774.88,769.3,774.12,296,26,0
2026-04-21 18:50:00,774.14,775.98,771.55,772.95,297,26,0
2026-04-21 19:00:00,773.28,776.93,769.77,775.64,290,26,0
2026-04-21 19:10:00,775.91,776.63,771.08,773.46,296,26,0
2026-04-21 19:20:00,773.23,777.79,770.15,771.08,296,26,0
2026-04-21 19:30:00,771.23,774.83,771.04,771.94,289,26,0
2026-04-21 19:40:00,772.18,774.11,769.96,772.17,289,26,0
2026-04-21 19:50:00,772.3,778.78,771.59,777.06,295,26,0
2026-04-21 20:00:00,776.8,777.39,770.72,773.59,293,26,0
2026-04-21 20:10:00,773.7,773.98,766.27,766.53,299,26,0
2026-04-21 20:20:00,766.63,768.42,766.09,767.62,294,26,0
2026-04-21 20:30:00,767.61,768.92,764.95,766.22,295,26,0
2026-04-21 20:40:00,766.0,767.82,765.08,765.72,294,26,0
2026-04-21 20:50:00,765.62,767.81,760.89,767.29,297,26,0
2026-04-21 21:00:00,767.09,767.66,757.79,758.02,294,26,0
2026-04-21 21:10:00,758.2,763.15,758.2,762.57,293,26,0
2026-04-21 21:20:00,762.51,763.34,758.69,761.41,297,26,0
2026-04-21 21:30:00,761.38,763.77,759.51,762.84,292,26,0
2026-04-21 21:40:00,762.66,762.66,758.69,761.41,298,26,0
2026-04-21 21:50:00,761.4,762.55,758.02,758.02,293,26,0
2026-04-21 22:00:00,758.26,758.47,754.43,755.16,292,26,0
2026-04-21 22:10:00,754.81,755.34,751.49,753.35,292,26,0
2026-04-21 22:20:00,753.49,756.92,752.47,753.81,292,26,0
2026-04-21 22:30:00,753.64,755.84,751.47,752.84,291,26,0
2026-04-21 22:40:00,752.35,753.68,750.19,751.17,295,26,0
2026-04-21 22:50:00,750.91,751.75,747.42,748.94,294,26,0
2026-04-21 23:00:00,748.68,750.25,747.12,748.33,296,26,0
2026-04-21 23:10:00,748.43,748.75,742.92,744.21,295,26,0
2026-04-21 23:20:00,744.36,744.85,739.96,740.67,297,26,0
2026-04-21 23:30:00,740.75,742.37,738.19,739.07,295,26,0
2026-04-21 23:40:00,738.9,746.15,737.78,746.04,292,26,0
2026-04-21 23:50:00,745.92,747.42,743.43,747.39,294,26,0
2026-04-22 00:00:00,747.78,753.2,747.62,753.2,295,26,0
2026-04-22 00:10:00,753.04,756.79,753.03,754.83,293,26,0
2026-04-22 00:20:00,754.8,755.56,752.04,752.24,295,26,0
2026-04-22 00:30:00,752.24,752.92,750.29,751.97,290,26,0
2026-04-22 00:40:00,751.62,751.62,748.01,749.59,295,26,0
2026-04-22 00:50:00,749.71,750.44,746.68,746.68,293,26,0
2026-04-22 01:00:00,746.59,747.48,744.11,745.28,292,26,0
2026-04-22 01:10:00,745.13,746.08,740.99,745.14,295,26,0
2026-04-22 01:20:00,745.16,746.2,741.74,742.78,298,26,0
2026-04-22 01:30:00,742.69,748.62,742.51,747.05,296,26,0
2026-04-22 01:40:00,746.98,747.09,741.45,743.22,292,26,0
2026-04-22 01:50:00,743.38,745.24,741.49,745.24,291,26,0
2026-04-22 02:00:00,745.33,745.57,741.3,742.59,294,26,0
2026-04-22 02:10:00,742.43,743.67,741.37,742.78,296,26,0
2026-04-22 02:20:00,742.77,743.35,736.22,736.89,293,26,0
2026-04-22 02:30:00,736.6,737.7,734.23,734.6,290,26,0
2026-04-22 02:40:00,734.46,735.26,732.2,734.64,296,26,0
2026-04-22 02:50:00,734.18,736.6,732.92,735.45,298,26,0
2026-04-22 03:00:00,735.49,739.36,735.11,739.17,296,26,0
2026-04-22 03:10:00,738.97,740.02,733.06,734.27,295,26,0
2026-04-22 03:20:00,734.38,734.38,729.99,731.14,295,26,0
2026-04-22 03:30:00,731.15,731.15,726.31,728.97,295,26,0
2026-04-22 03:40:00,729.07,730.34,725.46,725.58,294,26,0
2026-04-22 03:50:00,725.93,727.86,724.02,725.83,294,26,0
2026-04-22 04:00:00,725.77,725.8,722.81,725.08,294,26,0
2026-04-22 04:10:00,725.19,728.86,723.25,728.86,292,26,0
2026-04-22 04:20:00,728.93,732.78,727.5,731.67,296,26,0
2026-04-22 04:30:00,731.42,734.32,728.58,729.02,294,26,0
2026-04-22 04:40:00,728.59,732.15,728.5,730.1,296,26,0
2026-04-22 04:50:00,730.34,731.22,728.2,729.59,295,26,0
2026-04-22 05:00:00,729.54,734.64,729.4,734.46,291,26,0
2026-04-22 05:10:00,734.76,735.9,730.75,735.3,295,26,0
2026-04-22 05:20:00,735.45,736.28,733.02,733.79,294,26,0
2026-04-22 05:30:00,733.98,737.49,733.35,736.12,294,26,0
2026-04-22 05:40:00,736.27,743.72,735.87,742.63,293,26,0
2026-04-22 05:50:00,742.7,746.98,742.7,744.83,293,26,0
2026-04-22 06:00:00,744.83,745.89,738.61,739.65,291,26,0
2026-04-22 06:10:00,739.78,746.93,739.73,744.59,294,26,0
2026-04-22 06:20:00,744.38,751.25,744.32,749.84,292,26,0
2026-04-22 06:30:00,749.66,752.0,748.47,751.98,297,26,0
2026-04-22 06:40:00,752.0,755.61,750.78,755.24,293,26,0
2026-04-22 06:50:00,755.52,756.0,751.99,754.13,295,26,0
2026-04-22 07:00:00,754.13,756.27,753.75,754.64,290,26,0
2026-04-22 07:10:00,755.06,761.58,752.29,758.89,295,26,0
2026-04-22 07:20:00,758.87,764.59,757.95,764.12,293,26,0
2026-04-22 07:30:00,764.16,772.12,764.14,771.1,295,26,0
2026-04-22 07:40:00,770.99,771.43,766.41,767.0,298,26,0
2026-04-22 07:50:00,767.32,767.32,760.22,761.4,293,26,0
2026-04-22 08:00:00,761.22,762.81,757.97,757.99,295,26,0
2026-04-22 08:10:00,757.97,761.46,756.22,759.95,299,26,0
2026-04-22 08:20:00,759.95,764.56,759.95,762.95,295,26,0
2026-04-22 08:30:00,762.71,768.94,762.44,766.91,289,26,0
2026-04-22 08:40:00,766.83,766.83,761.89,762.53,293,26,0
2026-04-22 08:50:00,762.34,762.95,759.75,760.34,290,26,0
2026-04-22 09:00:00,760.53,762.65,758.94,759.92,291,26,0
2026-04-22 09:10:00,759.85,762.95,758.18,762.37,295,26,0
2026-04-22 09:20:00,762.52,763.28,758.92,761.63,295,26,0
2026-04-22 09:30:00,761.71,769.4,761.66,766.52,296,26,0
2026-04-22 09:40:00,766.07,767.7,764.15,765.64,294,26,0
2026-04-22 09:50:00,765.74,766.05,761.42,761.42,295,26,0
2026-04-22 10:00:00,761.54,762.07,758.75,759.77,295,26,0
2026-04-22 10:10:00,759.68,760.69,757.41,757.84,297,26,0
2026-04-22 10:20:00,757.82,758.89,755.98,757.89,297,26,0
2026-04-22 10:30:00,757.53,759.29,756.23,756.55,297,26,0
2026-04-22 10:40:00,756.72,760.93,756.24,760.88,293,26,0
2026-04-22 10:50:00,760.93,765.07,760.28,763.64,289,26,0
2026-04-22 11:00:00,763.7,763.7,760.66,763.14,295,26,0
2026-04-22 11:10:00,763.18,763.18,756.44,756.67,296,26,0
2026-04-22 11:20:00,756.67,759.33,755.08,755.61,294,26,0
2026-04-22 11:30:00,755.55,756.58,751.69,754.48,293,26,0
2026-04-22 11:40:00,754.81,760.34,753.34,759.02,293,26,0
2026-04-22 11:50:00,759.12,761.84,757.83,761.58,298,26,0
2026-04-22 12:00:00,761.35,764.74,760.16,762.66,295,26,0
2026-04-22 12:10:00,762.86,767.25,760.83,765.11,294,26,0
2026-04-22 12:20:00,764.85,767.21,761.42,766.36,287,26,0
2026-04-22 12:30:00,765.91,766.05,761.55,763.81,297,26,0
2026-04-22 12:40:00,764.06,764.58,758.04,758.5,296,26,0
2026-04-22 12:50:00,758.69,767.37,758.25,766.98,298,26,0
2026-04-22 13:00:00,767.24,769.99,765.73,769.64,293,26,0
2026-04-22 13:10:00,769.55,776.63,768.98,776.46,292,26,0
2026-04-22 13:20:00,776.22,786.82,775.97,784.35,295,26,0
2026-04-22 13:30:00,784.49,788.07,784.31,785.17,294,26,0
2026-04-22 13:40:00,785.3,788.36,783.78,788.01,295,26,0
2026-04-22 13:50:00,788.15,792.36,786.7,791.06,290,26,0
2026-04-22 14:00:00,791.16,792.28,786.6,789.11,292,26,0
2026-04-22 14:10:00,788.88,789.38,785.06,786.72,293,26,0
2026-04-22 14:20:00,786.99,787.28,783.63,785.92,292,26,0
2026-04-22 14:30:00,786.03,786.27,781.97,782.0,293,26,0
2026-04-22 14:40:00,782.1,783.48,778.56,779.1,297,26,0
2026-04-22 14:50:00,778.73,783.39,778.73,782.45,297,26,0
2026-04-22 15:00:00,782.46,782.82,778.82,779.22,293,26,0
2026-04-22 15:10:00,779.07,780.26,775.75,776.96,293,26,0
2026-04-22 15:20:00,777.15,779.99,773.04,779.9,295,26,0
2026-04-22 15:30:00,779.83,782.33,777.71,778.69,292,26,0
2026-04-22 15:40:00,778.72,780.64,776.84,779.06,296,26,0
2026-04-22 15:50:00,778.97,781.67,777.91,778.44,293,26,0
2026-04-22 16:00:00,778.47,778.61,774.09,774.4,294,26,0
2026-04-22 16:10:00,774.44,774.62,770.94,773.47,298,26,0
2026-04-22 16:20:00,773.39,775.98,772.16,774.11,295,26,0
2026-04-22 16:30:00,773.85,779.69,772.02,779.55,295,26,0
2026-04-22 16:40:00,779.61,783.02,779.05,779.44,296,26,0
2026-04-22 16:50:00,779.06,781.25,778.63,779.17,297,26,0
2026-04-22 17:00:00,778.65,782.49,777.34,782.46,296,26,0
2026-04-22 17:10:00,782.24,783.56,778.87,780.11,293,26,0
2026-04-22 17:20:00,779.84,780.24,774.16,778.21,294,26,0
2026-04-22 17:30:00,778.23,782.1,774.08,781.08,296,26,0
2026-04-22 17:40:00,781.12,782.99,775.6,776.13,295,26,0
2026-04-22 17:50:00,776.0,777.47,771.76,774.08,294,26,0
2026-04-22 18:00:00,773.87,778.98,772.43,777.05,293,26,0
2026-04-22 18:10:00,777.03,780.53,776.3,776.44,294,26,0
2026-04-22 18:20:00,776.62,778.28,771.34,771.5,297,26,0
2026-04-22 18:30:00,771.45,773.0,764.85,765.38,294,26,0
2026-04-22 18:40:00,765.87,767.94,764.5,767.29,295,26,0
2026-04-22 18:50:00,767.18,769.75,765.83,767.83,292,26,0
2026-04-22 19:00:00,767.89,768.0,759.82,762.26,288,26,0
2026-04-22 19:10:00,762.33,764.99,760.7,762.6,295,26,0
2026-04-22 19:20:00,762.6,763.03,759.03,761.19,290,26,0
2026-04-22 19:30:00,760.96,763.27,758.74,762.16,293,26,0
2026-04-22 19:40:00,762.29,763.67,759.95,761.7,292,26,0
2026-04-22 19:50:00,761.56,764.54,759.33,762.14,295,26,0
2026-04-22 20:00:00,761.89,763.69,760.73,763.5,295,26,0
2026-04-22 20:10:00,763.63,765.64,763.46,764.41,299,26,0
2026-04-22 20:20:00,764.33,764.66,755.73,756.02,295,26,0
2026-04-22 20:30:00,756.16,758.3,754.85,755.18,293,26,0
2026-04-22 20:40:00,755.28,759.08,754.3,758.02,294,26,0
2026-04-22 20:50:00,758.33,760.17,756.82,759.6,297,26,0
2026-04-22 21:00:00,759.53,762.93,757.13,762.6,292,26,0
2026-04-22 21:10:00,762.77,763.47,759.87,762.32,292,26,0
2026-04-22 21:20:00,762.17,763.49,758.15,763.49,292,26,0
2026-04-22 21:30:00,763.52,766.01,761.59,762.46,296,26,0
2026-04-22 21:40:00,762.37,763.54,759.27,763.54,294,26,0
2026-04-22 21:50:00,763.67,764.65,761.07,764.15,291,26,0
2026-04-22 22:00:00,763.86,772.4,763.83,770.85,293,26,0
2026-04-22 22:10:00,770.72,771.33,768.6,769.69,288,26,0
2026-04-22 22:20:00,769.33,771.29,766.93,767.76,295,26,0
2026-04-22 22:30:00,767.74,768.6,763.2,763.55,296,26,0
2026-04-22 22:40:00,763.62,764.32,760.2,761.68,291,26,0
2026-04-22 22:50:00,761.58,762.06,757.1,757.1,290,26,0
2026-04-22 23:00:00,757.2,759.16,753.95,754.35,291,26,0
2026-04-22 23:10:00,754.32,756.9,753.27,755.18,296,26,0
2026-04-22 23:20:00,755.4,755.7,745.83,749.21,297,26,0
2026-04-22 23:30:00,749.13,749.28,743.31,743.43,292,26,0
2026-04-22 23:40:00,743.37,744.61,740.54,744.05,294,26,0
2026-04-22 23:50:00,744.18,746.51,742.63,744.23,295,26,0
2026-04-23 00:00:00,744.28,744.75,740.71,742.52,292,26,0
2026-04-23 00:10:00,742.82,748.65,742.0,747.74,296,26,0
2026-04-23 00:20:00,747.91,748.6,745.5,745.59,294,26,0
2026-04-23 00:30:00,745.38,750.21,744.98,749.46,294,26,0
2026-04-23 00:40:00,748.92,750.25,744.93,745.35,290,26,0
2026-04-23 00:50:00,745.52,749.32,744.68,744.86,296,26,0
2026-04-23 01:00:00,745.07,747.29,742.58,743.32,295,26,0
2026-04-23 01:10:00,743.35,748.27,743.16,746.44,295,26,0
2026-04-23 01:20:00,746.6,752.54,746.03,751.97,294,26,0
2026-04-23 01:30:00,752.07,754.26,750.63,750.76,294,26,0
2026-04-23 01:40:00,750.59,754.75,748.53,754.7,295,26,0
2026-04-23 01:50:00,755.03,758.2,753.79,758.2,293,26,0
2026-04-23 02:00:00,758.47,758.51,752.9,753.42,296,26,0
2026-04-23 02:10:00,753.47,754.8,750.9,751.66,293,26,0
2026-04-23 02:20:00,751.66,759.05,751.27,756.26,297,26,0
2026-04-23 02:30:00,756.21,761.14,756.05,760.8,296,26,0
2026-04-23 02:40:00,760.88,766.72,760.61,765.93,293,26,0
2026-04-23 02:50:00,765.95,767.76,764.53,766.16,291,26,0
2026-04-23 03:00:00,766.34,767.46,761.31,761.82,295,26,0
2026-04-23 03:10:00,761.63,767.43,761.53,765.87,292,26,0
2026-04-23 03:20:00,766.15,768.89,765.07,766.75,293,26,0
2026-04-23 03:30:00,766.85,767.63,761.3,762.39,296,26,0
2026-04-23 03:40:00,762.72,762.72,756.99,757.31,298,26,0
2026-04-23 03:50:00,757.28,758.48,753.21,753.38,293,26,0
2026-04-23 04:00:00,753.47,756.51,751.08,755.94,295,26,0
2026-04-23 04:10:00,755.7,758.85,754.33,758.53,293,26,0
2026-04-23 04:20:00,758.6,764.24,758.06,760.82,296,26,0
2026-04-23 04:30:00,760.79,763.36,759.71,761.96,287,26,0
2026-04-23 04:40:00,761.95,765.6,761.08,765.2,298,26,0
2026-04-23 04:50:00,765.08,766.62,762.42,766.43,292,26,0
2026-04-23 05:00:00,766.17,766.17,762.92,764.1,296,26,0
2026-04-23 05:10:00,764.03,767.43,761.81,763.41,290,26,0
2026-04-23 05:20:00,763.47,766.64,761.3,761.3,292,26,0
2026-04-23 05:30:00,761.44,763.08,760.64,761.45,296,26,0
2026-04-23 05:40:00,761.44,762.44,757.63,760.18,290,26,0
2026-04-23 05:50:00,760.38,761.34,757.66,758.83,293,26,0
2026-04-23 06:00:00,758.73,761.0,755.41,757.35,296,26,0
2026-04-23 06:10:00,757.12,759.44,753.05,753.47,293,26,0
2026-04-23 06:20:00,753.55,757.11,753.12,754.19,295,26,0
2026-04-23 06:30:00,754.38,755.16,749.63,749.7,294,26,0
2026-04-23 06:40:00,749.64,752.83,749.46,751.2,295,26,0
2026-04-23 06:50:00,751.38,751.38,746.86,747.21,291,26,0
2026-04-23 07:00:00,746.94,753.61,746.0,753.35,292,26,0
2026-04-23 07:10:00,753.27,756.48,751.42,751.56,294,26,0
2026-04-23 07:20:00,751.81,753.89,749.48,753.46,296,26,0
2026-04-23 07:30:00,753.6,753.99,749.88,751.64,288,26,0
2026-04-23 07:40:00,751.72,753.73,747.85,748.77,295,26,0
2026-04-23 07:50:00,749.04,749.66,746.55,749.0,295,26,0
2026-04-23 08:00:00,749.06,750.94,745.79,750.69,294,26,0
2026-04-23 08:10:00,750.69,753.17,746.96,752.04,296,26,0
2026-04-23 08:20:00,752.15,753.91,749.5,749.54,294,26,0
2026-04-23 08:30:00,749.49,749.55,740.27,740.27,296,26,0
2026-04-23 08:40:00,740.02,741.66,738.65,739.85,297,26,0
2026-04-23 08:50:00,739.94,743.05,738.69,740.05,289,26,0
2026-04-23 09:00:00,740.02,746.96,738.52,744.89,292,26,0
2026-04-23 09:10:00,745.0,745.53,741.54,741.94,292,26,0
2026-04-23 09:20:00,742.17,742.52,738.93,741.32,289,26,0
2026-04-23 09:30:00,741.18,743.59,739.71,743.0,292,26,0
2026-04-23 09:40:00,742.77,745.25,740.73,740.73,290,26,0
2026-04-23 09:50:00,740.92,745.19,740.01,744.68,294,26,0
2026-04-23 10:00:00,744.64,746.91,742.15,745.38,295,26,0
2026-04-23 10:10:00,745.54,754.56,745.02,753.99,292,26,0
2026-04-23 10:20:00,754.17,756.57,752.9,755.8,295,26,0
2026-04-23 10:30:00,755.91,758.2,753.24,756.44,297,26,0
2026-04-23 10:40:00,756.27,757.09,752.68,755.01,296,26,0
2026-04-23 10:50:00,755.56,759.02,755.25,756.25,295,26,0
2026-04-23 11:00:00,756.27,757.98,754.61,755.71,294,26,0
2026-04-23 11:10:00,755.72,758.69,755.07,756.85,297,26,0
2026-04-23 11:20:00,756.97,759.53,753.55,755.87,290,26,0
2026-04-23 11:30:00,755.71,758.58,754.72,757.07,295,26,0
2026-04-23 11:40:00,757.17,760.48,756.62,757.57,293,26,0
2026-04-23 11:50:00,757.8,757.88,752.03,754.25,293,26,0
2026-04-23 12:00:00,754.19,759.0,754.19,758.68,292,26,0
2026-04-23 12:10:00,758.88,761.97,756.26,761.24,297,26,0
2026-04-23 12:20:00,761.34,763.65,760.17,761.04,299,26,0
2026-04-23 12:30:00,760.84,765.93,760.84,761.62,295,26,0
2026-04-23 12:40:00,761.57,767.21,761.57,766.63,292,26,0
2026-04-23 12:50:00,766.6,766.78,758.94,760.54,295,26,0
2026-04-23 13:00:00,760.48,765.71,760.16,765.68,298,26,0
2026-04-23 13:10:00,765.6,768.26,763.18,765.41,298,26,0
2026-04-23 13:20:00,765.29,769.15,764.2,765.85,296,26,0
2026-04-23 13:30:00,765.74,768.71,763.86,764.14,297,26,0
2026-04-23 13:40:00,764.03,766.99,763.28,763.45,295,26,0
2026-04-23 13:50:00,763.27,765.85,761.37,763.03,294,26,0
2026-04-23 14:00:00,763.01,766.37,761.77,765.4,291,26,0
2026-04-23 14:10:00,765.29,768.18,764.09,764.4,293,26,0
2026-04-23 14:20:00,764.35,769.01,764.17,766.15,296,26,0
2026-04-23 14:30:00,766.49,766.75,762.81,764.13,296,26,0
2026-04-23 14:40:00,764.06,768.88,763.65,765.92,292,26,0
2026-04-23 14:50:00,766.35,771.79,766.35,770.51,295,26,0
2026-04-23 15:00:00,770.55,773.11,769.68,771.46,297,26,0
2026-04-23 15:10:00,771.31,771.98,767.67,769.22,297,26,0
2026-04-23 15:20:00,769.28,775.5,769.28,773.86,299,26,0
2026-04-23 15:30:00,773.64,778.99,771.72,776.81,298,26,0
2026-04-23 15:40:00,776.95,780.94,775.07,780.65,296,26,0
2026-04-23 15:50:00,780.46,784.87,779.95,780.22,294,26,0
2026-04-23 16:00:00,780.22,784.21,777.6,784.07,293,26,0
2026-04-23 16:10:00,784.26,784.61,781.26,783.37,289,26,0
2026-04-23 16:20:00,783.31,787.23,782.25,783.7,293,26,0
2026-04-23 16:30:00,783.37,787.39,783.25,786.22,290,26,0
2026-04-23 16:40:00,786.02,787.42,781.49,782.62,294,26,0
2026-04-23 16:50:00,782.79,785.81,782.79,783.26,291,26,0
2026-04-23 17:00:00,783.08,786.43,781.7,781.94,297,26,0
2026-04-23 17:10:00,781.76,782.48,777.07,781.1,294,26,0
2026-04-23 17:20:00,780.74,791.66,780.74,791.66,295,26,0
2026-04-23 17:30:00,791.72,792.13,784.54,785.41,291,26,0
2026-04-23 17:40:00,785.31,786.3,782.17,782.38,296,26,0
2026-04-23 17:50:00,782.3,782.58,779.34,780.93,295,26,0
2026-04-23 18:00:00,780.71,783.63,779.31,779.91,291,26,0
2026-04-23 18:10:00,779.74,780.73,777.95,780.5,296,26,0
2026-04-23 18:20:00,780.41,781.14,774.2,774.2,293,26,0
2026-04-23 18:30:00,774.2,774.69,769.93,770.95,294,26,0
2026-04-23 18:40:00,770.87,772.21,768.32,770.66,295,26,0
2026-04-23 18:50:00,770.43,771.57,767.07,767.07,296,26,0
2026-04-23 19:00:00,767.14,770.56,765.76,770.16,294,26,0
2026-04-23 19:10:00,770.36,771.93,767.91,769.71,289,26,0
2026-04-23 19:20:00,769.65,772.52,768.38,768.45,295,26,0
2026-04-23 19:30:00,768.19,773.87,767.96,772.47,294,26,0
2026-04-23 19:40:00,772.73,775.49,770.36,770.36,294,26,0
2026-04-23 19:50:00,770.51,771.07,766.88,769.96,295,26,0
2026-04-23 20:00:00,770.24,775.81,769.67,774.23,292,26,0
2026-04-23 20:10:00,774.35,775.5,772.06,772.23,293,26,0
2026-04-23 20:20:00,772.1,778.85,772.02,778.85,294,26,0
2026-04-23 20:30:00,779.15,781.16,772.63,772.63,292,26,0
2026-04-23 20:40:00,772.91,772.96,767.32,767.32,297,26,0
2026-04-23 20:50:00,767.09,768.11,762.39,764.8,293,26,0
2026-04-23 21:00:00,764.85,768.02,763.54,767.48,296,26,0
2026-04-23 21:10:00,767.4,771.79,766.89,769.68,295,26,0
2026-04-23 21:20:00,769.49,774.6,769.49,774.24,297,26,0
2026-04-23 21:30:00,774.06,775.53,770.8,773.64,293,26,0
2026-04-23 21:40:00,773.95,774.15,769.23,770.15,289,26,0
2026-04-23 21:50:00,770.18,777.75,768.81,776.71,291,26,0
2026-04-23 22:00:00,776.35,778.92,774.38,774.82,293,26,0
2026-04-23 22:10:00,775.02,777.37,772.12,775.83,293,26,0
2026-04-23 22:20:00,775.96,776.79,772.34,772.34,295,26,0
2026-04-23 22:30:00,772.25,772.58,765.87,766.65,298,26,0
2026-04-23 22:40:00,766.7,766.7,761.8,764.98,296,26,0
2026-04-23 22:50:00,764.94,766.85,762.35,762.35,295,26,0
2026-04-23 23:00:00,762.35,766.88,762.35,765.11,295,26,0
2026-04-23 23:10:00,765.15,766.16,760.45,762.05,294,26,0
2026-04-23 23:20:00,762.16,763.43,759.81,763.1,294,26,0
2026-04-23 23:30:00,763.19,764.13,760.03,760.43,293,26,0
2026-04-23 23:40:00,760.47,762.12,758.96,759.72,297,26,0
2026-04-23 23:50:00,759.6,760.15,757.08,757.97,295,26,0
2026-04-24 00:00:00,758.09,758.09,753.95,756.64,295,26,0
2026-04-24 00:10:00,756.43,756.58,751.42,752.74,294,26,0
2026-04-24 00:20:00,752.89,753.79,750.58,750.73,295,26,0
2026-04-24 00:30:00,750.31,752.55,748.06,750.49,291,26,0
2026-04-24 00:40:00,750.34,754.25,750.02,750.44,295,26,0
2026-04-24 00:50:00,750.48,751.67,746.82,747.76,293,26,0
2026-04-24 01:00:00,747.71,748.11,744.99,746.07,299,26,0
2026-04-24 01:10:00,745.73,748.0,743.12,746.61,296,26,0
2026-04-24 01:20:00,746.61,750.92,746.28,750.11,296,26,0
2026-04-24 01:30:00,750.07,753.02,749.91,751.39,293,26,0
2026-04-24 01:40:00,751.21,751.63,747.84,751.1,294,26,0
2026-04-24 01:50:00,751.28,752.54,749.71,751.8,295,26,0
2026-04-24 02:00:00,752.05,752.05,746.76,747.18,291,26,0
2026-04-24 02:10:00,747.36,748.63,742.39,743.62,298,26,0
2026-04-24 02:20:00,743.46,747.39,741.24,746.83,298,26,0
2026-04-24 02:30:00,746.97,748.66,743.37,743.79,295,26,0
2026-04-24 02:40:00,743.64,749.63,743.64,747.54,295,26,0
2026-04-24 02:50:00,747.45,754.94,747.45,753.26,296,26,0
2026-04-24 03:00:00,753.39,753.63,749.44,750.33,296,26,0
2026-04-24 03:10:00,750.02,751.77,748.37,750.38,297,26,0
2026-04-24 03:20:00,750.24,756.29,750.24,750.99,292,26,0
2026-04-24 03:30:00,751.0,755.63,749.09,755.63,298,26,0
2026-04-24 03:40:00,755.66,755.78,742.64,743.95,292,26,0
2026-04-24 03:50:00,743.79,748.33,743.19,746.82,295,26,0
2026-04-24 04:00:00,746.83,748.11,744.55,747.46,291,26,0
2026-04-24 04:10:00,747.58,749.2,746.2,747.01,294,26,0
2026-04-24 04:20:00,746.92,748.13,744.51,747.4,296,26,0
2026-04-24 04:30:00,747.53,750.51,746.27,749.21,295,26,0
2026-04-24 04:40:00,749.51,751.52,747.45,751.48,292,26,0
2026-04-24 04:50:00,751.67,751.71,745.66,745.66,297,26,0
2026-04-24 05:00:00,745.58,754.52,744.78,754.01,294,26,0
2026-04-24 05:10:00,754.17,757.2,753.05,755.6,295,26,0
2026-04-24 05:20:00,755.12,755.89,752.37,754.78,296,26,0
2026-04-24 05:30:00,754.95,756.13,748.22,749.48,293,26,0
2026-04-24 05:40:00,749.61,754.38,749.61,753.52,294,26,0
2026-04-24 05:50:00,753.34,760.01,752.63,759.65,293,26,0
2026-04-24 06:00:00,759.98,766.1,759.98,764.58,291,26,0
2026-04-24 06:10:00,764.37,767.23,762.63,763.59,292,26,0
2026-04-24 06:20:00,763.67,765.9,760.42,763.54,289,26,0
2026-04-24 06:30:00,763.55,764.02,759.23,760.52,294,26,0
2026-04-24 06:40:00,760.43,761.06,755.97,756.23,294,26,0
2026-04-24 06:50:00,756.07,758.4,754.15,756.85,294,26,0
2026-04-24 07:00:00,756.64,757.86,751.0,752.83,296,26,0
2026-04-24 07:10:00,753.05,760.75,752.69,758.36,293,26,0
2026-04-24 07:20:00,758.16,762.89,757.59,760.88,293,26,0
2026-04-24 07:30:00,761.26,764.12,760.09,762.85,294,26,0
2026-04-24 07:40:00,763.05,765.03,761.64,761.91,293,26,0
2026-04-24 07:50:00,761.89,763.42,759.71,760.84,294,26,0
2026-04-24 08:00:00,760.93,762.41,759.87,760.6,295,26,0
2026-04-24 08:10:00,760.61,762.45,759.16,760.51,294,26,0
2026-04-24 08:20:00,760.48,763.0,757.98,760.16,293,26,0
2026-04-24 08:30:00,760.26,761.77,758.33,759.8,292,26,0
2026-04-24 08:40:00,759.5,759.92,754.88,754.88,292,26,0
2026-04-24 08:50:00,754.69,756.26,751.96,752.58,298,26,0
2026-04-24 09:00:00,752.49,754.29,748.34,749.5,298,26,0
2026-04-24 09:10:00,749.34,750.43,746.64,749.56,295,26,0
2026-04-24 09:20:00,749.68,757.97,749.57,757.97,295,26,0
2026-04-24 09:30:00,758.01,758.01,751.75,751.79,294,26,0
2026-04-24 09:40:00,751.68,752.77,742.02,742.02,292,26,0
2026-04-24 09:50:00,742.09,746.05,741.46,744.81,287,26,0
2026-04-24 10:00:00,745.02,747.12,741.38,746.8,298,26,0
2026-04-24 10:10:00,746.49,746.67,739.38,739.92,293,26,0
2026-04-24 10:20:00,739.6,740.44,735.33,740.34,292,26,0
2026-04-24 10:30:00,740.16,741.47,734.1,734.52,291,26,0
2026-04-24 10:40:00,734.44,739.73,733.37,738.61,298,26,0
2026-04-24 10:50:00,738.75,739.49,734.42,735.08,291,26,0
2026-04-24 11:00:00,735.06,736.76,732.5,736.09,290,26,0
2026-04-24 11:10:00,736.17,741.72,735.33,741.06,290,26,0
2026-04-24 11:20:00,741.04,741.04,734.13,734.32,294,26,0
2026-04-24 11:30:00,734.06,736.06,732.72,733.06,295,26,0
2026-04-24 11:40:00,733.01,733.42,730.02,732.87,292,26,0
2026-04-24 11:50:00,732.89,733.02,729.62,729.7,298,26,0
2026-04-24 12:00:00,729.72,731.44,727.14,727.91,295,26,0
2026-04-24 12:10:00,727.88,728.57,724.34,724.82,292,26,0
2026-04-24 12:20:00,724.9,727.52,723.79,724.74,295,26,0
2026-04-24 12:30:00,724.79,729.01,724.4,727.15,296,26,0
2026-04-24 12:40:00,727.06,731.02,725.25,730.61,296,26,0
2026-04-24 12:50:00,731.19,733.67,730.27,733.67,295,26,0
2026-04-24 13:00:00,733.59,737.81,732.95,734.03,297,26,0
2026-04-24 13:10:00,734.08,736.36,731.21,734.86,298,26,0
2026-04-24 13:20:00,734.68,737.08,731.8,734.82,297,26,0
2026-04-24 13:30:00,735.09,736.12,731.62,734.86,293,26,0
2026-04-24 13:40:00,734.62,739.78,734.12,735.17,294,26,0
2026-04-24 13:50:00,735.35,737.19,733.33,736.84,293,26,0
2026-04-24 14:00:00,736.43,736.87,733.28,733.3,292,26,0
2026-04-24 14:10:00,733.21,734.43,729.37,730.32,295,26,0
2026-04-24 14:20:00,730.25,732.79,727.6,728.5,299,26,0
2026-04-24 14:30:00,728.59,729.96,723.45,724.68,296,26,0
2026-04-24 14:40:00,724.74,728.94,723.83,728.94,294,26,0
2026-04-24 14:50:00,728.84,728.84,720.21,721.64,294,26,0
2026-04-24 15:00:00,721.61,725.83,720.16,725.68,294,26,0
2026-04-24 15:10:00,725.7,725.94,720.34,720.49,293,26,0
2026-04-24 15:20:00,720.42,721.31,716.36,717.19,293,26,0
2026-04-24 15:30:00,717.14,720.8,715.9,718.5,294,26,0
2026-04-24 15:40:00,718.34,728.14,716.59,726.9,291,26,0
2026-04-24 15:50:00,727.12,729.13,724.6,727.43,296,26,0
2026-04-24 16:00:00,727.34,728.26,724.36,727.09,298,26,0
2026-04-24 16:10:00,726.72,731.59,726.67,730.99,291,26,0
2026-04-24 16:20:00,730.65,732.57,728.62,732.27,294,26,0
2026-04-24 16:30:00,732.3,732.89,725.73,726.82,292,26,0
2026-04-24 16:40:00,726.86,730.06,725.9,726.62,289,26,0
2026-04-24 16:50:00,726.64,732.54,726.63,730.24,296,26,0
2026-04-24 17:00:00,730.14,734.17,730.11,732.7,298,26,0
2026-04-24 17:10:00,732.76,733.08,729.13,730.38,293,26,0
2026-04-24 17:20:00,730.31,731.67,728.28,731.28,292,26,0
2026-04-24 17:30:00,731.28,734.91,730.77,732.82,295,26,0
2026-04-24 17:40:00,733.22,738.2,732.77,738.2,288,26,0
2026-04-24 17:50:00,737.87,743.54,736.68,740.57,292,26,0
2026-04-24 18:00:00,740.79,741.91,739.04,741.78,294,26,0
2026-04-24 18:10:00,741.73,742.73,738.07,738.64,293,26,0
2026-04-24 18:20:00,738.4,744.27,738.07,744.27,295,26,0
2026-04-24 18:30:00,744.06,744.8,741.85,744.19,295,26,0
2026-04-24 18:40:00,744.26,748.95,742.04,747.25,294,26,0
2026-04-24 18:50:00,747.29,753.51,746.02,753.51,295,26,0
2026-04-24 19:00:00,753.4,755.76,750.37,751.76,291,26,0
2026-04-24 19:10:00,751.93,753.71,749.61,750.19,295,26,0
2026-04-24 19:20:00,750.18,751.36,746.48,749.76,295,26,0
2026-04-24 19:30:00,749.62,751.15,746.51,750.69,293,26,0
2026-04-24 19:40:00,750.75,752.21,747.8,748.16,294,26,0
2026-04-24 19:50:00,748.29,749.63,743.5,747.26,294,26,0
2026-04-24 20:00:00,747.35,747.35,741.48,741.59,296,26,0
2026-04-24 20:10:00,741.43,744.37,736.19,736.87,293,26,0
2026-04-24 20:20:00,736.87,736.87,731.53,731.53,294,26,0
2026-04-24 20:30:00,731.38,735.77,729.91,735.74,290,26,0
2026-04-24 20:40:00,735.89,735.91,730.99,731.74,288,26,0
2026-04-24 20:50:00,731.87,732.27,727.82,728.09,291,26,0
2026-04-24 21:00:00,728.53,734.95,726.2,734.44,288,26,0
2026-04-24 21:10:00,734.2,738.1,732.9,736.15,292,26,0
2026-04-24 21:20:00,736.23,736.88,733.11,735.56,292,26,0
2026-04-24 21:30:00,735.66,736.54,730.44,731.22,291,26,0
2026-04-24 21:40:00,731.39,732.22,728.9,729.36,292,26,0
2026-04-24 21:50:00,729.51,731.01,727.41,728.64,294,26,0
2026-04-24 22:00:00,728.81,730.59,727.24,728.99,291,26,0
2026-04-24 22:10:00,729.19,731.32,724.73,725.77,295,26,0
2026-04-24 22:20:00,725.79,730.63,725.79,728.8,294,26,0
2026-04-24 22:30:00,729.13,729.88,725.06,725.71,297,26,0
2026-04-24 22:40:00,725.63,728.51,722.8,724.09,295,26,0
2026-04-24 22:50:00,723.86,726.68,722.09,723.72,291,26,0
2026-04-24 23:00:00,723.78,724.46,720.6,721.29,297,26,0
2026-04-24 23:10:00,721.2,726.09,720.9,724.13,290,26,0
2026-04-24 23:20:00,723.62,726.73,720.93,722.65,292,26,0
2026-04-24 23:30:00,722.62,723.07,718.69,721.82,294,26,0
2026-04-24 23:40:00,721.74,722.43,717.87,718.02,296,26,0
2026-04-24 23:50:00,717.93,719.45,714.16,714.44,294,26,0
2026-04-25 00:00:00,713.95,717.1,713.47,715.97,291,26,0
2026-04-25 00:10:00,715.96,717.26,713.52,715.26,297,26,0
2026-04-25 00:20:00,715.27,716.96,712.97,714.48,294,26,0
2026-04-25 00:30:00,714.29,717.9,713.17,714.83,294,26,0
2026-04-25 00:40:00,715.33,715.33,708.99,709.79,296,26,0
2026-04-25 00:50:00,709.49,709.97,706.2,709.32,298,26,0
2026-04-25 01:00:00,709.35,710.26,705.34,706.64,292,26,0
2026-04-25 01:10:00,706.3,708.78,705.42,705.45,293,26,0
2026-04-25 01:20:00,705.4,713.72,705.4,713.51,298,26,0
2026-04-25 01:30:00,713.76,714.02,704.31,704.31,297,26,0
2026-04-25 01:40:00,704.35,705.3,701.85,702.36,295,26,0
2026-04-25 01:50:00,702.52,704.28,701.02,703.07,298,26,0
2026-04-25 02:00:00,702.97,702.97,696.89,700.58,296,26,0
2026-04-25 02:10:00,700.46,700.46,694.68,695.83,294,26,0
2026-04-25 02:20:00,695.91,697.09,693.63,696.23,295,26,0
2026-04-25 02:30:00,696.46,700.34,694.92,699.56,292,26,0
2026-04-25 02:40:00,699.78,700.7,694.03,695.16,291,26,0
2026-04-25 02:50:00,695.4,701.61,694.6,700.79,294,26,0
2026-04-25 03:00:00,700.73,703.31,699.72,699.8,293,26,0
2026-04-25 03:10:00,699.86,701.51,698.24,701.24,294,26,0
2026-04-25 03:20:00,701.35,702.59,696.98,699.18,297,26,0
2026-04-25 03:30:00,699.12,702.79,698.97,700.08,293,26,0
2026-04-25 03:40:00,700.01,700.92,697.85,698.47,288,26,0
2026-04-25 03:50:00,698.02,698.02,690.59,693.9,297,26,0
2026-04-25 04:00:00,693.85,694.63,688.33,688.47,296,26,0
2026-04-25 04:10:00,688.77,689.76,685.0,685.61,294,26,0
2026-04-25 04:20:00,685.64,691.47,685.46,689.79,293,26,0
2026-04-25 04:30:00,689.81,691.8,688.8,691.74,290,26,0
2026-04-25 04:40:00,692.05,693.23,690.26,692.5,292,26,0
2026-04-25 04:50:00,692.51,693.77,690.84,693.44,291,26,0
2026-04-25 05:00:00,693.35,694.77,691.33,691.64,293,26,0
2026-04-25 05:10:00,691.42,694.87,690.11,694.23,293,26,0
2026-04-25 05:20:00,694.14,696.54,693.16,695.43,293,26,0
2026-04-25 05:30:00,695.68,699.04,694.03,694.11,291,26,0
2026-04-25 05:40:00,694.22,697.57,693.72,697.57,290,26,0
2026-04-25 05:50:00,697.5,698.48,691.79,691.79,294,26,0
2026-04-25 06:00:00,691.79,694.58,689.57,691.11,297,26,0
2026-04-25 06:10:00,691.08,695.36,690.99,692.72,293,26,0
2026-04-25 06:20:00,693.03,693.84,690.77,693.53,291,26,0
2026-04-25 06:30:00,693.5,695.6,692.0,693.42,290,26,0
2026-04-25 06:40:00,693.39,701.0,693.39,700.7,296,26,0
2026-04-25 06:50:00,700.76,702.75,699.04,700.9,295,26,0
2026-04-25 07:00:00,700.95,702.74,698.91,700.7,295,26,0
2026-04-25 07:10:00,701.23,705.64,700.4,705.64,294,26,0
2026-04-25 07:20:00,705.61,709.73,705.02,708.32,296,26,0
2026-04-25 07:30:00,708.52,708.83,704.96,708.23,292,26,0
2026-04-25 07:40:00,708.06,710.68,707.56,710.25,292,26,0
2026-04-25 07:50:00,710.21,711.37,708.39,711.0,287,26,0
2026-04-25 08:00:00,710.71,713.39,709.63,711.5,294,26,0
2026-04-25 08:10:00,711.55,713.72,709.34,711.47,295,26,0
2026-04-25 08:20:00,711.84,712.14,705.86,706.19,296,26,0
2026-04-25 08:30:00,706.14,710.21,705.43,707.87,294,26,0
2026-04-25 08:40:00,707.67,708.95,705.88,708.27,292,26,0
2026-04-25 08:50:00,708.29,708.29,705.0,707.9,297,26,0
2026-04-25 09:00:00,708.0,708.54,702.6,703.58,298,26,0
2026-04-25 09:10:00,703.56,709.58,703.17,709.14,295,26,0
2026-04-25 09:20:00,709.23,711.45,707.1,709.52,293,26,0
2026-04-25 09:30:00,709.77,714.43,709.58,711.39,294,26,0
2026-04-25 09:40:00,711.19,716.53,710.86,716.45,293,26,0
2026-04-25 09:50:00,716.3,717.99,715.4,716.03,295,26,0
2026-04-25 10:00:00,716.33,722.39,715.43,722.39,292,26,0
2026-04-25 10:10:00,722.53,725.44,721.54,722.59,295,26,0
2026-04-25 10:20:00,722.81,724.71,719.18,719.81,286,26,0
2026-04-25 10:30:00,719.68,721.02,717.01,718.7,295,26,0
2026-04-25 10:40:00,718.88,722.71,718.76,721.8,286,26,0
2026-04-25 10:50:00,721.92,723.44,720.03,720.43,284,26,0
2026-04-25 11:00:00,720.7,722.79,720.06,721.77,297,26,0
2026-04-25 11:10:00,721.68,725.19,719.69,719.69,286,26,0
2026-04-25 11:20:00,719.69,720.22,715.3,715.72,294,26,0
2026-04-25 11:30:00,715.62,715.82,712.12,713.36,290,26,0
2026-04-25 11:40:00,713.49,717.04,711.86,716.67,295,26,0
2026-04-25 11:50:00,716.75,717.55,710.24,710.76,296,26,0
2026-04-25 12:00:00,710.83,713.03,709.32,711.81,294,26,0
2026-04-25 12:10:00,711.88,715.65,710.43,715.65,294,26,0
2026-04-25 12:20:00,715.73,715.85,707.8,707.99,291,26,0
2026-04-25 12:30:00,708.08,713.88,708.08,710.07,293,26,0
2026-04-25 12:40:00,710.11,714.56,709.8,712.35,295,26,0
2026-04-25 12:50:00,712.45,715.62,711.93,713.62,292,26,0
2026-04-25 13:00:00,713.73,717.32,712.6,715.33,296,26,0
2026-04-25 13:10:00,715.06,717.39,712.38,713.69,295,26,0
2026-04-25 13:20:00,713.64,721.76,712.44,720.92,293,26,0
2026-04-25 13:30:00,721.0,722.2,717.2,722.0,293,26,0
2026-04-25 13:40:00,721.68,728.26,721.16,727.68,294,26,0
2026-04-25 13:50:00,727.75,729.93,725.26,729.93,294,26,0
2026-04-25 14:00:00,729.82,729.95,720.75,721.94,291,26,0
2026-04-25 14:10:00,722.18,723.36,717.4,717.55,296,26,0
2026-04-25 14:20:00,717.29,717.74,714.14,716.61,291,26,0
2026-04-25 14:30:00,716.86,717.62,713.61,715.33,293,26,0
2026-04-25 14:40:00,715.41,717.21,711.9,713.32,296,26,0
2026-04-25 14:50:00,713.36,714.42,710.58,713.44,297,26,0
2026-04-25 15:00:00,713.58,715.33,711.55,712.16,295,26,0
2026-04-25 15:10:00,712.19,719.23,710.73,716.55,292,26,0
2026-04-25 15:20:00,716.39,723.17,715.42,721.79,298,26,0
2026-04-25 15:30:00,721.9,726.87,721.8,723.83,296,26,0
2026-04-25 15:40:00,723.71,729.73,723.71,727.02,294,26,0
2026-04-25 15:50:00,727.08,730.68,727.03,727.96,293,26,0
2026-04-25 16:00:00,727.89,729.16,725.47,726.87,294,26,0
2026-04-25 16:10:00,726.93,727.73,722.37,724.23,295,26,0
2026-04-25 16:20:00,723.9,727.59,723.52,726.43,291,26,0
2026-04-25 16:30:00,726.12,727.94,725.04,727.19,291,26,0
2026-04-25 16:40:00,726.88,731.45,726.51,729.73,295,26,0
2026-04-25 16:50:00,729.69,730.31,727.44,727.49,297,26,0
2026-04-25 17:00:00,727.51,733.11,726.02,731.14,294,26,0
2026-04-25 17:10:00,730.98,731.82,728.29,729.94,289,26,0
2026-04-25 17:20:00,729.93,737.73,729.93,736.57,292,26,0
2026-04-25 17:30:00,736.71,738.78,732.61,732.93,293,26,0
2026-04-25 17:40:00,732.82,734.05,729.2,732.09,296,26,0
2026-04-25 17:50:00,732.06,733.49,728.21,732.1,294,26,0
2026-04-25 18:00:00,732.03,734.66,729.76,731.65,297,26,0
2026-04-25 18:10:00,731.5,733.1,728.92,732.21,292,26,0
2026-04-25 18:20:00,731.97,733.03,730.87,731.9,293,26,0
2026-04-25 18:30:00,732.08,734.73,731.83,732.43,293,26,0
2026-04-25 18:40:00,732.38,734.3,729.85,733.79,294,26,0
2026-04-25 18:50:00,733.8,734.78,729.94,732.38,292,26,0
2026-04-25 19:00:00,732.52,733.73,730.02,732.32,295,26,0
2026-04-25 19:10:00,732.18,738.66,731.31,738.66,294,26,0
2026-04-25 19:20:00,738.8,741.58,735.76,736.57,292,26,0
2026-04-25 19:30:00,736.51,739.25,734.25,735.85,294,26,0
2026-04-25 19:40:00,735.66,736.7,731.97,735.65,299,26,0
2026-04-25 19:50:00,735.72,736.51,730.95,731.74,294,26,0
2026-04-25 20:00:00,731.82,735.81,731.66,734.57,295,26,0
2026-04-25 20:10:00,734.24,734.24,729.86,731.01,296,26,0
2026-04-25 20:20:00,731.02,731.44,728.85,730.68,294,26,0
2026-04-25 20:30:00,730.76,734.05,728.93,732.99,296,26,0
2026-04-25 20:40:00,733.01,736.8,731.71,735.99,296,26,0
2026-04-25 20:50:00,736.42,739.47,735.69,738.76,294,26,0
2026-04-25 21:00:00,738.72,739.32,734.48,736.26,293,26,0
2026-04-25 21:10:00,736.14,738.69,733.74,738.15,293,26,0
2026-04-25 21:20:00,737.93,740.13,737.39,739.17,292,26,0
2026-04-25 21:30:00,739.08,741.26,738.61,740.71,292,26,0
2026-04-25 21:40:00,740.57,741.07,737.47,738.02,296,26,0
2026-04-25 21:50:00,737.99,738.46,735.94,738.29,293,26,0
2026-04-25 22:00:00,738.36,740.77,736.4,740.66,297,26,0
2026-04-25 22:10:00,740.64,742.02,737.83,738.42,298,26,0
2026-04-25 22:20:00,738.09,740.02,736.3,736.94,292,26,0
2026-04-25 22:30:00,736.77,738.1,734.84,735.77,293,26,0
2026-04-25 22:40:00,735.41,737.24,733.3,737.24,293,26,0
2026-04-25 22:50:00,736.84,740.0,735.66,736.43,298,26,0
2026-04-25 23:00:00,736.68,736.68,731.63,732.8,298,26,0
2026-04-25 23:10:00,732.77,736.43,732.48,733.11,296,26,0
2026-04-25 23:20:00,733.05,737.86,732.82,736.26,295,26,0
2026-04-25 23:30:00,736.04,739.15,734.62,738.63,293,26,0
2026-04-25 23:40:00,738.75,742.21,736.78,740.16,295,26,0
2026-04-25 23:50:00,740.19,745.09,739.94,739.99,293,26,0
2026-04-26 00:00:00,739.91,744.19,737.91,743.82,293,26,0
2026-04-26 00:10:00,744.09,745.68,741.41,741.6,295,26,0
2026-04-26 00:20:00,741.33,744.29,739.7,742.86,294,26,0
2026-04-26 00:30:00,742.76,742.87,737.93,738.63,295,26,0
2026-04-26 00:40:00,738.44,745.66,738.44,745.66,294,26,0
2026-04-26 00:50:00,746.01,746.82,742.32,743.73,298,26,0
2026-04-26 01:00:00,743.54,744.62,739.41,740.5,294,26,0
2026-04-26 01:10:00,740.51,742.16,734.35,734.35,295,26,0
2026-04-26 01:20:00,734.38,735.08,727.76,728.82,293,26,0
2026-04-26 01:30:00,728.69,731.42,725.31,731.03,298,26,0
2026-04-26 01:40:00,731.23,731.98,728.64,731.38,297,26,0
2026-04-26 01:50:00,731.59,735.24,730.65,734.5,294,26,0
2026-04-26 02:00:00,734.36,736.54,731.87,734.7,290,26,0
2026-04-26 02:10:00,734.86,735.89,726.65,728.44,283,26,0
2026-04-26 02:20:00,728.39,730.45,727.12,727.6,298,26,0
2026-04-26 02:30:00,727.7,729.56,724.36,725.9,293,26,0
2026-04-26 02:40:00,725.84,728.42,723.8,725.61,297,26,0
2026-04-26 02:50:00,725.7,729.51,725.58,729.0,295,26,0
2026-04-26 03:00:00,728.97,734.09,728.03,733.38,294,26,0
2026-04-26 03:10:00,733.6,737.23,733.6,735.81,289,26,0
2026-04-26 03:20:00,735.78,739.86,734.81,737.29,297,26,0
2026-04-26 03:30:00,737.29,738.26,731.03,731.21,293,26,0
2026-04-26 03:40:00,731.02,732.19,724.74,725.27,295,26,0
2026-04-26 03:50:00,725.19,728.91,722.37,723.29,296,26,0
2026-04-26 04:00:00,723.15,724.42,720.75,720.75,292,26,0
2026-04-26 04:10:00,721.13,722.35,714.78,715.05,294,26,0
2026-04-26 04:20:00,714.92,718.57,713.55,713.94,293,26,0
2026-04-26 04:30:00,714.14,717.5,711.18,713.51,296,26,0
2026-04-26 04:40:00,713.17,717.68,712.79,715.51,294,26,0
2026-04-26 04:50:00,715.63,717.99,713.81,714.97,295,26,0
2026-04-26 05:00:00,715.15,716.67,711.24,711.24,299,26,0
2026-04-26 05:10:00,711.22,711.91,708.84,711.12,290,26,0
2026-04-26 05:20:00,711.16,716.95,710.07,716.42,298,26,0
2026-04-26 05:30:00,716.57,719.85,715.84,718.12,291,26,0
2026-04-26 05:40:00,718.1,718.46,714.49,716.49,294,26,0
2026-04-26 05:50:00,716.63,717.67,714.24,714.24,295,26,0
2026-04-26 06:00:00,714.18,715.09,711.34,713.26,290,26,0
2026-04-26 06:10:00,713.32,717.14,712.88,715.13,289,26,0
2026-04-26 06:20:00,715.21,718.06,711.95,715.29,296,26,0
2026-04-26 06:30:00,715.19,716.15,713.57,714.79,295,26,0
2026-04-26 06:40:00,715.0,716.8,712.48,714.45,294,26,0
2026-04-26 06:50:00,714.68,716.21,712.06,712.06,293,26,0
2026-04-26 07:00:00,712.62,714.21,709.1,710.84,291,26,0
2026-04-26 07:10:00,710.87,711.01,705.07,705.47,294,26,0
2026-04-26 07:20:00,705.58,708.83,705.34,706.5,293,26,0
2026-04-26 07:30:00,706.46,707.55,701.91,701.91,296,26,0
2026-04-26 07:40:00,701.77,702.07,697.24,699.62,296,26,0
2026-04-26 07:50:00,699.76,703.74,699.76,700.64,297,26,0
2026-04-26 08:00:00,700.78,706.23,700.44,704.39,297,26,0
2026-04-26 08:10:00,704.42,705.33,702.36,703.53,293,26,0
2026-04-26 08:20:00,703.34,706.26,701.76,701.76,287,26,0
2026-04-26 08:30:00,701.85,707.41,701.42,706.55,292,26,0
2026-04-26 08:40:00,706.36,707.79,701.18,701.4,292,26,0
2026-04-26 08:50:00,701.43,705.92,700.47,705.27,292,26,0
2026-04-26 09:00:00,704.88,706.16,702.14,704.13,293,26,0
2026-04-26 09:10:00,704.14,704.94,700.74,701.94,294,26,0
2026-04-26 09:20:00,702.14,702.92,698.97,702.16,292,26,0
2026-04-26 09:30:00,702.41,704.09,700.81,703.36,295,26,0
2026-04-26 09:40:00,703.15,704.39,701.29,702.75,293,26,0
2026-04-26 09:50:00,703.08,707.34,702.74,707.25,295,26,0
2026-04-26 10:00:00,707.26,708.77,705.34,706.21,296,26,0
2026-04-26 10:10:00,706.15,707.94,704.49,706.83,297,26,0
2026-04-26 10:20:00,706.67,710.05,704.01,709.2,293,26,0
2026-04-26 10:30:00,709.57,709.74,703.19,707.13,293,26,0
2026-04-26 10:40:00,706.98,709.4,704.83,708.4,293,26,0
2026-04-26 10:50:00,708.45,709.08,706.03,707.64,294,26,0
2026-04-26 11:00:00,707.41,707.97,703.97,704.32,295,26,0
2026-04-26 11:10:00,704.49,707.5,703.99,705.12,297,26,0
2026-04-26 11:20:00,705.05,706.13,702.74,703.49,292,26,0
2026-04-26 11:30:00,703.63,703.63,698.75,702.93,295,26,0
2026-04-26 11:40:00,702.83,703.91,699.87,703.38,296,26,0
2026-04-26 11:50:00,703.63,706.07,700.02,701.43,292,26,0
2026-04-26 12:00:00,701.6,701.73,698.96,700.62,295,26,0
2026-04-26 12:10:00,701.13,702.41,696.68,698.67,294,26,0
2026-04-26 12:20:00,698.77,701.8,696.74,698.09,296,26,0
2026-04-26 12:30:00,698.03,701.82,695.52,698.17,297,26,0
2026-04-26 12:40:00,698.3,701.98,696.13,700.94,293,26,0
2026-04-26 12:50:00,700.61,704.62,699.3,704.62,291,26,0
2026-04-26 13:00:00,704.84,705.28,701.47,702.07,292,26,0
2026-04-26 13:10:00,702.39,702.56,693.03,696.09,292,26,0
2026-04-26 13:20:00,696.61,696.61,693.05,695.17,295,26,0
2026-04-26 13:30:00,695.1,697.12,693.91,694.97,293,26,0
2026-04-26 13:40:00,694.98,698.61,694.63,697.44,294,26,0
2026-04-26 13:50:00,697.5,701.04,697.1,700.65,297,26,0
2026-04-26 14:00:00,700.28,700.43,695.98,697.63,299,26,0
2026-04-26 14:10:00,697.42,699.21,691.7,692.27,296,26,0
2026-04-26 14:20:00,692.05,692.05,686.86,688.09,295,26,0
2026-04-26 14:30:00,688.23,691.57,686.04,691.57,293,26,0
2026-04-26 14:40:00,691.64,695.4,690.79,692.52,288,26,0
2026-04-26 14:50:00,692.57,694.52,692.1,693.9,296,26,0
2026-04-26 15:00:00,694.23,694.99,691.61,691.72,294,26,0
2026-04-26 15:10:00,691.76,694.2,690.76,692.35,293,26,0
2026-04-26 15:20:00,692.65,692.71,684.86,684.86,294,26,0
2026-04-26 15:30:00,684.89,686.95,683.34,685.36,291,26,0
2026-04-26 15:40:00,685.42,686.18,680.36,680.46,290,26,0
2026-04-26 15:50:00,680.63,684.01,680.06,683.4,291,26,0
2026-04-26 16:00:00,683.28,684.22,681.7,683.66,294,26,0
2026-04-26 16:10:00,683.74,688.19,681.96,686.92,295,26,0
2026-04-26 16:20:00,686.76,689.9,686.76,688.02,296,26,0
2026-04-26 16:30:00,687.9,691.73,687.77,689.11,296,26,0
2026-04-26 16:40:00,689.05,689.55,682.8,683.46,295,26,0
2026-04-26 16:50:00,683.47,687.9,683.37,684.57,296,26,0
2026-04-26 17:00:00,684.7,686.66,680.76,682.02,294,26,0
2026-04-26 17:10:00,682.26,684.94,678.99,684.87,296,26,0
2026-04-26 17:20:00,684.94,687.6,683.59,686.05,290,26,0
2026-04-26 17:30:00,685.97,686.66,682.89,684.06,293,26,0
2026-04-26 17:40:00,684.13,684.13,681.72,682.36,292,26,0
2026-04-26 17:50:00,682.27,687.03,681.97,685.06,295,26,0
2026-04-26 18:00:00,685.03,685.18,681.76,684.19,295,26,0
2026-04-26 18:10:00,684.16,690.22,684.14,688.98,295,26,0
2026-04-26 18:20:00,689.2,693.15,688.85,692.74,293,26,0
2026-04-26 18:30:00,692.92,694.33,692.16,693.22,294,26,0
2026-04-26 18:40:00,693.22,696.68,692.32,693.16,291,26,0
2026-04-26 18:50:00,693.27,693.27,688.63,691.01,291,26,0
2026-04-26 19:00:00,691.21,695.73,690.48,694.98,291,26,0
2026-04-26 19:10:00,695.08,696.29,693.54,695.8,292,26,0
2026-04-26 19:20:00,695.82,696.23,693.51,695.95,293,26,0
2026-04-26 19:30:00,695.94,701.37,695.57,701.37,290,26,0
2026-04-26 19:40:00,701.22,703.75,701.06,702.69,298,26,0
2026-04-26 19:50:00,702.88,707.11,701.03,706.98,294,26,0
2026-04-26 20:00:00,706.89,709.46,706.51,707.21,295,26,0
2026-04-26 20:10:00,707.12,709.56,705.25,707.42,294,26,0
2026-04-26 20:20:00,707.21,707.21,702.02,702.49,294,26,0
2026-04-26 20:30:00,702.26,706.86,701.56,706.81,292,26,0
2026-04-26 20:40:00,706.53,709.66,705.15,706.74,295,26,0
2026-04-26 20:50:00,706.91,707.86,702.08,702.21,293,26,0
2026-04-26 21:00:00,702.58,706.27,700.93,701.22,294,26,0
2026-04-26 21:10:00,701.11,703.86,699.69,703.86,297,26,0
2026-04-26 21:20:00,703.76,705.79,702.14,702.81,291,26,0
2026-04-26 21:30:00,702.66,703.17,698.26,699.89,292,26,0
2026-04-26 21:40:00,699.85,701.0,697.01,700.46,292,26,0
2026-04-26 21:50:00,700.7,701.52,695.14,695.4,292,26,0
2026-04-26 22:00:00,695.65,698.86,694.9,696.64,294,26,0
2026-04-26 22:10:00,696.62,697.72,692.84,693.34,289,26,0
2026-04-26 22:20:00,693.34,696.33,693.19,695.62,290,26,0
2026-04-26 22:30:00,695.82,696.01,689.9,689.9,291,26,0
2026-04-26 22:40:00,690.12,695.88,689.43,695.15,294,26,0
2026-04-26 22:50:00,695.46,697.35,694.13,694.54,298,26,0
2026-04-26 23:00:00,694.76,700.15,693.55,699.25,292,26,0
2026-04-26 23:10:00,699.38,703.99,697.73,703.79,293,26,0
2026-04-26 23:20:00,703.89,709.59,703.3,709.59,294,26,0
2026-04-26 23:30:00,709.7,712.56,708.38,710.89,299,26,0
2026-04-26 23:40:00,711.09,711.09,701.45,702.49,293,26,0
2026-04-26 23:50:00,702.44,703.85,693.19,693.72,291,26,0
2026-04-27 00:00:00,693.67,693.95,689.95,691.42,295,26,0
2026-04-27 00:10:00,691.04,693.3,690.31,691.47,288,26,0
2026-04-27 00:20:00,691.68,692.81,687.2,687.2,296,26,0
2026-04-27 00:30:00,687.36,691.98,685.52,690.59,291,26,0
2026-04-27 00:40:00,690.54,694.09,688.63,692.34,292,26,0
2026-04-27 00:50:00,692.38,699.17,692.3,697.44,290,26,0
2026-04-27 01:00:00,697.79,699.64,696.04,698.64,292,26,0
2026-04-27 01:10:00,698.66,698.99,691.62,693.79,294,26,0
2026-04-27 01:20:00,693.92,698.45,693.81,695.76,294,26,0
2026-04-27 01:30:00,695.64,697.26,693.85,696.51,291,26,0
2026-04-27 01:40:00,696.52,698.77,694.54,694.74,292,26,0
2026-04-27 01:50:00,694.72,695.22,692.8,693.26,291,26,0
2026-04-27 02:00:00,693.14,694.21,686.97,687.31,292,26,0
2026-04-27 02:10:00,687.25,695.92,685.71,695.5,295,26,0
2026-04-27 02:20:00,695.56,696.55,691.23,691.67,293,26,0
2026-04-27 02:30:00,691.43,693.56,689.29,692.88,292,26,0
2026-04-27 02:40:00,692.78,697.04,691.66,695.87,291,26,0
2026-04-27 02:50:00,695.93,699.02,692.3,698.24,295,26,0
2026-04-27 03:00:00,698.31,700.54,696.29,700.27,293,26,0
2026-04-27 03:10:00,700.24,701.01,695.9,696.42,295,26,0
2026-04-27 03:20:00,696.15,697.88,693.35,694.61,293,26,0
2026-04-27 03:30:00,694.9,696.76,692.55,692.7,298,26,0
2026-04-27 03:40:00,692.66,697.01,691.87,696.45,297,26,0
2026-04-27 03:50:00,696.69,697.17,693.71,695.21,290,26,0
2026-04-27 04:00:00,695.3,695.66,690.75,693.13,296,26,0
2026-04-27 04:10:00,692.95,693.41,690.21,692.29,291,26,0
2026-04-27 04:20:00,691.99,694.3,691.45,693.76,293,26,0
2026-04-27 04:30:00,693.73,697.54,692.52,695.97,294,26,0
2026-04-27 04:40:00,696.07,698.23,694.48,695.47,293,26,0
2026-04-27 04:50:00,695.52,697.51,691.04,691.65,294,26,0
2026-04-27 05:00:00,691.64,694.22,691.11,692.85,296,26,0
2026-04-27 05:10:00,692.82,697.96,692.78,697.05,298,26,0
2026-04-27 05:20:00,697.19,698.01,694.24,697.76,299,26,0
2026-04-27 05:30:00,697.71,698.91,695.31,696.08,294,26,0
2026-04-27 05:40:00,696.03,697.26,695.1,696.46,293,24,0
2026-04-27 05:50:00,696.75,698.45,691.31,691.89,292,24,0
2026-04-27 06:00:00,691.95,692.9,688.45,688.45,297,24,0
2026-04-27 06:10:00,688.77,691.33,687.14,691.33,297,24,0
2026-04-27 06:20:00,691.54,692.58,687.5,687.86,295,24,0
2026-04-27 06:30:00,688.06,693.99,687.53,693.97,295,24,0
2026-04-27 06:40:00,694.46,697.91,693.7,697.56,292,24,0
2026-04-27 06:50:00,697.76,701.02,696.35,700.8,292,24,0
2026-04-27 07:00:00,700.62,702.04,697.93,700.39,295,24,0
2026-04-27 07:10:00,700.17,704.02,699.48,703.95,288,24,0
2026-04-27 07:20:00,703.66,709.5,703.51,708.08,296,24,0
2026-04-27 07:30:00,708.04,711.27,706.95,706.95,291,24,0
2026-04-27 07:40:00,707.12,711.58,706.52,709.52,295,24,0
2026-04-27 07:50:00,709.46,713.5,709.31,712.91,293,24,0
2026-04-27 08:00:00,712.61,713.04,708.06,708.54,297,24,0
2026-04-27 08:10:00,708.74,709.85,704.3,705.28,293,24,0
2026-04-27 08:20:00,705.09,707.41,702.4,706.32,295,24,0
2026-04-27 08:30:00,706.46,707.23,702.02,703.75,292,24,0
2026-04-27 08:40:00,703.75,704.13,694.76,694.76,291,24,0
2026-04-27 08:50:00,694.86,699.74,694.25,696.24,298,24,0
2026-04-27 09:00:00,696.23,702.33,695.58,702.05,294,24,0
2026-04-27 09:10:00,701.61,704.22,699.4,701.97,298,24,0
2026-04-27 09:20:00,701.77,705.87,701.61,704.97,290,24,0
2026-04-27 09:30:00,705.14,706.96,702.73,706.66,292,24,0
2026-04-27 09:40:00,706.55,708.16,703.93,704.36,294,24,0
2026-04-27 09:50:00,704.63,706.11,700.48,703.4,293,24,0
2026-04-27 10:00:00,703.43,705.49,700.92,702.67,289,24,0
2026-04-27 10:10:00,702.55,702.72,698.89,701.6,293,24,0
2026-04-27 10:20:00,701.62,702.93,696.37,698.33,294,24,0
2026-04-27 10:30:00,698.25,698.25,694.39,694.39,290,24,0
2026-04-27 10:40:00,694.13,697.04,692.34,696.33,293,24,0
2026-04-27 10:50:00,696.45,700.56,694.86,700.56,298,24,0
2026-04-27 11:00:00,700.48,701.78,699.28,700.31,293,24,0
2026-04-27 11:10:00,700.23,703.53,700.03,701.03,294,24,0
2026-04-27 11:20:00,700.87,702.25,692.84,693.49,293,24,0
2026-04-27 11:30:00,693.0,694.19,690.65,692.74,297,24,0
2026-04-27 11:40:00,692.65,693.16,690.17,691.42,291,24,0
2026-04-27 11:50:00,691.47,695.02,689.26,695.02,295,24,0
2026-04-27 12:00:00,695.02,695.78,692.75,694.56,288,24,0
2026-04-27 12:10:00,694.56,695.68,693.13,694.62,295,24,0
2026-04-27 12:20:00,694.82,697.14,692.69,696.31,295,24,0
2026-04-27 12:30:00,696.27,701.29,696.08,698.03,290,24,0
2026-04-27 12:40:00,697.95,700.07,695.04,697.91,292,24,0
2026-04-27 12:50:00,697.84,698.49,694.69,696.98,293,24,0
2026-04-27 13:00:00,697.26,699.48,696.0,698.25,293,24,0
2026-04-27 13:10:00,698.04,699.29,696.79,698.17,298,24,0
2026-04-27 13:20:00,698.37,699.44,694.95,697.0,294,24,0
2026-04-27 13:30:00,697.32,703.7,696.78,703.7,296,24,0
2026-04-27 13:40:00,703.6,704.55,702.13,704.55,296,24,0
2026-04-27 13:50:00,704.54,706.5,699.09,699.81,295,24,0
2026-04-27 14:00:00,699.75,699.75,694.14,695.74,292,24,0
2026-04-27 14:10:00,695.76,698.26,693.82,698.26,291,24,0
2026-04-27 14:20:00,698.53,700.03,694.2,694.63,292,24,0
2026-04-27 14:30:00,694.61,695.97,692.61,693.78,295,24,0
2026-04-27 14:40:00,693.61,695.53,692.71,695.22,292,24,0
2026-04-27 14:50:00,694.91,696.17,691.24,693.94,291,24,0
2026-04-27 15:00:00,693.83,696.61,692.67,693.51,297,24,0
2026-04-27 15:10:00,693.49,693.74,689.41,690.32,291,24,0
2026-04-27 15:20:00,690.3,691.84,687.66,689.74,293,24,0
2026-04-27 15:30:00,689.88,692.9,686.93,687.23,293,24,0
2026-04-27 15:40:00,687.23,688.71,683.92,685.59,294,24,0
2026-04-27 15:50:00,685.35,691.01,684.4,689.27,293,24,0
2026-04-27 16:00:00,689.41,695.45,689.03,695.45,295,24,0
2026-04-27 16:10:00,695.52,698.58,693.55,696.9,292,24,0
2026-04-27 16:20:00,696.93,697.65,694.68,696.64,297,24,0
2026-04-27 16:30:00,696.83,699.18,694.48,699.18,296,24,0
2026-04-27 16:40:00,699.02,703.68,698.24,702.59,292,24,0
2026-04-27 16:50:00,702.61,702.92,698.63,702.19,296,24,0
2026-04-27 17:00:00,702.42,704.0,701.51,703.35,296,24,0
2026-04-27 17:10:00,703.27,704.71,701.75,701.75,295,24,0
2026-04-27 17:20:00,701.52,701.52,695.95,697.07,296,24,0
2026-04-27 17:30:00,697.05,698.72,695.49,696.98,298,24,0
2026-04-27 17:40:00,697.05,698.28,693.62,693.79,293,24,0
2026-04-27 17:50:00,693.93,695.51,692.82,694.46,296,24,0
2026-04-27 18:00:00,694.59,696.64,693.6,694.13,295,24,0
2026-04-27 18:10:00,694.35,695.7,692.3,693.56,295,24,0
2026-04-27 18:20:00,693.36,698.2,693.3,695.82,294,24,0
2026-04-27 18:30:00,695.7,696.18,692.38,695.64,292,24,0
2026-04-27 18:40:00,695.4,696.42,690.19,690.2,294,24,0
2026-04-27 18:50:00,690.18,691.29,685.65,686.24,295,24,0
2026-04-27 19:00:00,686.32,687.81,685.21,686.98,289,24,0
2026-04-27 19:10:00,686.98,689.35,684.94,686.04,295,24,0
2026-04-27 19:20:00,685.88,692.74,685.83,692.51,294,24,0
2026-04-27 19:30:00,692.41,692.51,687.04,687.04,297,24,0
2026-04-27 19:40:00,687.21,688.97,685.53,688.39,295,24,0
2026-04-27 19:50:00,688.43,692.07,687.38,690.87,292,24,0
2026-04-27 20:00:00,690.87,695.24,690.45,692.52,293,24,0
2026-04-27 20:10:00,692.56,692.8,689.89,691.41,293,24,0
2026-04-27 20:20:00,691.37,692.29,686.4,686.58,298,24,0
2026-04-27 20:30:00,686.59,687.78,684.18,687.45,294,24,0
2026-04-27 20:40:00,687.38,688.22,685.39,687.46,294,24,0
2026-04-27 20:50:00,687.32,687.32,684.64,685.0,295,24,0
2026-04-27 21:00:00,685.11,688.86,684.72,687.65,290,24,0
2026-04-27 21:10:00,688.06,688.06,680.81,681.1,294,24,0
2026-04-27 21:20:00,681.14,687.94,680.39,685.73,295,24,0
2026-04-27 21:30:00,685.8,691.65,683.92,691.35,295,24,0
2026-04-27 21:40:00,691.35,691.59,681.98,682.58,292,24,0
2026-04-27 21:50:00,682.67,688.39,682.41,686.81,294,24,0
2026-04-27 22:00:00,686.64,686.97,683.39,684.56,295,24,0
2026-04-27 22:10:00,684.71,690.82,684.52,690.45,294,24,0
2026-04-27 22:20:00,690.35,695.54,690.35,691.5,290,24,0
2026-04-27 22:30:00,691.42,694.19,690.48,693.43,291,24,0
2026-04-27 22:40:00,693.34,697.41,690.64,697.01,295,24,0
2026-04-27 22:50:00,697.15,699.49,696.32,698.11,292,24,0
2026-04-27 23:00:00,698.03,699.31,696.55,697.74,291,24,0
2026-04-27 23:10:00,697.92,701.83,694.88,695.41,292,24,0
2026-04-27 23:20:00,695.6,697.77,693.55,693.89,291,24,0
2026-04-27 23:30:00,693.75,701.61,693.46,701.16,293,24,0
2026-04-27 23:40:00,701.07,702.74,699.23,701.8,294,24,0
2026-04-27 23:50:00,701.98,704.4,699.79,703.79,292,24,0
2026-04-28 00:00:00,703.91,706.74,701.58,706.25,295,24,0
2026-04-28 00:10:00,706.17,707.83,703.12,706.87,299,24,0
2026-04-28 00:20:00,706.92,708.83,704.65,705.71,296,24,0
2026-04-28 00:30:00,705.7,706.55,702.67,703.21,296,24,0
2026-04-28 00:40:00,703.25,705.48,699.53,699.53,293,24,0
2026-04-28 00:50:00,699.35,699.74,694.29,695.26,291,24,0
2026-04-28 01:00:00,695.19,697.97,693.14,693.35,297,24,0
2026-04-28 01:10:00,693.34,694.9,691.37,694.18,293,24,0
2026-04-28 01:20:00,694.28,696.2,692.12,696.2,295,24,0
2026-04-28 01:30:00,696.33,698.21,691.85,692.72,294,24,0
2026-04-28 01:40:00,692.93,692.94,687.6,690.47,295,24,0
2026-04-28 01:50:00,690.65,697.3,688.97,697.12,291,24,0
2026-04-28 02:00:00,696.79,697.88,693.49,695.01,290,24,0
2026-04-28 02:10:00,694.68,695.94,690.63,690.85,296,24,0
2026-04-28 02:20:00,690.5,696.78,690.37,696.1,289,24,0
2026-04-28 02:30:00,696.18,700.21,692.52,692.93,295,24,0
2026-04-28 02:40:00,693.03,695.13,692.64,694.45,294,24,0
2026-04-28 02:50:00,694.48,696.89,691.71,693.49,291,24,0
2026-04-28 03:00:00,693.74,697.0,689.05,689.26,298,24,0
2026-04-28 03:10:00,689.17,690.26,683.29,684.24,293,24,0
2026-04-28 03:20:00,684.14,686.82,684.06,686.38,291,24,0
2026-04-28 03:30:00,686.19,687.5,683.86,685.7,291,24,0
2026-04-28 03:40:00,686.06,687.92,684.4,684.67,297,24,0
2026-04-28 03:50:00,685.02,689.76,684.87,689.24,294,24,0
2026-04-28 04:00:00,688.96,690.02,686.17,689.03,294,24,0
2026-04-28 04:10:00,689.12,690.36,687.38,689.48,299,24,0
2026-04-28 04:20:00,689.28,693.89,688.43,691.89,294,24,0
2026-04-28 04:30:00,691.76,693.57,689.41,691.69,293,24,0
2026-04-28 04:40:00,691.39,693.52,689.38,693.52,284,24,0
2026-04-28 04:50:00,693.73,695.09,690.23,690.24,294,24,0
2026-04-28 05:00:00,690.13,694.44,688.92,688.93,291,24,0
2026-04-28 05:10:00,688.83,692.85,688.52,692.83,290,24,0
2026-04-28 05:20:00,692.97,697.03,690.6,691.34,297,24,0
2026-04-28 05:30:00,691.35,695.6,690.0,692.89,299,24,0
2026-04-28 05:40:00,693.09,693.39,690.97,692.28,294,24,0
2026-04-28 05:50:00,692.45,692.84,685.9,690.14,291,24,0
2026-04-28 06:00:00,690.1,691.77,686.24,686.59,291,24,0
2026-04-28 06:10:00,686.51,688.46,685.6,686.66,293,24,0
2026-04-28 06:20:00,686.66,694.16,686.66,693.81,294,24,0
2026-04-28 06:30:00,693.67,696.62,691.09,696.47,293,24,0
2026-04-28 06:40:00,696.51,698.87,693.73,698.87,292,24,0
2026-04-28 06:50:00,698.92,702.46,696.34,696.83,291,24,0
2026-04-28 07:00:00,696.92,698.48,691.92,691.92,294,24,0
2026-04-28 07:10:00,692.33,693.58,689.97,691.79,294,24,0
2026-04-28 07:20:00,692.0,694.73,691.18,692.49,293,24,0
2026-04-28 07:30:00,692.42,692.42,687.64,687.79,295,24,0
2026-04-28 07:40:00,687.73,689.73,684.82,686.61,296,24,0
2026-04-28 07:50:00,686.73,692.32,685.73,691.87,292,24,0
2026-04-28 08:00:00,691.69,696.07,691.0,694.41,297,24,0
2026-04-28 08:10:00,694.5,695.69,690.97,695.19,293,24,0
2026-04-28 08:20:00,695.41,696.04,688.67,689.69,293,24,0
2026-04-28 08:30:00,689.87,690.36,686.95,687.66,291,24,0
2026-04-28 08:40:00,687.7,688.87,685.38,688.61,295,24,0
2026-04-28 08:50:00,688.57,688.97,685.82,686.34,293,24,0
2026-04-28 09:00:00,686.32,689.46,685.53,687.16,297,24,0
2026-04-28 09:10:00,686.86,689.36,685.25,687.33,292,24,0
2026-04-28 09:20:00,687.31,688.93,684.46,688.49,291,24,0
2026-04-28 09:30:00,688.78,688.98,685.89,687.28,295,24,0
2026-04-28 09:40:00,687.35,693.75,687.05,693.48,296,24,0
2026-04-28 09:50:00,693.39,694.84,692.28,692.28,288,24,0
2026-04-28 10:00:00,692.12,693.39,688.83,689.91,292,24,0
2026-04-28 10:10:00,690.1,696.31,689.78,696.31,296,24,0
2026-04-28 10:20:00,696.32,701.51,693.57,701.22,292,24,0
2026-04-28 10:30:00,701.57,704.15,699.5,703.36,295,24,0
2026-04-28 10:40:00,703.24,705.09,702.13,703.43,290,24,0
2026-04-28 10:50:00,703.39,704.41,697.79,699.0,293,24,0
2026-04-28 11:00:00,699.27,705.79,698.6,703.8,293,24,0
2026-04-28 11:10:00,703.81,705.57,701.44,703.0,294,24,0
2026-04-28 11:20:00,703.07,707.09,701.09,701.96,295,24,0
2026-04-28 11:30:00,701.99,706.93,701.92,706.14,292,24,0
2026-04-28 11:40:00,706.05,706.67,703.41,705.37,292,24,0
2026-04-28 11:50:00,705.58,705.94,698.43,698.49,294,24,0
2026-04-28 12:00:00,698.32,698.61,693.53,695.57,290,24,0
2026-04-28 12:10:00,695.86,696.96,693.8,695.56,292,24,0
2026-04-28 12:20:00,695.64,697.35,693.56,693.76,293,24,0
2026-04-28 12:30:00,693.64,696.75,691.88,695.96,295,24,0
2026-04-28 12:40:00,695.94,695.94,691.14,691.27,297,24,0
2026-04-28 12:50:00,691.17,693.92,691.03,693.0,293,24,0
2026-04-28 13:00:00,693.19,694.64,687.38,687.49,289,24,0
2026-04-28 13:10:00,687.42,689.13,685.95,687.29,295,24,0
2026-04-28 13:20:00,687.14,691.68,686.78,691.68,293,24,0
2026-04-28 13:30:00,691.72,694.71,691.06,692.87,294,24,0
2026-04-28 13:40:00,692.99,695.19,691.31,693.72,294,24,0
2026-04-28 13:50:00,693.95,703.15,693.85,703.15,290,24,0
2026-04-28 14:00:00,703.0,705.18,698.86,700.05,289,24,0
2026-04-28 14:10:00,699.92,700.78,697.01,700.75,292,24,0
2026-04-28 14:20:00,700.92,701.0,698.48,698.82,292,24,0
2026-04-28 14:30:00,698.67,700.12,697.53,699.67,293,24,0
2026-04-28 14:40:00,699.6,703.41,699.6,700.54,291,24,0
2026-04-28 14:50:00,700.31,702.4,698.37,700.73,289,24,0
2026-04-28 15:00:00,700.48,703.81,700.22,702.37,296,24,0
2026-04-28 15:10:00,702.41,703.8,701.04,702.44,296,24,0
2026-04-28 15:20:00,702.46,708.38,701.85,705.96,295,24,0
2026-04-28 15:30:00,705.69,708.82,704.31,706.42,296,24,0
2026-04-28 15:40:00,706.13,707.3,704.04,705.2,293,24,0
2026-04-28 15:50:00,705.38,708.09,704.19,704.45,293,24,0
2026-04-28 16:00:00,704.62,707.48,704.17,706.12,296,24,0
2026-04-28 16:10:00,705.97,707.16,702.94,704.18,294,24,0
2026-04-28 16:20:00,704.14,708.36,703.64,706.13,287,24,0
2026-04-28 16:30:00,705.95,706.72,703.64,704.55,295,24,0
2026-04-28 16:40:00,704.64,707.7,702.09,706.93,296,24,0
2026-04-28 16:50:00,706.73,707.16,698.94,699.89,290,24,0
2026-04-28 17:00:00,699.81,700.89,698.13,700.67,296,24,0
2026-04-28 17:10:00,700.68,701.58,697.22,698.8,294,24,0
2026-04-28 17:20:00,698.63,701.54,698.42,700.61,294,24,0
2026-04-28 17:30:00,700.72,701.8,698.47,699.47,294,24,0
2026-04-28 17:40:00,699.21,699.21,692.04,695.82,293,24,0
2026-04-28 17:50:00,695.76,696.23,693.21,693.59,293,24,0
2026-04-28 18:00:00,693.69,696.76,693.36,695.26,294,24,0
2026-04-28 18:10:00,695.18,697.84,692.54,693.0,289,24,0
2026-04-28 18:20:00,693.03,695.21,689.99,691.57,289,24,0
2026-04-28 18:30:00,691.36,692.21,689.56,691.8,288,24,0
2026-04-28 18:40:00,691.82,693.23,686.38,686.53,294,24,0
2026-04-28 18:50:00,686.44,687.11,681.75,682.0,297,24,0
2026-04-28 19:00:00,682.0,684.04,681.29,682.6,291,24,0
2026-04-28 19:10:00,682.72,682.89,678.5,678.79,296,24,0
2026-04-28 19:20:00,678.82,679.52,671.17,671.17,294,24,0
2026-04-28 19:30:00,671.41,674.84,671.41,673.65,295,24,0
2026-04-28 19:40:00,673.84,677.69,672.04,676.74,291,24,0
2026-04-28 19:50:00,676.76,677.73,674.19,675.82,295,24,0
2026-04-28 20:00:00,676.09,681.33,674.94,681.14,296,24,0
2026-04-28 20:10:00,681.29,682.16,675.67,676.95,293,24,0
2026-04-28 20:20:00,677.08,678.65,675.35,678.4,293,24,0
2026-04-28 20:30:00,678.49,680.79,676.72,679.79,292,24,0
2026-04-28 20:40:00,679.76,680.85,675.02,680.53,295,24,0
2026-04-28 20:50:00,680.6,685.91,680.18,685.77,296,24,0
2026-04-28 21:00:00,685.84,686.27,680.64,683.66,295,24,0
2026-04-28 21:10:00,683.79,688.04,683.2,686.68,291,24,0
2026-04-28 21:20:00,686.55,688.6,685.12,688.48,293,24,0
2026-04-28 21:30:00,688.51,690.5,686.89,687.51,296,24,0
2026-04-28 21:40:00,687.37,693.53,687.26,693.51,298,24,0
2026-04-28 21:50:00,693.57,695.17,691.56,693.12,293,24,0
2026-04-28 22:00:00,693.22,693.85,687.01,687.55,293,24,0
2026-04-28 22:10:00,687.8,688.21,682.92,683.29,292,24,0
2026-04-28 22:20:00,683.08,683.71,678.69,678.69,297,24,0
2026-04-28 22:30:00,678.82,679.59,676.18,676.47,290,24,0
2026-04-28 22:40:00,676.55,676.55,670.8,671.97,293,24,0
2026-04-28 22:50:00,671.9,676.17,670.68,676.01,294,24,0
2026-04-28 23:00:00,676.28,678.8,674.83,678.11,295,24,0
2026-04-28 23:10:00,678.1,680.13,675.32,679.54,290,24,0
2026-04-28 23:20:00,679.84,681.56,677.99,677.99,295,24,0
2026-04-28 23:30:00,677.95,679.56,676.07,676.94,294,24,0
2026-04-28 23:40:00,676.7,680.99,676.19,677.81,290,24,0
2026-04-28 23:50:00,677.71,679.18,675.89,676.83,291,24,0
2026-04-29 00:00:00,676.91,682.71,676.72,682.07,294,24,0
2026-04-29 00:10:00,682.14,685.63,681.3,683.93,292,24,0
2026-04-29 00:20:00,683.96,686.07,680.19,686.07,296,24,0
2026-04-29 00:30:00,686.16,686.24,680.51,682.05,293,24,0
2026-04-29 00:40:00,682.05,685.36,680.81,682.83,294,24,0
2026-04-29 00:50:00,682.84,683.06,677.07,677.07,299,24,0
2026-04-29 01:00:00,677.06,677.11,673.9,675.21,294,24,0
2026-04-29 01:10:00,674.95,675.2,669.69,671.52,296,24,0
2026-04-29 01:20:00,671.53,672.56,669.16,671.67,295,24,0
2026-04-29 01:30:00,671.86,676.31,670.97,672.67,295,24,0
2026-04-29 01:40:00,672.45,673.1,671.03,672.67,295,24,0
2026-04-29 01:50:00,672.75,674.72,670.99,672.19,293,24,0
2026-04-29 02:00:00,672.34,674.88,670.84,674.88,292,24,0
2026-04-29 02:10:00,675.11,675.66,671.82,672.71,291,24,0
2026-04-29 02:20:00,672.65,672.91,666.62,667.25,294,24,0
2026-04-29 02:30:00,667.17,670.54,666.3,669.14,293,24,0
2026-04-29 02:40:00,668.94,673.99,668.19,672.81,289,24,0
2026-04-29 02:50:00,672.69,673.14,669.7,669.97,295,24,0
2026-04-29 03:00:00,669.93,670.39,666.09,670.37,296,24,0
2026-04-29 03:10:00,670.44,672.3,664.13,664.2,289,24,0
2026-04-29 03:20:00,664.14,664.36,660.67,660.95,296,24,0
2026-04-29 03:30:00,660.82,661.54,658.79,659.84,293,24,0
2026-04-29 03:40:00,659.79,660.34,657.62,659.16,289,24,0
2026-04-29 03:50:00,659.12,660.22,656.54,657.22,292,24,0
2026-04-29 04:00:00,656.88,656.99,654.43,655.25,288,24,0
2026-04-29 04:10:00,655.47,655.47,650.36,651.43,295,24,0
2026-04-29 04:20:00,651.33,651.36,646.04,646.23,295,24,0
2026-04-29 04:30:00,646.69,647.57,642.73,643.51,288,24,0
2026-04-29 04:40:00,643.54,646.04,643.5,645.68,294,24,0
2026-04-29 04:50:00,645.93,647.74,644.61,644.7,289,24,0
2026-04-29 05:00:00,644.56,646.44,642.23,644.3,290,24,0
2026-04-29 05:10:00,644.48,647.11,643.53,646.85,291,24,0
2026-04-29 05:20:00,646.79,653.76,646.54,652.6,288,24,0
2026-04-29 05:30:00,652.73,655.71,650.82,655.04,285,24,0
2026-04-29 05:40:00,654.87,655.51,650.79,651.07,296,24,0
2026-04-29 05:50:00,651.0,652.88,649.21,651.5,292,24,0
2026-04-29 06:00:00,651.52,654.12,650.38,653.58,290,24,0
2026-04-29 06:10:00,653.33,654.09,651.52,653.02,295,24,0
2026-04-29 06:20:00,652.98,655.37,651.76,652.92,293,24,0
2026-04-29 06:30:00,652.99,653.15,649.47,649.98,292,24,0
2026-04-29 06:40:00,650.17,651.7,646.56,650.47,298,24,0
2026-04-29 06:50:00,650.35,651.86,645.55,646.96,296,24,0
2026-04-29 07:00:00,646.81,650.65,645.59,650.51,288,24,0
2026-04-29 07:10:00,650.46,652.22,646.96,648.42,292,24,0
2026-04-29 07:20:00,648.54,650.09,646.45,647.45,295,24,0
2026-04-29 07:30:00,647.57,649.77,647.05,647.85,292,24,0
2026-04-29 07:40:00,647.74,648.46,646.1,647.34,293,24,0
2026-04-29 07:50:00,647.15,647.84,642.09,642.21,297,24,0
2026-04-29 08:00:00,642.22,642.31,637.49,638.04,293,24,0
2026-04-29 08:10:00,637.84,640.51,635.96,636.36,294,24,0
2026-04-29 08:20:00,636.48,638.86,635.72,636.97,287,24,0
2026-04-29 08:30:00,637.3,642.97,637.3,642.77,293,24,0
2026-04-29 08:40:00,642.73,642.89,635.31,636.02,292,24,0
2026-04-29 08:50:00,636.0,637.99,635.07,635.72,296,24,0
2026-04-29 09:00:00,635.42,640.53,635.16,640.37,294,24,0
2026-04-29 09:10:00,640.29,641.7,638.48,641.14,291,24,0
2026-04-29 09:20:00,641.03,641.98,636.83,638.33,297,24,0
2026-04-29 09:30:00,638.64,644.07,638.41,643.3,292,24,0
2026-04-29 09:40:00,643.36,645.02,638.81,638.99,288,24,0
2026-04-29 09:50:00,638.79,640.78,637.94,639.57,290,24,0
2026-04-29 10:00:00,639.41,644.13,639.41,643.41,294,24,0
2026-04-29 10:10:00,643.26,643.77,640.42,642.7,290,24,0
2026-04-29 10:20:00,642.63,644.88,640.8,641.33,290,24,0
2026-04-29 10:30:00,641.41,642.25,639.28,639.82,293,24,0
2026-04-29 10:40:00,640.11,640.26,636.14,638.38,291,24,0
2026-04-29 10:50:00,638.24,639.17,636.81,638.1,291,24,0
2026-04-29 11:00:00,638.19,639.81,635.86,639.38,291,24,0
2026-04-29 11:10:00,639.39,642.48,639.1,640.64,298,24,0
2026-04-29 11:20:00,640.64,640.64,633.09,634.22,295,24,0
2026-04-29 11:30:00,634.26,636.86,633.97,634.46,295,24,0
2026-04-29 11:40:00,634.48,635.21,630.59,632.47,293,24,0
2026-04-29 11:50:00,632.32,633.11,630.87,632.77,297,24,0
2026-04-29 12:00:00,632.52,633.07,628.64,629.45,297,24,0
2026-04-29 12:10:00,629.57,631.72,628.93,630.75,294,24,0
2026-04-29 12:20:00,630.97,630.97,627.52,630.68,294,24,0
2026-04-29 12:30:00,630.73,635.22,630.73,632.39,293,24,0
2026-04-29 12:40:00,632.28,632.53,629.6,631.43,292,24,0
2026-04-29 12:50:00,631.52,635.76,630.62,632.97,289,24,0
2026-04-29 13:00:00,632.89,633.95,630.78,631.26,291,24,0
2026-04-29 13:10:00,631.33,632.1,628.61,631.13,295,24,0
2026-04-29 13:20:00,631.16,633.16,630.33,630.4,293,24,0
2026-04-29 13:30:00,630.38,633.03,628.63,632.76,292,24,0
2026-04-29 13:40:00,632.54,636.05,632.32,635.28,289,24,0
2026-04-29 13:50:00,635.33,636.56,633.5,633.96,293,24,0
2026-04-29 14:00:00,634.18,638.61,633.87,637.19,291,24,0
2026-04-29 14:10:00,637.47,637.58,634.46,636.35,290,24,0
2026-04-29 14:20:00,636.38,641.57,635.48,640.93,293,24,0
2026-04-29 14:30:00,641.04,642.28,638.41,639.85,297,24,0
2026-04-29 14:40:00,639.98,639.98,636.01,637.62,290,24,0
2026-04-29 14:50:00,637.57,638.84,632.18,632.46,294,24,0
2026-04-29 15:00:00,632.4,633.77,627.42,631.45,295,24,0
2026-04-29 15:10:00,631.57,633.56,626.86,627.27,292,24,0
2026-04-29 15:20:00,627.39,630.61,626.49,627.02,296,24,0
2026-04-29 15:30:00,626.6,627.32,624.03,626.99,293,24,0
2026-04-29 15:40:00,626.74,627.14,622.03,623.7,292,24,0
2026-04-29 15:50:00,623.46,627.25,622.74,627.05,292,24,0
2026-04-29 16:00:00,626.95,626.97,624.27,625.82,294,24,0
2026-04-29 16:10:00,625.87,625.87,618.07,619.0,291,24,0
2026-04-29 16:20:00,619.15,620.01,616.56,617.92,290,24,0
2026-04-29 16:30:00,618.16,618.93,609.74,610.75,288,24,0
2026-04-29 16:40:00,610.77,615.26,610.59,613.06,293,24,0
2026-04-29 16:50:00,613.08,613.75,611.24,611.48,290,24,0
2026-04-29 17:00:00,611.64,614.97,611.3,614.34,291,24,0
2026-04-29 17:10:00,614.24,616.6,613.74,616.4,298,24,0
2026-04-29 17:20:00,616.37,618.57,614.58,616.87,294,24,0
2026-04-29 17:30:00,617.02,617.16,610.43,611.02,292,24,0
2026-04-29 17:40:00,611.11,615.47,608.61,615.3,293,24,0
2026-04-29 17:50:00,615.25,618.62,613.54,613.54,293,24,0
2026-04-29 18:00:00,613.42,617.25,613.18,616.03,295,24,0
2026-04-29 18:10:00,615.95,619.9,615.71,618.34,288,24,0
2026-04-29 18:20:00,618.41,619.23,616.95,617.46,288,24,0
2026-04-29 18:30:00,617.38,620.57,616.86,620.47,296,24,0
2026-04-29 18:40:00,620.61,627.46,619.87,627.46,292,24,0
2026-04-29 18:50:00,627.43,627.82,623.13,624.54,294,24,0
2026-04-29 19:00:00,624.6,626.92,622.96,625.5,291,24,0
2026-04-29 19:10:00,625.5,629.23,625.42,625.53,292,24,0
2026-04-29 19:20:00,625.47,626.22,623.68,626.1,289,24,0
2026-04-29 19:30:00,626.27,630.74,626.12,628.8,290,24,0
2026-04-29 19:40:00,628.75,632.03,627.81,630.29,294,24,0
2026-04-29 19:50:00,630.32,632.35,628.61,631.03,291,24,0
2026-04-29 20:00:00,631.11,631.65,627.1,628.63,288,24,0
2026-04-29 20:10:00,628.62,629.37,624.7,625.55,292,24,0
2026-04-29 20:20:00,625.63,630.72,625.54,629.97,293,24,0
2026-04-29 20:30:00,630.12,630.37,625.73,627.38,293,24,0
2026-04-29 20:40:00,627.24,633.12,626.91,630.97,293,24,0
2026-04-29 20:50:00,630.68,630.78,627.55,628.98,293,24,0
2026-04-29 21:00:00,628.81,630.53,627.44,629.49,291,24,0
2026-04-29 21:10:00,629.68,630.7,625.2,625.79,293,24,0
2026-04-29 21:20:00,625.83,626.69,620.16,620.94,295,24,0
2026-04-29 21:30:00,620.91,622.22,618.39,618.39,296,24,0
2026-04-29 21:40:00,618.34,618.58,615.26,615.71,288,24,0
2026-04-29 21:50:00,615.89,615.96,611.72,612.46,290,24,0
2026-04-29 22:00:00,612.28,612.28,602.93,602.93,294,24,0
2026-04-29 22:10:00,602.87,603.8,600.86,601.78,290,24,0
2026-04-29 22:20:00,601.76,604.55,601.65,604.16,289,24,0
2026-04-29 22:30:00,604.22,605.38,603.42,603.79,290,24,0
2026-04-29 22:40:00,603.89,607.29,602.32,606.48,293,24,0
2026-04-29 22:50:00,606.46,609.75,605.52,608.22,295,24,0
2026-04-29 23:00:00,608.37,610.57,606.91,608.15,296,24,0
2026-04-29 23:10:00,607.91,607.92,601.04,601.14,294,24,0
2026-04-29 23:20:00,601.1,602.86,598.01,598.32,293,24,0
2026-04-29 23:30:00,598.41,599.29,596.76,597.3,292,24,0
2026-04-29 23:40:00,597.09,598.12,593.23,593.54,291,24,0
2026-04-29 23:50:00,593.32,594.77,591.72,593.04,294,24,0
2026-04-30 00:00:00,593.02,596.23,592.54,595.26,290,24,0
2026-04-30 00:10:00,595.22,595.5,591.65,591.65,294,24,0
2026-04-30 00:20:00,591.57,595.84,590.71,595.74,289,24,0
2026-04-30 00:30:00,595.89,596.26,590.86,592.31,293,24,0
2026-04-30 00:40:00,592.51,593.57,591.12,592.46,289,24,0
2026-04-30 00:50:00,592.4,594.7,592.02,594.31,293,24,0
2026-04-30 01:00:00,594.57,594.77,590.78,592.02,292,24,0
2026-04-30 01:10:00,591.92,592.58,589.28,589.66,292,24,0
2026-04-30 01:20:00,589.65,592.05,588.61,591.4,288,24,0
2026-04-30 01:30:00,591.65,592.97,590.19,591.16,288,24,0
2026-04-30 01:40:00,591.03,593.17,589.83,590.85,294,24,0
2026-04-30 01:50:00,590.76,590.76,587.53,588.93,293,24,0
2026-04-30 02:00:00,588.84,593.57,587.77,593.57,294,24,0
2026-04-30 02:10:00,593.65,595.36,589.86,590.91,296,24,0
2026-04-30 02:20:00,590.92,593.72,590.19,593.53,293,24,0
2026-04-30 02:30:00,593.55,595.21,590.58,595.06,288,24,0
2026-04-30 02:40:00,595.21,598.45,594.73,596.22,295,24,0
2026-04-30 02:50:00,596.35,598.66,595.71,596.34,295,24,0
2026-04-30 03:00:00,596.12,597.39,594.83,596.06,290,24,0
2026-04-30 03:10:00,595.7,598.76,595.59,597.33,290,24,0
2026-04-30 03:20:00,597.3,600.19,596.93,598.89,293,24,0
2026-04-30 03:30:00,599.03,599.49,596.47,596.99,286,24,0
2026-04-30 03:40:00,597.45,598.04,594.93,595.19,293,24,0
2026-04-30 03:50:00,595.3,596.42,594.15,596.21,296,24,0
2026-04-30 04:00:00,596.22,596.35,594.03,595.36,289,24,0
2026-04-30 04:10:00,595.18,595.49,591.15,591.19,293,24,0
2026-04-30 04:20:00,591.11,591.15,588.31,589.1,290,24,0
2026-04-30 04:30:00,588.86,590.48,586.91,587.42,290,24,0
2026-04-30 04:40:00,587.41,588.81,584.89,588.24,292,24,0
2026-04-30 04:50:00,588.26,589.03,586.83,588.39,294,24,0
2026-04-30 05:00:00,588.33,588.45,586.07,587.48,292,24,0
2026-04-30 05:10:00,587.3,589.41,585.82,587.84,292,24,0
2026-04-30 05:20:00,587.94,592.09,587.23,589.7,296,24,0
2026-04-30 05:30:00,589.75,590.27,585.58,585.81,298,24,0
2026-04-30 05:40:00,585.66,588.35,585.0,585.71,292,24,0
2026-04-30 05:50:00,585.68,587.19,584.12,585.78,292,24,0
2026-04-30 06:00:00,586.07,586.07,581.4,582.74,289,24,0
2026-04-30 06:10:00,582.94,588.73,582.94,588.43,297,24,0
2026-04-30 06:20:00,588.41,590.38,586.96,587.81,292,24,0
2026-04-30 06:30:00,587.92,588.99,585.26,588.88,291,24,0
2026-04-30 06:40:00,588.88,590.97,586.24,586.24,291,24,0
2026-04-30 06:50:00,586.13,588.68,584.88,586.08,286,24,0
2026-04-30 07:00:00,586.26,587.84,584.91,587.12,293,24,0
2026-04-30 07:10:00,586.94,588.87,586.41,587.1,292,24,0
2026-04-30 07:20:00,587.23,594.23,586.85,593.57,288,24,0
2026-04-30 07:30:00,593.79,595.46,592.3,594.46,291,24,0
2026-04-30 07:40:00,594.5,595.76,592.56,593.8,294,24,0
2026-04-30 07:50:00,593.79,595.45,592.24,594.96,291,24,0
2026-04-30 08:00:00,595.05,596.41,593.14,594.8,292,24,0
2026-04-30 08:10:00,594.61,595.36,592.76,593.0,293,24,0
2026-04-30 08:20:00,593.11,594.02,590.57,592.4,292,24,0
2026-04-30 08:30:00,592.23,594.38,590.78,592.98,288,24,0
2026-04-30 08:40:00,592.97,595.07,591.96,592.14,290,24,0
2026-04-30 08:50:00,591.76,592.58,588.62,591.69,290,24,0
2026-04-30 09:00:00,591.52,594.29,590.7,592.42,295,24,0
2026-04-30 09:10:00,592.59,596.16,591.76,595.63,288,24,0
2026-04-30 09:20:00,595.61,598.99,591.98,598.7,282,24,0
2026-04-30 09:30:00,598.84,600.54,597.6,600.39,298,24,0
2026-04-30 09:40:00,600.26,600.8,598.43,599.91,292,24,0
2026-04-30 09:50:00,599.69,600.9,598.5,599.89,296,24,0
2026-04-30 10:00:00,599.76,604.04,599.05,603.14,296,24,0
2026-04-30 10:10:00,603.1,603.75,599.54,601.63,294,24,0
2026-04-30 10:20:00,601.67,602.6,599.91,601.42,290,24,0
2026-04-30 10:30:00,601.53,607.03,598.5,607.03,290,24,0
2026-04-30 10:40:00,606.88,609.2,606.45,606.59,289,24,0
2026-04-30 10:50:00,606.52,608.72,605.12,607.0,291,24,0
2026-04-30 11:00:00,607.17,609.58,605.93,608.01,292,24,0
2026-04-30 11:10:00,607.97,609.1,606.61,608.09,292,24,0
2026-04-30 11:20:00,608.25,608.62,605.6,607.75,290,24,0
2026-04-30 11:30:00,608.0,608.47,604.58,605.71,295,24,0
2026-04-30 11:40:00,605.8,607.71,603.65,603.65,289,24,0
2026-04-30 11:50:00,603.55,603.57,600.53,602.82,294,24,0
2026-04-30 12:00:00,602.61,605.23,600.37,604.19,294,24,0
2026-04-30 12:10:00,603.98,605.29,603.21,605.02,291,24,0
2026-04-30 12:20:00,604.89,607.63,604.47,606.47,294,24,0
2026-04-30 12:30:00,606.29,608.84,604.53,608.5,293,24,0
2026-04-30 12:40:00,608.48,610.64,605.9,606.96,292,24,0
2026-04-30 12:50:00,607.07,607.66,604.93,606.99,295,24,0
2026-04-30 13:00:00,607.02,607.02,602.39,605.3,295,24,0
2026-04-30 13:10:00,605.11,608.45,605.11,606.77,295,24,0
2026-04-30 13:20:00,606.82,608.33,605.69,606.63,296,24,0
2026-04-30 13:30:00,606.79,608.51,605.15,605.24,293,24,0
2026-04-30 13:40:00,605.42,609.95,604.68,607.87,293,24,0
2026-04-30 13:50:00,607.66,609.35,605.94,608.6,291,24,0
2026-04-30 14:00:00,608.63,612.24,607.18,611.58,298,24,0
2026-04-30 14:10:00,611.6,613.84,609.85,612.95,289,24,0
2026-04-30 14:20:00,612.72,614.28,609.84,612.65,290,24,0
2026-04-30 14:30:00,612.68,614.15,610.26,614.15,293,24,0
2026-04-30 14:40:00,614.11,614.82,611.64,613.09,293,24,0
2026-04-30 14:50:00,613.06,615.53,612.29,614.73,298,24,0
2026-04-30 15:00:00,614.99,618.23,613.88,616.43,289,24,0
2026-04-30 15:10:00,616.73,619.36,615.22,616.78,291,24,0
2026-04-30 15:20:00,616.53,618.44,614.83,615.27,288,24,0
2026-04-30 15:30:00,615.31,618.04,614.28,616.61,295,24,0
2026-04-30 15:40:00,616.69,621.78,616.4,621.78,294,24,0
2026-04-30 15:50:00,621.65,627.49,621.5,625.39,293,24,0
2026-04-30 16:00:00,625.29,627.04,620.21,620.78,298,24,0
2026-04-30 16:10:00,620.77,623.11,620.52,621.75,295,24,0
2026-04-30 16:20:00,621.79,625.13,619.83,624.64,295,24,0
2026-04-30 16:30:00,624.6,624.88,620.84,620.84,293,24,0
2026-04-30 16:40:00,620.85,623.02,618.72,622.05,291,24,0
2026-04-30 16:50:00,622.08,624.92,621.17,622.05,294,24,0
2026-04-30 17:00:00,622.22,623.24,620.15,622.49,285,24,0
2026-04-30 17:10:00,622.65,623.36,619.64,622.42,294,24,0
2026-04-30 17:20:00,622.59,623.47,620.51,622.79,293,24,0
2026-04-30 17:30:00,622.69,623.96,619.15,619.51,294,24,0
2026-04-30 17:40:00,619.45,621.82,617.62,617.89,290,24,0
2026-04-30 17:50:00,617.92,619.96,616.5,617.15,291,24,0
2026-04-30 18:00:00,617.22,622.15,617.19,621.65,290,24,0
2026-04-30 18:10:00,621.5,623.46,620.08,622.54,290,24,0
2026-04-30 18:20:00,622.66,623.14,618.19,619.87,295,24,0
2026-04-30 18:30:00,620.03,620.08,615.48,616.98,293,24,0
2026-04-30 18:40:00,617.02,617.76,613.45,616.85,293,24,0
2026-04-30 18:50:00,617.06,619.13,616.63,617.19,295,24,0
2026-04-30 19:00:00,617.14,617.82,614.92,615.84,286,24,0
2026-04-30 19:10:00,616.08,616.93,613.15,615.87,295,24,0
2026-04-30 19:20:00,616.11,616.11,611.23,611.92,290,24,0
2026-04-30 19:30:00,611.78,614.14,611.63,612.61,290,24,0
2026-04-30 19:40:00,612.68,613.01,607.13,608.09,296,24,0
2026-04-30 19:50:00,608.09,611.45,606.5,611.16,292,24,0
2026-04-30 20:00:00,611.26,612.89,607.27,607.27,291,24,0
2026-04-30 20:10:00,607.21,608.69,605.66,608.38,289,24,0
2026-04-30 20:20:00,608.53,610.18,606.01,608.6,292,24,0
2026-04-30 20:30:00,608.45,610.14,606.78,609.56,296,24,0
2026-04-30 20:40:00,609.46,610.48,606.52,609.17,292,24,0
2026-04-30 20:50:00,609.27,613.86,609.27,612.96,294,24,0
2026-04-30 21:00:00,612.92,614.37,610.71,612.63,290,24,0
2026-04-30 21:10:00,612.47,615.45,611.8,613.08,291,24,0
2026-04-30 21:20:00,613.56,614.53,612.3,612.71,292,24,0
2026-04-30 21:30:00,612.82,612.99,607.18,607.51,289,24,0
2026-04-30 21:40:00,607.18,610.23,606.51,608.56,295,24,0
2026-04-30 21:50:00,608.38,612.77,608.38,612.18,297,24,0
2026-04-30 22:00:00,611.7,614.68,611.41,613.21,292,24,0
2026-04-30 22:10:00,613.52,617.66,612.83,614.33,294,24,0
2026-04-30 22:20:00,614.51,616.06,612.0,614.43,292,24,0
2026-04-30 22:30:00,614.43,618.26,614.43,617.23,292,24,0
2026-04-30 22:40:00,617.44,618.68,615.82,618.01,289,24,0
2026-04-30 22:50:00,618.13,618.26,614.33,615.25,294,24,0
2026-04-30 23:00:00,615.26,620.41,615.23,618.45,292,24,0
2026-04-30 23:10:00,618.36,620.53,615.6,616.26,293,24,0
2026-04-30 23:20:00,616.33,618.52,614.48,614.91,287,24,0
2026-04-30 23:30:00,614.86,618.04,614.82,616.1,288,24,0
2026-04-30 23:40:00,616.07,625.14,615.94,624.48,295,24,0
2026-04-30 23:50:00,624.51,625.96,622.21,624.03,293,24,0
2026-05-01 00:00:00,623.92,624.34,618.15,618.4,295,24,0
2026-05-01 00:10:00,618.22,624.47,618.02,624.17,293,24,0
2026-05-01 00:20:00,623.9,628.2,623.9,626.46,291,24,0
2026-05-01 00:30:00,626.51,631.35,624.58,631.32,289,24,0
2026-05-01 00:40:00,631.48,632.22,627.02,630.05,293,24,0
2026-05-01 00:50:00,630.06,631.67,628.82,630.97,295,24,0
2026-05-01 01:00:00,630.46,637.02,630.16,635.9,287,24,0
2026-05-01 01:10:00,635.95,637.2,635.26,636.25,290,24,0
2026-05-01 01:20:00,636.17,639.35,635.34,636.37,290,24,0
2026-05-01 01:30:00,636.47,637.3,634.67,634.99,296,24,0
2026-05-01 01:40:00,635.15,637.27,632.3,632.49,293,24,0
2026-05-01 01:50:00,632.24,633.22,629.72,631.32,295,24,0
2026-05-01 02:00:00,631.21,633.6,630.86,632.69,293,24,0
2026-05-01 02:10:00,632.52,636.4,632.12,636.4,293,24,0
2026-05-01 02:20:00,636.49,638.15,635.43,635.54,292,24,0
2026-05-01 02:30:00,635.64,635.64,628.64,631.03,296,24,0
2026-05-01 02:40:00,630.91,635.63,630.34,635.34,294,24,0
2026-05-01 02:50:00,635.15,635.15,629.79,631.22,294,24,0
2026-05-01 03:00:00,631.3,632.64,629.45,630.9,292,24,0
2026-05-01 03:10:00,630.91,635.67,630.43,635.08,289,24,0
2026-05-01 03:20:00,635.23,636.34,633.81,634.9,290,24,0
2026-05-01 03:30:00,634.84,636.4,632.36,634.07,291,24,0
2026-05-01 03:40:00,634.08,635.43,631.54,634.09,293,24,0
2026-05-01 03:50:00,634.38,636.29,633.8,634.11,292,24,0
2026-05-01 04:00:00,634.41,635.77,633.28,633.78,292,24,0
2026-05-01 04:10:00,633.87,639.48,633.62,638.25,294,24,0
2026-05-01 04:20:00,638.29,638.66,635.82,635.95,291,24,0
2026-05-01 04:30:00,635.66,635.86,632.82,633.51,293,24,0
2026-05-01 04:40:00,633.33,634.64,631.78,633.78,299,24,0
2026-05-01 04:50:00,633.69,638.14,633.32,636.49,292,24,0
2026-05-01 05:00:00,636.31,639.23,633.48,636.08,293,24,0
2026-05-01 05:10:00,635.99,636.7,634.62,635.73,291,24,0
2026-05-01 05:20:00,635.64,636.33,633.64,633.64,293,24,0
2026-05-01 05:30:00,633.5,635.98,632.3,633.51,288,24,0
2026-05-01 05:40:00,633.54,633.81,630.66,630.66,294,24,0
2026-05-01 05:50:00,630.56,630.56,626.16,629.1,292,24,0
2026-05-01 06:00:00,629.01,630.75,627.23,628.62,289,24,0
2026-05-01 06:10:00,628.63,631.8,628.19,629.2,293,24,0
2026-05-01 06:20:00,629.14,633.0,629.14,632.64,294,24,0
2026-05-01 06:30:00,632.41,634.52,631.17,631.83,293,24,0
2026-05-01 06:40:00,632.1,634.91,631.82,634.13,296,24,0
2026-05-01 06:50:00,633.9,633.9,629.94,629.94,294,24,0
2026-05-01 07:00:00,629.92,633.37,627.81,632.95,296,24,0
2026-05-01 07:10:00,632.9,634.68,631.64,634.46,295,24,0
2026-05-01 07:20:00,634.25,634.65,631.19,631.75,292,24,0
2026-05-01 07:30:00,631.93,634.81,630.71,634.81,291,24,0
2026-05-01 07:40:00,634.82,636.11,632.63,633.81,292,24,0
2026-05-01 07:50:00,633.98,635.68,631.53,631.94,286,24,0
2026-05-01 08:00:00,631.92,632.8,629.37,631.76,296,24,0
2026-05-01 08:10:00,631.93,633.61,631.0,631.76,295,24,0
2026-05-01 08:20:00,631.71,632.28,626.98,628.49,289,24,0
2026-05-01 08:30:00,628.44,628.82,622.29,622.29,293,24,0
2026-05-01 08:40:00,622.1,625.63,621.7,625.61,293,24,0
2026-05-01 08:50:00,625.87,627.54,624.48,626.01,290,24,0
2026-05-01 09:00:00,626.06,629.54,625.62,626.31,294,24,0
2026-05-01 09:10:00,626.23,628.5,624.74,627.18,291,24,0
2026-05-01 09:20:00,627.23,627.84,625.92,626.3,295,24,0
2026-05-01 09:30:00,626.38,629.27,625.65,628.58,290,24,0
2026-05-01 09:40:00,628.62,629.85,625.49,626.0,291,24,0
2026-05-01 09:50:00,626.01,626.17,621.08,621.45,298,24,0
2026-05-01 10:00:00,621.56,621.78,613.74,614.66,291,24,0
2026-05-01 10:10:00,614.62,617.55,612.88,617.15,291,24,0
2026-05-01 10:20:00,617.14,617.44,612.57,612.58,295,24,0
2026-05-01 10:30:00,612.3,613.14,608.57,609.32,295,24,0
2026-05-01 10:40:00,609.33,612.79,609.22,611.98,290,24,0
2026-05-01 10:50:00,611.96,613.09,609.53,610.17,291,24,0
2026-05-01 11:00:00,610.15,611.58,609.18,609.65,293,24,0
2026-05-01 11:10:00,609.75,614.15,609.35,612.98,292,24,0
2026-05-01 11:20:00,612.75,613.06,611.07,612.18,294,24,0
2026-05-01 11:30:00,612.25,614.95,611.72,614.17,296,24,0
2026-05-01 11:40:00,614.04,614.47,610.69,612.85,291,24,0
2026-05-01 11:50:00,612.65,614.43,608.22,608.96,300,24,0
2026-05-01 12:00:00,609.04,611.05,607.27,607.27,293,24,0
2026-05-01 12:10:00,607.05,608.17,606.22,606.99,286,24,0
2026-05-01 12:20:00,606.68,610.34,605.84,608.41,291,24,0
2026-05-01 12:30:00,608.56,612.66,607.1,611.85,294,24,0
2026-05-01 12:40:00,611.5,612.46,608.99,609.13,289,24,0
2026-05-01 12:50:00,609.23,609.53,605.2,605.54,291,24,0
2026-05-01 13:00:00,605.32,606.67,602.72,603.29,290,24,0
2026-05-01 13:10:00,603.29,604.31,601.44,601.62,287,24,0
2026-05-01 13:20:00,601.56,606.45,600.74,606.12,294,24,0
2026-05-01 13:30:00,606.24,609.31,605.14,608.79,291,24,0
2026-05-01 13:40:00,608.81,613.36,608.65,613.23,293,24,0
2026-05-01 13:50:00,613.22,616.71,612.25,612.45,296,24,0
2026-05-01 14:00:00,612.6,618.6,612.6,617.35,299,24,0
2026-05-01 14:10:00,617.38,618.05,614.57,615.44,295,24,0
2026-05-01 14:20:00,615.65,619.11,615.21,618.81,289,24,0
2026-05-01 14:30:00,618.68,619.37,613.37,614.43,292,24,0
2026-05-01 14:40:00,614.56,615.41,612.81,614.22,294,24,0
2026-05-01 14:50:00,614.4,615.2,611.6,614.39,288,24,0
2026-05-01 15:00:00,614.35,614.97,610.7,611.34,291,24,0
2026-05-01 15:10:00,611.57,614.96,611.57,613.74,295,24,0
2026-05-01 15:20:00,613.82,613.91,608.9,608.9,288,24,0
2026-05-01 15:30:00,609.0,610.07,605.3,606.72,293,24,0
2026-05-01 15:40:00,606.67,606.82,602.78,603.35,290,24,0
2026-05-01 15:50:00,603.56,604.05,598.8,598.81,292,24,0
2026-05-01 16:00:00,598.97,599.93,594.67,595.59,287,24,0
2026-05-01 16:10:00,595.35,596.14,593.51,594.2,296,24,0
2026-05-01 16:20:00,594.09,594.6,591.67,592.24,294,24,0
2026-05-01 16:30:00,592.32,596.44,592.14,595.37,293,24,0
2026-05-01 16:40:00,595.29,599.52,594.97,599.45,289,24,0
2026-05-01 16:50:00,599.23,599.55,595.68,596.22,293,24,0
2026-05-01 17:00:00,596.32,597.94,591.23,592.02,294,24,0
2026-05-01 17:10:00,592.0,592.43,590.15,591.26,295,24,0
2026-05-01 17:20:00,591.03,594.78,590.36,593.59,290,24,0
2026-05-01 17:30:00,593.47,595.77,591.93,595.48,292,24,0
2026-05-01 17:40:00,595.75,596.67,590.46,590.46,296,24,0
2026-05-01 17:50:00,590.51,592.88,589.83,592.21,297,24,0
2026-05-01 18:00:00,592.34,593.68,591.04,593.51,295,24,0
2026-05-01 18:10:00,593.67,594.18,585.53,585.86,291,24,0
2026-05-01 18:20:00,585.89,588.73,584.67,586.74,291,24,0
2026-05-01 18:30:00,586.78,587.44,583.17,583.48,290,24,0
2026-05-01 18:40:00,583.67,585.21,581.15,581.53,296,24,0
2026-05-01 18:50:00,581.54,583.09,576.66,576.9,295,24,0
2026-05-01 19:00:00,576.81,577.84,575.65,576.1,294,24,0
2026-05-01 19:10:00,576.18,579.1,575.56,576.77,289,24,0
2026-05-01 19:20:00,576.49,576.49,573.07,573.63,291,24,0
2026-05-01 19:30:00,573.48,575.74,573.4,575.71,293,24,0
2026-05-01 19:40:00,575.96,579.4,575.85,578.01,294,24,0
2026-05-01 19:50:00,578.21,583.04,576.8,582.66,289,24,0
2026-05-01 20:00:00,582.4,582.81,579.73,582.36,293,24,0
2026-05-01 20:10:00,582.48,583.66,581.18,581.74,287,24,0
2026-05-01 20:20:00,581.86,582.88,580.22,581.81,293,24,0
2026-05-01 20:30:00,581.63,582.22,578.97,581.63,293,24,0
2026-05-01 20:40:00,581.71,582.25,579.87,580.91,291,24,0
2026-05-01 20:50:00,581.18,581.18,577.67,579.54,283,24,0
2026-05-01 21:00:00,579.69,585.05,579.54,584.66,289,24,0
2026-05-01 21:10:00,584.61,587.65,583.87,584.81,292,24,0
2026-05-01 21:20:00,584.93,585.47,582.77,584.66,289,24,0
2026-05-01 21:30:00,584.78,585.47,582.66,585.47,288,24,0
2026-05-01 21:40:00,585.46,587.98,584.43,585.8,293,24,0
2026-05-01 21:50:00,585.93,587.01,585.13,585.48,291,24,0
2026-05-01 22:00:00,585.44,588.62,585.44,587.0,293,24,0
2026-05-01 22:10:00,587.12,588.37,582.07,583.58,290,24,0
2026-05-01 22:20:00,583.62,583.62,581.13,581.3,290,24,0
2026-05-01 22:30:00,581.13,581.46,578.7,580.26,292,24,0
2026-05-01 22:40:00,580.28,584.07,579.77,583.31,293,24,0
2026-05-01 22:50:00,583.41,583.91,580.28,581.18,283,24,0
2026-05-01 23:00:00,581.17,582.62,579.52,581.58,291,24,0
2026-05-01 23:10:00,581.45,583.93,579.61,583.92,289,24,0
2026-05-01 23:20:00,583.66,585.68,582.48,582.54,295,24,0
2026-05-01 23:30:00,582.66,585.45,582.66,584.02,291,24,0
2026-05-01 23:40:00,584.17,584.76,582.18,583.24,291,24,0
2026-05-01 23:50:00,583.21,585.92,581.83,581.83,297,12,0
2026-05-02 00:00:00,581.7,588.38,581.26,587.84,295,12,0
2026-05-02 00:10:00,587.73,590.23,586.6,588.55,293,12,0
2026-05-02 00:20:00,588.55,589.03,586.12,588.33,291,12,0
2026-05-02 00:30:00,588.1,591.28,587.45,587.86,291,12,0
2026-05-02 00:40:00,587.84,588.34,583.42,583.92,294,12,0
2026-05-02 00:50:00,584.02,585.71,582.71,584.85,289,12,0
2026-05-02 01:00:00,584.94,586.87,584.2,586.79,293,12,0
2026-05-02 01:10:00,586.81,590.13,586.05,586.93,294,12,0
2026-05-02 01:20:00,586.82,591.77,585.87,591.76,281,12,0
2026-05-02 01:30:00,591.89,594.9,591.03,593.67,288,12,0
2026-05-02 01:40:00,593.61,600.05,593.46,599.84,292,12,0
2026-05-02 01:50:00,599.72,600.64,597.96,599.33,296,12,0
2026-05-02 02:00:00,599.29,601.46,596.49,598.66,290,12,0
2026-05-02 02:10:00,598.54,601.57,598.41,601.17,293,12,0
2026-05-02 02:20:00,601.25,604.58,600.5,604.1,289,12,0
2026-05-02 02:30:00,603.91,607.98,603.22,607.98,295,12,0
2026-05-02 02:40:00,607.83,611.15,607.53,610.9,293,12,0
2026-05-02 02:50:00,610.71,612.22,608.73,611.93,293,12,0
2026-05-02 03:00:00,612.11,616.05,611.91,616.03,290,12,0
2026-05-02 03:10:00,616.07,621.47,615.91,620.23,288,12,0
2026-05-02 03:20:00,620.31,621.81,617.69,618.25,289,12,0
2026-05-02 03:30:00,618.33,619.66,616.47,617.93,288,12,0
2026-05-02 03:40:00,617.77,622.08,616.96,622.08,295,12,0
2026-05-02 03:50:00,622.01,624.88,621.11,623.66,292,12,0
2026-05-02 04:00:00,623.78,623.81,618.79,619.91,297,12,0
2026-05-02 04:10:00,620.23,620.69,617.21,619.64,293,12,0
2026-05-02 04:20:00,619.62,623.37,619.18,620.28,290,12,0
2026-05-02 04:30:00,620.13,621.8,619.2,620.09,289,12,0
2026-05-02 04:40:00,620.09,622.71,617.62,618.15,295,12,0
2026-05-02 04:50:00,618.21,622.05,617.85,621.66,294,12,0
2026-05-02 05:00:00,621.7,625.68,620.81,621.81,291,12,0
2026-05-02 05:10:00,621.83,625.54,621.71,624.55,290,12,0
2026-05-02 05:20:00,624.34,625.39,619.15,620.79,286,12,0
2026-05-02 05:30:00,620.69,622.71,619.61,620.8,293,12,0
2026-05-02 05:40:00,621.03,622.26,617.45,618.12,286,12,0
2026-05-02 05:50:00,618.23,620.14,617.01,618.17,289,12,0
2026-05-02 06:00:00,618.23,618.98,614.1,616.94,295,12,0
2026-05-02 06:10:00,616.56,619.85,614.67,617.91,295,12,0
2026-05-02 06:20:00,617.77,618.6,615.33,618.07,289,12,0
2026-05-02 06:30:00,618.23,618.96,616.48,616.91,292,12,0
2026-05-02 06:40:00,616.98,623.9,615.26,623.71,288,12,0
2026-05-02 06:50:00,623.47,627.42,621.85,626.96,292,12,0
2026-05-02 07:00:00,627.19,630.11,626.5,628.72,295,12,0
2026-05-02 07:10:00,628.74,630.72,628.42,629.87,291,12,0
2026-05-02 07:20:00,629.93,634.22,628.75,633.24,293,12,0
2026-05-02 07:30:00,633.35,634.3,630.85,634.06,294,12,0
2026-05-02 07:40:00,634.17,637.19,633.13,636.59,294,12,0
2026-05-02 07:50:00,636.43,637.24,634.56,637.15,293,12,0
2026-05-02 08:00:00,637.4,637.69,633.86,635.9,292,12,0
2026-05-02 08:10:00,635.62,635.97,632.52,633.73,294,12,0
2026-05-02 08:20:00,633.78,633.92,631.63,633.69,295,12,0
2026-05-02 08:30:00,633.57,636.44,631.34,636.44,283,12,0
2026-05-02 08:40:00,636.55,637.1,634.01,634.96,291,12,0
2026-05-02 08:50:00,634.85,638.74,634.09,638.01,289,12,0
2026-05-02 09:00:00,638.19,638.46,635.42,637.68,289,12,0
2026-05-02 09:10:00,637.66,637.76,635.38,636.32,291,12,0
2026-05-02 09:20:00,636.67,639.48,635.12,639.38,291,12,0
2026-05-02 09:30:00,639.26,642.39,638.66,642.21,292,12,0
2026-05-02 09:40:00,642.17,646.64,641.86,645.47,291,12,0
2026-05-02 09:50:00,645.51,648.33,644.22,647.22,292,12,0
2026-05-02 10:00:00,647.11,647.26,643.35,644.85,298,12,0
2026-05-02 10:10:00,644.76,649.85,644.76,649.85,292,12,0
2026-05-02 10:20:00,650.11,651.57,647.24,648.0,294,12,0
2026-05-02 10:30:00,648.34,651.25,647.92,648.21,296,12,0
2026-05-02 10:40:00,648.2,653.04,648.08,650.91,298,12,0
2026-05-02 10:50:00,650.99,651.92,647.82,648.94,295,12,0
2026-05-02 11:00:00,648.98,649.48,645.73,646.79,293,12,0
2026-05-02 11:10:00,646.79,648.09,639.33,639.33,295,12,0
2026-05-02 11:20:00,639.15,639.19,634.18,635.1,292,12,0
2026-05-02 11:30:00,635.21,641.15,635.03,641.15,285,12,0
2026-05-02 11:40:00,641.25,642.76,637.68,638.9,289,12,0
2026-05-02 11:50:00,638.82,640.31,633.82,635.89,289,12,0
2026-05-02 12:00:00,636.04,638.94,635.14,637.32,292,12,0
2026-05-02 12:10:00,637.3,639.06,635.23,636.33,292,12,0
2026-05-02 12:20:00,636.39,637.24,632.78,632.88,290,12,0
2026-05-02 12:30:00,632.86,634.5,630.55,631.24,292,12,0
2026-05-02 12:40:00,631.26,631.26,626.85,627.07,291,12,0
2026-05-02 12:50:00,627.21,630.03,626.62,629.43,291,12,0
2026-05-02 13:00:00,629.05,629.38,627.26,628.61,289,12,0
2026-05-02 13:10:00,628.69,633.91,627.75,633.7,297,12,0
2026-05-02 13:20:00,633.59,637.55,633.16,637.0,288,12,0
2026-05-02 13:30:00,637.02,638.27,634.01,637.07,294,12,0
2026-05-02 13:40:00,637.08,642.5,635.69,642.27,296,12,0
2026-05-02 13:50:00,642.19,647.53,640.41,647.53,290,12,0
2026-05-02 14:00:00,647.71,650.97,647.25,648.58,295,12,0
2026-05-02 14:10:00,648.55,648.67,643.04,643.04,291,12,0
2026-05-02 14:20:00,643.07,645.39,642.21,643.84,289,12,0
2026-05-02 14:30:00,643.87,648.3,643.77,646.35,291,12,0
2026-05-02 14:40:00,646.41,650.25,645.79,648.99,296,12,0
2026-05-02 14:50:00,648.85,649.3,643.46,645.32,295,12,0
2026-05-02 15:00:00,645.63,645.89,642.85,643.36,290,12,0
2026-05-02 15:10:00,643.3,649.18,642.71,649.18,292,12,0
2026-05-02 15:20:00,649.24,649.81,647.16,647.68,289,12,0
2026-05-02 15:30:00,647.69,650.44,647.31,650.07,296,12,0
2026-05-02 15:40:00,650.1,650.27,645.42,646.13,291,12,0
2026-05-02 15:50:00,646.29,648.94,645.62,648.56,293,12,0
2026-05-02 16:00:00,648.6,651.42,648.26,648.74,290,12,0
2026-05-02 16:10:00,648.44,648.52,644.43,646.37,289,12,0
2026-05-02 16:20:00,646.19,651.84,646.0,649.9,299,12,0
2026-05-02 16:30:00,649.85,650.91,648.01,650.59,296,12,0
2026-05-02 16:40:00,650.57,650.79,646.19,647.33,293,12,0
2026-05-02 16:50:00,647.05,647.54,643.1,645.79,289,12,0
2026-05-02 17:00:00,645.66,647.17,643.48,645.85,297,12,0
2026-05-02 17:10:00,645.68,648.04,645.06,645.78,288,12,0
2026-05-02 17:20:00,645.92,648.2,644.94,644.95,294,12,0
2026-05-02 17:30:00,645.02,646.62,643.75,646.43,290,12,0
2026-05-02 17:40:00,646.69,652.51,645.96,651.9,290,12,0
2026-05-02 17:50:00,652.17,654.24,650.65,652.6,294,12,0
2026-05-02 18:00:00,652.73,654.58,647.26,648.72,294,12,0
2026-05-02 18:10:00,648.6,652.79,647.11,648.35,294,12,0
2026-05-02 18:20:00,648.42,650.84,646.74,649.09,289,12,0
2026-05-02 18:30:00,648.86,650.64,647.29,649.37,293,12,0
2026-05-02 18:40:00,649.21,649.21,643.05,643.22,292,12,0
2026-05-02 18:50:00,643.52,645.91,641.85,642.58,297,12,0
2026-05-02 19:00:00,642.5,644.49,640.82,644.04,291,12,0
2026-05-02 19:10:00,644.06,644.38,640.02,640.64,292,12,0
2026-05-02 19:20:00,640.61,641.43,638.41,640.35,291,12,0
2026-05-02 19:30:00,640.47,641.21,637.79,640.15,297,12,0
2026-05-02 19:40:00,640.01,641.96,639.64,640.59,293,12,0
2026-05-02 19:50:00,640.57,641.36,637.54,638.47,291,12,0
2026-05-02 20:00:00,638.34,640.87,637.73,639.71,294,12,0
2026-05-02 20:10:00,639.96,641.51,638.25,640.55,291,12,0
2026-05-02 20:20:00,640.35,646.61,639.51,645.6,293,12,0
2026-05-02 20:30:00,645.95,647.9,644.75,647.53,292,12,0
2026-05-02 20:40:00,647.54,649.39,645.99,646.04,296,12,0
2026-05-02 20:50:00,645.81,648.28,644.6,648.03,293,12,0
2026-05-02 21:00:00,647.94,651.3,646.05,650.84,294,12,0
2026-05-02 21:10:00,650.8,651.03,646.86,648.26,297,12,0
2026-05-02 21:20:00,648.22,655.15,647.77,655.01,296,12,0
2026-05-02 21:30:00,655.01,657.42,652.32,653.13,291,12,0
2026-05-02 21:40:00,653.35,654.64,651.1,652.48,293,12,0
2026-05-02 21:50:00,652.32,652.96,649.92,650.82,294,12,0
2026-05-02 22:00:00,651.03,651.04,641.79,642.49,294,12,0
2026-05-02 22:10:00,642.53,642.71,640.25,641.23,298,12,0
2026-05-02 22:20:00,641.24,641.92,637.51,639.54,295,12,0
2026-05-02 22:30:00,639.17,642.97,638.9,642.97,293,12,0
2026-05-02 22:40:00,642.73,646.14,641.69,646.14,295,12,0
2026-05-02 22:50:00,646.11,647.76,643.89,644.59,292,12,0
2026-05-02 23:00:00,644.73,648.07,643.82,647.26,292,12,0
2026-05-02 23:10:00,647.33,647.36,642.76,643.81,293,12,0
2026-05-02 23:20:00,643.66,643.66,637.66,639.38,293,12,0
2026-05-02 23:30:00,639.55,641.19,638.87,640.25,288,12,0
2026-05-02 23:40:00,640.25,644.33,637.69,637.79,294,12,0
2026-05-02 23:50:00,637.93,641.26,636.42,637.31,289,12,0
2026-05-03 00:00:00,637.17,638.13,634.26,634.59,291,12,0
2026-05-03 00:10:00,634.68,635.66,631.47,635.44,293,12,0
2026-05-03 00:20:00,635.77,636.4,630.84,631.69,290,12,0
2026-05-03 00:30:00,631.82,632.94,630.17,631.22,292,12,0
2026-05-03 00:40:00,631.34,632.13,624.85,625.64,293,12,0
2026-05-03 00:50:00,625.49,625.76,621.31,621.31,291,12,0
2026-05-03 01:00:00,621.04,621.28,617.24,620.7,294,12,0
2026-05-03 01:10:00,620.79,621.57,616.7,617.18,291,12,0
2026-05-03 01:20:00,617.17,620.77,616.79,619.8,291,12,0
2026-05-03 01:30:00,619.82,624.07,619.33,623.85,289,12,0
2026-05-03 01:40:00,624.05,626.06,622.26,625.51,293,12,0
2026-05-03 01:50:00,625.54,626.49,623.55,625.2,294,12,0
2026-05-03 02:00:00,625.04,625.55,622.34,623.23,296,12,0
2026-05-03 02:10:00,623.47,624.35,620.52,623.82,289,12,0
2026-05-03 02:20:00,623.85,624.33,621.89,623.21,293,12,0
2026-05-03 02:30:00,622.98,624.92,622.19,623.24,297,12,0
2026-05-03 02:40:00,623.2,627.35,622.26,627.35,289,12,0
2026-05-03 02:50:00,627.26,627.88,623.0,624.51,293,12,0
2026-05-03 03:00:00,624.28,626.54,622.98,626.33,292,12,0
2026-05-03 03:10:00,626.42,628.06,625.6,628.06,292,12,0
2026-05-03 03:20:00,628.18,630.14,627.46,628.13,295,12,0
2026-05-03 03:30:00,628.11,628.61,626.03,627.26,295,12,0
2026-05-03 03:40:00,627.23,628.32,625.67,627.57,292,12,0
2026-05-03 03:50:00,627.87,628.33,625.6,627.45,290,12,0
2026-05-03 04:00:00,627.61,628.91,625.86,628.32,298,12,0
2026-05-03 04:10:00,628.34,628.34,623.32,623.8,295,12,0
2026-05-03 04:20:00,623.74,627.79,623.3,627.24,295,12,0
2026-05-03 04:30:00,627.36,633.12,627.14,629.38,290,12,0
2026-05-03 04:40:00,629.22,633.02,628.89,632.68,292,12,0
2026-05-03 04:50:00,632.91,637.06,632.51,636.06,295,12,0
2026-05-03 05:00:00,636.02,637.52,633.96,634.8,290,12,0
2026-05-03 05:10:00,634.77,639.32,633.5,639.27,292,12,0
2026-05-03 05:20:00,639.35,640.43,637.81,638.69,292,12,0
2026-05-03 05:30:00,638.72,639.53,633.0,633.0,296,12,0
2026-05-03 05:40:00,633.08,636.69,633.08,635.47,296,12,0
2026-05-03 05:50:00,635.36,638.14,634.34,634.65,295,12,0
2026-05-03 06:00:00,634.79,635.78,630.05,630.51,298,12,0
2026-05-03 06:10:00,630.47,632.4,627.98,629.31,289,12,0
2026-05-03 06:20:00,629.35,634.68,629.14,634.32,296,12,0
2026-05-03 06:30:00,634.06,635.77,632.14,635.31,291,12,0
2026-05-03 06:40:00,635.24,635.24,632.8,634.3,295,12,0
2026-05-03 06:50:00,634.23,634.45,630.47,631.5,292,12,0
2026-05-03 07:00:00,631.5,633.06,630.35,632.55,294,12,0
2026-05-03 07:10:00,632.31,635.19,630.0,634.81,293,12,0
2026-05-03 07:20:00,634.7,637.73,630.92,632.1,293,12,0
2026-05-03 07:30:00,632.33,634.25,630.67,631.81,291,12,0
2026-05-03 07:40:00,631.79,632.7,628.88,630.08,291,12,0
2026-05-03 07:50:00,630.18,632.38,629.37,630.64,289,12,0
2026-05-03 08:00:00,630.54,632.24,627.36,629.16,294,12,0
2026-05-03 08:10:00,629.19,629.19,624.26,625.69,294,12,0
2026-05-03 08:20:00,625.78,625.99,622.56,622.88,291,12,0
2026-05-03 08:30:00,622.71,624.51,621.78,623.99,295,12,0
2026-05-03 08:40:00,623.92,625.09,619.44,619.92,295,12,0
2026-05-03 08:50:00,619.66,623.3,619.4,623.08,296,12,0
2026-05-03 09:00:00,623.32,625.48,621.66,625.02,295,12,0
2026-05-03 09:10:00,624.96,625.82,622.79,624.08,293,12,0
2026-05-03 09:20:00,624.05,625.29,621.63,622.46,297,12,0
2026-05-03 09:30:00,622.5,626.41,622.03,624.19,297,12,0
2026-05-03 09:40:00,624.0,624.83,621.7,624.08,293,12,0
2026-05-03 09:50:00,624.1,624.2,621.65,621.97,291,12,0
2026-05-03 10:00:00,622.24,622.83,618.25,619.24,292,12,0
2026-05-03 10:10:00,619.45,621.35,617.77,620.5,293,12,0
2026-05-03 10:20:00,620.62,621.08,615.75,617.56,295,12,0
2026-05-03 10:30:00,617.57,618.74,615.09,617.51,295,12,0
2026-05-03 10:40:00,617.57,618.45,615.59,617.55,293,12,0
2026-05-03 10:50:00,617.35,620.95,615.69,620.22,294,12,0
2026-05-03 11:00:00,620.15,624.0,620.15,621.74,291,12,0
2026-05-03 11:10:00,621.4,626.96,621.18,626.0,291,12,0
2026-05-03 11:20:00,625.94,628.26,625.05,628.25,296,12,0
2026-05-03 11:30:00,628.27,630.61,627.6,628.4,293,12,0
2026-05-03 11:40:00,628.26,628.73,624.42,625.78,293,12,0
2026-05-03 11:50:00,625.72,630.6,625.45,630.08,294,12,0
2026-05-03 12:00:00,630.19,630.19,624.08,624.29,294,12,0
2026-05-03 12:10:00,624.18,624.57,619.33,620.24,290,12,0
2026-05-03 12:20:00,620.29,621.27,619.08,620.36,295,12,0
2026-05-03 12:30:00,620.32,623.43,620.32,622.25,293,12,0
2026-05-03 12:40:00,622.21,625.69,620.69,624.12,292,12,0
2026-05-03 12:50:00,624.0,627.75,623.16,626.01,292,12,0
2026-05-03 13:00:00,626.23,627.38,624.21,624.78,295,12,0
2026-05-03 13:10:00,624.76,629.8,623.59,629.75,296,12,0
2026-05-03 13:20:00,629.83,632.82,628.22,628.83,298,12,0
2026-05-03 13:30:00,628.66,630.53,626.55,629.93,294,12,0
2026-05-03 13:40:00,629.94,634.95,629.94,634.95,292,12,0
2026-05-03 13:50:00,634.95,638.56,634.07,636.95,291,12,0
2026-05-03 14:00:00,636.89,637.91,633.55,634.98,293,12,0
2026-05-03 14:10:00,634.96,635.89,632.48,635.47,294,12,0
2026-05-03 14:20:00,635.37,637.7,633.87,637.03,294,12,0
2026-05-03 14:30:00,637.3,637.81,635.21,636.01,291,12,0
2026-05-03 14:40:00,636.03,636.63,629.58,630.27,294,12,0
2026-05-03 14:50:00,630.37,630.41,626.9,627.25,289,12,0
2026-05-03 15:00:00,627.28,631.58,627.16,629.08,292,12,0
2026-05-03 15:10:00,628.92,629.22,626.65,628.26,294,12,0
2026-05-03 15:20:00,628.25,632.08,627.77,631.63,295,12,0
2026-05-03 15:30:00,631.52,636.8,630.81,636.8,297,12,0
2026-05-03 15:40:00,636.44,638.96,636.19,637.01,291,12,0
2026-05-03 15:50:00,637.1,637.79,634.14,637.69,291,12,0
2026-05-03 16:00:00,637.77,638.14,634.65,635.17,294,12,0
2026-05-03 16:10:00,635.2,635.54,631.48,634.31,298,12,0
2026-05-03 16:20:00,634.38,636.33,633.28,635.96,288,12,0
2026-05-03 16:30:00,635.92,636.34,634.2,634.68,290,12,0
2026-05-03 16:40:00,634.54,634.54,630.48,631.53,292,12,0
2026-05-03 16:50:00,631.32,633.77,630.72,632.85,289,12,0
2026-05-03 17:00:00,633.03,634.4,632.37,632.81,294,12,0
2026-05-03 17:10:00,632.93,633.18,630.39,632.05,292,12,0
2026-05-03 17:20:00,631.6,633.4,630.13,632.46,290,12,0
2026-05-03 17:30:00,632.58,632.73,625.51,626.33,294,12,0
2026-05-03 17:40:00,626.45,629.76,626.33,628.43,293,12,0
2026-05-03 17:50:00,628.54,629.97,626.38,627.73,291,12,0
2026-05-03 18:00:00,627.77,631.74,627.35,630.55,293,12,0
2026-05-03 18:10:00,630.6,631.12,628.29,628.71,296,12,0
2026-05-03 18:20:00,628.74,629.89,621.91,624.27,295,12,0
2026-05-03 18:30:00,624.15,624.86,618.05,619.39,293,12,0
2026-05-03 18:40:00,619.38,620.27,616.19,617.05,296,12,0
2026-05-03 18:50:00,616.82,617.05,614.25,616.51,293,12,0
2026-05-03 19:00:00,616.55,616.58,611.79,612.23,288,12,0
2026-05-03 19:10:00,612.11,616.7,610.26,616.21,292,12,0
2026-05-03 19:20:00,616.29,622.51,615.37,620.62,288,12,0
2026-05-03 19:30:00,620.65,621.47,618.61,618.79,294,12,0
2026-05-03 19:40:00,618.42,623.09,618.33,619.98,295,12,0
2026-05-03 19:50:00,619.75,622.17,617.9,621.52,292,12,0
2026-05-03 20:00:00,621.5,622.32,619.8,621.41,291,12,0
2026-05-03 20:10:00,621.29,626.27,620.65,625.82,295,12,0
2026-05-03 20:20:00,625.86,633.62,625.27,632.97,295,12,0
2026-05-03 20:30:00,632.95,635.38,632.01,635.38,296,12,0
2026-05-03 20:40:00,635.42,637.97,634.2,637.07,295,12,0
2026-05-03 20:50:00,636.94,638.32,635.02,635.54,292,12,0
2026-05-03 21:00:00,635.68,639.71,634.19,637.11,292,12,0
2026-05-03 21:10:00,636.94,639.31,634.31,638.93,293,12,0
2026-05-03 21:20:00,638.85,642.99,637.81,641.97,296,12,0
2026-05-03 21:30:00,642.09,644.55,641.35,641.78,295,12,0
2026-05-03 21:40:00,641.36,643.75,640.58,641.39,294,12,0
2026-05-03 21:50:00,641.54,642.68,638.08,641.31,292,12,0
2026-05-03 22:00:00,641.05,642.08,639.04,639.06,287,12,0
2026-05-03 22:10:00,638.91,639.62,635.6,637.0,292,12,0
2026-05-03 22:20:00,637.16,637.59,635.22,636.65,293,12,0
2026-05-03 22:30:00,636.6,638.76,635.61,638.22,293,12,0
2026-05-03 22:40:00,638.29,638.6,634.07,636.39,289,12,0
2026-05-03 22:50:00,636.49,637.95,634.43,635.28,294,12,0
2026-05-03 23:00:00,635.27,635.95,633.31,633.6,296,12,0
2026-05-03 23:10:00,633.66,636.05,633.1,635.61,296,12,0
2026-05-03 23:20:00,635.75,639.28,635.24,637.89,297,12,0
2026-05-03 23:30:00,637.74,638.95,636.84,637.89,291,12,0
2026-05-03 23:40:00,638.08,639.17,636.68,637.35,290,12,0
2026-05-03 23:50:00,637.26,639.64,636.3,637.23,293,12,0
2026-05-04 00:00:00,637.41,639.96,637.0,638.99,297,12,0
2026-05-04 00:10:00,639.1,643.16,637.03,642.58,291,24,0
2026-05-04 00:20:00,642.62,650.39,642.36,649.99,296,24,0
2026-05-04 00:30:00,650.14,650.43,646.29,646.76,295,24,0
2026-05-04 00:40:00,646.57,654.71,646.44,653.42,298,24,0
2026-05-04 00:50:00,653.44,659.42,652.93,659.41,292,24,0
2026-05-04 01:00:00,659.57,663.74,659.57,660.42,294,24,0
2026-05-04 01:10:00,660.36,661.17,658.12,659.64,298,24,0
2026-05-04 01:20:00,659.63,661.15,656.0,658.67,295,24,0
2026-05-04 01:30:00,658.75,658.98,653.5,654.43,287,24,0
2026-05-04 01:40:00,654.57,656.28,653.77,654.21,290,24,0
2026-05-04 01:50:00,654.32,655.51,653.01,655.06,295,24,0
2026-05-04 02:00:00,655.4,656.67,652.26,652.26,293,24,0
2026-05-04 02:10:00,652.21,655.81,651.84,655.63,292,24,0
2026-05-04 02:20:00,655.55,655.9,650.04,650.63,293,24,0
2026-05-04 02:30:00,650.58,654.91,649.12,653.85,294,24,0
2026-05-04 02:40:00,653.56,655.34,650.73,655.06,294,24,0
2026-05-04 02:50:00,654.87,660.89,654.76,658.46,295,24,0
2026-05-04 03:00:00,658.6,659.83,655.83,658.56,294,24,0
2026-05-04 03:10:00,658.78,659.5,656.6,657.79,291,24,0
2026-05-04 03:20:00,657.74,661.23,657.61,660.86,291,24,0
2026-05-04 03:30:00,661.01,664.27,660.67,661.73,294,24,0
2026-05-04 03:40:00,661.94,664.69,660.54,664.51,295,24,0
2026-05-04 03:50:00,664.49,669.57,664.49,669.5,289,24,0
2026-05-04 04:00:00,669.64,669.99,664.55,667.03,295,24,0
2026-05-04 04:10:00,667.18,669.96,666.43,668.79,296,24,0
2026-05-04 04:20:00,668.73,671.48,667.32,668.59,292,24,0
2026-05-04 04:30:00,668.57,669.72,664.74,668.48,293,24,0
2026-05-04 04:40:00,668.38,670.57,665.99,666.73,295,24,0
2026-05-04 04:50:00,666.55,668.48,665.52,666.88,291,24,0
2026-05-04 05:00:00,667.12,676.12,666.98,675.59,295,24,0
2026-05-04 05:10:00,675.63,676.15,670.48,671.12,292,24,0
2026-05-04 05:20:00,671.02,673.42,668.59,668.59,296,24,0
2026-05-04 05:30:00,668.71,676.3,668.32,675.68,293,24,0
2026-05-04 05:40:00,675.86,676.78,672.92,673.79,296,24,0
2026-05-04 05:50:00,673.59,675.93,672.32,675.58,287,24,0
2026-05-04 06:00:00,675.32,678.11,673.53,677.47,290,24,0
2026-05-04 06:10:00,677.47,679.75,673.27,673.95,291,24,0
2026-05-04 06:20:00,674.04,677.27,673.67,674.99,295,24,0
2026-05-04 06:30:00,674.8,675.49,671.74,671.79,298,24,0
2026-05-04 06:40:00,671.85,671.93,669.16,671.62,296,24,0
2026-05-04 06:50:00,671.48,672.81,669.1,672.49,291,24,0
2026-05-04 07:00:00,672.43,672.63,668.98,669.69,295,24,0
2026-05-04 07:10:00,669.64,670.18,666.35,666.54,295,24,0
2026-05-04 07:20:00,666.42,671.31,665.65,669.32,287,24,0
2026-05-04 07:30:00,669.23,673.22,667.34,667.34,284,24,0
2026-05-04 07:40:00,667.48,668.11,661.09,662.83,292,24,0
2026-05-04 07:50:00,662.97,664.95,660.2,660.54,293,24,0
2026-05-04 08:00:00,660.54,661.84,658.95,660.91,293,24,0
2026-05-04 08:10:00,660.95,660.95,657.3,657.84,295,24,0
2026-05-04 08:20:00,658.1,659.0,655.19,658.03,295,24,0
2026-05-04 08:30:00,658.18,659.53,655.36,655.49,293,24,0
2026-05-04 08:40:00,655.47,655.56,653.16,653.68,289,24,0
2026-05-04 08:50:00,653.54,656.01,652.32,655.67,292,24,0
2026-05-04 09:00:00,655.74,659.12,654.9,655.13,296,24,0
2026-05-04 09:10:00,655.09,661.17,654.34,661.02,292,24,0
2026-05-04 09:20:00,660.73,661.52,657.94,660.35,292,23,0
2026-05-04 09:30:00,660.45,665.54,659.29,664.47,293,23,0
2026-05-04 09:40:00,664.39,666.95,664.05,666.29,292,23,0
2026-05-04 09:50:00,666.29,666.58,662.08,663.94,295,23,0
2026-05-04 10:00:00,664.0,664.91,659.78,661.23,288,23,0
2026-05-04 10:10:00,661.27,662.26,659.24,660.67,296,23,0
2026-05-04 10:20:00,660.69,661.65,656.41,656.8,295,23,0
2026-05-04 10:30:00,656.8,657.84,654.48,657.75,294,23,0
2026-05-04 10:40:00,657.52,657.52,655.16,656.15,298,23,0
2026-05-04 10:50:00,656.08,660.75,655.11,660.2,294,23,0
2026-05-04 11:00:00,660.04,660.48,657.36,658.39,295,23,0
2026-05-04 11:10:00,658.42,660.95,657.17,657.17,290,23,0
2026-05-04 11:20:00,657.4,657.97,653.77,654.07,291,23,0
2026-05-04 11:30:00,654.08,655.27,651.1,651.61,292,23,0
2026-05-04 11:40:00,651.8,653.51,645.2,646.45,293,23,0
2026-05-04 11:50:00,646.45,646.45,640.55,640.55,292,23,0
2026-05-04 12:00:00,640.37,641.65,639.09,640.46,295,23,0
2026-05-04 12:10:00,640.46,645.39,640.4,645.29,294,23,0
2026-05-04 12:20:00,645.52,649.75,644.79,648.49,295,23,0
2026-05-04 12:30:00,648.76,649.5,646.44,649.13,290,23,0
2026-05-04 12:40:00,649.13,649.48,645.27,645.77,292,23,0
2026-05-04 12:50:00,645.58,648.54,644.75,647.53,292,23,0
2026-05-04 13:00:00,647.87,648.27,643.6,645.02,296,23,0
2026-05-04 13:10:00,644.98,647.9,642.46,643.58,291,23,0
2026-05-04 13:20:00,643.62,644.58,642.21,643.16,294,23,0
2026-05-04 13:30:00,643.22,645.53,640.73,643.55,296,23,0
2026-05-04 13:40:00,643.42,646.99,643.07,645.33,288,23,0
2026-05-04 13:50:00,645.43,648.41,642.57,647.36,290,23,0
2026-05-04 14:00:00,647.34,651.51,646.92,648.91,296,23,0
2026-05-04 14:10:00,649.13,651.11,646.2,650.75,290,23,0
2026-05-04 14:20:00,650.68,653.34,649.97,652.86,292,23,0
2026-05-04 14:30:00,652.86,653.35,648.68,649.29,294,23,0
2026-05-04 14:40:00,649.32,650.18,644.72,645.26,294,23,0
2026-05-04 14:50:00,645.44,649.21,645.33,649.21,296,23,0
2026-05-04 15:00:00,649.17,649.24,645.32,646.6,290,23,0
2026-05-04 15:10:00,646.9,646.9,644.3,646.08,297,23,0
2026-05-04 15:20:00,645.9,647.36,643.91,647.07,294,23,0
2026-05-04 15:30:00,646.98,650.44,646.91,649.9,294,23,0
2026-05-04 15:40:00,649.86,650.2,647.23,648.93,293,23,0
2026-05-04 15:50:00,649.01,649.72,643.39,643.66,294,23,0
2026-05-04 16:00:00,643.83,646.41,643.73,644.96,294,23,0
2026-05-04 16:10:00,645.13,646.66,643.17,644.6,294,23,0
2026-05-04 16:20:00,644.81,644.87,641.57,643.17,294,23,0
2026-05-04 16:30:00,643.17,645.14,642.66,644.76,293,23,0
2026-05-04 16:40:00,644.86,646.01,642.63,643.91,295,23,0
2026-05-04 16:50:00,643.99,646.4,643.05,646.17,293,23,0
2026-05-04 17:00:00,646.24,648.67,644.66,644.75,294,23,0
2026-05-04 17:10:00,644.76,645.12,640.19,640.8,292,23,0
2026-05-04 17:20:00,641.06,641.74,637.75,641.22,295,23,0
2026-05-04 17:30:00,641.07,642.12,637.9,639.81,293,23,0
2026-05-04 17:40:00,639.63,642.0,638.32,638.33,293,23,0
2026-05-04 17:50:00,638.23,639.15,635.3,636.95,292,23,0
2026-05-04 18:00:00,637.02,640.35,636.39,637.75,291,23,0
2026-05-04 18:10:00,637.67,641.8,637.28,641.45,295,23,0
2026-05-04 18:20:00,641.8,644.35,640.52,643.85,293,23,0
2026-05-04 18:30:00,643.87,647.84,641.81,647.37,292,23,0
2026-05-04 18:40:00,647.55,648.81,646.25,647.88,293,23,0
2026-05-04 18:50:00,647.76,648.52,645.2,645.34,291,23,0
2026-05-04 19:00:00,645.52,645.67,640.54,641.03,294,23,0
2026-05-04 19:10:00,641.12,645.89,641.11,645.1,292,23,0
2026-05-04 19:20:00,645.11,647.96,644.59,644.8,290,23,0
2026-05-04 19:30:00,644.67,646.55,641.66,642.67,294,23,0
2026-05-04 19:40:00,642.93,645.29,641.41,641.78,296,23,0
2026-05-04 19:50:00,641.99,642.06,639.15,640.03,293,23,0
2026-05-04 20:00:00,639.98,640.88,634.95,636.16,295,23,0
2026-05-04 20:10:00,636.19,637.9,634.63,636.53,295,23,0
2026-05-04 20:20:00,636.37,638.01,633.47,633.47,295,23,0
2026-05-04 20:30:00,633.62,634.21,629.7,629.7,293,23,0
2026-05-04 20:40:00,629.91,634.37,629.91,629.93,288,23,0
2026-05-04 20:50:00,629.77,630.71,626.51,627.25,294,23,0
2026-05-04 21:00:00,627.57,627.58,621.97,623.04,297,23,0
2026-05-04 21:10:00,623.24,629.72,622.92,627.47,295,23,0
2026-05-04 21:20:00,627.53,629.33,623.46,625.12,295,23,0
2026-05-04 21:30:00,625.0,625.98,623.11,624.93,295,23,0
2026-05-04 21:40:00,624.96,625.77,622.85,624.92,296,23,0
2026-05-04 21:50:00,624.81,626.61,622.87,626.29,291,23,0
2026-05-04 22:00:00,626.17,627.31,623.27,627.19,292,23,0
2026-05-04 22:10:00,627.44,632.88,627.01,632.12,295,23,0
2026-05-04 22:20:00,632.1,632.65,628.97,629.09,291,23,0
2026-05-04 22:30:00,628.97,632.26,628.37,628.59,290,23,0
2026-05-04 22:40:00,628.74,628.74,624.1,624.1,292,23,0
2026-05-04 22:50:00,623.88,627.23,623.01,626.2,290,23,0
2026-05-04 23:00:00,626.14,627.41,622.06,623.01,293,23,0
2026-05-04 23:10:00,622.86,623.17,617.59,617.8,295,23,0
2026-05-04 23:20:00,617.74,618.63,615.15,616.66,295,23,0
2026-05-04 23:30:00,616.51,618.72,615.88,617.52,293,23,0
2026-05-04 23:40:00,617.58,621.68,617.19,621.4,294,23,0
2026-05-04 23:50:00,621.36,624.87,620.98,624.24,297,23,0
2026-05-05 00:00:00,624.13,625.54,622.85,623.18,296,23,0
2026-05-05 00:10:00,623.03,623.23,620.44,621.61,290,23,0
2026-05-05 00:20:00,621.39,621.57,616.6,617.84,290,23,0
2026-05-05 00:30:00,617.71,618.21,614.89,616.56,294,23,0
2026-05-05 00:40:00,616.53,618.25,613.38,617.52,295,23,0
2026-05-05 00:50:00,617.54,619.42,616.27,619.26,295,23,0
2026-05-05 01:00:00,619.23,623.4,619.23,622.68,294,23,0
2026-05-05 01:10:00,622.78,623.74,620.16,622.75,294,23,0
2026-05-05 01:20:00,622.69,625.81,621.31,625.24,293,23,0
2026-05-05 01:30:00,625.36,626.46,623.01,625.63,287,23,0
2026-05-05 01:40:00,625.49,626.27,622.92,624.5,295,23,0
2026-05-05 01:50:00,624.35,627.66,623.02,627.26,295,23,0
2026-05-05 02:00:00,627.25,630.65,626.89,630.52,294,23,0
2026-05-05 02:10:00,630.77,632.51,629.83,631.3,290,23,0
2026-05-05 02:20:00,631.05,635.68,629.73,634.56,295,23,0
2026-05-05 02:30:00,634.53,637.43,632.4,632.44,295,23,0
2026-05-05 02:40:00,631.86,631.86,624.62,624.7,293,23,0
2026-05-05 02:50:00,624.53,624.59,620.52,623.09,290,23,0
2026-05-05 03:00:00,623.03,623.41,614.5,614.99,291,23,0
2026-05-05 03:10:00,614.9,615.17,610.1,610.33,294,23,0
2026-05-05 03:20:00,610.23,610.23,607.17,609.95,294,23,0
2026-05-05 03:30:00,609.97,612.51,609.17,610.14,296,23,0
2026-05-05 03:40:00,610.35,612.38,609.64,611.59,299,23,0
2026-05-05 03:50:00,611.75,611.92,608.09,608.47,293,23,0
2026-05-05 04:00:00,608.68,608.96,604.17,605.92,295,23,0
2026-05-05 04:10:00,605.84,607.13,604.49,605.85,288,23,0
2026-05-05 04:20:00,605.82,608.6,605.17,608.21,296,23,0
2026-05-05 04:30:00,607.89,608.53,604.86,604.98,293,23,0
2026-05-05 04:40:00,605.06,607.39,604.19,606.77,292,23,0
2026-05-05 04:50:00,606.69,607.6,605.48,606.64,289,23,0
2026-05-05 05:00:00,606.69,606.79,602.95,604.78,293,23,0
2026-05-05 05:10:00,604.6,604.63,600.63,601.29,289,23,0
2026-05-05 05:20:00,601.25,603.59,600.74,601.75,291,23,0
2026-05-05 05:30:00,601.73,602.48,597.94,597.94,292,23,0
2026-05-05 05:40:00,598.2,598.2,594.25,597.15,290,23,0
2026-05-05 05:50:00,597.0,598.12,592.94,593.84,293,23,0
2026-05-05 06:00:00,593.69,596.6,592.58,592.77,293,23,0
2026-05-05 06:10:00,593.05,593.48,588.94,589.92,289,23,0
2026-05-05 06:20:00,589.85,592.82,588.81,589.28,292,23,0
2026-05-05 06:30:00,588.92,590.68,585.14,588.55,293,23,0
2026-05-05 06:40:00,588.46,590.48,587.13,589.54,293,23,0
2026-05-05 06:50:00,589.66,589.69,586.24,586.24,294,23,0
2026-05-05 07:00:00,586.42,588.87,584.9,588.19,295,23,0
2026-05-05 07:10:00,588.16,588.42,584.17,584.17,295,23,0
2026-05-05 07:20:00,584.14,585.58,580.63,581.54,294,23,0
2026-05-05 07:30:00,581.56,582.72,580.35,582.39,286,23,0
2026-05-05 07:40:00,582.54,586.54,581.95,584.34,290,23,0
2026-05-05 07:50:00,584.3,584.79,581.07,582.31,293,23,0
2026-05-05 08:00:00,582.18,585.21,581.87,582.84,292,23,0
2026-05-05 08:10:00,582.55,582.55,575.59,576.41,286,23,0
2026-05-05 08:20:00,576.42,578.28,575.16,575.79,297,23,0
2026-05-05 08:30:00,575.78,577.3,574.52,577.12,291,23,0
2026-05-05 08:40:00,577.18,579.13,576.15,577.31,292,23,0
2026-05-05 08:50:00,577.37,579.67,577.0,578.17,294,23,0
2026-05-05 09:00:00,578.37,579.31,576.84,577.36,293,23,0
2026-05-05 09:10:00,577.26,577.46,575.36,576.14,289,23,0
2026-05-05 09:20:00,576.0,576.16,573.83,575.38,296,23,0
2026-05-05 09:30:00,575.38,579.52,575.38,577.84,292,23,0
2026-05-05 09:40:00,577.91,578.48,572.69,574.31,288,23,0
2026-05-05 09:50:00,574.18,574.33,571.59,571.83,291,23,0
2026-05-05 10:00:00,571.69,571.72,566.73,567.47,292,23,0
2026-05-05 10:10:00,567.47,567.95,561.17,562.49,288,23,0
2026-05-05 10:20:00,562.48,563.46,559.86,560.41,292,23,0
2026-05-05 10:30:00,560.23,563.22,559.13,560.33,295,23,0
2026-05-05 10:40:00,560.39,561.78,558.05,559.77,287,23,0
2026-05-05 10:50:00,559.73,563.44,559.73,562.72,288,23,0
2026-05-05 11:00:00,562.44,566.55,562.38,565.4,292,23,0
2026-05-05 11:10:00,565.25,567.97,564.42,566.47,292,23,0
2026-05-05 11:20:00,566.17,568.1,565.91,567.77,292,23,0
2026-05-05 11:30:00,567.74,573.18,566.9,570.95,292,23,0
2026-05-05 11:40:00,570.91,572.44,569.23,571.45,294,23,0
2026-05-05 11:50:00,571.4,574.7,570.6,571.62,292,23,0
2026-05-05 12:00:00,571.78,572.08,567.66,569.07,293,23,0
2026-05-05 12:10:00,569.18,571.85,569.18,570.07,297,23,0
2026-05-05 12:20:00,570.08,570.08,564.64,565.1,294,23,0
2026-05-05 12:30:00,565.21,568.04,564.78,568.04,291,23,0
2026-05-05 12:40:00,568.13,571.55,567.9,571.03,293,23,0
2026-05-05 12:50:00,570.74,572.01,568.86,570.09,293,23,0
2026-05-05 13:00:00,569.87,572.97,569.15,569.2,292,23,0
2026-05-05 13:10:00,569.39,571.67,567.72,568.78,295,23,0
2026-05-05 13:20:00,568.83,569.84,567.46,568.14,294,23,0
2026-05-05 13:30:00,568.12,570.03,567.18,568.13,294,23,0
2026-05-05 13:40:00,568.14,570.37,566.94,570.14,294,23,0
2026-05-05 13:50:00,569.95,571.1,567.85,568.14,289,23,0
2026-05-05 14:00:00,568.44,568.77,565.67,568.15,291,23,0
2026-05-05 14:10:00,568.2,569.02,564.55,564.55,292,23,0
2026-05-05 14:20:00,564.6,566.99,564.34,565.75,292,23,0
2026-05-05 14:30:00,565.74,567.67,564.68,565.54,292,23,0
2026-05-05 14:40:00,565.62,570.67,565.5,568.93,286,23,0
2026-05-05 14:50:00,568.96,570.45,567.64,570.45,295,23,0
2026-05-05 15:00:00,570.31,570.31,567.35,567.57,292,23,0
2026-05-05 15:10:00,567.25,567.45,562.95,563.34,294,23,0
2026-05-05 15:20:00,563.43,564.18,560.76,561.52,294,23,0
2026-05-05 15:30:00,561.57,562.44,559.6,560.89,293,23,0
2026-05-05 15:40:00,560.89,562.0,559.3,559.8,294,23,0
2026-05-05 15:50:00,559.85,560.31,558.1,559.32,295,23,0
2026-05-05 16:00:00,559.16,562.99,558.34,560.86,290,23,0
2026-05-05 16:10:00,560.75,562.53,560.15,560.26,287,23,0
2026-05-05 16:20:00,560.22,560.24,557.19,557.67,296,23,0
2026-05-05 16:30:00,557.69,559.93,556.41,557.61,290,23,0
2026-05-05 16:40:00,557.46,558.14,554.68,554.71,290,23,0
2026-05-05 16:50:00,554.77,554.77,551.24,551.24,298,23,0
2026-05-05 17:00:00,551.24,553.4,551.01,552.05,290,23,0
2026-05-05 17:10:00,551.95,554.25,551.48,553.74,287,23,0
2026-05-05 17:20:00,553.81,554.19,551.73,552.76,289,23,0
2026-05-05 17:30:00,552.89,553.17,548.3,548.46,294,23,0
2026-05-05 17:40:00,548.37,549.74,547.14,548.08,292,23,0
2026-05-05 17:50:00,548.13,549.82,547.3,547.79,293,23,0
2026-05-05 18:00:00,547.9,548.39,545.21,548.23,293,23,0
2026-05-05 18:10:00,548.41,552.74,548.41,551.25,289,23,0
2026-05-05 18:20:00,551.42,553.61,550.08,550.51,291,23,0
2026-05-05 18:30:00,550.43,551.51,549.56,551.3,295,23,0
2026-05-05 18:40:00,551.1,552.61,550.73,550.87,293,23,0
2026-05-05 18:50:00,550.97,552.95,550.66,551.82,292,23,0
2026-05-05 19:00:00,551.88,553.92,550.63,553.38,287,23,0
2026-05-05 19:10:00,553.24,553.44,547.31,548.06,294,23,0
2026-05-05 19:20:00,547.98,548.58,543.33,543.99,289,23,0
2026-05-05 19:30:00,544.14,545.79,543.55,543.73,293,23,0
2026-05-05 19:40:00,543.6,544.74,539.5,539.54,294,23,0
2026-05-05 19:50:00,539.59,541.75,539.49,541.75,294,23,0
2026-05-05 20:00:00,541.57,543.51,540.91,543.2,295,23,0
2026-05-05 20:10:00,543.2,544.96,542.1,542.29,288,23,0
2026-05-05 20:20:00,542.15,542.15,539.59,540.7,292,23,0
2026-05-05 20:30:00,540.79,540.79,536.21,538.13,290,23,0
2026-05-05 20:40:00,538.17,542.71,538.11,542.66,293,23,0
2026-05-05 20:50:00,542.86,544.96,541.73,543.41,294,23,0
2026-05-05 21:00:00,543.44,544.82,542.35,544.16,293,23,0
2026-05-05 21:10:00,544.24,545.58,543.24,543.71,293,23,0
2026-05-05 21:20:00,543.58,543.58,540.61,541.05,289,23,0
2026-05-05 21:30:00,540.97,542.84,537.2,538.14,286,23,0
2026-05-05 21:40:00,538.21,539.88,535.52,536.75,293,23,0
2026-05-05 21:50:00,537.0,537.0,534.14,534.28,289,23,0
2026-05-05 22:00:00,534.29,538.61,534.29,538.61,288,23,0
2026-05-05 22:10:00,538.66,541.23,538.61,540.32,292,23,0
2026-05-05 22:20:00,540.37,546.82,540.37,545.89,297,23,0
2026-05-05 22:30:00,546.0,547.63,542.96,544.67,294,23,0
2026-05-05 22:40:00,544.69,549.4,544.45,549.18,288,23,0
2026-05-05 22:50:00,549.07,549.67,546.87,549.33,290,23,0
2026-05-05 23:00:00,549.2,550.25,549.09,549.6,288,23,0
2026-05-05 23:10:00,549.97,555.26,548.87,554.16,296,23,0
2026-05-05 23:20:00,554.22,556.22,552.51,556.22,295,23,0
2026-05-05 23:30:00,556.28,556.92,554.31,554.46,287,23,0
2026-05-05 23:40:00,554.28,556.01,550.99,555.97,292,23,0
2026-05-05 23:50:00,555.99,559.58,555.99,558.82,284,23,0
2026-05-06 00:00:00,558.59,561.83,558.41,560.91,290,23,0
2026-05-06 00:10:00,560.94,562.0,557.84,560.18,292,23,0
2026-05-06 00:20:00,560.1,561.26,555.95,557.77,295,23,0
2026-05-06 00:30:00,557.99,560.45,557.61,559.91,289,23,0
2026-05-06 00:40:00,560.15,562.38,559.18,561.83,295,23,0
2026-05-06 00:50:00,561.9,562.45,559.27,560.99,292,23,0
2026-05-06 01:00:00,560.75,561.45,558.48,561.45,284,23,0
2026-05-06 01:10:00,561.31,561.63,557.73,558.35,288,23,0
2026-05-06 01:20:00,558.35,560.42,557.41,557.59,293,23,0
2026-05-06 01:30:00,557.7,559.18,555.84,559.0,293,23,0
2026-05-06 01:40:00,559.33,560.89,556.55,556.55,289,23,0
2026-05-06 01:50:00,556.56,560.3,556.4,560.18,291,23,0
2026-05-06 02:00:00,560.25,562.67,559.19,559.2,293,23,0
2026-05-06 02:10:00,559.08,559.08,555.02,555.59,294,23,0
2026-05-06 02:20:00,555.86,556.34,552.85,554.71,292,23,0
2026-05-06 02:30:00,554.85,555.2,552.75,554.03,295,23,0
2026-05-06 02:40:00,554.11,555.39,551.35,552.76,293,23,0
2026-05-06 02:50:00,552.65,553.23,547.53,548.16,293,23,0
2026-05-06 03:00:00,548.16,549.39,546.44,548.22,296,23,0
2026-05-06 03:10:00,548.12,550.17,547.45,549.49,289,23,0
2026-05-06 03:20:00,549.46,551.78,547.96,551.23,294,23,0
2026-05-06 03:30:00,550.92,553.67,550.79,552.08,293,23,0
2026-05-06 03:40:00,551.96,552.05,550.16,550.78,291,23,0
2026-05-06 03:50:00,550.83,552.04,549.55,550.18,289,23,0
2026-05-06 04:00:00,550.27,553.04,549.28,549.63,290,23,0
2026-05-06 04:10:00,549.51,552.23,549.36,550.84,292,23,0
2026-05-06 04:20:00,550.94,551.67,547.57,547.77,291,23,0
2026-05-06 04:30:00,548.05,550.69,547.71,549.6,292,23,0
2026-05-06 04:40:00,549.74,551.47,546.35,551.1,292,23,0
2026-05-06 04:50:00,550.99,551.18,546.87,546.9,291,23,0
2026-05-06 05:00:00,546.72,548.89,545.87,546.13,287,23,0
2026-05-06 05:10:00,546.33,551.12,546.33,550.88,292,23,0
2026-05-06 05:20:00,550.71,553.23,549.96,552.35,294,23,0
2026-05-06 05:30:00,552.4,553.85,550.3,550.63,289,23,0
2026-05-06 05:40:00,550.56,552.15,549.7,551.09,284,23,0
2026-05-06 05:50:00,551.01,551.25,547.82,548.31,290,23,0
2026-05-06 06:00:00,548.39,550.53,547.41,549.78,292,23,0
2026-05-06 06:10:00,549.44,553.83,549.44,553.2,292,23,0
2026-05-06 06:20:00,553.26,556.36,552.74,555.0,296,23,0
2026-05-06 06:30:00,554.8,558.52,554.12,557.69,289,23,0
2026-05-06 06:40:00,557.85,558.68,555.78,556.45,293,23,0
2026-05-06 06:50:00,556.49,557.97,555.63,555.63,293,23,0
2026-05-06 07:00:00,555.2,559.3,555.1,559.3,293,23,0
2026-05-06 07:10:00,559.24,559.24,556.61,558.12,291,23,0
2026-05-06 07:20:00,558.15,560.11,555.98,559.19,291,23,0
2026-05-06 07:30:00,559.09,560.12,556.43,557.78,294,23,0
2026-05-06 07:40:00,557.84,559.42,556.64,557.44,293,23,0
2026-05-06 07:50:00,557.44,558.01,554.13,555.38,291,23,0
2026-05-06 08:00:00,555.6,558.09,555.45,558.02,291,23,0
2026-05-06 08:10:00,558.0,559.39,556.64,558.71,291,23,0
2026-05-06 08:20:00,558.54,559.85,556.77,557.87,293,23,0
2026-05-06 08:30:00,558.09,559.09,556.21,558.15,295,23,0
2026-05-06 08:40:00,558.15,561.51,558.15,560.4,296,23,0
2026-05-06 08:50:00,560.42,561.13,559.14,560.16,294,23,0
2026-05-06 09:00:00,560.19,562.53,559.79,561.49,289,23,0
2026-05-06 09:10:00,561.38,562.31,559.6,559.94,291,23,0
2026-05-06 09:20:00,560.12,561.37,557.85,558.3,292,23,0
2026-05-06 09:30:00,558.57,558.57,555.73,555.99,292,23,0
2026-05-06 09:40:00,555.95,558.08,553.75,554.14,291,23,0
2026-05-06 09:50:00,554.06,554.95,552.29,553.94,293,23,0
2026-05-06 10:00:00,553.97,554.93,551.88,551.89,289,23,0
2026-05-06 10:10:00,551.68,551.93,548.81,549.14,294,23,0
2026-05-06 10:20:00,549.04,549.11,545.38,546.83,287,23,0
2026-05-06 10:30:00,546.61,547.2,543.16,543.67,291,23,0
2026-05-06 10:40:00,543.69,545.56,542.04,543.19,292,23,0
2026-05-06 10:50:00,543.07,544.18,540.37,544.16,291,23,0
2026-05-06 11:00:00,544.27,547.55,543.83,545.42,294,23,0
2026-05-06 11:10:00,545.46,546.33,543.11,543.96,293,23,0
2026-05-06 11:20:00,544.08,548.62,542.98,548.14,293,23,0
2026-05-06 11:30:00,547.9,549.93,547.45,548.97,288,23,0
2026-05-06 11:40:00,549.03,552.39,549.03,551.41,289,23,0
2026-05-06 11:50:00,551.26,554.61,551.06,553.64,289,23,0
2026-05-06 12:00:00,553.73,556.97,553.73,556.2,292,23,0
2026-05-06 12:10:00,556.29,558.96,555.09,557.14,293,23,0
2026-05-06 12:20:00,557.21,557.68,553.53,555.27,297,23,0
2026-05-06 12:30:00,555.36,556.9,552.85,552.85,289,23,0
2026-05-06 12:40:00,552.75,553.68,551.23,552.83,290,23,0
2026-05-06 12:50:00,552.96,553.8,549.08,550.29,290,23,0
2026-05-06 13:00:00,550.23,552.14,549.57,551.94,292,23,0
2026-05-06 13:10:00,551.82,555.47,550.49,555.41,296,23,0
2026-05-06 13:20:00,555.19,556.68,554.09,555.45,291,23,0
2026-05-06 13:30:00,555.38,556.42,554.74,556.42,296,23,0
2026-05-06 13:40:00,556.28,560.84,556.06,558.55,298,23,0
2026-05-06 13:50:00,558.71,559.09,554.89,556.59,293,23,0
2026-05-06 14:00:00,556.57,557.27,554.62,555.68,292,23,0
2026-05-06 14:10:00,555.83,560.5,555.55,560.02,293,23,0
2026-05-06 14:20:00,560.03,562.13,559.87,561.83,288,23,0
2026-05-06 14:30:00,561.91,564.55,561.31,564.5,293,23,0
2026-05-06 14:40:00,564.5,566.28,563.99,565.59,294,23,0
2026-05-06 14:50:00,565.44,565.63,562.43,563.82,298,23,0
2026-05-06 15:00:00,563.82,565.47,561.39,562.63,292,23,0
2026-05-06 15:10:00,562.72,562.76,559.57,561.09,287,23,0
2026-05-06 15:20:00,561.23,561.78,557.78,559.82,291,23,0
2026-05-06 15:30:00,559.71,560.01,555.9,556.81,283,23,0
2026-05-06 15:40:00,556.58,558.13,554.34,557.43,292,23,0
2026-05-06 15:50:00,557.33,558.77,555.61,556.28,285,23,0
2026-05-06 16:00:00,556.08,557.6,554.47,556.5,291,23,0
2026-05-06 16:10:00,556.7,556.9,551.41,552.34,293,23,0
2026-05-06 16:20:00,552.38,553.4,550.04,553.4,291,23,0
2026-05-06 16:30:00,553.58,554.55,552.06,553.22,291,23,0
2026-05-06 16:40:00,553.14,554.51,552.03,554.01,288,23,0
2026-05-06 16:50:00,554.01,554.11,549.29,551.53,296,23,0
2026-05-06 17:00:00,551.58,554.56,550.8,552.67,294,23,0
2026-05-06 17:10:00,552.34,554.3,551.99,551.99,291,23,0
2026-05-06 17:20:00,552.06,556.93,551.8,555.95,294,23,0
2026-05-06 17:30:00,555.85,556.03,552.32,553.76,291,23,0
2026-05-06 17:40:00,553.98,555.11,549.03,549.18,289,23,0
2026-05-06 17:50:00,549.21,551.17,547.91,550.52,291,23,0
2026-05-06 18:00:00,550.45,554.09,549.95,550.85,289,23,0
2026-05-06 18:10:00,550.75,555.15,550.61,550.96,293,23,0
2026-05-06 18:20:00,551.0,552.0,548.55,548.55,294,23,0
2026-05-06 18:30:00,548.57,551.56,548.04,550.8,294,23,0
2026-05-06 18:40:00,550.52,555.92,550.23,555.92,289,23,0
2026-05-06 18:50:00,555.7,556.39,554.24,554.5,287,23,0
2026-05-06 19:00:00,554.27,558.3,554.09,557.46,292,23,0
2026-05-06 19:10:00,557.42,558.3,556.09,557.16,290,23,0
2026-05-06 19:20:00,557.03,562.54,556.82,562.02,296,23,0
2026-05-06 19:30:00,561.99,564.71,561.16,564.52,287,23,0
2026-05-06 19:40:00,564.57,566.13,563.8,565.15,288,23,0
2026-05-06 19:50:00,565.25,569.95,564.84,569.81,292,23,0
2026-05-06 20:00:00,569.56,570.1,565.17,565.69,291,23,0
2026-05-06 20:10:00,565.57,567.28,564.98,566.19,293,23,0
2026-05-06 20:20:00,565.99,569.32,564.74,569.32,292,23,0
2026-05-06 20:30:00,569.27,570.07,567.04,569.92,293,23,0
2026-05-06 20:40:00,569.82,570.05,567.67,567.78,290,23,0
2026-05-06 20:50:00,567.5,569.18,565.17,569.03,294,23,0
2026-05-06 21:00:00,569.22,570.45,564.75,564.75,294,23,0
2026-05-06 21:10:00,564.67,565.85,562.31,565.21,294,23,0
2026-05-06 21:20:00,565.35,567.21,562.62,563.15,293,23,0
2026-05-06 21:30:00,563.17,564.72,559.94,560.98,286,23,0
2026-05-06 21:40:00,560.82,560.82,552.93,553.47,289,23,0
2026-05-06 21:50:00,553.38,556.35,552.21,556.35,296,23,0
2026-05-06 22:00:00,556.39,557.86,554.58,554.58,297,23,0
2026-05-06 22:10:00,554.61,558.09,552.87,557.73,289,23,0
2026-05-06 22:20:00,557.87,558.39,551.82,552.93,295,23,0
2026-05-06 22:30:00,552.86,554.42,549.89,549.89,291,23,0
2026-05-06 22:40:00,549.75,549.96,546.42,548.86,291,23,0
2026-05-06 22:50:00,548.9,549.49,545.6,545.99,293,23,0
2026-05-06 23:00:00,546.22,549.92,545.35,548.28,295,23,0
2026-05-06 23:10:00,548.31,550.89,548.17,550.25,292,23,0
2026-05-06 23:20:00,550.2,552.0,549.2,551.13,292,23,0
2026-05-06 23:30:00,551.32,554.34,550.62,552.39,294,23,0
2026-05-06 23:40:00,552.3,554.11,550.55,551.39,287,23,0
2026-05-06 23:50:00,551.44,556.19,551.33,554.21,287,23,0
2026-05-07 00:00:00,554.19,556.52,553.3,554.33,290,23,0
2026-05-07 00:10:00,554.46,556.36,554.03,555.83,294,23,0
2026-05-07 00:20:00,555.92,558.14,555.24,556.04,293,23,0
2026-05-07 00:30:00,555.89,557.89,555.14,556.05,293,23,0
2026-05-07 00:40:00,556.26,557.75,554.9,555.61,291,23,0
2026-05-07 00:50:00,555.79,556.05,553.47,555.64,293,23,0
2026-05-07 01:00:00,555.51,559.07,554.16,559.07,292,23,0
2026-05-07 01:10:00,558.95,558.95,555.5,557.98,292,23,0
2026-05-07 01:20:00,557.95,560.79,557.95,560.19,293,23,0
2026-05-07 01:30:00,560.26,562.12,559.14,561.54,292,23,0
2026-05-07 01:40:00,561.7,562.56,559.25,559.75,294,23,0
2026-05-07 01:50:00,559.65,560.54,558.05,560.43,293,23,0
2026-05-07 02:00:00,560.4,562.07,558.5,559.07,289,23,0
2026-05-07 02:10:00,558.95,562.82,557.92,562.61,291,23,0
2026-05-07 02:20:00,562.36,562.7,559.38,559.87,291,23,0
2026-05-07 02:30:00,559.86,560.54,554.89,554.98,289,23,0
2026-05-07 02:40:00,555.08,559.12,554.16,558.45,295,23,0
2026-05-07 02:50:00,558.35,558.46,555.02,556.89,289,23,0
2026-05-07 03:00:00,556.88,562.97,556.88,560.71,291,23,0
2026-05-07 03:10:00,560.69,563.04,560.13,562.55,290,23,0
2026-05-07 03:20:00,562.54,567.2,562.17,564.42,292,23,0
2026-05-07 03:30:00,564.18,566.53,564.02,565.0,291,23,0
2026-05-07 03:40:00,565.05,567.19,563.89,566.48,295,23,0
2026-05-07 03:50:00,566.52,569.5,566.32,568.61,286,23,0
2026-05-07 04:00:00,568.84,571.02,567.91,570.21,291,23,0
2026-05-07 04:10:00,570.02,571.36,568.59,569.81,293,23,0
2026-05-07 04:20:00,569.73,572.51,569.57,571.83,289,23,0
2026-05-07 04:30:00,571.83,572.78,562.77,563.05,294,23,0
2026-05-07 04:40:00,562.96,563.29,561.23,561.67,292,23,0
2026-05-07 04:50:00,561.75,562.39,559.21,559.72,293,23,0
2026-05-07 05:00:00,559.69,560.07,555.48,557.3,294,23,0
2026-05-07 05:10:00,557.37,558.74,555.5,555.79,286,23,0
2026-05-07 05:20:00,555.8,558.69,555.66,558.14,292,23,0
2026-05-07 05:30:00,557.94,559.16,557.21,557.96,292,23,0
2026-05-07 05:40:00,557.96,559.49,556.34,557.85,295,23,0
2026-05-07 05:50:00,557.85,557.85,555.96,556.36,288,23,0
2026-05-07 06:00:00,556.39,557.13,554.17,554.51,290,23,0
2026-05-07 06:10:00,554.52,556.99,552.88,556.29,292,23,0
2026-05-07 06:20:00,556.25,561.48,555.71,560.76,288,23,0
2026-05-07 06:30:00,560.78,563.72,559.63,563.72,290,23,0
2026-05-07 06:40:00,563.77,564.53,561.42,562.73,293,23,0
2026-05-07 06:50:00,562.54,563.17,561.04,563.17,288,23,0
2026-05-07 07:00:00,562.99,564.45,562.13,564.29,293,23,0
2026-05-07 07:10:00,564.33,566.42,563.6,565.19,288,23,0
2026-05-07 07:20:00,565.23,568.3,563.99,568.11,293,23,0
2026-05-07 07:30:00,567.99,570.46,567.79,569.8,295,23,0
2026-05-07 07:40:00,569.76,571.41,567.12,567.76,291,23,0
2026-05-07 07:50:00,567.84,567.84,565.46,566.94,291,23,0
2026-05-07 08:00:00,566.79,568.44,566.16,567.59,292,23,0
2026-05-07 08:10:00,567.82,568.75,566.42,567.88,296,23,0
2026-05-07 08:20:00,567.91,568.48,563.48,564.07,295,23,0
2026-05-07 08:30:00,564.12,568.07,564.12,566.25,292,23,0
2026-05-07 08:40:00,566.46,568.34,565.06,567.31,294,23,0
2026-05-07 08:50:00,567.14,567.67,566.0,567.33,293,23,0
2026-05-07 09:00:00,567.33,569.67,566.55,569.35,288,23,0
2026-05-07 09:10:00,569.22,572.9,567.53,572.89,286,23,0
2026-05-07 09:20:00,572.68,572.68,566.99,567.94,294,23,0
2026-05-07 09:30:00,567.98,568.83,565.05,565.5,292,23,0
2026-05-07 09:40:00,565.48,567.1,564.34,564.57,294,23,0
2026-05-07 09:50:00,564.53,565.43,559.96,559.96,290,23,0
2026-05-07 10:00:00,560.06,565.23,560.06,564.53,293,23,0
2026-05-07 10:10:00,564.7,567.29,564.46,566.94,290,23,0
2026-05-07 10:20:00,566.75,567.96,564.55,565.33,292,23,0
2026-05-07 10:30:00,565.47,568.46,565.47,567.76,293,23,0
2026-05-07 10:40:00,567.58,567.73,564.53,567.47,292,23,0
2026-05-07 10:50:00,567.41,567.41,561.79,562.16,288,23,0
2026-05-07 11:00:00,562.25,563.92,561.63,562.85,290,23,0
2026-05-07 11:10:00,562.79,564.14,559.94,560.77,291,23,0
2026-05-07 11:20:00,560.58,562.79,560.16,562.36,290,23,0
2026-05-07 11:30:00,562.44,562.63,559.36,560.99,291,23,0
2026-05-07 11:40:00,561.29,561.97,556.02,557.87,290,23,0
2026-05-07 11:50:00,557.92,561.18,557.31,558.48,291,23,0
2026-05-07 12:00:00,558.43,559.02,555.22,555.91,290,23,0
2026-05-07 12:10:00,555.91,557.62,554.63,555.76,293,23,0
2026-05-07 12:20:00,555.76,556.69,553.32,556.2,295,23,0
2026-05-07 12:30:00,556.27,560.23,554.18,559.94,293,23,0
2026-05-07 12:40:00,559.83,560.35,556.64,559.54,290,23,0
2026-05-07 12:50:00,559.53,559.53,556.09,556.31,294,23,0
2026-05-07 13:00:00,556.47,559.67,556.17,559.0,296,23,0
2026-05-07 13:10:00,558.95,559.52,555.07,557.34,294,23,0
2026-05-07 13:20:00,557.14,557.82,552.91,554.41,290,23,0
2026-05-07 13:30:00,554.42,556.25,552.43,552.9,296,23,0
2026-05-07 13:40:00,553.2,554.79,551.46,552.81,291,23,0
2026-05-07 13:50:00,552.76,552.76,547.47,549.25,289,23,0
2026-05-07 14:00:00,549.31,550.07,543.37,544.67,295,23,0
2026-05-07 14:10:00,544.71,545.86,543.55,545.3,291,23,0
2026-05-07 14:20:00,545.31,545.51,541.07,542.27,292,23,0
2026-05-07 14:30:00,542.31,545.96,542.2,542.95,291,23,0
2026-05-07 14:40:00,542.98,543.5,539.74,541.14,291,23,0
2026-05-07 14:50:00,541.23,545.8,540.29,545.16,289,23,0
2026-05-07 15:00:00,545.22,547.7,544.87,546.91,292,23,0
2026-05-07 15:10:00,546.99,547.58,544.46,544.88,294,23,0
2026-05-07 15:20:00,544.84,548.39,544.48,547.1,291,23,0
2026-05-07 15:30:00,547.03,547.87,545.4,547.47,288,23,0
2026-05-07 15:40:00,547.46,547.57,544.34,546.25,284,23,0
2026-05-07 15:50:00,546.26,549.44,544.5,549.42,287,23,0
2026-05-07 16:00:00,549.38,549.5,544.77,547.97,288,23,0
2026-05-07 16:10:00,548.13,550.43,547.59,548.06,293,23,0
2026-05-07 16:20:00,548.18,550.63,547.36,547.62,298,23,0
2026-05-07 16:30:00,547.69,549.17,546.83,546.92,294,23,0
2026-05-07 16:40:00,546.9,551.26,546.35,551.26,291,23,0
2026-05-07 16:50:00,551.39,555.71,550.43,554.93,286,23,0
2026-05-07 17:00:00,554.97,557.12,553.62,555.13,288,23,0
2026-05-07 17:10:00,555.17,557.37,555.03,555.4,286,23,0
2026-05-07 17:20:00,555.35,561.26,555.31,560.66,295,23,0
2026-05-07 17:30:00,560.59,561.01,557.68,557.68,296,23,0
2026-05-07 17:40:00,557.93,558.3,555.1,555.29,295,23,0
2026-05-07 17:50:00,555.5,558.17,555.24,557.61,291,23,0
2026-05-07 18:00:00,557.71,558.51,555.93,556.61,289,23,0
2026-05-07 18:10:00,556.52,556.78,552.96,556.29,295,23,0
2026-05-07 18:20:00,556.27,556.99,554.99,556.99,295,23,0
2026-05-07 18:30:00,556.98,557.6,551.06,551.11,290,23,0
2026-05-07 18:40:00,551.1,552.09,548.79,550.46,292,23,0
2026-05-07 18:50:00,550.34,554.88,549.53,554.27,286,23,0
2026-05-07 19:00:00,554.46,558.23,553.94,557.52,291,23,0
2026-05-07 19:10:00,557.64,558.12,554.66,554.66,290,23,0
2026-05-07 19:20:00,554.68,556.56,552.97,556.33,295,23,0
2026-05-07 19:30:00,556.67,557.94,554.62,554.84,293,23,0
2026-05-07 19:40:00,554.87,558.64,554.87,557.97,291,23,0
2026-05-07 19:50:00,558.09,559.69,557.61,559.14,294,23,0
2026-05-07 20:00:00,559.11,560.33,557.38,558.59,293,23,0
2026-05-07 20:10:00,558.45,559.07,555.85,557.46,291,23,0
2026-05-07 20:20:00,557.47,559.1,555.79,555.79,292,23,0
2026-05-07 20:30:00,555.79,555.98,551.61,552.14,291,23,0
2026-05-07 20:40:00,552.22,553.09,550.23,550.81,293,23,0
2026-05-07 20:50:00,551.05,556.2,550.33,555.28,295,23,0
2026-05-07 21:00:00,555.35,556.94,554.35,555.8,291,23,0
2026-05-07 21:10:00,555.6,556.09,552.16,552.27,292,23,0
2026-05-07 21:20:00,552.26,554.55,551.57,553.11,287,23,0
2026-05-07 21:30:00,553.27,554.41,550.35,552.52,292,23,0
2026-05-07 21:40:00,552.62,554.07,548.14,549.0,292,23,0
2026-05-07 21:50:00,548.88,550.48,547.66,549.41,297,23,0
2026-05-07 22:00:00,549.72,550.82,547.37,547.87,293,23,0
2026-05-07 22:10:00,547.96,550.99,546.71,550.54,287,23,0
2026-05-07 22:20:00,550.55,552.02,549.0,550.97,293,23,0
2026-05-07 22:30:00,550.98,555.08,550.1,550.99,292,23,0
2026-05-07 22:40:00,550.94,552.44,549.32,551.57,286,23,0
2026-05-07 22:50:00,551.66,552.26,549.62,550.9,289,23,0
2026-05-07 23:00:00,550.88,552.12,548.86,551.33,292,23,0
2026-05-07 23:10:00,551.38,553.14,549.74,552.56,292,23,0
2026-05-07 23:20:00,552.37,553.87,549.28,549.28,293,23,0
2026-05-07 23:30:00,549.38,550.02,547.66,547.92,292,23,0
2026-05-07 23:40:00,548.25,551.35,547.11,548.58,287,23,0
2026-05-07 23:50:00,548.64,548.98,545.46,545.46,291,23,0
2026-05-08 00:00:00,545.6,546.9,544.54,545.83,288,23,0
2026-05-08 00:10:00,545.7,549.29,545.09,548.14,294,23,0
2026-05-08 00:20:00,548.16,552.2,546.65,551.35,285,23,0
2026-05-08 00:30:00,551.19,551.19,547.77,548.49,290,23,0
2026-05-08 00:40:00,548.39,549.92,547.8,549.25,291,23,0
2026-05-08 00:50:00,549.54,551.6,548.99,549.11,294,23,0
2026-05-08 01:00:00,549.08,550.2,547.52,548.33,290,23,0
2026-05-08 01:10:00,548.38,549.6,547.3,549.02,296,23,0
2026-05-08 01:20:00,548.79,550.73,546.78,550.37,292,23,0
2026-05-08 01:30:00,550.45,552.54,550.16,551.17,293,23,0
2026-05-08 01:40:00,551.13,551.42,549.28,550.03,294,23,0
2026-05-08 01:50:00,549.92,551.86,548.56,549.84,289,23,0
2026-05-08 02:00:00,549.76,552.48,549.76,551.02,293,23,0
2026-05-08 02:10:00,551.09,551.52,549.01,550.06,288,23,0
2026-05-08 02:20:00,549.92,551.56,547.48,551.56,293,23,0
2026-05-08 02:30:00,551.42,557.38,551.42,557.38,290,23,0
2026-05-08 02:40:00,557.62,560.63,557.62,559.15,292,23,0
2026-05-08 02:50:00,559.01,560.38,556.6,557.44,296,23,0
2026-05-08 03:00:00,557.52,557.56,553.62,556.01,290,23,0
2026-05-08 03:10:00,555.77,559.0,555.07,558.02,293,23,0
2026-05-08 03:20:00,558.05,560.03,556.76,559.97,288,23,0
2026-05-08 03:30:00,560.21,560.21,556.11,558.3,288,23,0
2026-05-08 03:40:00,558.12,560.08,557.06,557.23,291,23,0
2026-05-08 03:50:00,557.24,560.01,556.87,558.96,294,23,0
2026-05-08 04:00:00,558.92,563.21,558.17,561.76,292,23,0
2026-05-08 04:10:00,561.96,565.56,561.92,562.46,288,23,0
2026-05-08 04:20:00,562.37,563.99,558.01,558.76,290,23,0
2026-05-08 04:30:00,558.96,559.66,556.96,558.9,288,23,0
2026-05-08 04:40:00,558.79,561.18,557.73,560.16,289,23,0
2026-05-08 04:50:00,560.22,564.31,559.64,563.31,285,23,0
2026-05-08 05:00:00,563.26,564.24,561.58,561.92,295,23,0
2026-05-08 05:10:00,561.86,562.79,559.16,559.96,293,23,0
2026-05-08 05:20:00,559.84,561.12,557.83,560.61,290,23,0
2026-05-08 05:30:00,560.59,561.18,557.55,558.65,292,23,0
2026-05-08 05:40:00,558.59,562.87,558.42,559.81,292,23,0
2026-05-08 05:50:00,559.85,560.94,558.45,559.01,287,23,0
2026-05-08 06:00:00,559.33,562.91,558.74,562.86,291,23,0
2026-05-08 06:10:00,562.95,564.35,562.78,563.55,294,23,0
2026-05-08 06:20:00,563.59,563.87,561.06,561.31,291,23,0
2026-05-08 06:30:00,561.48,564.04,560.59,564.04,288,23,0
2026-05-08 06:40:00,563.96,564.89,561.45,561.47,288,23,0
2026-05-08 06:50:00,561.54,564.89,560.91,564.48,295,23,0
2026-05-08 07:00:00,564.14,567.43,562.14,566.83,290,23,0
2026-05-08 07:10:00,566.87,571.64,566.87,569.2,293,23,0
2026-05-08 07:20:00,569.36,571.37,566.3,568.1,294,23,0
2026-05-08 07:30:00,568.31,571.4,567.9,571.28,291,23,0
2026-05-08 07:40:00,571.08,571.92,567.66,568.15,288,23,0
2026-05-08 07:50:00,568.08,569.21,566.02,567.22,292,23,0
2026-05-08 08:00:00,567.08,570.11,567.08,570.03,296,23,0
2026-05-08 08:10:00,569.91,569.91,565.87,568.05,293,23,0
2026-05-08 08:20:00,568.26,568.83,567.1,568.13,289,23,0
2026-05-08 08:30:00,568.26,568.43,564.85,566.46,290,23,0
2026-05-08 08:40:00,566.3,571.89,566.11,571.89,288,23,0
2026-05-08 08:50:00,571.84,576.45,571.49,575.35,293,23,0
2026-05-08 09:00:00,575.4,577.11,572.41,572.65,293,23,0
2026-05-08 09:10:00,572.57,574.84,570.09,570.81,293,23,0
2026-05-08 09:20:00,571.05,571.05,565.97,566.95,297,23,0
2026-05-08 09:30:00,566.81,567.58,564.69,564.69,290,23,0
2026-05-08 09:40:00,564.63,564.63,561.84,562.5,289,23,0
2026-05-08 09:50:00,562.43,564.0,560.99,561.08,294,23,0
2026-05-08 10:00:00,561.13,562.99,560.21,562.03,295,23,0
2026-05-08 10:10:00,562.2,563.77,561.97,562.26,288,23,0
2026-05-08 10:20:00,562.25,562.4,558.39,559.28,294,23,0
2026-05-08 10:30:00,559.32,562.78,559.05,561.86,284,23,0
2026-05-08 10:40:00,562.24,565.77,562.15,564.5,293,23,0
2026-05-08 10:50:00,564.41,567.21,563.98,565.03,292,23,0
2026-05-08 11:00:00,565.11,565.6,563.6,564.5,291,23,0
2026-05-08 11:10:00,564.5,564.95,560.81,562.21,292,23,0
2026-05-08 11:20:00,562.19,563.37,560.6,562.49,290,23,0
2026-05-08 11:30:00,562.66,565.3,561.34,565.1,292,23,0
2026-05-08 11:40:00,565.14,568.17,565.14,565.71,290,23,0
2026-05-08 11:50:00,565.49,567.84,564.97,567.08,294,23,0
2026-05-08 12:00:00,566.95,567.31,563.17,563.88,291,23,0
2026-05-08 12:10:00,563.96,566.24,561.91,566.0,291,23,0
2026-05-08 12:20:00,565.9,566.04,557.46,557.46,292,23,0
2026-05-08 12:30:00,557.32,565.26,557.28,561.69,295,23,0
2026-05-08 12:40:00,561.78,565.21,561.67,564.27,294,23,0
2026-05-08 12:50:00,564.16,564.89,562.75,563.25,291,23,0
2026-05-08 13:00:00,563.36,563.48,561.54,562.26,297,23,0
2026-05-08 13:10:00,562.21,563.93,561.93,562.7,291,23,0
2026-05-08 13:20:00,562.75,562.95,560.25,561.99,290,23,0
2026-05-08 13:30:00,561.77,565.62,560.52,565.32,291,23,0
2026-05-08 13:40:00,565.38,565.78,562.1,563.98,291,23,0
2026-05-08 13:50:00,564.03,566.94,563.25,566.05,295,23,0
2026-05-08 14:00:00,566.23,566.67,564.17,566.4,290,23,0
2026-05-08 14:10:00,566.28,567.53,564.66,565.73,293,23,0
2026-05-08 14:20:00,565.69,566.99,564.36,564.71,294,23,0
2026-05-08 14:30:00,564.68,564.92,559.86,561.26,287,23,0
2026-05-08 14:40:00,561.39,561.76,554.75,554.97,291,23,0
2026-05-08 14:50:00,555.18,557.44,555.07,556.07,291,23,0
2026-05-08 15:00:00,555.8,558.54,553.68,558.21,289,23,0
2026-05-08 15:10:00,558.16,559.96,557.38,558.3,292,23,0
2026-05-08 15:20:00,558.49,558.49,556.22,557.1,296,23,0
2026-05-08 15:30:00,556.97,560.4,556.48,560.07,293,23,0
2026-05-08 15:40:00,560.12,560.47,557.88,559.02,291,23,0
2026-05-08 15:50:00,559.14,560.59,558.66,559.78,292,23,0
2026-05-08 16:00:00,559.86,560.56,557.69,559.6,290,23,0
2026-05-08 16:10:00,559.65,560.45,555.98,555.98,294,23,0
2026-05-08 16:20:00,555.85,559.68,555.68,558.45,293,23,0
2026-05-08 16:30:00,558.4,560.86,558.03,559.88,294,23,0
2026-05-08 16:40:00,559.87,561.06,558.06,560.21,292,23,0
2026-05-08 16:50:00,560.16,561.33,558.75,559.57,293,23,0
2026-05-08 17:00:00,559.38,561.07,558.58,559.43,286,23,0
2026-05-08 17:10:00,559.32,560.7,558.37,560.59,293,23,0
2026-05-08 17:20:00,560.5,561.39,559.49,560.86,289,23,0
2026-05-08 17:30:00,560.69,562.81,558.4,561.93,293,23,0
2026-05-08 17:40:00,561.78,565.67,561.04,565.25,282,23,0
2026-05-08 17:50:00,565.41,567.31,562.77,562.88,291,23,0
2026-05-08 18:00:00,562.88,566.02,562.76,565.48,288,23,0
2026-05-08 18:10:00,565.69,567.32,564.48,565.04,290,23,0
2026-05-08 18:20:00,565.0,566.06,563.17,564.7,294,23,0
2026-05-08 18:30:00,564.52,567.46,564.32,565.67,289,23,0
2026-05-08 18:40:00,565.7,567.17,562.47,563.11,290,23,0
2026-05-08 18:50:00,563.19,565.63,561.27,562.09,296,23,0
2026-05-08 19:00:00,562.09,563.7,561.69,563.65,287,23,0
2026-05-08 19:10:00,563.62,566.02,561.31,565.18,291,23,0
2026-05-08 19:20:00,565.21,569.23,562.35,569.0,291,23,0
2026-05-08 19:30:00,569.08,573.27,568.9,572.01,294,23,0
2026-05-08 19:40:00,572.27,575.47,572.11,575.47,294,23,0
2026-05-08 19:50:00,575.48,578.05,575.12,575.75,291,23,0
2026-05-08 20:00:00,575.73,578.07,573.89,574.79,290,23,0
2026-05-08 20:10:00,574.68,575.35,568.35,568.83,294,23,0
2026-05-08 20:20:00,569.05,569.77,565.57,568.2,293,23,0
2026-05-08 20:30:00,568.1,569.21,565.65,566.73,293,23,0
2026-05-08 20:40:00,566.71,567.14,563.18,563.46,289,23,0
2026-05-08 20:50:00,563.47,565.72,561.7,565.3,293,23,0
2026-05-08 21:00:00,565.22,566.88,563.78,563.84,290,23,0
2026-05-08 21:10:00,563.89,566.68,563.83,565.6,293,23,0
2026-05-08 21:20:00,565.59,570.72,565.59,570.07,295,23,0
2026-05-08 21:30:00,570.1,573.35,569.41,572.86,294,23,0
2026-05-08 21:40:00,572.83,576.58,572.67,574.29,290,23,0
2026-05-08 21:50:00,574.4,575.02,571.37,572.99,287,23,0
2026-05-08 22:00:00,572.85,574.09,571.07,573.01,296,23,0
2026-05-08 22:10:00,573.08,577.06,572.7,575.06,296,23,0
2026-05-08 22:20:00,574.88,575.45,571.1,573.12,291,23,0
2026-05-08 22:30:00,573.11,573.11,568.52,572.08,292,23,0
2026-05-08 22:40:00,572.1,573.51,569.44,569.95,295,23,0
2026-05-08 22:50:00,570.1,570.1,567.2,567.57,289,23,0
2026-05-08 23:00:00,567.55,569.57,566.61,566.61,291,23,0
2026-05-08 23:10:00,566.53,566.88,562.33,563.22,289,23,0
2026-05-08 23:20:00,563.28,570.15,563.28,569.68,288,23,0
2026-05-08 23:30:00,569.63,569.9,565.62,566.97,296,23,0
2026-05-08 23:40:00,566.91,567.44,564.8,565.55,292,23,0
2026-05-08 23:50:00,565.65,566.67,564.0,565.45,293,12,0
2026-05-09 00:00:00,565.31,567.19,564.22,564.36,290,12,0
2026-05-09 00:10:00,564.3,565.17,559.53,559.63,294,12,0
2026-05-09 00:20:00,559.73,560.33,558.18,558.65,291,12,0
2026-05-09 00:30:00,558.68,558.99,555.36,555.66,289,12,0
2026-05-09 00:40:00,555.55,557.96,553.65,556.42,293,12,0
2026-05-09 00:50:00,556.4,556.46,552.54,555.66,289,12,0
2026-05-09 01:00:00,555.71,556.07,553.69,555.66,296,12,0
2026-05-09 01:10:00,555.75,557.72,553.94,554.36,295,12,0
2026-05-09 01:20:00,554.41,557.26,553.91,557.25,296,12,0
2026-05-09 01:30:00,557.42,558.35,553.08,553.49,289,12,0
2026-05-09 01:40:00,553.23,553.67,549.2,550.38,292,12,0
2026-05-09 01:50:00,550.48,551.56,549.06,550.7,293,12,0
2026-05-09 02:00:00,550.66,550.66,547.63,548.28,293,12,0
2026-05-09 02:10:00,548.32,549.22,546.43,549.22,292,12,0
2026-05-09 02:20:00,549.26,552.97,547.62,552.93,292,12,0
2026-05-09 02:30:00,553.16,554.1,550.73,550.98,288,12,0
2026-05-09 02:40:00,550.95,552.77,550.26,551.8,292,12,0
2026-05-09 02:50:00,551.64,555.23,551.58,553.45,294,12,0
2026-05-09 03:00:00,553.45,554.07,549.27,549.55,292,12,0
2026-05-09 03:10:00,549.66,552.72,549.62,551.48,295,12,0
2026-05-09 03:20:00,551.76,552.79,550.91,551.58,292,12,0
2026-05-09 03:30:00,551.65,553.55,551.59,552.67,292,12,0
2026-05-09 03:40:00,552.74,556.9,550.99,556.72,292,12,0
2026-05-09 03:50:00,556.85,559.75,556.38,557.35,282,12,0
2026-05-09 04:00:00,557.4,560.6,557.14,559.13,287,12,0
2026-05-09 04:10:00,558.96,560.81,557.3,559.89,292,12,0
2026-05-09 04:20:00,560.03,562.5,559.15,561.34,288,12,0
2026-05-09 04:30:00,561.27,561.27,556.11,558.31,292,12,0
2026-05-09 04:40:00,557.96,558.68,552.87,552.9,293,12,0
2026-05-09 04:50:00,552.94,554.72,551.88,553.27,290,12,0
2026-05-09 05:00:00,552.96,555.2,552.78,552.92,293,12,0
2026-05-09 05:10:00,553.08,555.86,552.46,555.47,292,12,0
2026-05-09 05:20:00,555.67,556.99,552.31,553.4,294,12,0
2026-05-09 05:30:00,553.31,553.72,547.64,548.99,292,12,0
2026-05-09 05:40:00,549.07,550.82,547.38,548.33,293,12,0
2026-05-09 05:50:00,548.21,549.53,546.32,546.53,298,12,0
2026-05-09 06:00:00,546.49,549.2,546.07,548.6,291,12,0
2026-05-09 06:10:00,548.68,552.85,547.13,552.44,296,12,0
2026-05-09 06:20:00,552.26,555.23,551.49,552.1,292,12,0
2026-05-09 06:30:00,551.95,552.42,548.7,550.49,288,12,0
2026-05-09 06:40:00,550.75,553.24,550.37,551.97,286,12,0
2026-05-09 06:50:00,552.0,553.68,548.2,549.77,289,12,0
2026-05-09 07:00:00,549.85,553.07,549.85,552.9,292,12,0
2026-05-09 07:10:00,552.98,556.0,551.97,554.22,290,12,0
2026-05-09 07:20:00,554.09,554.49,550.01,552.41,293,12,0
2026-05-09 07:30:00,552.36,553.71,550.42,551.89,288,12,0
2026-05-09 07:40:00,551.95,553.79,550.65,551.31,292,12,0
2026-05-09 07:50:00,551.33,551.55,549.51,551.1,289,12,0
2026-05-09 08:00:00,550.94,553.4,550.1,552.6,296,12,0
2026-05-09 08:10:00,552.67,556.26,552.44,554.92,286,12,0
2026-05-09 08:20:00,554.79,555.35,552.47,552.68,297,12,0
2026-05-09 08:30:00,552.83,557.35,552.23,557.23,295,12,0
2026-05-09 08:40:00,557.07,560.62,556.25,557.76,293,12,0
2026-05-09 08:50:00,557.77,560.89,556.34,556.99,294,12,0
2026-05-09 09:00:00,556.88,557.13,549.86,550.84,289,12,0
2026-05-09 09:10:00,550.94,551.44,548.13,548.46,292,12,0
2026-05-09 09:20:00,548.32,550.78,547.7,547.95,293,12,0
2026-05-09 09:30:00,548.08,549.96,545.53,548.97,291,12,0
2026-05-09 09:40:00,548.92,551.0,547.59,549.93,293,12,0
2026-05-09 09:50:00,549.81,553.23,549.46,551.51,296,12,0
2026-05-09 10:00:00,551.51,552.47,550.43,551.53,293,12,0
2026-05-09 10:10:00,551.62,554.38,550.71,552.72,291,12,0
2026-05-09 10:20:00,552.46,555.37,551.94,554.06,283,12,0
2026-05-09 10:30:00,553.86,554.86,550.7,551.64,292,12,0
2026-05-09 10:40:00,551.79,554.63,550.89,553.4,286,12,0
2026-05-09 10:50:00,553.67,556.63,552.68,553.55,291,12,0
2026-05-09 11:00:00,553.58,553.8,549.49,549.76,290,12,0
2026-05-09 11:10:00,549.68,551.51,548.58,550.27,290,12,0
2026-05-09 11:20:00,550.45,553.51,550.45,551.28,295,12,0
2026-05-09 11:30:00,551.25,552.61,549.13,551.09,292,12,0
2026-05-09 11:40:00,551.14,555.38,550.51,553.74,290,12,0
2026-05-09 11:50:00,553.61,554.51,551.7,552.45,293,12,0
2026-05-09 12:00:00,552.43,552.97,548.22,548.22,288,12,0
2026-05-09 12:10:00,548.17,550.2,546.33,549.3,290,12,0
2026-05-09 12:20:00,549.29,551.72,547.81,548.28,294,12,0
2026-05-09 12:30:00,547.91,551.62,546.82,550.94,291,12,0
2026-05-09 12:40:00,550.94,553.25,550.23,552.12,285,12,0
2026-05-09 12:50:00,552.01,554.16,549.63,551.88,289,12,0
2026-05-09 13:00:00,551.87,552.49,548.69,549.16,288,12,0
2026-05-09 13:10:00,549.38,550.02,545.73,547.12,290,12,0
2026-05-09 13:20:00,547.03,549.5,545.76,546.61,290,12,0
2026-05-09 13:30:00,546.36,549.39,545.33,547.82,292,12,0
2026-05-09 13:40:00,547.66,548.1,545.08,546.67,296,12,0
2026-05-09 13:50:00,546.84,547.55,545.29,546.2,290,12,0
2026-05-09 14:00:00,545.94,546.98,543.73,544.98,294,12,0
2026-05-09 14:10:00,545.02,545.84,543.16,545.84,291,12,0
2026-05-09 14:20:00,545.91,547.25,541.88,542.83,294,12,0
2026-05-09 14:30:00,542.38,543.92,541.15,541.99,291,12,0
2026-05-09 14:40:00,541.99,544.94,541.92,544.19,295,12,0
2026-05-09 14:50:00,544.08,544.58,541.74,542.55,291,12,0
2026-05-09 15:00:00,542.4,543.71,540.91,542.74,289,12,0
2026-05-09 15:10:00,542.5,544.76,541.73,543.13,290,12,0
2026-05-09 15:20:00,543.18,545.44,542.94,544.12,291,12,0
2026-05-09 15:30:00,544.02,545.46,541.8,544.94,289,12,0
2026-05-09 15:40:00,545.04,545.35,540.68,540.91,291,12,0
2026-05-09 15:50:00,540.62,545.0,540.04,544.7,292,12,0
2026-05-09 16:00:00,544.87,547.2,542.87,547.2,287,12,0
2026-05-09 16:10:00,547.19,547.22,541.43,542.61,294,12,0
2026-05-09 16:20:00,542.73,543.07,538.86,539.65,291,12,0
2026-05-09 16:30:00,539.68,540.86,538.28,538.41,296,12,0
2026-05-09 16:40:00,538.47,538.69,534.41,534.61,294,12,0
2026-05-09 16:50:00,534.47,535.75,532.06,534.73,286,12,0
2026-05-09 17:00:00,534.58,541.36,534.58,541.22,290,12,0
2026-05-09 17:10:00,541.55,542.42,538.94,540.42,287,12,0
2026-05-09 17:20:00,540.21,540.21,536.65,536.66,292,12,0
2026-05-09 17:30:00,536.52,536.52,528.41,529.02,295,12,0
2026-05-09 17:40:00,529.06,530.25,522.08,522.29,294,12,0
2026-05-09 17:50:00,522.33,522.72,519.7,520.79,294,12,0
2026-05-09 18:00:00,520.59,522.24,518.28,518.29,295,12,0
2026-05-09 18:10:00,518.39,521.63,518.13,520.62,293,12,0
2026-05-09 18:20:00,520.59,521.34,518.84,520.63,293,12,0
2026-05-09 18:30:00,520.99,523.12,520.53,521.71,288,12,0
2026-05-09 18:40:00,521.82,522.67,520.43,521.67,292,12,0
2026-05-09 18:50:00,521.61,526.48,521.61,525.94,294,12,0
2026-05-09 19:00:00,526.11,526.34,522.57,524.35,289,12,0
2026-05-09 19:10:00,524.42,527.34,523.79,526.81,293,12,0
2026-05-09 19:20:00,526.92,527.2,523.46,524.0,290,12,0
2026-05-09 19:30:00,523.94,525.17,522.13,523.42,291,12,0
2026-05-09 19:40:00,523.44,523.87,521.45,523.29,287,12,0
2026-05-09 19:50:00,523.33,523.85,521.23,522.94,292,12,0
2026-05-09 20:00:00,522.84,523.87,521.78,522.74,292,12,0
2026-05-09 20:10:00,522.92,522.98,519.17,519.22,295,12,0
2026-05-09 20:20:00,519.14,519.32,516.49,516.89,294,12,0
2026-05-09 20:30:00,516.74,518.59,515.33,516.42,292,12,0
2026-05-09 20:40:00,516.32,517.57,515.51,517.26,291,12,0
2026-05-09 20:50:00,517.12,517.7,513.36,513.87,295,12,0
2026-05-09 21:00:00,513.97,514.86,512.57,513.79,293,12,0
2026-05-09 21:10:00,513.88,516.4,513.29,515.28,293,12,0
2026-05-09 21:20:00,515.22,515.68,511.52,512.02,294,12,0
2026-05-09 21:30:00,512.05,515.1,510.55,513.09,289,12,0
2026-05-09 21:40:00,513.2,514.21,511.75,512.5,288,12,0
2026-05-09 21:50:00,512.3,513.83,510.72,511.54,290,12,0
2026-05-09 22:00:00,511.54,513.3,509.42,512.05,293,12,0
2026-05-09 22:10:00,512.22,514.14,511.29,513.29,290,12,0
2026-05-09 22:20:00,513.23,513.84,510.08,510.58,294,12,0
2026-05-09 22:30:00,510.61,510.78,509.55,510.23,295,12,0
2026-05-09 22:40:00,510.33,510.98,508.54,509.05,294,12,0
2026-05-09 22:50:00,508.95,511.08,507.03,509.09,291,12,0
2026-05-09 23:00:00,509.12,513.22,508.93,513.14,291,12,0
2026-05-09 23:10:00,513.34,514.71,511.81,512.66,294,12,0
2026-05-09 23:20:00,512.68,514.47,510.32,511.46,294,12,0
2026-05-09 23:30:00,511.39,511.79,508.79,511.79,289,12,0
2026-05-09 23:40:00,511.9,513.27,510.23,513.12,286,12,0
2026-05-09 23:50:00,513.33,515.14,512.77,514.53,289,12,0
2026-05-10 00:00:00,514.51,516.03,513.72,514.8,296,12,0
2026-05-10 00:10:00,514.78,516.04,513.75,514.72,292,12,0
2026-05-10 00:20:00,514.62,515.46,513.34,513.88,297,12,0
2026-05-10 00:30:00,513.69,517.09,513.18,516.78,293,12,0
2026-05-10 00:40:00,516.98,518.6,515.05,515.05,293,12,0
2026-05-10 00:50:00,515.17,517.03,514.6,515.05,290,12,0
2026-05-10 01:00:00,514.83,516.32,513.89,513.92,292,12,0
2026-05-10 01:10:00,513.95,519.25,513.75,516.5,287,12,0
2026-05-10 01:20:00,516.5,519.97,514.79,519.04,290,12,0
2026-05-10 01:30:00,519.04,519.92,517.2,517.96,286,12,0
2026-05-10 01:40:00,518.1,520.81,517.33,520.54,292,12,0
2026-05-10 01:50:00,520.31,520.63,516.86,518.97,291,12,0
2026-05-10 02:00:00,518.88,519.04,516.1,517.58,289,12,0
2026-05-10 02:10:00,517.65,523.61,517.48,523.61,289,12,0
2026-05-10 02:20:00,523.44,524.94,522.34,523.66,296,12,0
2026-05-10 02:30:00,523.52,525.76,522.51,525.6,293,12,0
2026-05-10 02:40:00,525.8,531.44,525.8,530.22,292,12,0
2026-05-10 02:50:00,530.33,531.34,528.87,528.87,289,12,0
2026-05-10 03:00:00,528.97,529.17,525.2,525.87,293,12,0
2026-05-10 03:10:00,525.97,527.81,524.16,527.38,290,12,0
2026-05-10 03:20:00,527.51,529.33,525.76,526.2,289,12,0
2026-05-10 03:30:00,526.3,526.55,523.27,526.5,291,12,0
2026-05-10 03:40:00,526.5,528.38,524.59,524.85,290,12,0
2026-05-10 03:50:00,524.73,526.77,524.63,526.5,282,12,0
2026-05-10 04:00:00,526.43,526.74,522.51,524.86,291,12,0
2026-05-10 04:10:00,524.4,529.25,524.32,529.13,289,12,0
2026-05-10 04:20:00,529.16,529.69,526.03,527.86,290,12,0
2026-05-10 04:30:00,527.74,531.52,527.6,530.2,293,12,0
2026-05-10 04:40:00,530.13,534.1,529.13,533.71,293,12,0
2026-05-10 04:50:00,533.51,536.06,532.3,535.4,292,12,0
2026-05-10 05:00:00,535.31,537.05,534.07,536.21,287,12,0
2026-05-10 05:10:00,536.13,539.22,535.31,536.66,288,12,0
2026-05-10 05:20:00,536.58,537.17,533.91,535.61,297,12,0
2026-05-10 05:30:00,535.64,535.82,530.67,530.93,294,12,0
2026-05-10 05:40:00,530.97,532.11,529.74,530.1,293,12,0
2026-05-10 05:50:00,529.75,532.16,529.4,531.76,291,12,0
2026-05-10 06:00:00,531.78,537.73,530.67,537.73,293,12,0
2026-05-10 06:10:00,537.97,539.21,535.6,538.76,293,12,0
2026-05-10 06:20:00,538.72,540.74,537.25,539.25,290,12,0
2026-05-10 06:30:00,539.39,541.18,538.13,539.93,291,12,0
2026-05-10 06:40:00,539.99,539.99,534.05,534.23,290,12,0
2026-05-10 06:50:00,534.22,534.22,531.66,533.47,289,12,0
2026-05-10 07:00:00,533.61,534.5,530.12,530.69,289,12,0
2026-05-10 07:10:00,530.59,532.97,530.29,531.01,295,12,0
2026-05-10 07:20:00,530.9,534.44,530.6,532.77,294,12,0
2026-05-10 07:30:00,532.76,534.76,531.88,532.49,285,12,0
2026-05-10 07:40:00,532.57,534.27,530.51,532.58,294,12,0
2026-05-10 07:50:00,532.61,532.96,527.94,528.04,298,12,0
2026-05-10 08:00:00,527.77,528.89,524.55,525.31,290,12,0
2026-05-10 08:10:00,525.2,529.84,524.58,529.18,295,12,0
2026-05-10 08:20:00,529.02,531.93,529.02,530.24,294,12,0
2026-05-10 08:30:00,530.1,534.86,530.06,533.78,290,12,0
2026-05-10 08:40:00,533.85,534.45,529.76,530.09,292,12,0
2026-05-10 08:50:00,530.18,533.53,530.06,533.35,288,12,0
2026-05-10 09:00:00,533.44,533.93,531.22,532.88,287,12,0
2026-05-10 09:10:00,532.81,534.07,530.28,532.94,290,12,0
2026-05-10 09:20:00,532.73,535.49,531.48,531.71,293,12,0
2026-05-10 09:30:00,531.5,533.52,531.35,533.08,290,12,0
2026-05-10 09:40:00,532.96,535.06,532.48,532.77,292,12,0
2026-05-10 09:50:00,532.74,534.94,531.09,532.68,293,12,0
2026-05-10 10:00:00,532.63,535.35,531.35,535.29,286,12,0
2026-05-10 10:10:00,535.18,535.61,531.07,531.32,290,12,0
2026-05-10 10:20:00,531.35,534.19,531.09,532.07,293,12,0
2026-05-10 10:30:00,532.05,537.7,532.03,537.38,291,12,0
2026-05-10 10:40:00,537.51,538.68,536.37,537.02,287,12,0
2026-05-10 10:50:00,536.84,541.07,536.58,541.07,296,12,0
2026-05-10 11:00:00,541.09,545.26,539.98,545.24,290,12,0
2026-05-10 11:10:00,545.19,546.46,543.36,544.26,292,12,0
2026-05-10 11:20:00,544.23,544.32,540.74,542.6,291,12,0
2026-05-10 11:30:00,542.76,545.8,542.54,545.03,292,12,0
2026-05-10 11:40:00,545.1,547.24,544.74,547.24,292,12,0
2026-05-10 11:50:00,547.4,551.3,546.81,549.15,291,12,0
2026-05-10 12:00:00,549.28,556.13,548.14,555.72,290,12,0
2026-05-10 12:10:00,555.5,557.57,554.05,554.48,287,12,0
2026-05-10 12:20:00,554.35,554.35,549.68,550.85,295,12,0
2026-05-10 12:30:00,550.81,553.96,550.1,551.68,295,12,0
2026-05-10 12:40:00,551.59,553.29,551.15,552.24,291,12,0
2026-05-10 12:50:00,552.25,553.64,551.78,552.52,286,12,0
2026-05-10 13:00:00,552.57,557.19,552.16,555.4,287,12,0
2026-05-10 13:10:00,555.57,556.17,553.49,553.59,295,12,0
2026-05-10 13:20:00,553.63,554.5,550.9,551.69,293,12,0
2026-05-10 13:30:00,551.94,552.73,548.47,548.75,295,12,0
2026-05-10 13:40:00,548.77,551.23,548.46,550.84,290,12,0
2026-05-10 13:50:00,551.0,553.95,550.7,551.23,288,12,0
2026-05-10 14:00:00,551.46,553.69,549.88,550.33,283,12,0
2026-05-10 14:10:00,550.13,556.46,549.55,555.93,295,12,0
2026-05-10 14:20:00,556.01,556.65,549.81,549.81,292,12,0
2026-05-10 14:30:00,549.81,551.67,547.9,549.53,291,12,0
2026-05-10 14:40:00,549.48,551.61,548.38,548.57,294,12,0
2026-05-10 14:50:00,548.64,555.2,547.87,553.2,289,12,0
2026-05-10 15:00:00,553.17,553.32,550.26,551.54,297,12,0
2026-05-10 15:10:00,551.54,554.52,550.94,551.01,290,12,0
2026-05-10 15:20:00,551.13,551.58,548.01,548.17,289,12,0
2026-05-10 15:30:00,548.25,550.37,546.88,548.71,285,12,0
2026-05-10 15:40:00,548.68,549.64,542.93,544.78,294,12,0
2026-05-10 15:50:00,544.93,544.93,541.53,543.05,290,12,0
2026-05-10 16:00:00,543.31,543.38,539.83,540.52,294,12,0
2026-05-10 16:10:00,540.46,542.73,539.38,541.41,288,12,0
2026-05-10 16:20:00,541.11,543.44,539.68,540.86,289,12,0
2026-05-10 16:30:00,540.83,543.0,540.68,542.57,291,12,0
2026-05-10 16:40:00,542.41,543.12,540.73,541.75,291,12,0
2026-05-10 16:50:00,541.69,542.71,540.29,540.74,296,12,0
2026-05-10 17:00:00,541.01,541.56,534.92,535.64,291,12,0
2026-05-10 17:10:00,535.53,535.85,531.83,532.77,292,12,0
2026-05-10 17:20:00,532.53,533.44,530.27,530.27,285,12,0
2026-05-10 17:30:00,530.39,530.99,527.73,530.76,292,12,0
2026-05-10 17:40:00,530.59,536.6,530.4,534.63,290,12,0
2026-05-10 17:50:00,534.61,534.87,531.91,532.44,294,12,0
2026-05-10 18:00:00,532.59,536.99,531.94,536.95,292,12,0
2026-05-10 18:10:00,536.89,539.04,536.2,536.59,293,12,0
2026-05-10 18:20:00,536.54,536.6,533.64,533.97,289,12,0
2026-05-10 18:30:00,533.9,534.55,530.64,531.54,292,12,0
2026-05-10 18:40:00,531.7,531.89,527.87,529.41,294,12,0
2026-05-10 18:50:00,529.52,531.46,527.4,530.67,296,12,0
2026-05-10 19:00:00,530.73,532.68,529.7,531.93,290,12,0
2026-05-10 19:10:00,531.99,533.03,531.27,532.89,294,12,0
2026-05-10 19:20:00,532.95,534.08,532.24,533.96,291,12,0
2026-05-10 19:30:00,533.74,533.9,529.22,529.46,294,12,0
2026-05-10 19:40:00,529.44,531.81,528.27,530.5,288,12,0
2026-05-10 19:50:00,530.6,533.76,529.72,533.73,292,12,0
2026-05-10 20:00:00,533.77,534.45,532.31,533.89,293,12,0
2026-05-10 20:10:00,533.9,536.07,533.75,535.59,288,12,0
2026-05-10 20:20:00,535.44,535.44,532.01,533.19,289,12,0
2026-05-10 20:30:00,533.05,534.55,532.2,534.28,294,12,0
2026-05-10 20:40:00,534.49,534.78,531.15,531.89,295,12,0
2026-05-10 20:50:00,531.79,533.94,531.47,532.85,293,12,0
2026-05-10 21:00:00,532.93,537.39,532.82,535.93,287,12,0
2026-05-10 21:10:00,536.06,537.99,534.28,537.22,288,12,0
2026-05-10 21:20:00,537.2,539.52,537.07,538.31,291,12,0
2026-05-10 21:30:00,538.32,540.54,536.82,540.54,289,12,0
2026-05-10 21:40:00,540.67,543.65,539.35,543.46,294,12,0
2026-05-10 21:50:00,543.57,547.45,542.57,547.13,290,12,0
2026-05-10 22:00:00,546.99,547.59,541.66,543.51,288,12,0
2026-05-10 22:10:00,543.53,544.88,539.95,540.86,292,12,0
2026-05-10 22:20:00,541.05,541.62,536.87,537.19,290,12,0
2026-05-10 22:30:00,536.99,537.88,534.66,534.81,291,12,0
2026-05-10 22:40:00,534.98,536.24,533.35,534.85,290,12,0
2026-05-10 22:50:00,534.82,535.77,533.33,535.58,291,12,0
2026-05-10 23:00:00,535.53,536.17,533.3,536.03,296,12,0
2026-05-10 23:10:00,536.01,539.27,536.01,538.77,295,12,0
2026-05-10 23:20:00,538.71,539.44,534.49,534.85,291,12,0
2026-05-10 23:30:00,534.87,536.3,533.6,534.3,288,12,0
2026-05-10 23:40:00,534.27,535.15,532.98,534.88,291,12,0
2026-05-10 23:50:00,534.94,535.33,532.66,534.88,288,12,0
2026-05-11 00:00:00,535.11,535.11,532.34,535.06,295,12,0
2026-05-11 00:10:00,534.95,535.45,533.16,533.61,295,23,0
2026-05-11 00:20:00,533.75,533.75,528.8,531.26,289,23,0
2026-05-11 00:30:00,531.34,533.56,530.46,532.05,291,23,0
2026-05-11 00:40:00,531.9,533.3,530.48,531.02,289,23,0
2026-05-11 00:50:00,530.88,532.77,530.19,530.63,291,23,0
2026-05-11 01:00:00,530.43,531.43,529.36,531.12,289,23,0
2026-05-11 01:10:00,531.22,533.83,530.92,532.23,291,23,0
2026-05-11 01:20:00,532.03,533.49,530.18,531.44,290,23,0
2026-05-11 01:30:00,531.44,531.67,528.2,530.6,295,23,0
2026-05-11 01:40:00,530.5,530.5,524.57,525.63,289,23,0
2026-05-11 01:50:00,525.62,526.02,522.75,522.99,295,23,0
2026-05-11 02:00:00,522.82,523.89,519.77,520.59,291,23,0
2026-05-11 02:10:00,520.37,520.63,516.94,517.24,293,23,0
2026-05-11 02:20:00,517.5,519.55,517.23,519.31,289,23,0
2026-05-11 02:30:00,519.45,519.97,517.5,517.84,295,23,0
2026-05-11 02:40:00,517.79,520.02,517.1,519.36,290,23,0
2026-05-11 02:50:00,519.19,520.04,516.72,517.92,294,23,0
2026-05-11 03:00:00,517.92,521.95,517.81,521.65,292,23,0
2026-05-11 03:10:00,521.73,522.46,520.56,521.81,288,23,0
2026-05-11 03:20:00,521.68,523.13,521.28,522.42,286,23,0
2026-05-11 03:30:00,522.27,525.99,522.27,525.75,289,23,0
2026-05-11 03:40:00,525.81,526.66,523.0,523.54,290,23,0
2026-05-11 03:50:00,523.59,524.84,522.42,522.83,287,23,0
2026-05-11 04:00:00,522.99,524.67,521.32,524.62,292,23,0
2026-05-11 04:10:00,524.83,528.15,524.79,526.01,290,23,0
2026-05-11 04:20:00,526.13,526.57,524.81,525.45,284,23,0
2026-05-11 04:30:00,525.25,528.24,524.5,527.17,286,23,0
2026-05-11 04:40:00,527.17,528.34,524.45,524.48,289,23,0
2026-05-11 04:50:00,524.3,524.49,522.84,523.44,291,23,0
2026-05-11 05:00:00,523.44,526.92,522.91,526.04,291,23,0
2026-05-11 05:10:00,526.07,527.67,524.73,526.94,292,23,0
2026-05-11 05:20:00,527.04,527.34,521.14,522.3,293,23,0
2026-05-11 05:30:00,522.26,526.19,522.26,525.08,295,23,0
2026-05-11 05:40:00,525.3,528.51,524.54,526.59,293,23,0
2026-05-11 05:50:00,526.66,527.46,525.46,526.39,288,23,0
2026-05-11 06:00:00,526.53,530.37,526.38,530.34,292,23,0
2026-05-11 06:10:00,530.22,530.72,526.88,528.06,293,23,0
2026-05-11 06:20:00,527.98,529.41,526.85,527.27,291,23,0
2026-05-11 06:30:00,527.26,530.15,526.31,526.36,292,23,0
2026-05-11 06:40:00,526.46,531.41,526.42,530.23,292,23,0
2026-05-11 06:50:00,530.04,535.39,529.99,535.38,291,23,0
2026-05-11 07:00:00,535.31,536.51,534.58,536.17,286,23,0
2026-05-11 07:10:00,536.35,539.37,535.91,538.78,296,23,0
2026-05-11 07:20:00,538.79,542.26,538.79,541.02,289,23,0
2026-05-11 07:30:00,540.65,540.65,534.67,534.74,295,23,0
2026-05-11 07:40:00,534.69,538.09,533.11,538.09,296,23,0
2026-05-11 07:50:00,537.95,537.98,532.7,532.7,291,23,0
2026-05-11 08:00:00,532.71,532.77,528.52,528.89,291,23,0
2026-05-11 08:10:00,528.94,530.64,528.28,528.69,289,18,0
2026-05-11 08:20:00,528.59,529.21,524.57,525.47,294,18,0
2026-05-11 08:30:00,525.43,525.57,521.16,523.37,290,18,0
2026-05-11 08:40:00,523.49,524.69,522.03,523.93,295,18,0
2026-05-11 08:50:00,523.7,524.1,521.41,524.09,291,18,0
2026-05-11 09:00:00,524.03,524.86,522.84,524.39,290,18,0
2026-05-11 09:10:00,524.38,526.08,523.97,524.69,291,18,0
2026-05-11 09:20:00,524.33,525.49,523.49,524.82,293,18,0
2026-05-11 09:30:00,524.9,529.99,524.87,529.88,293,18,0
2026-05-11 09:40:00,529.7,531.12,527.91,527.94,295,18,0
2026-05-11 09:50:00,528.15,530.95,527.75,529.07,289,18,0
2026-05-11 10:00:00,529.27,529.87,527.12,528.62,295,18,0
2026-05-11 10:10:00,528.74,529.63,527.19,527.75,295,18,0
2026-05-11 10:20:00,527.37,527.92,525.05,526.88,291,18,0
2026-05-11 10:30:00,526.82,527.14,524.8,526.87,292,18,0
2026-05-11 10:40:00,527.02,528.54,525.32,528.54,287,18,0
2026-05-11 10:50:00,528.68,531.07,526.27,530.3,293,18,0
2026-05-11 11:00:00,530.44,530.96,527.96,530.4,289,18,0
2026-05-11 11:10:00,530.31,531.13,528.92,529.32,293,18,0
2026-05-11 11:20:00,529.28,531.84,526.33,526.33,293,18,0
2026-05-11 11:30:00,526.31,528.79,525.57,527.56,291,18,0
2026-05-11 11:40:00,527.53,529.21,526.48,528.08,289,18,0
2026-05-11 11:50:00,528.09,529.49,525.38,526.59,295,18,0
2026-05-11 12:00:00,526.65,527.79,524.36,525.27,287,18,0
2026-05-11 12:10:00,525.23,526.13,523.32,525.13,294,18,0
2026-05-11 12:20:00,525.13,526.28,523.46,524.9,296,18,0
2026-05-11 12:30:00,525.16,526.68,524.08,526.59,296,18,0
2026-05-11 12:40:00,526.48,527.52,525.19,525.63,291,18,0
2026-05-11 12:50:00,525.49,526.25,523.35,523.86,294,18,0
2026-05-11 13:00:00,523.83,523.83,518.34,518.66,293,18,0
2026-05-11 13:10:00,518.73,520.74,517.57,518.19,294,18,0
2026-05-11 13:20:00,518.14,521.37,517.87,518.48,287,18,0
2026-05-11 13:30:00,518.27,520.56,517.76,519.93,293,18,0
2026-05-11 13:40:00,519.73,524.69,519.73,523.47,293,18,0
2026-05-11 13:50:00,523.46,523.59,519.54,520.28,288,18,0
2026-05-11 14:00:00,520.29,520.56,517.75,519.19,291,18,0
2026-05-11 14:10:00,518.86,520.27,518.13,519.17,287,18,0
2026-05-11 14:20:00,519.25,519.81,517.11,517.44,293,18,0
2026-05-11 14:30:00,517.41,521.07,517.18,520.55,285,18,0
2026-05-11 14:40:00,520.59,522.89,519.9,520.98,288,18,0
2026-05-11 14:50:00,521.11,521.63,519.25,520.56,289,18,0
2026-05-11 15:00:00,520.57,522.96,520.37,522.61,293,18,0
2026-05-11 15:10:00,522.55,525.13,520.98,521.69,291,18,0
2026-05-11 15:20:00,521.82,522.11,517.01,518.36,296,18,0
2026-05-11 15:30:00,518.37,521.17,518.37,520.66,293,18,0
2026-05-11 15:40:00,520.71,520.71,514.99,515.05,294,18,0
2026-05-11 15:50:00,515.23,515.94,512.89,513.48,290,18,0
2026-05-11 16:00:00,513.45,514.23,512.16,514.23,289,18,0
2026-05-11 16:10:00,514.42,515.32,510.19,510.23,290,18,0
2026-05-11 16:20:00,510.08,510.95,508.25,509.44,293,18,0
2026-05-11 16:30:00,509.48,509.87,507.04,507.97,288,18,0
2026-05-11 16:40:00,508.16,508.42,505.47,505.47,294,18,0
2026-05-11 16:50:00,505.29,505.81,501.06,501.5,291,18,0
2026-05-11 17:00:00,501.6,502.99,499.79,502.38,286,18,0
2026-05-11 17:10:00,502.38,505.25,500.63,500.63,289,18,0
2026-05-11 17:20:00,500.68,502.73,499.61,502.25,290,18,0
2026-05-11 17:30:00,502.38,503.56,501.01,501.86,293,18,0
2026-05-11 17:40:00,502.01,502.36,497.69,498.14,292,18,0
2026-05-11 17:50:00,498.19,499.41,495.16,496.41,292,18,0
2026-05-11 18:00:00,496.28,496.68,494.33,494.56,292,18,0
2026-05-11 18:10:00,494.69,495.81,493.78,494.08,290,18,0
2026-05-11 18:20:00,494.44,497.24,494.23,496.24,293,18,0
2026-05-11 18:30:00,495.97,496.94,493.38,493.65,293,18,0
2026-05-11 18:40:00,493.65,496.64,493.19,493.49,294,18,0
2026-05-11 18:50:00,493.64,495.78,493.54,493.97,290,18,0
2026-05-11 19:00:00,493.88,497.24,493.41,495.33,287,18,0
2026-05-11 19:10:00,495.38,497.76,494.75,497.05,288,18,0
2026-05-11 19:20:00,497.07,497.07,493.9,493.9,289,18,0
2026-05-11 19:30:00,494.03,494.18,489.28,489.75,290,18,0
2026-05-11 19:40:00,489.81,490.5,488.86,489.07,295,18,0
2026-05-11 19:50:00,489.1,489.38,486.48,487.82,286,18,0
2026-05-11 20:00:00,487.69,488.36,485.86,487.8,292,18,0
2026-05-11 20:10:00,487.78,488.46,485.68,485.73,289,18,0
2026-05-11 20:20:00,485.79,485.89,482.1,482.58,289,18,0
2026-05-11 20:30:00,482.68,483.0,481.16,482.67,290,18,0
2026-05-11 20:40:00,482.62,483.19,480.18,480.18,288,18,0
2026-05-11 20:50:00,480.12,481.04,478.49,480.51,286,18,0
2026-05-11 21:00:00,480.59,480.86,476.05,478.3,291,18,0
2026-05-11 21:10:00,478.25,479.26,477.14,478.56,288,18,0
2026-05-11 21:20:00,478.86,479.58,477.53,479.53,289,18,0
2026-05-11 21:30:00,479.68,480.03,477.4,478.0,288,18,0
2026-05-11 21:40:00,477.94,480.02,475.62,475.83,292,18,0
2026-05-11 21:50:00,475.85,478.25,475.21,477.31,293,18,0
2026-05-11 22:00:00,477.37,479.99,477.11,477.78,289,18,0
2026-05-11 22:10:00,477.61,478.77,473.74,474.08,291,18,0
2026-05-11 22:20:00,474.12,474.54,472.05,472.71,295,18,0
2026-05-11 22:30:00,472.77,474.4,470.27,470.32,293,18,0
2026-05-11 22:40:00,470.29,471.68,468.54,471.42,292,18,0
2026-05-11 22:50:00,471.51,471.51,469.23,470.08,291,18,0
2026-05-11 23:00:00,470.11,470.11,468.14,468.6,290,18,0
2026-05-11 23:10:00,468.6,469.03,465.08,465.58,285,18,0
2026-05-11 23:20:00,465.6,468.31,464.75,467.54,292,18,0
2026-05-11 23:30:00,467.65,467.74,464.19,464.56,292,18,0
2026-05-11 23:40:00,464.36,464.62,461.48,461.58,287,18,0
2026-05-11 23:50:00,461.58,462.1,459.13,460.03,291,18,0
2026-05-12 00:00:00,460.04,463.87,459.88,463.14,294,18,0
2026-05-12 00:10:00,463.03,463.54,461.72,462.65,287,18,0
2026-05-12 00:20:00,462.56,463.16,461.4,461.4,295,18,0
2026-05-12 00:30:00,461.42,462.97,459.88,462.78,295,18,0
2026-05-12 00:40:00,462.89,464.78,462.1,463.33,287,18,0
2026-05-12 00:50:00,463.41,464.73,462.9,464.59,291,18,0
2026-05-12 01:00:00,464.62,464.67,462.56,462.74,289,18,0
2026-05-12 01:10:00,462.6,463.43,460.82,462.18,292,18,0
2026-05-12 01:20:00,462.17,464.78,461.85,463.13,285,18,0
2026-05-12 01:30:00,463.17,465.31,461.46,462.47,291,18,0
2026-05-12 01:40:00,462.6,463.32,460.69,462.08,292,18,0
2026-05-12 01:50:00,461.99,462.36,459.23,460.12,291,18,0
2026-05-12 02:00:00,459.96,460.86,457.42,457.76,290,18,0
2026-05-12 02:10:00,457.75,458.73,456.63,456.64,285,18,0
2026-05-12 02:20:00,456.69,460.31,456.69,459.82,295,18,0
2026-05-12 02:30:00,459.79,459.97,457.26,458.38,290,18,0
2026-05-12 02:40:00,458.23,459.12,456.71,457.74,294,18,0
2026-05-12 02:50:00,457.81,458.3,455.02,456.08,293,18,0
2026-05-12 03:00:00,456.05,456.53,452.37,452.37,295,18,0
2026-05-12 03:10:00,452.44,454.14,452.21,452.58,293,18,0
2026-05-12 03:20:00,452.57,453.25,450.74,453.06,288,18,0
2026-05-12 03:30:00,453.18,453.38,451.28,452.67,290,18,0
2026-05-12 03:40:00,452.61,454.78,450.85,451.33,290,18,0
2026-05-12 03:50:00,451.36,456.01,450.52,456.01,287,18,0
2026-05-12 04:00:00,455.84,457.64,455.14,456.95,293,18,0
2026-05-12 04:10:00,457.03,458.18,453.26,453.92,290,18,0
2026-05-12 04:20:00,454.16,457.67,453.51,456.84,294,18,0
2026-05-12 04:30:00,456.84,457.48,454.05,454.79,288,18,0
2026-05-12 04:40:00,454.79,456.75,453.32,456.75,289,18,0
2026-05-12 04:50:00,456.78,459.58,456.03,456.89,285,18,0
2026-05-12 05:00:00,456.65,457.91,454.54,456.32,291,18,0
2026-05-12 05:10:00,456.3,456.36,453.09,454.75,291,18,0
2026-05-12 05:20:00,454.84,458.24,454.28,457.8,295,18,0
2026-05-12 05:30:00,457.63,458.36,456.77,457.5,289,18,0
2026-05-12 05:40:00,457.41,460.17,457.06,457.77,293,18,0
2026-05-12 05:50:00,457.76,457.82,455.21,456.08,289,18,0
2026-05-12 06:00:00,455.98,456.75,454.17,454.91,292,18,0
2026-05-12 06:10:00,454.98,455.62,453.55,454.85,289,18,0
2026-05-12 06:20:00,454.88,456.59,454.48,456.13,291,18,0
2026-05-12 06:30:00,456.02,457.17,454.44,457.17,288,18,0
2026-05-12 06:40:00,457.29,460.62,456.65,459.13,290,18,0
2026-05-12 06:50:00,459.08,459.49,457.54,459.31,284,18,0
2026-05-12 07:00:00,459.4,461.2,457.42,458.59,284,18,0
2026-05-12 07:10:00,458.73,461.55,458.73,460.2,290,18,0
2026-05-12 07:20:00,460.33,461.83,458.5,458.61,294,18,0
2026-05-12 07:30:00,458.55,458.57,456.75,458.57,292,18,0
2026-05-12 07:40:00,458.71,460.41,454.18,454.27,289,18,0
2026-05-12 07:50:00,454.2,455.27,453.14,453.41,285,18,0
2026-05-12 08:00:00,453.42,455.07,453.13,454.72,287,18,0
2026-05-12 08:10:00,454.63,454.67,450.43,451.01,289,18,0
2026-05-12 08:20:00,451.08,451.19,446.86,447.83,289,18,0
2026-05-12 08:30:00,447.74,450.99,446.64,450.93,291,18,0
2026-05-12 08:40:00,450.98,451.72,449.22,451.61,288,18,0
2026-05-12 08:50:00,451.49,452.16,450.09,451.44,291,18,0
2026-05-12 09:00:00,451.41,452.18,449.03,450.43,294,18,0
2026-05-12 09:10:00,450.72,451.03,448.48,449.02,292,18,0
2026-05-12 09:20:00,449.17,450.86,448.52,449.79,291,18,0
2026-05-12 09:30:00,449.58,450.85,448.38,449.69,293,18,0
2026-05-12 09:40:00,449.68,449.68,445.79,447.41,286,18,0
2026-05-12 09:50:00,447.43,449.29,447.4,449.0,294,18,0
2026-05-12 10:00:00,449.13,450.07,446.95,447.29,293,18,0
2026-05-12 10:10:00,447.42,447.42,444.04,444.63,290,18,0
2026-05-12 10:20:00,444.71,445.92,443.2,445.7,294,18,0
2026-05-12 10:30:00,445.74,447.73,445.08,446.47,290,18,0
2026-05-12 10:40:00,446.46,447.69,445.57,446.45,282,18,0
2026-05-12 10:50:00,446.58,447.6,445.3,446.55,287,18,0
2026-05-12 11:00:00,446.62,448.39,446.41,447.07,286,18,0
2026-05-12 11:10:00,447.14,449.18,446.8,448.36,286,18,0
2026-05-12 11:20:00,448.5,451.23,448.5,450.49,287,18,0
2026-05-12 11:30:00,450.39,454.43,450.11,454.43,292,18,0
2026-05-12 11:40:00,454.44,456.7,454.38,456.7,291,18,0
2026-05-12 11:50:00,456.76,457.02,454.04,454.39,290,18,0
2026-05-12 12:00:00,454.31,458.02,454.31,457.39,291,18,0
2026-05-12 12:10:00,457.11,458.76,456.69,457.79,289,18,0
2026-05-12 12:20:00,457.7,457.79,453.44,453.8,288,18,0
2026-05-12 12:30:00,453.82,455.2,453.1,455.04,292,18,0
2026-05-12 12:40:00,455.05,455.61,453.3,453.78,293,18,0
2026-05-12 12:50:00,453.62,455.04,452.99,454.51,288,18,0
2026-05-12 13:00:00,454.61,457.7,454.25,454.62,289,18,0
2026-05-12 13:10:00,454.78,456.57,454.7,454.92,293,18,0
2026-05-12 13:20:00,454.96,455.78,454.43,454.98,291,18,0
2026-05-12 13:30:00,454.78,456.32,454.34,455.46,292,18,0
2026-05-12 13:40:00,455.57,456.31,453.43,453.72,295,18,0
2026-05-12 13:50:00,453.77,453.97,450.15,450.15,289,18,0
2026-05-12 14:00:00,450.45,450.45,447.15,448.11,285,18,0
2026-05-12 14:10:00,448.16,452.42,448.14,451.53,290,18,0
2026-05-12 14:20:00,451.6,452.26,449.41,449.72,289,18,0
2026-05-12 14:30:00,449.54,450.01,446.99,447.01,284,18,0
2026-05-12 14:40:00,446.95,447.4,444.09,444.23,292,18,0
2026-05-12 14:50:00,444.25,444.66,439.38,439.38,294,18,0
2026-05-12 15:00:00,439.47,441.35,439.39,441.29,287,18,0
2026-05-12 15:10:00,441.3,442.15,439.28,441.99,296,18,0
2026-05-12 15:20:00,442.13,442.88,441.21,441.47,291,18,0
2026-05-12 15:30:00,441.46,442.93,440.57,441.98,289,18,0
2026-05-12 15:40:00,442.08,442.08,437.35,437.35,293,18,0
2026-05-12 15:50:00,437.33,440.11,436.39,440.09,296,18,0
2026-05-12 16:00:00,440.18,441.43,438.93,439.68,293,18,0
2026-05-12 16:10:00,439.7,440.61,437.08,437.92,287,18,0
2026-05-12 16:20:00,437.85,440.86,437.48,440.3,289,18,0
2026-05-12 16:30:00,440.36,442.55,440.1,440.96,288,18,0
2026-05-12 16:40:00,441.01,442.12,439.22,439.65,294,18,0
2026-05-12 16:50:00,439.6,441.68,439.36,440.48,294,18,0
2026-05-12 17:00:00,440.26,440.36,438.14,438.58,291,18,0
2026-05-12 17:10:00,438.7,442.06,437.51,441.66,288,18,0
2026-05-12 17:20:00,441.88,442.94,440.23,442.68,288,18,0
2026-05-12 17:30:00,442.74,442.86,439.55,439.78,290,18,0
2026-05-12 17:40:00,439.79,440.19,437.48,437.48,293,18,0
2026-05-12 17:50:00,437.47,437.73,435.48,436.61,292,18,0
2026-05-12 18:00:00,436.67,439.1,436.26,437.5,291,18,0
2026-05-12 18:10:00,437.51,437.52,432.55,433.13,287,18,0
2026-05-12 18:20:00,433.25,433.61,430.0,430.14,290,18,0
2026-05-12 18:30:00,430.33,433.65,429.57,433.17,284,18,0
2026-05-12 18:40:00,433.26,434.53,432.17,434.21,288,18,0
2026-05-12 18:50:00,434.38,435.42,434.05,434.52,285,18,0
2026-05-12 19:00:00,434.48,436.57,432.5,432.91,284,18,0
2026-05-12 19:10:00,432.94,433.88,431.8,432.45,291,18,0
2026-05-12 19:20:00,432.45,434.25,432.31,433.56,288,18,0
2026-05-12 19:30:00,433.34,436.77,432.18,436.67,287,18,0
2026-05-12 19:40:00,436.71,438.76,436.53,437.49,290,18,0
2026-05-12 19:50:00,437.59,437.91,435.41,435.88,290,18,0
2026-05-12 20:00:00,435.64,438.54,435.58,437.23,291,18,0
2026-05-12 20:10:00,437.16,437.25,433.35,434.97,289,18,0
2026-05-12 20:20:00,434.83,437.66,434.37,436.12,289,18,0
2026-05-12 20:30:00,436.37,436.52,434.21,435.25,291,18,0
2026-05-12 20:40:00,435.32,438.33,434.54,437.36,291,18,0
2026-05-12 20:50:00,437.21,437.85,434.81,435.72,293,18,0
2026-05-12 21:00:00,435.89,440.41,435.8,440.41,288,18,0
2026-05-12 21:10:00,440.49,440.59,438.42,440.16,284,18,0
2026-05-12 21:20:00,440.12,442.84,437.96,438.03,294,18,0
2026-05-12 21:30:00,438.05,439.64,435.71,435.99,293,18,0
2026-05-12 21:40:00,435.89,436.6,434.24,435.81,295,18,0
2026-05-12 21:50:00,435.92,437.36,434.12,437.09,293,18,0
2026-05-12 22:00:00,437.07,438.08,432.46,433.14,292,18,0
2026-05-12 22:10:00,433.03,433.2,430.26,430.77,291,18,0
2026-05-12 22:20:00,430.93,431.23,429.57,430.91,290,18,0
2026-05-12 22:30:00,430.83,431.18,427.88,428.34,286,18,0
2026-05-12 22:40:00,428.27,430.29,427.76,428.81,290,18,0
2026-05-12 22:50:00,428.88,429.06,427.61,428.54,295,18,0
2026-05-12 23:00:00,428.49,431.27,428.46,430.57,287,18,0
2026-05-12 23:10:00,430.9,431.83,429.23,430.38,289,18,0
2026-05-12 23:20:00,430.34,432.14,429.87,430.65,289,18,0
2026-05-12 23:30:00,430.72,432.1,429.86,430.73,292,18,0
2026-05-12 23:40:00,430.66,430.72,428.01,428.33,291,18,0
2026-05-12 23:50:00,428.25,428.36,426.81,427.96,293,18,0
2026-05-13 00:00:00,428.0,430.31,426.84,429.75,297,18,0
2026-05-13 00:10:00,429.65,431.96,429.48,431.96,292,18,0
2026-05-13 00:20:00,432.01,434.0,431.91,434.0,283,18,0
2026-05-13 00:30:00,433.95,434.11,429.34,430.29,291,18,0
2026-05-13 00:40:00,430.24,431.6,429.75,431.05,290,18,0
2026-05-13 00:50:00,430.88,433.63,430.03,433.49,286,18,0
2026-05-13 01:00:00,433.65,433.65,431.06,433.1,287,18,0
2026-05-13 01:10:00,433.3,434.38,432.48,434.18,291,18,0
2026-05-13 01:20:00,434.22,437.56,433.87,437.56,284,18,0
2026-05-13 01:30:00,437.51,437.92,435.82,435.83,291,18,0
2026-05-13 01:40:00,435.66,437.86,435.09,436.26,289,18,0
2026-05-13 01:50:00,436.24,436.3,434.28,434.68,291,18,0
2026-05-13 02:00:00,434.68,438.23,434.08,436.92,293,18,0
2026-05-13 02:10:00,437.04,437.93,436.11,436.15,289,18,0
2026-05-13 02:20:00,436.21,437.72,435.49,436.77,291,18,0
2026-05-13 02:30:00,436.79,437.35,435.15,435.27,287,18,0
2026-05-13 02:40:00,435.28,435.45,434.01,434.88,288,18,0
2026-05-13 02:50:00,434.93,436.95,434.44,436.87,290,18,0
2026-05-13 03:00:00,436.71,438.54,436.4,438.14,293,18,0
2026-05-13 03:10:00,438.26,438.47,435.11,435.7,292,18,0
2026-05-13 03:20:00,435.67,436.06,434.16,434.95,293,18,0
2026-05-13 03:30:00,434.9,436.44,434.0,434.03,288,18,0
2026-05-13 03:40:00,433.97,434.65,432.85,434.22,291,18,0
2026-05-13 03:50:00,434.27,434.27,431.1,431.63,288,18,0
2026-05-13 04:00:00,431.46,434.55,430.83,433.57,292,18,0
2026-05-13 04:10:00,433.68,433.86,430.59,431.12,293,18,0
2026-05-13 04:20:00,431.08,432.91,430.03,432.5,287,18,0
2026-05-13 04:30:00,432.48,434.1,432.48,433.96,291,18,0
2026-05-13 04:40:00,433.81,435.11,432.1,433.22,291,18,0
2026-05-13 04:50:00,433.33,436.91,432.96,436.45,287,18,0
2026-05-13 05:00:00,436.34,437.84,435.94,437.83,285,18,0
2026-05-13 05:10:00,437.61,438.54,436.09,437.21,284,18,0
2026-05-13 05:20:00,437.36,438.16,434.45,434.87,294,18,0
2026-05-13 05:30:00,434.81,435.18,431.8,431.87,288,18,0
2026-05-13 05:40:00,431.83,433.4,431.77,432.05,283,18,0
2026-05-13 05:50:00,432.13,432.23,428.68,429.75,289,18,0
2026-05-13 06:00:00,429.83,432.33,429.76,431.28,290,18,0
2026-05-13 06:10:00,431.25,433.66,431.25,432.07,288,18,0
2026-05-13 06:20:00,432.15,434.6,431.21,431.37,290,18,0
2026-05-13 06:30:00,431.33,432.54,429.19,431.44,295,18,0
2026-05-13 06:40:00,431.55,432.03,428.02,428.49,294,18,0
2026-05-13 06:50:00,428.61,429.36,426.47,429.05,287,18,0
2026-05-13 07:00:00,429.21,431.08,429.01,429.45,292,18,0
2026-05-13 07:10:00,429.46,430.19,427.4,427.4,289,18,0
2026-05-13 07:20:00,427.37,429.23,426.84,428.78,288,18,0
2026-05-13 07:30:00,428.85,431.89,428.72,431.2,296,18,0
2026-05-13 07:40:00,431.23,432.45,430.8,432.31,288,18,0
2026-05-13 07:50:00,432.22,433.59,431.31,432.59,282,18,0
2026-05-13 08:00:00,432.44,432.65,430.69,430.74,286,18,0
2026-05-13 08:10:00,430.8,431.87,429.01,430.56,288,18,0
2026-05-13 08:20:00,430.74,431.44,429.26,429.95,286,18,0
2026-05-13 08:30:00,429.83,429.91,426.91,427.7,288,18,0
2026-05-13 08:40:00,427.72,430.8,427.72,430.18,291,18,0
2026-05-13 08:50:00,430.05,430.92,428.98,430.77,288,18,0
2026-05-13 09:00:00,430.84,431.72,429.89,430.73,288,18,0
2026-05-13 09:10:00,430.95,432.16,429.95,430.8,292,18,0
2026-05-13 09:20:00,430.78,431.61,428.75,430.74,289,18,0
2026-05-13 09:30:00,430.69,431.79,430.29,430.29,292,18,0
2026-05-13 09:40:00,430.18,431.82,429.03,431.11,291,18,0
2026-05-13 09:50:00,431.07,431.87,427.76,427.96,297,18,0
2026-05-13 10:00:00,427.97,431.76,427.18,431.47,289,18,0
2026-05-13 10:10:00,431.66,432.81,429.75,431.28,288,18,0
2026-05-13 10:20:00,431.29,433.03,430.01,430.01,293,18,0
2026-05-13 10:30:00,430.05,430.24,426.03,426.09,284,18,0
2026-05-13 10:40:00,425.99,428.17,425.05,427.99,291,18,0
2026-05-13 10:50:00,428.06,429.37,426.08,426.25,286,18,0
2026-05-13 11:00:00,426.32,427.94,425.82,425.86,290,18,0
2026-05-13 11:10:00,425.72,426.55,424.49,425.51,291,18,0
2026-05-13 11:20:00,425.68,427.77,425.03,425.79,291,18,0
2026-05-13 11:30:00,425.68,426.37,423.8,424.51,292,18,0
2026-05-13 11:40:00,424.58,425.25,421.94,425.08,287,18,0
2026-05-13 11:50:00,424.84,425.36,422.91,424.92,296,18,0
2026-05-13 12:00:00,424.79,425.63,423.1,424.39,283,18,0
2026-05-13 12:10:00,424.48,425.42,421.09,421.11,289,18,0
2026-05-13 12:20:00,421.05,421.11,419.23,420.3,290,18,0
2026-05-13 12:30:00,420.27,420.82,419.35,419.89,295,18,0
2026-05-13 12:40:00,419.89,422.95,419.48,422.73,295,18,0
2026-05-13 12:50:00,422.6,422.68,416.2,416.45,294,18,0
2026-05-13 13:00:00,416.51,416.6,413.12,414.89,291,18,0
2026-05-13 13:10:00,414.79,416.34,414.59,415.89,289,18,0
2026-05-13 13:20:00,415.87,418.17,415.15,417.16,285,18,0
2026-05-13 13:30:00,417.02,417.48,415.12,415.61,289,18,0
2026-05-13 13:40:00,415.72,416.23,413.15,413.31,289,18,0
2026-05-13 13:50:00,413.27,415.96,412.62,414.34,290,18,0
2026-05-13 14:00:00,414.27,414.61,412.67,412.67,294,18,0
2026-05-13 14:10:00,412.66,413.07,411.14,412.22,296,18,0
2026-05-13 14:20:00,412.27,412.84,411.32,411.43,289,18,0
2026-05-13 14:30:00,411.43,412.92,409.68,412.24,284,18,0
2026-05-13 14:40:00,412.44,413.69,411.56,413.58,291,18,0
2026-05-13 14:50:00,413.7,415.36,413.7,414.99,292,18,0
2026-05-13 15:00:00,415.08,415.42,412.37,413.47,283,18,0
2026-05-13 15:10:00,413.45,416.01,413.25,415.85,289,18,0
2026-05-13 15:20:00,415.71,419.36,415.03,418.92,286,18,0
2026-05-13 15:30:00,418.82,419.01,416.98,417.77,289,18,0
2026-05-13 15:40:00,417.72,421.58,417.48,420.71,287,18,0
2026-05-13 15:50:00,420.78,421.87,419.26,419.62,288,18,0
2026-05-13 16:00:00,419.45,419.59,418.14,419.08,286,18,0
2026-05-13 16:10:00,419.19,419.19,415.3,415.41,287,18,0
2026-05-13 16:20:00,415.52,416.12,414.04,414.33,286,18,0
2026-05-13 16:30:00,414.44,414.87,412.41,414.08,293,18,0
2026-05-13 16:40:00,414.03,414.97,412.03,412.9,285,18,0
2026-05-13 16:50:00,412.84,414.14,410.89,412.06,292,18,0
2026-05-13 17:00:00,411.94,413.08,410.53,411.07,285,18,0
2026-05-13 17:10:00,411.01,411.23,406.82,407.6,293,18,0
2026-05-13 17:20:00,407.6,408.56,406.45,407.78,291,18,0
2026-05-13 17:30:00,407.81,408.13,406.69,407.3,287,18,0
2026-05-13 17:40:00,407.16,407.62,405.08,405.66,293,18,0
2026-05-13 17:50:00,405.51,405.73,402.95,404.59,288,18,0
2026-05-13 18:00:00,404.76,407.72,404.39,406.65,285,18,0
2026-05-13 18:10:00,406.56,408.36,406.05,407.48,288,18,0
2026-05-13 18:20:00,407.43,408.62,406.61,408.11,287,18,0
2026-05-13 18:30:00,408.19,408.44,405.6,405.93,286,18,0
2026-05-13 18:40:00,406.04,406.73,403.46,404.59,288,18,0
2026-05-13 18:50:00,404.55,408.01,404.55,407.74,287,18,0
2026-05-13 19:00:00,407.71,407.79,406.47,407.08,296,18,0
2026-05-13 19:10:00,407.07,408.79,406.79,407.33,288,18,0
2026-05-13 19:20:00,407.32,409.23,405.53,409.05,292,18,0
2026-05-13 19:30:00,408.92,409.27,407.73,407.73,284,18,0
2026-05-13 19:40:00,407.7,407.7,405.35,406.04,290,18,0
2026-05-13 19:50:00,406.08,406.18,403.5,404.14,290,18,0
2026-05-13 20:00:00,404.13,404.2,401.89,402.73,293,18,0
2026-05-13 20:10:00,402.74,403.14,399.47,399.65,291,18,0
2026-05-13 20:20:00,399.69,401.41,399.19,401.3,291,18,0
2026-05-13 20:30:00,401.25,403.03,400.94,401.66,284,18,0
2026-05-13 20:40:00,401.58,401.62,398.34,398.38,283,18,0
2026-05-13 20:50:00,398.42,401.53,398.31,400.76,287,18,0
2026-05-13 21:00:00,400.76,403.8,400.48,403.69,290,18,0
2026-05-13 21:10:00,403.6,403.82,400.55,400.55,285,18,0
2026-05-13 21:20:00,400.61,400.78,398.87,399.64,294,18,0
2026-05-13 21:30:00,399.71,402.75,398.68,402.75,292,18,0
2026-05-13 21:40:00,402.7,405.54,401.3,405.4,295,18,0
2026-05-13 21:50:00,405.17,405.58,402.6,402.71,291,18,0
2026-05-13 22:00:00,402.78,404.3,402.38,404.02,287,18,0
2026-05-13 22:10:00,404.12,406.2,403.54,405.57,278,18,0
2026-05-13 22:20:00,405.75,406.88,404.46,405.41,291,18,0
2026-05-13 22:30:00,405.36,406.59,403.83,405.99,287,18,0
2026-05-13 22:40:00,406.02,407.92,404.75,406.81,293,18,0
2026-05-13 22:50:00,406.83,409.61,406.83,409.02,291,18,0
2026-05-13 23:00:00,409.12,409.5,407.07,407.44,283,18,0
2026-05-13 23:10:00,407.37,407.78,404.95,405.57,294,18,0
2026-05-13 23:20:00,405.47,406.89,405.2,406.89,295,18,0
2026-05-13 23:30:00,406.86,407.92,405.43,406.1,288,18,0
2026-05-13 23:40:00,406.12,408.61,405.14,407.79,290,18,0
2026-05-13 23:50:00,407.91,409.82,407.39,408.18,289,18,0
2026-05-14 00:00:00,408.27,408.54,405.11,405.5,286,18,0
2026-05-14 00:10:00,405.5,406.49,404.51,406.28,279,18,0
2026-05-14 00:20:00,406.29,408.08,406.2,407.65,289,18,0
2026-05-14 00:30:00,407.72,408.75,405.19,405.19,288,18,0
2026-05-14 00:40:00,405.12,405.24,402.44,402.96,284,18,0
2026-05-14 00:50:00,403.06,406.39,403.06,404.61,289,18,0
2026-05-14 01:00:00,404.78,407.2,404.61,406.33,288,18,0
2026-05-14 01:10:00,406.21,409.72,406.21,409.1,290,18,0
2026-05-14 01:20:00,409.15,410.9,408.11,410.64,289,18,0
2026-05-14 01:30:00,410.86,412.98,410.69,411.93,288,18,0
2026-05-14 01:40:00,411.91,413.13,411.05,412.78,291,18,0
2026-05-14 01:50:00,413.01,413.74,410.81,411.84,288,18,0
2026-05-14 02:00:00,411.81,412.51,410.14,411.94,293,18,0
2026-05-14 02:10:00,412.02,412.67,409.94,410.09,289,18,0
2026-05-14 02:20:00,409.92,410.55,409.31,410.0,289,18,0
2026-05-14 02:30:00,409.89,410.54,408.53,409.41,282,18,0
2026-05-14 02:40:00,409.4,410.85,408.99,409.6,285,18,0
2026-05-14 02:50:00,409.47,409.47,403.9,404.43,285,18,0
2026-05-14 03:00:00,404.33,406.41,403.76,405.94,282,18,0
2026-05-14 03:10:00,406.07,407.93,405.0,406.19,287,18,0
2026-05-14 03:20:00,406.07,409.14,404.97,408.15,286,18,0
2026-05-14 03:30:00,408.08,410.09,407.86,409.17,287,18,0
2026-05-14 03:40:00,409.02,412.32,408.29,412.2,288,18,0
2026-05-14 03:50:00,412.05,413.85,411.55,413.47,290,18,0
2026-05-14 04:00:00,413.53,418.12,413.42,416.83,291,18,0
2026-05-14 04:10:00,416.8,419.9,416.36,418.07,290,18,0
2026-05-14 04:20:00,418.14,418.69,415.05,415.49,282,18,0
2026-05-14 04:30:00,415.51,416.29,414.8,416.29,291,18,0
2026-05-14 04:40:00,416.37,418.37,416.3,417.44,294,18,0
2026-05-14 04:50:00,417.55,419.45,416.93,417.92,286,18,0
2026-05-14 05:00:00,417.95,419.76,417.82,419.25,291,18,0
2026-05-14 05:10:00,419.39,420.51,418.74,420.41,295,18,0
2026-05-14 05:20:00,420.39,420.54,417.98,418.65,289,18,0
2026-05-14 05:30:00,418.57,420.7,417.96,418.84,293,18,0
2026-05-14 05:40:00,418.85,420.48,418.77,420.06,284,18,0
2026-05-14 05:50:00,419.96,422.61,419.36,419.72,287,18,0
2026-05-14 06:00:00,419.53,421.57,418.95,420.01,285,18,0
2026-05-14 06:10:00,420.08,422.04,419.26,421.9,285,18,0
2026-05-14 06:20:00,422.01,422.11,419.15,420.13,290,18,0
2026-05-14 06:30:00,420.36,422.94,419.44,422.15,279,18,0
2026-05-14 06:40:00,422.04,422.92,419.87,422.08,288,18,0
2026-05-14 06:50:00,422.01,424.04,421.8,422.98,288,18,0
2026-05-14 07:00:00,422.93,424.21,422.08,422.33,293,18,0
2026-05-14 07:10:00,422.24,424.41,421.36,424.35,291,18,0
2026-05-14 07:20:00,424.39,426.22,424.21,425.9,290,18,0
2026-05-14 07:30:00,426.05,426.46,424.19,425.23,284,18,0
2026-05-14 07:40:00,425.35,425.35,423.31,424.14,292,18,0
2026-05-14 07:50:00,424.24,425.86,421.83,421.83,291,18,0
2026-05-14 08:00:00,421.75,422.7,420.04,421.07,291,18,0
2026-05-14 08:10:00,421.17,421.36,419.42,420.1,286,18,0
2026-05-14 08:20:00,420.11,423.05,419.55,422.5,289,18,0
2026-05-14 08:30:00,422.51,424.66,422.14,424.33,288,18,0
2026-05-14 08:40:00,424.38,425.2,423.72,424.77,287,18,0
2026-05-14 08:50:00,424.84,424.9,422.03,422.59,294,18,0
2026-05-14 09:00:00,422.6,425.5,422.3,424.72,292,18,0
2026-05-14 09:10:00,424.58,424.7,421.86,421.86,288,18,0
2026-05-14 09:20:00,421.95,423.45,420.81,420.94,290,18,0
2026-05-14 09:30:00,420.97,421.73,419.19,419.36,288,18,0
2026-05-14 09:40:00,419.51,421.43,418.73,419.29,285,18,0
2026-05-14 09:50:00,419.41,420.07,416.62,417.29,290,18,0
2026-05-14 10:00:00,417.39,417.59,412.85,412.85,288,18,0
2026-05-14 10:10:00,413.05,416.7,412.66,415.97,290,18,0
2026-05-14 10:20:00,415.98,420.42,415.98,419.82,286,18,0
2026-05-14 10:30:00,419.82,421.45,419.08,419.08,291,18,0
2026-05-14 10:40:00,419.11,420.36,418.93,419.75,291,18,0
2026-05-14 10:50:00,419.67,421.17,417.1,417.29,291,18,0
2026-05-14 11:00:00,417.38,417.38,414.99,415.16,290,18,0
2026-05-14 11:10:00,415.13,416.51,413.65,415.2,291,18,0
2026-05-14 11:20:00,415.17,417.69,415.0,417.08,294,18,0
2026-05-14 11:30:00,417.02,417.97,413.68,413.68,285,18,0
2026-05-14 11:40:00,413.63,415.08,412.62,414.72,287,18,0
2026-05-14 11:50:00,414.64,418.08,414.31,417.79,285,18,0
2026-05-14 12:00:00,417.74,418.78,416.33,416.43,286,18,0
2026-05-14 12:10:00,416.47,417.84,414.27,414.88,295,18,0
2026-05-14 12:20:00,414.69,414.96,412.0,413.24,288,18,0
2026-05-14 12:30:00,413.39,416.02,412.95,414.15,289,18,0
2026-05-14 12:40:00,414.03,416.26,412.76,416.0,295,18,0
2026-05-14 12:50:00,416.19,417.19,415.03,415.7,292,18,0
2026-05-14 13:00:00,415.66,415.66,413.1,414.12,285,18,0
2026-05-14 13:10:00,414.16,416.62,413.77,416.54,286,18,0
2026-05-14 13:20:00,416.56,416.87,413.24,413.5,288,18,0
2026-05-14 13:30:00,413.44,413.84,411.91,413.14,297,18,0
2026-05-14 13:40:00,413.28,415.48,412.66,414.39,289,18,0
2026-05-14 13:50:00,414.54,416.44,414.13,414.76,285,18,0
2026-05-14 14:00:00,414.77,414.8,412.16,412.21,287,18,0
2026-05-14 14:10:00,412.29,412.69,409.68,411.03,291,18,0
2026-05-14 14:20:00,411.22,412.17,409.93,410.32,297,18,0
2026-05-14 14:30:00,410.31,410.88,409.7,410.44,287,18,0
2026-05-14 14:40:00,410.16,410.49,408.96,409.3,285,18,0
2026-05-14 14:50:00,409.27,409.77,407.49,408.29,289,18,0
2026-05-14 15:00:00,408.25,408.89,405.54,405.65,287,18,0
2026-05-14 15:10:00,405.73,406.89,404.49,404.8,285,18,0
2026-05-14 15:20:00,404.8,406.01,404.1,405.04,291,18,0
2026-05-14 15:30:00,405.03,407.22,404.37,405.69,288,18,0
2026-05-14 15:40:00,405.79,406.45,404.5,405.54,286,18,0
2026-05-14 15:50:00,405.46,406.38,404.08,405.05,291,18,0
2026-05-14 16:00:00,405.11,406.05,403.76,403.95,285,18,0
2026-05-14 16:10:00,404.04,404.12,401.93,402.96,287,18,0
2026-05-14 16:20:00,402.93,404.58,402.33,403.97,291,18,0
2026-05-14 16:30:00,403.97,405.0,403.05,403.89,283,18,0
2026-05-14 16:40:00,403.96,404.51,400.66,401.27,295,18,0
2026-05-14 16:50:00,401.34,401.95,399.4,400.01,291,18,0
2026-05-14 17:00:00,400.13,404.45,400.13,404.14,291,18,0
2026-05-14 17:10:00,404.22,405.48,403.6,405.16,287,18,0
2026-05-14 17:20:00,405.07,405.82,403.82,404.66,289,18,0
2026-05-14 17:30:00,404.68,406.09,403.77,406.09,292,18,0
2026-05-14 17:40:00,406.09,406.28,401.33,401.62,289,18,0
2026-05-14 17:50:00,401.69,404.01,401.29,403.01,288,18,0
2026-05-14 18:00:00,403.2,405.0,402.34,404.83,288,18,0
2026-05-14 18:10:00,404.93,407.95,404.78,407.86,292,18,0
2026-05-14 18:20:00,407.86,411.48,407.86,410.92,290,18,0
2026-05-14 18:30:00,410.81,411.22,410.25,410.94,290,18,0
2026-05-14 18:40:00,411.08,411.86,409.79,411.54,283,18,0
2026-05-14 18:50:00,411.76,415.7,411.59,414.38,289,18,0
2026-05-14 19:00:00,414.36,414.98,413.37,413.99,288,18,0
2026-05-14 19:10:00,413.96,414.69,412.52,414.27,296,18,0
2026-05-14 19:20:00,414.22,414.68,412.39,414.52,289,18,0
2026-05-14 19:30:00,414.35,415.18,413.61,414.74,286,18,0
2026-05-14 19:40:00,414.7,417.28,414.34,416.93,290,18,0
2026-05-14 19:50:00,416.89,418.57,416.38,417.33,287,18,0
2026-05-14 20:00:00,417.45,418.11,413.23,414.73,290,18,0
2026-05-14 20:10:00,414.64,415.49,413.65,413.65,290,18,0
2026-05-14 20:20:00,413.71,415.04,412.71,413.83,295,18,0
2026-05-14 20:30:00,413.74,414.29,412.91,413.4,286,18,0
2026-05-14 20:40:00,413.32,415.74,413.32,415.46,293,18,0
2026-05-14 20:50:00,415.32,417.06,413.47,413.47,290,18,0
2026-05-14 21:00:00,413.24,413.63,410.6,410.6,289,18,0
2026-05-14 21:10:00,410.53,411.71,410.06,410.63,290,18,0
2026-05-14 21:20:00,410.69,413.5,410.6,413.14,286,18,0
2026-05-14 21:30:00,413.27,413.52,411.7,413.15,289,18,0
2026-05-14 21:40:00,413.18,415.14,412.55,414.16,291,18,0
2026-05-14 21:50:00,414.28,415.29,412.97,413.7,285,18,0
2026-05-14 22:00:00,413.75,413.89,411.81,413.63,290,18,0
2026-05-14 22:10:00,413.31,415.39,413.17,415.11,292,18,0
2026-05-14 22:20:00,415.05,415.92,413.44,413.44,289,18,0
2026-05-14 22:30:00,413.39,417.11,413.39,416.82,292,18,0
2026-05-14 22:40:00,416.78,418.54,416.07,418.41,286,18,0
2026-05-14 22:50:00,418.38,419.72,416.44,416.85,289,18,0
2026-05-14 23:00:00,416.8,420.51,416.57,420.23,284,18,0
2026-05-14 23:10:00,420.32,421.65,420.21,420.45,293,18,0
2026-05-14 23:20:00,420.4,421.22,418.09,418.16,284,18,0
2026-05-14 23:30:00,418.26,418.26,412.21,412.37,290,18,0
2026-05-14 23:40:00,412.43,413.16,410.12,410.72,296,18,0
2026-05-14 23:50:00,410.63,410.63,406.35,406.43,289,18,0
2026-05-15 00:00:00,406.39,408.51,405.29,405.65,289,18,0
2026-05-15 00:10:00,405.54,407.19,404.18,406.84,288,18,0
2026-05-15 00:20:00,406.92,408.64,405.48,408.44,286,18,0
2026-05-15 00:30:00,408.42,409.75,407.36,409.75,286,18,0
2026-05-15 00:40:00,409.76,409.76,407.41,407.59,289,18,0
2026-05-15 00:50:00,407.84,409.19,407.84,408.87,290,18,0
2026-05-15 01:00:00,408.85,410.38,407.56,410.24,296,18,0
2026-05-15 01:10:00,410.38,411.98,409.19,409.86,287,18,0
2026-05-15 01:20:00,409.66,411.98,409.22,410.25,293,18,0
2026-05-15 01:30:00,410.31,410.94,407.08,407.08,291,18,0
2026-05-15 01:40:00,407.06,408.82,406.2,408.03,290,18,0
2026-05-15 01:50:00,407.9,408.56,404.41,404.85,290,18,0
2026-05-15 02:00:00,404.85,405.9,402.92,405.04,290,18,0
2026-05-15 02:10:00,405.04,406.7,403.76,404.3,287,18,0
2026-05-15 02:20:00,404.36,406.65,404.05,406.17,293,18,0
2026-05-15 02:30:00,406.24,408.66,405.68,407.87,290,18,0
2026-05-15 02:40:00,407.94,411.19,407.53,409.95,288,18,0
2026-05-15 02:50:00,409.97,410.11,406.95,407.8,291,18,0
2026-05-15 03:00:00,407.9,409.31,406.65,408.61,290,18,0
2026-05-15 03:10:00,408.6,410.13,408.43,409.28,291,18,0
2026-05-15 03:20:00,409.24,410.59,408.36,409.58,291,18,0
2026-05-15 03:30:00,409.64,410.4,408.67,409.1,290,18,0
2026-05-15 03:40:00,409.14,411.06,408.5,410.83,289,18,0
2026-05-15 03:50:00,410.92,414.12,410.92,412.86,293,18,0
2026-05-15 04:00:00,412.84,414.64,412.09,413.75,281,18,0
2026-05-15 04:10:00,413.74,413.95,410.23,410.42,289,18,0
2026-05-15 04:20:00,410.41,410.92,408.67,410.16,292,18,0
2026-05-15 04:30:00,410.06,411.46,409.66,409.76,285,18,0
2026-05-15 04:40:00,409.79,410.96,409.18,410.88,282,18,0
2026-05-15 04:50:00,410.75,412.14,410.26,410.37,288,18,0
2026-05-15 05:00:00,410.35,410.91,407.33,407.33,289,18,0
2026-05-15 05:10:00,407.18,407.96,405.19,405.37,289,18,0
2026-05-15 05:20:00,405.15,405.78,404.27,405.71,292,18,0
2026-05-15 05:30:00,405.58,405.62,402.31,402.39,293,18,0
2026-05-15 05:40:00,402.68,402.68,398.29,398.29,288,18,0
2026-05-15 05:50:00,398.36,399.8,397.28,398.95,291,18,0
2026-05-15 06:00:00,398.91,400.53,398.69,399.1,290,18,0
2026-05-15 06:10:00,399.15,400.27,397.45,399.58,293,18,0
2026-05-15 06:20:00,399.47,401.61,398.79,401.61,291,18,0
2026-05-15 06:30:00,401.53,402.8,400.33,401.69,285,18,0
2026-05-15 06:40:00,401.83,402.36,399.61,402.05,290,18,0
2026-05-15 06:50:00,402.21,404.54,401.92,404.11,282,18,0
2026-05-15 07:00:00,404.17,406.37,403.73,405.54,288,18,0
2026-05-15 07:10:00,405.64,405.75,400.89,400.95,291,18,0
2026-05-15 07:20:00,400.84,400.84,398.47,399.09,286,18,0
2026-05-15 07:30:00,399.22,399.52,396.84,397.13,287,18,0
2026-05-15 07:40:00,397.22,399.16,396.83,398.9,288,18,0
2026-05-15 07:50:00,398.75,399.39,397.58,397.89,286,18,0
2026-05-15 08:00:00,398.04,398.48,396.57,397.54,288,18,0
2026-05-15 08:10:00,397.54,399.76,396.81,398.5,285,18,0
2026-05-15 08:20:00,398.52,399.86,397.22,398.76,284,18,0
2026-05-15 08:30:00,398.59,399.6,397.29,398.88,286,18,0
2026-05-15 08:40:00,398.82,401.13,398.57,399.04,287,18,0
2026-05-15 08:50:00,399.09,400.15,398.34,398.86,287,18,0
2026-05-15 09:00:00,398.82,399.28,397.78,398.52,291,18,0
2026-05-15 09:10:00,398.6,399.49,397.25,397.44,287,18,0
2026-05-15 09:20:00,397.39,401.49,397.18,401.45,287,18,0
2026-05-15 09:30:00,401.47,403.89,401.38,403.65,290,18,0
2026-05-15 09:40:00,403.71,404.17,401.32,402.25,293,18,0
2026-05-15 09:50:00,402.41,402.57,400.05,400.78,289,18,0
2026-05-15 10:00:00,400.82,403.03,399.48,402.34,286,18,0
2026-05-15 10:10:00,402.28,402.42,399.75,400.83,291,18,0
2026-05-15 10:20:00,401.08,402.71,401.0,402.16,291,18,0
2026-05-15 10:30:00,402.21,402.53,400.93,401.05,288,18,0
2026-05-15 10:40:00,401.12,402.14,400.04,402.12,289,18,0
2026-05-15 10:50:00,401.96,402.25,400.89,401.26,290,18,0
2026-05-15 11:00:00,401.43,403.56,400.56,400.94,290,18,0
2026-05-15 11:10:00,400.89,401.52,399.48,400.95,288,18,0
2026-05-15 11:20:00,401.12,402.1,400.4,400.66,289,18,0
2026-05-15 11:30:00,400.6,400.93,398.35,398.4,290,18,0
2026-05-15 11:40:00,398.43,400.0,397.71,397.76,292,18,0
2026-05-15 11:50:00,397.75,398.16,395.51,395.74,293,18,0
2026-05-15 12:00:00,395.72,396.5,395.04,395.69,282,18,0
2026-05-15 12:10:00,395.64,395.71,392.54,394.19,290,18,0
2026-05-15 12:20:00,394.16,394.39,391.34,391.39,290,18,0
2026-05-15 12:30:00,391.14,392.83,390.35,391.84,293,18,0
2026-05-15 12:40:00,391.78,392.97,390.84,391.89,290,18,0
2026-05-15 12:50:00,391.83,392.65,390.46,391.29,288,18,0
2026-05-15 13:00:00,391.24,391.92,389.82,390.73,290,18,0
2026-05-15 13:10:00,390.66,391.69,389.13,391.24,284,18,0
2026-05-15 13:20:00,391.31,392.71,388.71,388.85,282,18,0
2026-05-15 13:30:00,388.84,390.59,388.14,389.75,288,18,0
2026-05-15 13:40:00,389.76,390.34,389.17,389.92,291,18,0
2026-05-15 13:50:00,389.87,393.15,389.5,392.79,289,18,0
2026-05-15 14:00:00,392.93,395.07,392.78,394.15,289,18,0
2026-05-15 14:10:00,394.18,394.18,390.43,391.61,287,18,0
2026-05-15 14:20:00,391.65,392.28,390.75,391.7,283,18,0
2026-05-15 14:30:00,391.71,392.64,390.84,391.13,289,18,0
2026-05-15 14:40:00,391.27,392.93,390.63,392.82,290,18,0
2026-05-15 14:50:00,392.82,395.23,392.43,393.53,285,18,0
2026-05-15 15:00:00,393.54,394.87,392.79,394.46,276,18,0
2026-05-15 15:10:00,394.44,396.04,393.25,393.45,287,18,0
2026-05-15 15:20:00,393.35,394.98,393.35,393.86,291,18,0
2026-05-15 15:30:00,393.87,395.64,392.84,394.63,286,18,0
2026-05-15 15:40:00,394.6,395.12,393.69,393.85,290,18,0
2026-05-15 15:50:00,393.9,394.28,392.44,393.41,279,18,0
2026-05-15 16:00:00,393.51,393.51,390.95,391.7,286,18,0
2026-05-15 16:10:00,391.66,393.78,391.07,393.44,295,18,0
2026-05-15 16:20:00,393.53,395.97,393.15,395.73,286,18,0
2026-05-15 16:30:00,395.67,396.76,395.04,395.59,291,18,0
2026-05-15 16:40:00,395.69,396.31,394.01,395.08,292,18,0
2026-05-15 16:50:00,395.07,400.24,395.07,399.05,288,18,0
2026-05-15 17:00:00,399.04,399.82,396.26,396.93,289,18,0
2026-05-15 17:10:00,397.0,397.42,395.97,396.98,289,18,0
2026-05-15 17:20:00,397.03,397.84,395.78,397.24,287,18,0
2026-05-15 17:30:00,397.47,398.31,396.08,397.97,288,18,0
2026-05-15 17:40:00,398.02,400.52,397.75,399.37,291,18,0
2026-05-15 17:50:00,399.2,399.82,398.36,399.56,287,18,0
2026-05-15 18:00:00,399.66,400.15,398.05,399.15,284,18,0
2026-05-15 18:10:00,399.06,400.21,398.13,398.49,291,18,0
2026-05-15 18:20:00,398.57,400.61,396.98,400.53,290,18,0
2026-05-15 18:30:00,400.61,400.67,399.02,399.98,290,18,0
2026-05-15 18:40:00,399.98,400.24,399.29,399.84,292,18,0
2026-05-15 18:50:00,399.79,403.71,399.79,402.85,288,18,0
2026-05-15 19:00:00,402.82,404.43,402.57,404.04,292,18,0
2026-05-15 19:10:00,404.01,406.14,402.43,406.14,293,18,0
2026-05-15 19:20:00,406.19,407.07,404.78,405.42,290,18,0
2026-05-15 19:30:00,405.5,406.94,402.38,402.93,292,18,0
2026-05-15 19:40:00,402.78,403.29,401.07,401.83,286,18,0
2026-05-15 19:50:00,401.8,405.4,401.01,405.05,288,18,0
2026-05-15 20:00:00,405.03,406.47,404.29,405.98,285,18,0
2026-05-15 20:10:00,406.03,406.52,403.7,403.96,291,18,0
2026-05-15 20:20:00,403.96,404.75,402.37,403.25,288,18,0
2026-05-15 20:30:00,403.29,403.84,401.94,403.04,277,18,0
2026-05-15 20:40:00,403.17,403.67,401.94,403.4,296,18,0
2026-05-15 20:50:00,403.37,404.89,402.69,403.15,284,18,0
2026-05-15 21:00:00,403.1,405.35,402.88,404.8,282,18,0
2026-05-15 21:10:00,404.89,406.06,404.32,404.32,294,18,0
2026-05-15 21:20:00,404.17,406.72,403.48,406.46,289,18,0
2026-05-15 21:30:00,406.38,407.96,404.7,405.34,286,18,0
2026-05-15 21:40:00,405.45,407.19,404.08,406.7,292,18,0
2026-05-15 21:50:00,406.48,407.42,403.45,403.98,292,18,0
2026-05-15 22:00:00,403.87,405.11,403.42,404.16,284,18,0
2026-05-15 22:10:00,404.28,404.35,402.41,402.44,291,18,0
2026-05-15 22:20:00,402.56,402.87,399.3,399.77,284,18,0
2026-05-15 22:30:00,399.72,400.32,398.02,398.36,292,18,0
2026-05-15 22:40:00,398.32,400.0,397.36,399.95,292,18,0
2026-05-15 22:50:00,399.94,401.67,399.26,399.26,287,18,0
2026-05-15 23:00:00,399.27,400.4,397.3,399.88,289,18,0
2026-05-15 23:10:00,399.83,403.46,399.07,402.44,286,18,0
2026-05-15 23:20:00,402.39,406.63,402.18,405.59,291,18,0
2026-05-15 23:30:00,405.54,406.89,404.07,405.01,288,18,0
2026-05-15 23:40:00,405.15,405.15,403.03,403.37,287,18,0
2026-05-15 23:50:00,403.45,403.71,401.02,401.17,285,9,0
2026-05-16 00:00:00,401.3,401.38,399.02,399.91,288,9,0
2026-05-16 00:10:00,400.09,400.74,398.98,400.11,285,9,0
2026-05-16 00:20:00,400.28,402.52,398.53,402.2,285,9,0
2026-05-16 00:30:00,402.17,402.94,400.81,402.21,281,9,0
2026-05-16 00:40:00,402.33,402.49,398.17,398.84,287,9,0
2026-05-16 00:50:00,398.66,398.9,396.57,398.18,288,9,0
2026-05-16 01:00:00,398.16,400.0,396.58,396.79,290,9,0
2026-05-16 01:10:00,396.97,398.49,396.75,397.29,289,9,0
2026-05-16 01:20:00,397.26,398.87,396.57,397.32,285,9,0
2026-05-16 01:30:00,397.36,397.55,395.1,395.79,295,9,0
2026-05-16 01:40:00,395.64,397.21,394.46,396.81,282,9,0
2026-05-16 01:50:00,396.81,397.42,395.74,395.99,287,9,0
2026-05-16 02:00:00,395.87,397.34,394.54,395.37,282,9,0
2026-05-16 02:10:00,395.19,396.45,394.59,395.94,285,9,0
2026-05-16 02:20:00,396.05,397.14,394.89,395.77,282,9,0
2026-05-16 02:30:00,395.81,396.43,394.16,394.18,287,9,0
2026-05-16 02:40:00,394.13,394.92,392.35,393.0,287,9,0
2026-05-16 02:50:00,393.14,395.2,391.71,394.86,287,9,0
2026-05-16 03:00:00,394.88,395.87,394.29,395.86,293,9,0
2026-05-16 03:10:00,396.05,399.59,396.05,399.32,292,9,0
2026-05-16 03:20:00,399.28,402.09,398.83,401.96,285,9,0
2026-05-16 03:30:00,402.0,404.45,401.69,403.31,290,9,0
2026-05-16 03:40:00,403.26,406.38,403.26,406.2,288,9,0
2026-05-16 03:50:00,406.2,406.63,404.68,406.32,287,9,0
2026-05-16 04:00:00,406.23,411.14,406.19,411.0,289,9,0
2026-05-16 04:10:00,410.94,411.93,408.83,410.41,288,9,0
2026-05-16 04:20:00,410.47,411.86,409.6,411.62,285,9,0
2026-05-16 04:30:00,411.57,411.81,409.86,411.18,286,9,0
2026-05-16 04:40:00,411.0,412.42,410.56,411.72,286,9,0
2026-05-16 04:50:00,411.62,412.62,409.83,410.34,286,9,0
2026-05-16 05:00:00,410.45,411.89,409.71,410.24,282,9,0
2026-05-16 05:10:00,410.0,412.49,409.64,412.36,293,9,0
2026-05-16 05:20:00,412.38,412.57,409.61,410.46,290,9,0
2026-05-16 05:30:00,410.54,412.88,410.54,411.77,288,9,0
2026-05-16 05:40:00,411.84,412.58,410.05,412.08,285,9,0
2026-05-16 05:50:00,412.19,412.68,409.92,411.22,290,9,0
2026-05-16 06:00:00,411.27,411.78,409.63,409.88,285,9,0
2026-05-16 06:10:00,409.74,409.74,405.85,406.43,286,9,0
2026-05-16 06:20:00,406.41,406.69,404.33,405.32,287,9,0
2026-05-16 06:30:00,405.31,407.85,403.72,404.06,291,9,0
2026-05-16 06:40:00,403.91,404.49,403.13,403.31,282,9,0
2026-05-16 06:50:00,403.38,403.68,400.9,401.18,288,9,0
2026-05-16 07:00:00,401.19,401.47,399.24,400.86,289,9,0
2026-05-16 07:10:00,401.05,401.14,397.35,398.55,292,9,0
2026-05-16 07:20:00,398.45,398.45,396.05,396.68,290,9,0
2026-05-16 07:30:00,396.7,397.75,395.8,395.89,289,9,0
2026-05-16 07:40:00,396.0,396.34,394.39,394.67,289,9,0
2026-05-16 07:50:00,394.71,396.04,394.01,394.57,289,9,0
2026-05-16 08:00:00,394.44,396.24,394.15,394.37,292,9,0
2026-05-16 08:10:00,394.29,396.9,394.14,396.39,291,9,0
2026-05-16 08:20:00,396.37,396.93,394.62,396.03,283,9,0
2026-05-16 08:30:00,396.19,396.99,394.92,396.1,286,9,0
2026-05-16 08:40:00,396.08,396.94,394.84,396.64,295,9,0
2026-05-16 08:50:00,396.57,397.19,393.9,394.45,286,9,0
2026-05-16 09:00:00,394.53,394.81,392.02,392.6,293,9,0
2026-05-16 09:10:00,392.46,393.48,391.94,392.16,281,9,0
2026-05-16 09:20:00,392.1,394.23,391.45,394.17,285,9,0
2026-05-16 09:30:00,394.09,394.46,392.89,394.15,290,9,0
2026-05-16 09:40:00,394.19,396.98,393.78,396.42,291,9,0
2026-05-16 09:50:00,396.49,398.64,396.42,398.32,291,9,0
2026-05-16 10:00:00,398.38,399.39,397.2,398.4,287,9,0
2026-05-16 10:10:00,398.35,398.53,396.66,398.49,291,9,0
2026-05-16 10:20:00,398.6,398.8,396.52,397.12,294,9,0
2026-05-16 10:30:00,397.16,398.3,395.74,398.17,286,9,0
2026-05-16 10:40:00,398.08,398.69,395.06,395.39,288,9,0
2026-05-16 10:50:00,395.53,396.04,392.14,393.04,290,9,0
2026-05-16 11:00:00,393.15,393.86,391.66,393.21,294,9,0
2026-05-16 11:10:00,393.28,395.79,393.28,395.02,288,9,0
2026-05-16 11:20:00,395.01,396.33,393.83,394.19,285,9,0
2026-05-16 11:30:00,394.4,394.76,393.01,393.83,290,9,0
2026-05-16 11:40:00,393.85,395.71,392.29,395.71,290,9,0
2026-05-16 11:50:00,395.78,396.08,393.79,394.51,284,9,0
2026-05-16 12:00:00,394.61,394.61,391.54,391.88,281,9,0
2026-05-16 12:10:00,391.87,392.39,390.32,391.71,292,9,0
2026-05-16 12:20:00,391.79,392.88,390.58,391.62,287,9,0
2026-05-16 12:30:00,391.54,393.51,391.49,392.51,292,9,0
2026-05-16 12:40:00,392.54,393.11,391.39,391.9,294,9,0
2026-05-16 12:50:00,392.02,392.17,390.2,391.12,283,9,0
2026-05-16 13:00:00,391.08,391.2,387.63,388.27,287,9,0
2026-05-16 13:10:00,388.36,389.2,387.32,388.28,288,9,0
2026-05-16 13:20:00,388.36,388.7,386.71,386.93,283,9,0
2026-05-16 13:30:00,386.96,387.12,385.7,386.15,288,9,0
2026-05-16 13:40:00,386.14,388.01,384.12,387.94,291,9,0
2026-05-16 13:50:00,388.06,388.44,386.58,388.04,281,9,0
2026-05-16 14:00:00,388.11,388.57,386.56,387.89,291,9,0
2026-05-16 14:10:00,387.95,389.85,387.82,388.36,286,9,0
2026-05-16 14:20:00,388.36,391.73,387.8,391.73,289,9,0
2026-05-16 14:30:00,391.61,391.72,389.3,389.33,285,9,0
2026-05-16 14:40:00,389.5,390.22,388.49,389.39,284,9,0
2026-05-16 14:50:00,389.37,393.84,389.37,391.26,285,9,0
2026-05-16 15:00:00,391.17,392.18,390.02,391.28,293,9,0
2026-05-16 15:10:00,391.28,393.94,390.58,393.9,286,9,0
2026-05-16 15:20:00,393.89,395.03,393.19,394.95,286,9,0
2026-05-16 15:30:00,394.93,395.32,393.64,394.0,293,9,0
2026-05-16 15:40:00,394.19,397.32,394.05,396.57,291,9,0
2026-05-16 15:50:00,396.66,397.74,394.74,397.26,288,9,0
2026-05-16 16:00:00,397.18,399.12,396.71,397.36,288,9,0
2026-05-16 16:10:00,397.32,399.79,397.07,399.05,288,9,0
2026-05-16 16:20:00,399.0,399.33,395.06,395.9,293,9,0
2026-05-16 16:30:00,395.95,397.9,395.77,396.42,285,9,0
2026-05-16 16:40:00,396.45,396.97,394.57,396.27,287,9,0
2026-05-16 16:50:00,396.46,397.18,393.37,394.05,282,9,0
2026-05-16 17:00:00,394.22,398.15,394.13,397.64,289,9,0
2026-05-16 17:10:00,397.72,398.06,395.78,397.03,284,9,0
2026-05-16 17:20:00,396.86,398.25,394.86,396.31,290,9,0
2026-05-16 17:30:00,396.33,399.06,395.79,399.06,289,9,0
2026-05-16 17:40:00,399.01,401.22,399.0,400.06,289,9,0
2026-05-16 17:50:00,400.02,400.1,397.28,397.89,290,9,0
2026-05-16 18:00:00,397.99,398.33,394.24,394.59,286,9,0
2026-05-16 18:10:00,394.47,395.11,391.78,391.78,291,9,0
2026-05-16 18:20:00,391.79,393.67,391.43,393.04,285,9,0
2026-05-16 18:30:00,393.03,394.11,391.83,393.82,289,9,0
2026-05-16 18:40:00,393.78,395.17,393.29,394.82,290,9,0
2026-05-16 18:50:00,394.87,395.67,393.79,394.84,284,9,0
2026-05-16 19:00:00,394.87,395.57,393.24,393.99,292,9,0
2026-05-16 19:10:00,393.98,396.54,393.15,394.72,291,9,0
2026-05-16 19:20:00,394.76,395.94,393.81,394.51,289,9,0
2026-05-16 19:30:00,394.47,394.53,392.61,393.95,284,9,0
2026-05-16 19:40:00,393.93,395.14,392.64,394.06,285,9,0
2026-05-16 19:50:00,394.01,396.99,393.43,396.26,287,9,0
2026-05-16 20:00:00,396.3,397.26,394.58,394.89,290,9,0
2026-05-16 20:10:00,394.97,397.38,394.6,396.77,290,9,0
2026-05-16 20:20:00,396.6,398.7,396.05,397.24,289,9,0
2026-05-16 20:30:00,397.27,398.29,396.62,397.66,287,9,0
2026-05-16 20:40:00,397.58,401.0,397.29,400.01,292,9,0
2026-05-16 20:50:00,399.89,404.04,399.54,403.67,289,9,0
2026-05-16 21:00:00,403.7,406.4,403.6,404.28,292,9,0
2026-05-16 21:10:00,404.22,407.65,404.22,406.29,290,9,0
2026-05-16 21:20:00,406.5,407.5,405.52,406.04,288,9,0
2026-05-16 21:30:00,406.07,408.11,404.98,406.48,284,9,0
2026-05-16 21:40:00,406.55,409.88,406.16,408.9,288,9,0
2026-05-16 21:50:00,408.77,412.42,408.5,411.77,285,9,0
2026-05-16 22:00:00,411.64,413.83,410.23,412.86,287,9,0
2026-05-16 22:10:00,413.07,414.41,412.84,413.72,284,9,0
2026-05-16 22:20:00,413.75,414.56,413.06,413.47,290,9,0
2026-05-16 22:30:00,413.49,418.64,412.92,418.18,289,9,0
2026-05-16 22:40:00,418.19,420.77,417.6,419.03,289,9,0
2026-05-16 22:50:00,419.09,421.36,418.75,420.0,287,9,0
2026-05-16 23:00:00,420.04,421.99,419.68,421.68,291,9,0
2026-05-16 23:10:00,421.64,426.59,421.35,426.53,285,9,0
2026-05-16 23:20:00,426.76,426.76,422.62,426.08,286,9,0
2026-05-16 23:30:00,426.06,426.34,422.41,422.78,286,9,0
2026-05-16 23:40:00,422.84,423.1,421.38,422.32,294,9,0
2026-05-16 23:50:00,422.37,423.17,421.49,421.89,286,9,0
2026-05-17 00:00:00,421.81,422.94,420.85,421.78,291,9,0
2026-05-17 00:10:00,421.78,424.13,421.7,424.01,288,9,0
2026-05-17 00:20:00,423.94,424.19,418.35,418.35,287,9,0
2026-05-17 00:30:00,418.44,419.42,416.68,416.95,285,9,0
2026-05-17 00:40:00,416.9,417.2,413.31,414.7,287,9,0
2026-05-17 00:50:00,414.71,415.79,413.51,414.6,297,9,0
2026-05-17 01:00:00,414.49,414.49,411.34,412.7,285,9,0
2026-05-17 01:10:00,412.85,415.54,412.24,415.54,287,9,0
2026-05-17 01:20:00,415.5,418.54,415.37,418.45,149,9,0
2026-05-17 01:30:00,418.64,418.89,414.44,415.07,287,9,0
2026-05-17 01:40:00,415.03,416.76,415.03,415.89,289,9,0
2026-05-17 01:50:00,415.84,416.27,413.7,415.55,290,9,0
2026-05-17 02:00:00,415.57,416.76,414.75,416.36,287,9,0
2026-05-17 02:10:00,416.37,416.81,414.49,415.15,290,9,0
2026-05-17 02:20:00,415.13,415.34,412.13,413.2,292,9,0
2026-05-17 02:30:00,413.16,414.82,411.51,414.78,282,9,0
2026-05-17 02:40:00,414.56,415.03,411.88,415.03,287,9,0
2026-05-17 02:50:00,415.06,415.09,412.47,413.55,287,9,0
2026-05-17 03:00:00,413.69,414.34,412.31,413.19,287,9,0
2026-05-17 03:10:00,413.14,414.16,410.59,410.87,289,9,0
2026-05-17 03:20:00,410.83,411.5,409.84,411.03,285,9,0
2026-05-17 03:30:00,411.05,411.45,407.68,408.4,285,9,0
2026-05-17 03:40:00,408.35,409.48,407.21,409.3,289,9,0
2026-05-17 03:50:00,409.28,410.57,408.22,409.18,288,9,0
2026-05-17 04:00:00,409.15,410.64,409.13,409.76,291,9,0
2026-05-17 04:10:00,409.96,410.19,408.51,409.77,290,9,0
2026-05-17 04:20:00,409.64,411.7,409.49,411.06,283,9,0
2026-05-17 04:30:00,411.21,411.31,408.79,409.43,292,9,0
2026-05-17 04:40:00,409.34,412.77,408.99,412.56,287,9,0
2026-05-17 04:50:00,412.42,412.56,408.93,408.99,286,9,0
2026-05-17 05:00:00,409.01,409.8,407.06,408.27,288,9,0
2026-05-17 05:10:00,408.42,408.5,406.31,407.09,292,9,0
2026-05-17 05:20:00,407.18,407.8,403.98,405.17,286,9,0
2026-05-17 05:30:00,405.1,407.54,404.47,406.39,289,9,0
2026-05-17 05:40:00,406.48,406.55,403.98,405.99,287,9,0
2026-05-17 05:50:00,406.07,406.12,401.49,401.82,290,9,0
2026-05-17 06:00:00,401.93,403.96,400.9,403.96,283,9,0
2026-05-17 06:10:00,404.04,404.2,402.38,403.08,290,9,0
2026-05-17 06:20:00,402.99,404.4,400.77,400.99,286,9,0
2026-05-17 06:30:00,400.95,406.28,400.86,405.93,288,9,0
2026-05-17 06:40:00,405.96,407.8,405.72,407.74,285,9,0
2026-05-17 06:50:00,407.75,409.82,407.67,409.65,289,9,0
2026-05-17 07:00:00,409.57,409.79,408.11,408.34,290,9,0
2026-05-17 07:10:00,408.35,409.29,406.73,407.69,289,9,0
2026-05-17 07:20:00,407.62,407.91,405.3,405.48,288,9,0
2026-05-17 07:30:00,405.54,406.09,404.39,405.27,286,9,0
2026-05-17 07:40:00,405.57,407.12,405.4,406.3,288,9,0
2026-05-17 07:50:00,406.28,407.04,405.11,406.48,287,9,0
2026-05-17 08:00:00,406.26,407.85,405.92,406.79,284,9,0
2026-05-17 08:10:00,406.48,406.69,404.52,406.0,283,9,0
2026-05-17 08:20:00,406.01,410.42,405.69,410.37,288,9,0
2026-05-17 08:30:00,410.39,410.85,407.38,407.91,289,9,0
2026-05-17 08:40:00,407.83,409.21,406.56,408.33,287,9,0
2026-05-17 08:50:00,408.32,408.97,404.6,405.3,284,9,0
2026-05-17 09:00:00,405.37,405.74,403.36,404.42,282,9,0
2026-05-17 09:10:00,404.37,404.37,400.74,401.06,292,9,0
2026-05-17 09:20:00,401.02,401.26,398.07,398.1,291,9,0
2026-05-17 09:30:00,398.09,401.15,397.26,400.64,291,9,0
2026-05-17 09:40:00,400.69,402.37,399.7,399.9,290,9,0
2026-05-17 09:50:00,399.82,399.82,397.24,398.11,296,9,0
2026-05-17 10:00:00,398.2,401.4,398.02,400.51,292,9,0
2026-05-17 10:10:00,400.53,402.9,400.07,402.37,292,9,0
2026-05-17 10:20:00,402.3,403.66,400.84,401.07,284,9,0
2026-05-17 10:30:00,401.08,402.13,400.84,401.4,292,9,0
2026-05-17 10:40:00,401.32,402.17,400.6,401.75,294,9,0
2026-05-17 10:50:00,401.73,402.98,398.99,400.38,284,9,0
2026-05-17 11:00:00,400.33,401.14,399.31,400.21,292,9,0
2026-05-17 11:10:00,400.19,404.6,400.19,402.57,284,9,0
2026-05-17 11:20:00,402.76,404.42,401.14,403.69,284,9,0
2026-05-17 11:30:00,403.87,403.93,402.68,403.59,292,9,0
2026-05-17 11:40:00,403.64,403.79,400.98,402.23,289,9,0
2026-05-17 11:50:00,402.24,402.32,399.12,399.12,289,9,0
2026-05-17 12:00:00,399.09,399.09,396.48,398.05,287,9,0
2026-05-17 12:10:00,397.94,399.84,396.82,396.84,287,9,0
2026-05-17 12:20:00,397.05,397.43,395.69,396.24,287,9,0
2026-05-17 12:30:00,396.21,398.05,394.5,397.92,288,9,0
2026-05-17 12:40:00,397.91,398.55,396.78,398.31,289,9,0
2026-05-17 12:50:00,398.17,398.4,396.33,397.43,291,9,0
2026-05-17 13:00:00,397.31,398.61,397.16,398.4,288,9,0
2026-05-17 13:10:00,398.47,400.23,397.85,400.23,286,9,0
2026-05-17 13:20:00,400.13,401.48,399.73,400.48,292,9,0
2026-05-17 13:30:00,400.43,401.54,399.31,401.54,293,9,0
2026-05-17 13:40:00,401.48,401.82,399.17,399.73,291,9,0
2026-05-17 13:50:00,399.74,402.11,398.42,401.48,292,9,0
2026-05-17 14:00:00,401.38,404.1,400.57,403.75,290,9,0
2026-05-17 14:10:00,403.75,405.88,403.75,405.11,291,9,0
2026-05-17 14:20:00,405.13,407.89,404.38,407.77,292,9,0
2026-05-17 14:30:00,407.7,411.57,407.54,411.51,287,9,0
2026-05-17 14:40:00,411.6,412.26,409.69,410.41,291,9,0
2026-05-17 14:50:00,410.46,412.91,410.46,412.25,287,9,0
2026-05-17 15:00:00,412.26,412.93,410.82,410.82,287,9,0
2026-05-17 15:10:00,410.84,412.43,410.4,411.15,291,9,0
2026-05-17 15:20:00,411.06,412.12,407.63,407.63,294,9,0
2026-05-17 15:30:00,407.73,407.92,404.98,405.86,288,9,0
2026-05-17 15:40:00,405.95,410.97,405.73,409.8,283,9,0
2026-05-17 15:50:00,409.73,412.95,409.64,412.62,287,9,0
2026-05-17 16:00:00,412.88,414.69,412.57,414.08,291,9,0
2026-05-17 16:10:00,414.18,414.18,410.39,410.39,287,9,0
2026-05-17 16:20:00,410.35,412.41,409.49,410.26,290,9,0
2026-05-17 16:30:00,410.43,410.65,406.97,408.08,286,9,0
2026-05-17 16:40:00,408.15,408.37,406.39,407.26,287,9,0
2026-05-17 16:50:00,407.23,411.77,407.23,411.44,286,9,0
2026-05-17 17:00:00,411.56,411.85,410.19,411.1,286,9,0
2026-05-17 17:10:00,411.29,412.36,410.01,411.8,283,9,0
2026-05-17 17:20:00,411.85,413.35,411.07,411.8,286,9,0
2026-05-17 17:30:00,411.73,412.74,410.71,412.61,288,9,0
2026-05-17 17:40:00,412.58,415.06,412.1,414.64,290,9,0
2026-05-17 17:50:00,414.6,414.77,412.39,412.39,289,9,0
2026-05-17 18:00:00,412.36,412.52,409.82,411.47,290,9,0
2026-05-17 18:10:00,411.43,415.59,411.33,413.35,294,9,0
2026-05-17 18:20:00,413.33,413.66,411.87,413.24,294,9,0
2026-05-17 18:30:00,413.1,413.37,410.72,413.26,290,9,0
2026-05-17 18:40:00,413.11,414.5,411.42,411.76,292,9,0
2026-05-17 18:50:00,411.74,412.84,410.39,411.63,287,9,0
2026-05-17 19:00:00,411.83,412.73,409.9,409.92,288,9,0
2026-05-17 19:10:00,409.99,410.6,408.77,410.28,290,9,0
2026-05-17 19:20:00,410.4,413.66,410.3,413.44,287,9,0
2026-05-17 19:30:00,413.43,413.43,409.03,412.21,287,9,0
2026-05-17 19:40:00,412.18,413.19,409.43,412.88,288,9,0
2026-05-17 19:50:00,413.0,413.79,411.66,412.42,289,9,0
2026-05-17 20:00:00,412.66,413.48,412.06,412.18,284,9,0
2026-05-17 20:10:00,412.15,413.77,411.7,413.47,285,9,0
2026-05-17 20:20:00,413.39,416.77,413.15,416.02,286,9,0
2026-05-17 20:30:00,416.04,418.49,415.92,416.65,287,9,0
2026-05-17 20:40:00,416.58,416.86,414.35,415.03,289,9,0
2026-05-17 20:50:00,415.02,415.99,413.8,415.57,293,9,0
2026-05-17 21:00:00,415.4,415.53,413.33,415.28,286,9,0
2026-05-17 21:10:00,415.15,416.85,414.74,415.74,291,9,0
2026-05-17 21:20:00,415.88,421.39,415.45,420.8,290,9,0
2026-05-17 21:30:00,420.62,421.39,418.4,418.51,289,9,0
2026-05-17 21:40:00,418.58,420.58,417.33,417.74,293,9,0
2026-05-17 21:50:00,417.73,418.16,416.42,416.69,286,9,0
2026-05-17 22:00:00,416.61,417.23,413.87,415.19,292,9,0
2026-05-17 22:10:00,415.17,417.35,415.14,416.21,285,9,0
2026-05-17 22:20:00,416.39,417.48,415.92,416.7,290,9,0
2026-05-17 22:30:00,416.83,417.13,413.83,415.58,289,9,0
2026-05-17 22:40:00,415.57,418.89,415.07,417.11,294,9,0
2026-05-17 22:50:00,417.14,418.1,415.01,415.44,290,9,0
2026-05-17 23:00:00,415.39,417.52,415.25,417.01,284,9,0
2026-05-17 23:10:00,417.0,419.34,416.77,418.54,289,9,0
2026-05-17 23:20:00,418.48,418.92,417.01,418.64,287,9,0
2026-05-17 23:30:00,418.88,420.23,416.3,416.97,286,9,0
2026-05-17 23:40:00,416.96,419.6,416.71,418.72,291,9,0
2026-05-17 23:50:00,418.82,418.83,416.09,417.89,283,9,0
2026-05-18 00:00:00,417.89,420.25,417.43,418.72,292,9,0
2026-05-18 00:10:00,418.58,419.84,417.58,418.41,283,18,0
2026-05-18 00:20:00,418.45,420.44,417.95,418.73,287,18,0
2026-05-18 00:30:00,418.69,419.19,416.41,416.41,286,18,0
2026-05-18 00:40:00,416.48,417.35,413.69,414.67,292,18,0
2026-05-18 00:50:00,414.54,415.61,410.16,410.26,293,18,0
2026-05-18 01:00:00,410.28,410.38,408.24,408.76,289,18,0
2026-05-18 01:10:00,408.74,409.49,407.34,408.15,288,18,0
2026-05-18 01:20:00,408.27,409.51,408.25,409.28,291,18,0
2026-05-18 01:30:00,409.36,410.76,409.19,409.93,291,18,0
2026-05-18 01:40:00,409.8,413.21,408.84,413.21,292,18,0
2026-05-18 01:50:00,413.11,413.79,411.81,413.19,288,18,0
2026-05-18 02:00:00,413.01,414.74,411.69,412.73,289,18,0
2026-05-18 02:10:00,412.64,414.0,411.11,412.48,283,18,0
2026-05-18 02:20:00,412.42,413.2,411.05,411.82,284,18,0
2026-05-18 02:30:00,411.94,412.41,409.72,410.81,292,18,0
2026-05-18 02:40:00,410.8,411.43,408.22,408.72,290,18,0
2026-05-18 02:50:00,408.75,410.48,407.12,407.98,289,18,0
2026-05-18 03:00:00,407.93,408.54,405.99,408.33,293,18,0
2026-05-18 03:10:00,408.38,409.99,406.34,409.69,290,18,0
2026-05-18 03:20:00,409.7,411.18,408.71,409.81,287,18,0
2026-05-18 03:30:00,409.73,410.75,406.9,407.12,288,18,0
2026-05-18 03:40:00,407.02,409.17,406.22,406.73,283,18,0
2026-05-18 03:50:00,406.85,408.94,406.26,408.94,286,18,0
2026-05-18 04:00:00,408.95,410.81,408.35,410.67,289,18,0
2026-05-18 04:10:00,410.68,412.03,410.28,410.95,289,18,0
2026-05-18 04:20:00,410.94,411.5,409.38,410.2,289,18,0
2026-05-18 04:30:00,410.17,411.08,408.53,409.95,285,18,0
2026-05-18 04:40:00,409.95,413.02,409.85,412.04,290,18,0
2026-05-18 04:50:00,412.05,413.31,410.13,412.72,285,18,0
2026-05-18 05:00:00,412.8,415.21,411.89,414.44,286,18,0
2026-05-18 05:10:00,414.37,415.06,412.7,414.24,286,18,0
2026-05-18 05:20:00,414.07,415.68,413.53,415.68,294,18,0
2026-05-18 05:30:00,415.65,416.15,413.67,415.26,282,18,0
2026-05-18 05:40:00,415.35,417.0,413.95,416.73,289,14,0
2026-05-18 05:50:00,416.58,416.85,413.67,413.99,288,14,0
2026-05-18 06:00:00,413.83,414.38,411.1,411.95,284,14,0
2026-05-18 06:10:00,411.97,412.52,410.37,412.52,289,14,0
2026-05-18 06:20:00,412.37,413.66,411.86,412.2,286,14,0
2026-05-18 06:30:00,412.22,413.03,410.79,412.63,290,14,0
2026-05-18 06:40:00,412.63,412.63,409.66,410.65,287,14,0
2026-05-18 06:50:00,410.63,411.06,407.83,409.35,293,14,0
2026-05-18 07:00:00,409.3,411.01,408.71,409.06,293,14,0
2026-05-18 07:10:00,409.19,411.04,408.56,410.09,287,14,0
2026-05-18 07:20:00,409.96,410.27,407.16,408.95,290,14,0
2026-05-18 07:30:00,409.01,409.05,407.25,408.95,288,14,0
2026-05-18 07:40:00,408.98,410.15,408.59,408.98,288,14,0
2026-05-18 07:50:00,408.85,410.4,408.49,409.77,289,14,0
2026-05-18 08:00:00,409.8,410.82,408.31,408.93,287,14,0
2026-05-18 08:10:00,408.92,411.51,408.86,410.77,291,14,0
2026-05-18 08:20:00,410.78,410.9,408.03,409.82,288,14,0
2026-05-18 08:30:00,409.71,411.81,409.6,411.15,293,14,0
2026-05-18 08:40:00,411.08,411.15,408.74,410.39,289,14,0
2026-05-18 08:50:00,410.52,410.52,408.01,409.46,282,14,0
2026-05-18 09:00:00,409.51,412.96,409.08,412.9,287,14,0
2026-05-18 09:10:00,412.97,412.97,410.34,411.87,294,14,0
2026-05-18 09:20:00,411.68,412.51,410.11,412.0,286,14,0
2026-05-18 09:30:00,412.25,413.41,411.24,412.8,292,14,0
2026-05-18 09:40:00,412.84,415.72,412.21,415.52,293,14,0
2026-05-18 09:50:00,415.51,416.14,413.31,415.85,290,14,0
2026-05-18 10:00:00,415.86,416.42,413.54,415.62,285,14,0
2026-05-18 10:10:00,415.46,416.97,414.75,415.77,287,14,0
2026-05-18 10:20:00,415.83,416.53,414.3,414.32,291,14,0
2026-05-18 10:30:00,414.53,415.81,413.67,415.81,286,14,0
2026-05-18 10:40:00,416.01,417.69,415.36,416.67,289,14,0
2026-05-18 10:50:00,416.64,416.82,413.67,414.4,292,14,0
2026-05-18 11:00:00,414.34,415.25,413.32,414.28,285,14,0
2026-05-18 11:10:00,414.48,414.54,411.72,413.31,285,14,0
2026-05-18 11:20:00,413.16,413.86,410.6,410.71,286,14,0
2026-05-18 11:30:00,410.66,410.8,408.43,409.31,293,14,0
2026-05-18 11:40:00,409.24,410.83,408.86,409.2,292,14,0
2026-05-18 11:50:00,409.11,410.03,407.9,409.06,288,14,0
2026-05-18 12:00:00,409.14,411.3,408.7,410.15,287,14,0
2026-05-18 12:10:00,410.24,410.26,407.23,407.88,290,14,0
2026-05-18 12:20:00,407.99,409.56,407.35,409.4,287,14,0
2026-05-18 12:30:00,409.2,411.2,408.45,410.98,289,14,0
2026-05-18 12:40:00,411.01,413.48,410.64,413.2,287,14,0
2026-05-18 12:50:00,413.23,414.36,411.83,413.39,293,14,0
2026-05-18 13:00:00,413.52,413.6,411.91,412.34,286,14,0
2026-05-18 13:10:00,412.22,414.48,411.17,413.66,289,14,0
2026-05-18 13:20:00,413.71,415.08,412.84,413.59,292,14,0
2026-05-18 13:30:00,413.63,413.77,411.74,412.78,282,14,0
2026-05-18 13:40:00,412.79,417.02,412.79,416.55,291,14,0
2026-05-18 13:50:00,416.52,416.75,413.69,413.83,294,14,0
2026-05-18 14:00:00,413.76,416.94,413.62,416.24,288,14,0
2026-05-18 14:10:00,416.25,419.91,415.78,419.56,285,14,0
2026-05-18 14:20:00,419.53,420.52,418.97,419.27,290,14,0
2026-05-18 14:30:00,419.49,419.77,416.61,418.2,283,14,0
2026-05-18 14:40:00,418.22,418.38,416.66,417.55,290,14,0
2026-05-18 14:50:00,417.53,419.65,416.77,418.93,290,14,0
2026-05-18 15:00:00,418.98,419.69,416.78,417.82,289,14,0
2026-05-18 15:10:00,417.97,421.08,417.13,420.88,293,14,0
2026-05-18 15:20:00,420.7,423.38,418.57,422.81,293,14,0
2026-05-18 15:30:00,422.78,422.85,420.29,422.4,294,14,0
2026-05-18 15:40:00,422.66,423.95,422.41,423.16,291,14,0
2026-05-18 15:50:00,422.98,426.24,422.61,426.07,294,14,0
2026-05-18 16:00:00,426.11,427.0,424.13,426.02,293,14,0
2026-05-18 16:10:00,425.93,426.3,422.62,422.82,288,14,0
2026-05-18 16:20:00,422.79,425.35,422.69,424.05,294,14,0
2026-05-18 16:30:00,424.0,426.53,423.84,425.53,290,14,0
2026-05-18 16:40:00,425.65,428.52,425.61,428.21,292,14,0
2026-05-18 16:50:00,428.16,428.41,424.1,424.82,289,14,0
2026-05-18 17:00:00,424.83,427.3,423.74,426.36,292,14,0
2026-05-18 17:10:00,426.45,428.32,425.93,426.88,287,14,0
2026-05-18 17:20:00,426.8,428.47,426.05,426.15,284,14,0
2026-05-18 17:30:00,425.96,427.76,424.54,425.01,285,14,0
2026-05-18 17:40:00,425.11,426.85,424.59,426.15,293,14,0
2026-05-18 17:50:00,426.21,427.04,425.02,425.05,286,14,0
2026-05-18 18:00:00,425.13,426.01,422.44,422.62,288,14,0
2026-05-18 18:10:00,422.62,423.76,421.88,422.99,290,14,0
2026-05-18 18:20:00,423.04,423.04,419.3,419.75,284,14,0
2026-05-18 18:30:00,419.77,420.82,418.82,420.77,290,14,0
2026-05-18 18:40:00,420.77,422.07,419.17,421.88,287,14,0
2026-05-18 18:50:00,421.71,423.35,420.28,420.95,290,14,0
2026-05-18 19:00:00,421.18,421.85,419.29,420.22,288,14,0
2026-05-18 19:10:00,420.25,422.12,420.19,420.78,290,14,0
2026-05-18 19:20:00,420.73,421.64,419.79,421.43,290,14,0
2026-05-18 19:30:00,421.52,422.09,418.58,419.08,286,14,0
2026-05-18 19:40:00,419.1,420.43,418.46,418.54,290,14,0
2026-05-18 19:50:00,418.51,422.41,417.73,421.96,293,14,0
2026-05-18 20:00:00,421.88,424.08,421.51,421.74,288,14,0
2026-05-18 20:10:00,421.71,424.11,421.48,422.63,291,14,0
2026-05-18 20:20:00,422.63,426.48,422.25,426.19,290,14,0
2026-05-18 20:30:00,426.37,426.61,422.55,422.63,285,14,0
2026-05-18 20:40:00,422.74,424.75,421.0,421.06,286,14,0
2026-05-18 20:50:00,421.0,421.22,419.17,420.99,288,14,0
2026-05-18 21:00:00,421.01,421.44,417.27,418.1,288,14,0
2026-05-18 21:10:00,418.17,421.05,418.17,420.95,291,14,0
2026-05-18 21:20:00,421.06,422.4,419.44,420.67,290,14,0
2026-05-18 21:30:00,420.9,421.47,419.16,420.63,285,14,0
2026-05-18 21:40:00,420.55,424.12,420.5,422.81,290,14,0
2026-05-18 21:50:00,422.97,423.58,419.51,419.86,293,14,0
2026-05-18 22:00:00,420.05,420.26,416.67,417.78,285,14,0
2026-05-18 22:10:00,417.79,418.85,417.24,417.72,288,14,0
2026-05-18 22:20:00,417.55,419.93,416.97,419.85,288,14,0
2026-05-18 22:30:00,419.76,420.62,418.87,419.34,289,14,0
2026-05-18 22:40:00,419.28,419.5,417.74,418.21,287,14,0
2026-05-18 22:50:00,418.32,419.53,417.57,418.43,293,14,0
2026-05-18 23:00:00,418.31,420.12,417.42,419.84,288,14,0
2026-05-18 23:10:00,419.9,420.67,418.78,419.87,285,14,0
2026-05-18 23:20:00,419.72,420.85,418.67,419.93,292,14,0
2026-05-18 23:30:00,420.08,420.61,418.41,418.87,293,14,0
2026-05-18 23:40:00,418.83,420.94,418.39,419.5,290,14,0
2026-05-18 23:50:00,419.61,422.24,419.3,420.66,288,14,0
2026-05-19 00:00:00,420.46,420.46,417.87,419.56,294,14,0
2026-05-19 00:10:00,419.48,420.52,418.38,418.57,290,14,0
2026-05-19 00:20:00,418.45,420.0,418.34,419.43,291,14,0
2026-05-19 00:30:00,419.3,420.03,416.39,416.39,295,14,0
2026-05-19 00:40:00,416.41,416.65,414.08,415.59,290,14,0
2026-05-19 00:50:00,415.68,417.46,415.2,417.16,285,14,0
2026-05-19 01:00:00,417.14,418.08,416.2,417.56,292,14,0
2026-05-19 01:10:00,417.71,419.21,417.32,418.64,290,14,0
2026-05-19 01:20:00,418.75,419.91,417.5,417.89,287,14,0
2026-05-19 01:30:00,418.02,418.25,415.24,415.63,289,14,0
2026-05-19 01:40:00,415.85,418.33,415.79,418.11,290,14,0
2026-05-19 01:50:00,418.19,418.73,414.51,414.56,292,14,0
2026-05-19 02:00:00,414.49,415.52,414.02,415.39,286,14,0
2026-05-19 02:10:00,415.41,415.86,412.95,415.11,290,14,0
2026-05-19 02:20:00,414.81,416.31,413.87,416.08,288,14,0
2026-05-19 02:30:00,416.08,417.24,415.26,415.34,294,14,0
2026-05-19 02:40:00,415.39,417.38,415.2,416.28,290,14,0
2026-05-19 02:50:00,416.4,416.55,413.85,414.13,287,14,0
2026-05-19 03:00:00,414.13,415.05,411.8,412.17,292,14,0
2026-05-19 03:10:00,412.09,413.5,411.09,411.21,283,14,0
2026-05-19 03:20:00,411.17,411.49,406.55,406.64,287,14,0
2026-05-19 03:30:00,406.74,406.88,402.92,403.57,288,14,0
2026-05-19 03:40:00,403.48,405.2,403.45,404.82,288,14,0
2026-05-19 03:50:00,405.03,405.79,402.85,404.33,292,14,0
2026-05-19 04:00:00,404.27,406.37,404.23,406.37,290,14,0
2026-05-19 04:10:00,406.49,406.54,404.21,405.61,293,14,0
2026-05-19 04:20:00,405.61,408.6,405.06,408.26,287,14,0
2026-05-19 04:30:00,408.21,408.7,404.18,404.18,291,14,0
2026-05-19 04:40:00,404.25,404.27,402.45,402.5,288,14,0
2026-05-19 04:50:00,402.45,402.71,400.62,400.72,289,14,0
2026-05-19 05:00:00,400.82,401.44,398.72,399.92,292,14,0
2026-05-19 05:10:00,400.04,403.15,398.64,402.73,285,14,0
2026-05-19 05:20:00,402.63,403.65,401.1,403.65,281,14,0
2026-05-19 05:30:00,403.66,404.51,402.42,403.93,288,14,0
2026-05-19 05:40:00,404.04,405.52,403.05,405.49,285,14,0
2026-05-19 05:50:00,405.44,406.74,405.01,406.74,289,14,0
2026-05-19 06:00:00,406.99,408.65,406.15,406.45,287,14,0
2026-05-19 06:10:00,406.5,409.48,406.31,408.65,289,14,0
2026-05-19 06:20:00,408.74,409.0,406.22,408.73,287,14,0
2026-05-19 06:30:00,408.6,410.96,408.2,410.96,286,14,0
2026-05-19 06:40:00,410.88,411.45,408.91,411.05,290,14,0
2026-05-19 06:50:00,410.97,413.24,410.94,412.33,294,14,0
2026-05-19 07:00:00,412.26,413.39,410.77,412.2,292,14,0
2026-05-19 07:10:00,412.1,414.78,410.57,414.51,289,14,0
2026-05-19 07:20:00,414.54,416.46,412.96,416.35,289,14,0
2026-05-19 07:30:00,416.27,417.12,414.39,415.25,287,14,0
2026-05-19 07:40:00,415.4,419.12,414.53,418.54,294,14,0
2026-05-19 07:50:00,418.68,420.66,418.61,420.34,288,14,0
2026-05-19 08:00:00,420.23,421.71,419.83,420.79,282,14,0
2026-05-19 08:10:00,420.69,421.6,420.11,420.52,288,14,0
2026-05-19 08:20:00,420.35,420.45,416.96,418.54,289,14,0
2026-05-19 08:30:00,418.67,422.66,418.55,421.37,290,14,0
2026-05-19 08:40:00,421.18,422.29,420.18,421.22,294,14,0
2026-05-19 08:50:00,421.13,421.13,419.35,419.61,292,14,0
2026-05-19 09:00:00,419.59,420.01,416.5,416.88,293,14,0
2026-05-19 09:10:00,417.07,417.17,415.58,416.88,286,14,0
2026-05-19 09:20:00,416.96,417.07,414.78,415.75,289,14,0
2026-05-19 09:30:00,415.68,419.46,414.94,418.42,290,14,0
2026-05-19 09:40:00,418.32,418.91,417.28,417.46,291,14,0
2026-05-19 09:50:00,417.58,418.49,415.99,416.83,292,14,0
2026-05-19 10:00:00,416.89,417.2,415.47,415.95,292,14,0
2026-05-19 10:10:00,415.85,416.68,414.79,415.41,288,14,0
2026-05-19 10:20:00,415.43,417.34,413.66,417.18,289,14,0
2026-05-19 10:30:00,417.28,418.24,416.73,417.64,289,14,0
2026-05-19 10:40:00,417.46,418.01,415.93,415.98,294,14,0
2026-05-19 10:50:00,415.82,416.83,412.28,413.63,280,14,0
2026-05-19 11:00:00,413.43,413.56,409.17,409.34,290,14,0
2026-05-19 11:10:00,409.25,409.64,407.03,408.55,284,14,0
2026-05-19 11:20:00,408.65,409.59,405.93,407.33,293,14,0
2026-05-19 11:30:00,407.26,407.5,404.82,405.32,290,14,0
2026-05-19 11:40:00,405.24,406.66,403.71,403.92,285,14,0
2026-05-19 11:50:00,403.93,404.64,401.4,402.75,289,14,0
2026-05-19 12:00:00,402.75,404.48,402.7,403.34,293,14,0
2026-05-19 12:10:00,403.26,403.67,400.94,402.92,285,14,0
2026-05-19 12:20:00,402.7,402.7,400.88,401.96,288,14,0
2026-05-19 12:30:00,402.04,402.17,400.68,401.72,285,14,0
2026-05-19 12:40:00,401.79,404.5,401.43,402.56,290,14,0
2026-05-19 12:50:00,402.73,403.96,402.49,403.65,290,14,0
2026-05-19 13:00:00,403.58,404.87,402.05,404.68,290,14,0
2026-05-19 13:10:00,404.68,405.49,403.73,404.33,285,14,0
2026-05-19 13:20:00,404.4,404.92,401.86,402.03,289,14,0
2026-05-19 13:30:00,402.08,403.89,401.86,403.41,290,14,0
2026-05-19 13:40:00,403.35,404.66,402.87,404.12,283,14,0
2026-05-19 13:50:00,404.09,404.46,402.51,403.71,289,14,0
2026-05-19 14:00:00,403.52,404.52,402.7,402.87,292,14,0
2026-05-19 14:10:00,402.82,404.13,402.77,403.48,283,14,0
2026-05-19 14:20:00,403.56,404.22,402.2,402.46,285,14,0
2026-05-19 14:30:00,402.61,402.86,400.09,400.23,292,14,0
2026-05-19 14:40:00,400.28,402.53,400.27,401.99,289,14,0
2026-05-19 14:50:00,402.01,404.28,401.56,403.93,288,14,0
2026-05-19 15:00:00,403.88,404.61,402.95,403.4,285,14,0
2026-05-19 15:10:00,403.39,403.91,402.28,403.12,285,14,0
2026-05-19 15:20:00,403.09,404.13,402.5,402.96,290,14,0
2026-05-19 15:30:00,403.16,404.83,402.87,403.83,288,14,0
2026-05-19 15:40:00,403.75,404.5,401.15,402.63,293,14,0
2026-05-19 15:50:00,402.78,403.57,401.86,401.88,290,14,0
2026-05-19 16:00:00,401.78,403.18,401.61,402.17,289,14,0
2026-05-19 16:10:00,402.1,405.33,401.92,403.75,288,14,0
2026-05-19 16:20:00,403.65,403.72,399.64,401.0,295,14,0
2026-05-19 16:30:00,400.89,402.22,399.72,399.91,294,14,0
2026-05-19 16:40:00,399.98,401.58,399.48,400.81,287,14,0
2026-05-19 16:50:00,401.0,401.95,398.67,398.91,293,14,0
2026-05-19 17:00:00,399.0,400.12,398.18,399.98,294,14,0
2026-05-19 17:10:00,399.89,399.89,397.98,399.42,289,14,0
2026-05-19 17:20:00,399.38,400.03,398.47,399.82,289,14,0
2026-05-19 17:30:00,399.7,401.46,397.81,401.46,290,14,0
2026-05-19 17:40:00,401.53,401.9,398.87,399.56,296,14,0
2026-05-19 17:50:00,399.68,401.38,398.64,399.92,292,14,0
2026-05-19 18:00:00,400.03,402.5,400.03,402.38,292,14,0
2026-05-19 18:10:00,402.35,403.01,399.0,399.19,293,14,0
2026-05-19 18:20:00,399.15,399.3,397.65,397.98,287,14,0
2026-05-19 18:30:00,398.01,399.88,397.6,399.36,286,14,0
2026-05-19 18:40:00,399.48,401.74,399.23,401.65,289,14,0
2026-05-19 18:50:00,401.61,401.71,399.18,399.49,284,14,0
2026-05-19 19:00:00,399.5,401.05,398.74,399.73,288,14,0
2026-05-19 19:10:00,399.69,400.31,398.29,398.73,283,14,0
2026-05-19 19:20:00,398.74,399.46,396.63,397.08,286,14,0
2026-05-19 19:30:00,397.17,398.41,395.87,395.87,288,14,0
2026-05-19 19:40:00,395.81,396.25,393.84,394.26,289,14,0
2026-05-19 19:50:00,394.26,394.26,391.23,392.82,288,14,0
2026-05-19 20:00:00,392.83,393.41,390.65,390.97,293,14,0
2026-05-19 20:10:00,390.96,392.32,390.28,392.22,287,14,0
2026-05-19 20:20:00,392.32,395.94,392.32,395.91,294,14,0
2026-05-19 20:30:00,395.94,397.42,395.72,397.09,288,14,0
2026-05-19 20:40:00,397.01,399.63,396.67,398.44,289,14,0
2026-05-19 20:50:00,398.25,398.8,396.78,397.26,291,14,0
2026-05-19 21:00:00,397.17,398.79,396.7,397.74,291,14,0
2026-05-19 21:10:00,397.55,397.71,395.22,395.51,290,14,0
2026-05-19 21:20:00,395.49,397.61,395.27,397.61,288,14,0
2026-05-19 21:30:00,397.68,400.91,396.31,399.33,289,14,0
2026-05-19 21:40:00,399.28,399.53,397.26,398.59,284,14,0
2026-05-19 21:50:00,398.63,401.05,398.29,400.38,289,14,0
2026-05-19 22:00:00,400.22,400.93,398.48,398.99,282,14,0
2026-05-19 22:10:00,398.95,398.96,396.25,396.98,285,14,0
2026-05-19 22:20:00,397.01,398.86,397.01,398.35,288,14,0
2026-05-19 22:30:00,398.51,398.63,396.75,397.56,291,14,0
2026-05-19 22:40:00,397.53,397.63,395.73,396.23,287,14,0
2026-05-19 22:50:00,396.28,398.16,395.58,397.46,286,14,0
2026-05-19 23:00:00,397.53,397.56,394.82,396.35,288,14,0
2026-05-19 23:10:00,396.31,397.94,396.2,396.87,291,14,0
2026-05-19 23:20:00,396.87,398.32,396.1,398.16,288,14,0
2026-05-19 23:30:00,398.08,398.73,395.69,398.64,288,14,0
2026-05-19 23:40:00,398.65,399.53,394.91,395.55,282,14,0
2026-05-19 23:50:00,395.48,395.78,392.79,392.86,278,14,0
2026-05-20 00:00:00,392.99,395.12,392.82,394.18,289,14,0
2026-05-20 00:10:00,394.17,396.14,394.1,395.52,284,14,0
2026-05-20 00:20:00,395.69,398.51,395.45,398.02,289,14,0
2026-05-20 00:30:00,398.09,400.17,398.09,400.15,292,14,0
2026-05-20 00:40:00,400.28,402.47,400.21,402.11,291,14,0
2026-05-20 00:50:00,402.23,402.36,397.41,397.8,286,14,0
2026-05-20 01:00:00,397.82,397.82,395.67,397.17,287,14,0
2026-05-20 01:10:00,397.09,397.62,393.43,393.94,285,14,0
2026-05-20 01:20:00,393.9,396.17,393.58,394.55,294,14,0
2026-05-20 01:30:00,394.74,398.71,394.63,398.6,293,14,0
2026-05-20 01:40:00,398.68,401.07,398.27,400.89,286,14,0
2026-05-20 01:50:00,400.88,401.85,398.82,399.04,287,14,0
2026-05-20 02:00:00,399.03,401.83,398.29,401.6,289,14,0
2026-05-20 02:10:00,401.72,402.31,400.27,401.39,290,14,0
2026-05-20 02:20:00,401.51,401.68,399.76,401.4,285,14,0
2026-05-20 02:30:00,401.47,403.16,401.2,402.37,289,14,0
2026-05-20 02:40:00,402.4,402.4,399.14,401.88,286,14,0
2026-05-20 02:50:00,401.78,402.8,401.32,402.69,291,14,0
2026-05-20 03:00:00,402.66,403.49,401.71,402.36,284,14,0
2026-05-20 03:10:00,402.18,405.54,401.95,405.54,285,14,0
2026-05-20 03:20:00,405.5,406.2,404.03,405.56,284,14,0
2026-05-20 03:30:00,405.48,407.15,403.86,405.09,293,14,0
2026-05-20 03:40:00,405.13,406.28,403.08,403.08,288,14,0
2026-05-20 03:50:00,403.2,406.24,403.12,404.02,293,14,0
2026-05-20 04:00:00,404.01,404.47,402.69,404.28,290,14,0
2026-05-20 04:10:00,404.21,405.28,402.44,405.28,290,14,0
2026-05-20 04:20:00,405.14,405.33,402.91,404.43,291,14,0
2026-05-20 04:30:00,404.49,408.38,404.24,408.35,291,14,0
2026-05-20 04:40:00,408.28,408.53,405.71,406.62,289,14,0
2026-05-20 04:50:00,406.54,407.53,405.36,405.63,292,14,0
2026-05-20 05:00:00,405.6,406.64,404.51,405.08,295,14,0
2026-05-20 05:10:00,405.2,406.48,404.49,405.81,288,14,0
2026-05-20 05:20:00,405.76,408.91,405.64,407.7,291,14,0
2026-05-20 05:30:00,407.94,410.99,407.94,410.06,290,14,0
2026-05-20 05:40:00,410.07,410.45,407.53,409.65,287,14,0
2026-05-20 05:50:00,409.49,410.47,408.75,409.86,288,14,0
2026-05-20 06:00:00,409.9,411.24,409.74,409.9,284,14,0
2026-05-20 06:10:00,409.82,412.19,409.49,411.99,290,14,0
2026-05-20 06:20:00,412.0,412.41,410.18,410.21,290,14,0
2026-05-20 06:30:00,410.07,415.28,410.07,412.93,293,14,0
2026-05-20 06:40:00,412.85,413.03,409.59,410.96,288,14,0
2026-05-20 06:50:00,411.02,414.18,411.02,412.45,286,14,0
2026-05-20 07:00:00,412.66,412.97,408.51,408.53,289,14,0
2026-05-20 07:10:00,408.59,412.01,408.22,412.01,285,14,0
2026-05-20 07:20:00,412.08,414.19,411.27,414.19,294,14,0
2026-05-20 07:30:00,414.14,414.97,412.9,414.07,289,14,0
2026-05-20 07:40:00,414.04,414.7,410.58,411.51,292,14,0
2026-05-20 07:50:00,411.56,412.98,411.25,412.98,286,14,0
2026-05-20 08:00:00,412.93,413.43,411.64,412.96,286,14,0
2026-05-20 08:10:00,413.19,415.12,412.08,412.59,289,14,0
2026-05-20 08:20:00,412.58,414.42,412.39,413.39,288,14,0
2026-05-20 08:30:00,413.51,414.08,412.15,412.98,285,14,0
2026-05-20 08:40:00,412.97,416.11,412.63,413.79,290,14,0
2026-05-20 08:50:00,413.88,414.56,411.85,413.03,291,14,0
2026-05-20 09:00:00,412.92,416.12,412.43,414.94,286,14,0
2026-05-20 09:10:00,415.05,417.44,414.43,415.05,292,14,0
2026-05-20 09:20:00,414.9,415.57,412.92,415.2,293,14,0
2026-05-20 09:30:00,415.41,416.19,414.27,414.97,287,14,0
2026-05-20 09:40:00,414.89,415.14,413.24,414.47,291,14,0
2026-05-20 09:50:00,414.57,414.91,412.52,412.81,291,14,0
2026-05-20 10:00:00,412.65,412.66,409.16,409.19,291,14,0
2026-05-20 10:10:00,409.3,410.98,408.54,408.99,296,14,0
2026-05-20 10:20:00,408.92,409.01,406.08,408.5,280,14,0
2026-05-20 10:30:00,408.57,408.87,407.45,408.33,285,14,0
2026-05-20 10:40:00,408.2,408.91,405.42,408.75,289,14,0
2026-05-20 10:50:00,408.62,408.71,406.31,406.43,286,14,0
2026-05-20 11:00:00,406.46,408.77,406.22,408.0,291,14,0
2026-05-20 11:10:00,407.96,409.75,407.52,409.26,291,14,0
2026-05-20 11:20:00,409.47,410.07,408.12,409.25,286,14,0
2026-05-20 11:30:00,409.16,410.74,407.92,409.0,287,14,0
2026-05-20 11:40:00,408.98,408.98,405.28,407.95,286,14,0
2026-05-20 11:50:00,407.98,409.51,406.68,408.53,287,14,0
2026-05-20 12:00:00,408.52,410.93,408.24,408.94,286,14,0
2026-05-20 12:10:00,409.0,409.27,406.69,406.81,286,14,0
2026-05-20 12:20:00,406.75,410.62,406.37,410.17,289,14,0
2026-05-20 12:30:00,410.22,411.05,409.25,410.47,287,14,0
2026-05-20 12:40:00,410.18,410.39,407.45,407.49,290,14,0
2026-05-20 12:50:00,407.48,407.76,404.56,404.89,292,14,0
2026-05-20 13:00:00,405.04,406.28,404.24,404.38,287,14,0
2026-05-20 13:10:00,404.22,408.61,403.36,408.48,289,14,0
2026-05-20 13:20:00,408.37,411.46,407.93,411.13,292,14,0
2026-05-20 13:30:00,411.22,412.41,410.26,410.85,290,14,0
2026-05-20 13:40:00,410.84,411.15,408.67,408.75,294,14,0
2026-05-20 13:50:00,408.86,411.33,408.83,410.29,287,14,0
2026-05-20 14:00:00,410.36,412.56,409.54,412.21,289,14,0
2026-05-20 14:10:00,412.3,415.09,412.26,414.29,290,14,0
2026-05-20 14:20:00,414.42,415.32,409.85,409.86,294,14,0
2026-05-20 14:30:00,410.18,410.21,407.71,408.88,287,14,0
2026-05-20 14:40:00,408.75,410.8,407.84,410.71,292,14,0
2026-05-20 14:50:00,410.74,411.33,406.79,407.14,287,14,0
2026-05-20 15:00:00,407.39,407.74,405.3,405.81,291,14,0
2026-05-20 15:10:00,405.76,406.9,404.25,406.39,293,14,0
2026-05-20 15:20:00,406.52,407.19,405.6,405.6,286,14,0
2026-05-20 15:30:00,405.54,406.12,404.55,405.78,283,14,0
2026-05-20 15:40:00,405.73,406.8,404.98,405.17,290,14,0
2026-05-20 15:50:00,405.16,405.8,403.05,405.18,292,14,0
2026-05-20 16:00:00,405.04,406.98,403.62,404.19,290,14,0
2026-05-20 16:10:00,404.28,405.64,403.63,405.28,291,14,0
2026-05-20 16:20:00,405.25,406.03,403.62,404.13,288,14,0
2026-05-20 16:30:00,403.98,406.14,402.98,404.21,291,14,0
2026-05-20 16:40:00,404.04,404.96,401.03,402.76,290,14,0
2026-05-20 16:50:00,402.61,404.23,402.01,403.48,284,14,0
2026-05-20 17:00:00,403.47,406.76,403.18,404.78,288,14,0
2026-05-20 17:10:00,404.82,405.0,402.52,403.2,284,14,0
2026-05-20 17:20:00,403.35,403.35,400.72,402.32,289,14,0
2026-05-20 17:30:00,402.34,403.25,401.31,402.71,290,14,0
2026-05-20 17:40:00,402.91,403.66,400.2,402.82,287,14,0
2026-05-20 17:50:00,402.71,403.13,400.4,401.08,290,14,0
2026-05-20 18:00:00,400.92,402.5,400.06,401.03,286,14,0
2026-05-20 18:10:00,400.9,401.66,399.48,400.39,290,14,0
2026-05-20 18:20:00,400.24,401.47,398.91,400.05,286,14,0
2026-05-20 18:30:00,400.2,401.29,398.12,398.48,290,14,0
2026-05-20 18:40:00,398.38,398.55,397.13,398.02,285,14,0
2026-05-20 18:50:00,397.97,398.69,397.43,397.83,294,14,0
2026-05-20 19:00:00,397.8,400.37,397.6,399.93,283,14,0
2026-05-20 19:10:00,400.01,401.92,399.33,401.51,286,14,0
2026-05-20 19:20:00,401.55,404.35,401.4,402.37,286,14,0
2026-05-20 19:30:00,402.47,403.57,402.18,402.92,288,14,0
2026-05-20 19:40:00,403.03,403.16,400.89,401.8,292,14,0
2026-05-20 19:50:00,401.6,404.19,401.6,404.1,286,14,0
2026-05-20 20:00:00,404.2,406.46,403.4,406.36,288,14,0
2026-05-20 20:10:00,406.25,406.58,403.33,403.66,289,14,0
2026-05-20 20:20:00,403.67,405.29,403.33,404.39,293,14,0
2026-05-20 20:30:00,404.52,408.75,404.17,408.6,295,14,0
2026-05-20 20:40:00,408.5,411.52,408.05,410.87,289,14,0
2026-05-20 20:50:00,410.59,411.76,407.82,407.91,290,14,0
2026-05-20 21:00:00,407.89,408.19,405.01,405.78,284,14,0
2026-05-20 21:10:00,405.74,409.6,404.69,408.63,286,14,0
2026-05-20 21:20:00,408.43,408.5,407.07,407.54,291,14,0
2026-05-20 21:30:00,407.35,407.35,404.88,405.37,291,14,0
2026-05-20 21:40:00,405.34,407.52,405.12,407.17,285,14,0
2026-05-20 21:50:00,407.14,409.42,406.54,409.42,290,14,0
2026-05-20 22:00:00,409.47,410.21,408.25,409.18,285,14,0
2026-05-20 22:10:00,409.24,410.64,409.09,410.57,293,14,0
2026-05-20 22:20:00,410.69,411.43,406.28,407.38,295,14,0
2026-05-20 22:30:00,407.36,410.22,406.4,409.78,287,14,0
2026-05-20 22:40:00,409.81,409.99,407.62,407.64,286,14,0
2026-05-20 22:50:00,407.7,409.03,407.27,407.79,284,14,0
2026-05-20 23:00:00,407.87,409.92,407.5,409.48,283,14,0
2026-05-20 23:10:00,409.41,411.8,408.59,411.78,291,14,0
2026-05-20 23:20:00,412.01,412.2,410.68,411.3,291,14,0
2026-05-20 23:30:00,411.3,411.98,407.55,407.91,285,14,0
2026-05-20 23:40:00,407.96,408.87,407.09,408.14,289,14,0
2026-05-20 23:50:00,408.28,409.37,407.44,407.58,290,14,0
2026-05-21 00:00:00,407.54,409.29,406.56,407.44,285,14,0
2026-05-21 00:10:00,407.32,407.94,405.51,405.63,287,14,0
2026-05-21 00:20:00,405.73,407.92,405.73,407.62,292,14,0
2026-05-21 00:30:00,407.71,410.46,407.71,409.85,291,14,0
2026-05-21 00:40:00,409.73,409.89,406.45,406.77,285,14,0
2026-05-21 00:50:00,406.6,407.83,403.59,403.59,289,14,0
2026-05-21 01:00:00,403.54,404.67,401.42,402.92,285,14,0
2026-05-21 01:10:00,402.83,403.38,400.77,402.35,288,14,0
2026-05-21 01:20:00,402.35,405.14,402.1,405.14,280,14,0
2026-05-21 01:30:00,405.18,405.92,404.05,404.17,287,14,0
2026-05-21 01:40:00,404.05,404.35,402.24,402.55,293,14,0
2026-05-21 01:50:00,402.75,402.98,401.42,401.42,288,14,0
2026-05-21 02:00:00,401.34,403.61,399.86,403.44,290,14,0
2026-05-21 02:10:00,403.34,404.22,401.91,402.5,286,14,0
2026-05-21 02:20:00,402.54,402.86,401.18,402.25,291,14,0
2026-05-21 02:30:00,402.36,404.58,402.17,403.88,290,14,0
2026-05-21 02:40:00,403.73,407.16,403.5,406.29,293,14,0
2026-05-21 02:50:00,406.09,406.56,405.02,405.57,288,14,0
2026-05-21 03:00:00,405.71,406.34,402.62,403.01,284,14,0
2026-05-21 03:10:00,403.05,404.65,402.7,404.55,293,14,0
2026-05-21 03:20:00,404.5,406.43,404.11,406.43,286,14,0
2026-05-21 03:30:00,406.42,408.0,405.95,406.37,291,14,0
2026-05-21 03:40:00,406.45,407.26,403.36,403.91,290,14,0
2026-05-21 03:50:00,403.74,403.74,401.46,402.23,288,14,0
2026-05-21 04:00:00,402.3,406.36,401.36,405.11,282,14,0
2026-05-21 04:10:00,404.95,405.77,403.42,404.62,289,14,0
2026-05-21 04:20:00,404.51,404.73,402.03,403.58,279,14,0
2026-05-21 04:30:00,403.7,405.79,403.05,405.66,287,14,0
2026-05-21 04:40:00,405.56,405.91,400.98,401.54,291,14,0
2026-05-21 04:50:00,401.45,403.31,400.24,402.98,291,14,0
2026-05-21 05:00:00,402.91,405.82,402.56,404.63,290,14,0
2026-05-21 05:10:00,404.68,406.77,404.18,406.71,290,14,0
2026-05-21 05:20:00,406.66,407.58,405.43,406.82,293,14,0
2026-05-21 05:30:00,406.84,407.57,404.05,405.14,292,14,0
2026-05-21 05:40:00,405.3,407.51,404.73,405.71,287,14,0
2026-05-21 05:50:00,405.68,409.74,405.66,409.36,293,14,0
2026-05-21 06:00:00,409.6,412.35,408.99,410.48,285,14,0
2026-05-21 06:10:00,410.62,410.64,408.4,408.5,287,14,0
2026-05-21 06:20:00,408.41,408.71,407.39,408.58,283,14,0
2026-05-21 06:30:00,408.51,409.8,407.68,408.32,291,14,0
2026-05-21 06:40:00,408.24,409.31,406.73,407.23,289,14,0
2026-05-21 06:50:00,407.2,407.38,405.56,407.33,292,14,0
2026-05-21 07:00:00,407.21,407.46,405.07,406.25,289,14,0
2026-05-21 07:10:00,406.28,408.48,406.11,407.83,287,14,0
2026-05-21 07:20:00,407.86,408.51,406.75,407.62,286,14,0
2026-05-21 07:30:00,407.54,410.86,407.33,409.4,287,14,0
2026-05-21 07:40:00,409.37,410.01,406.73,409.54,288,14,0
2026-05-21 07:50:00,409.53,411.74,408.95,409.48,287,14,0
2026-05-21 08:00:00,409.47,410.2,407.31,408.87,292,14,0
2026-05-21 08:10:00,408.89,410.93,408.89,408.89,284,14,0
2026-05-21 08:20:00,409.04,409.43,407.62,408.36,280,14,0
2026-05-21 08:30:00,408.29,410.09,408.27,409.02,288,14,0
2026-05-21 08:40:00,408.98,410.12,408.25,410.12,290,14,0
2026-05-21 08:50:00,409.92,409.92,406.47,406.86,295,14,0
2026-05-21 09:00:00,406.82,407.61,405.33,406.84,291,14,0
2026-05-21 09:10:00,406.79,408.66,406.6,407.53,288,14,0
2026-05-21 09:20:00,407.43,407.43,405.11,405.19,288,14,0
2026-05-21 09:30:00,405.09,406.57,404.46,405.99,287,14,0
2026-05-21 09:40:00,406.08,406.22,403.87,405.65,291,14,0
2026-05-21 09:50:00,405.63,409.54,405.04,408.39,287,14,0
2026-05-21 10:00:00,408.35,409.71,407.02,409.18,287,14,0
2026-05-21 10:10:00,409.15,409.15,407.26,407.9,292,14,0
2026-05-21 10:20:00,407.81,407.98,405.23,405.23,290,14,0
2026-05-21 10:30:00,405.18,405.89,403.83,404.7,286,14,0
2026-05-21 10:40:00,404.83,405.1,402.61,402.81,288,14,0
2026-05-21 10:50:00,402.83,404.0,401.56,403.03,290,14,0
2026-05-21 11:00:00,403.1,405.83,402.09,405.61,286,14,0
2026-05-21 11:10:00,405.73,406.48,404.02,404.2,293,14,0
2026-05-21 11:20:00,404.11,404.77,402.24,404.54,293,14,0
2026-05-21 11:30:00,404.49,405.68,403.52,404.47,290,14,0
2026-05-21 11:40:00,404.59,407.67,404.53,407.67,282,14,0
2026-05-21 11:50:00,407.52,407.71,406.07,406.63,284,14,0
2026-05-21 12:00:00,406.56,406.94,405.54,406.78,287,14,0
2026-05-21 12:10:00,406.7,407.23,403.67,403.76,290,14,0
2026-05-21 12:20:00,403.66,405.83,403.21,404.31,285,14,0
2026-05-21 12:30:00,404.41,406.99,403.4,406.07,288,14,0
2026-05-21 12:40:00,405.99,407.26,403.55,403.55,288,14,0
2026-05-21 12:50:00,403.69,403.69,400.3,401.09,290,14,0
2026-05-21 13:00:00,401.17,402.53,400.03,401.45,294,14,0
2026-05-21 13:10:00,401.46,404.65,401.33,403.5,292,14,0
2026-05-21 13:20:00,403.5,407.16,403.5,405.38,293,14,0
2026-05-21 13:30:00,405.21,405.21,402.84,402.88,292,14,0
2026-05-21 13:40:00,402.88,403.15,401.19,403.15,293,14,0
2026-05-21 13:50:00,403.11,405.6,403.07,405.3,285,14,0
2026-05-21 14:00:00,405.19,405.35,403.31,404.78,286,14,0
2026-05-21 14:10:00,404.91,406.8,404.59,405.47,290,14,0
2026-05-21 14:20:00,405.59,405.62,402.64,404.1,294,14,0
2026-05-21 14:30:00,404.14,405.1,402.57,404.19,290,14,0
2026-05-21 14:40:00,404.04,405.28,403.04,404.3,290,14,0
2026-05-21 14:50:00,404.32,404.64,401.19,401.19,288,14,0
2026-05-21 15:00:00,401.15,401.65,397.17,398.24,288,14,0
2026-05-21 15:10:00,398.17,401.71,397.97,401.51,290,14,0
2026-05-21 15:20:00,401.63,402.18,398.47,398.99,291,14,0
2026-05-21 15:30:00,399.09,402.13,398.66,400.87,287,14,0
2026-05-21 15:40:00,401.01,402.73,400.58,402.05,292,14,0
2026-05-21 15:50:00,401.83,402.95,400.76,402.85,289,14,0
2026-05-21 16:00:00,403.04,406.57,402.46,406.57,292,14,0
2026-05-21 16:10:00,406.62,407.39,405.73,406.65,292,14,0
2026-05-21 16:20:00,406.7,407.8,406.25,407.35,284,14,0
2026-05-21 16:30:00,407.38,408.44,405.48,407.1,286,14,0
2026-05-21 16:40:00,407.12,407.12,403.34,404.97,291,14,0
2026-05-21 16:50:00,405.0,406.32,404.36,405.41,291,14,0
2026-05-21 17:00:00,405.45,405.45,403.46,404.86,290,14,0
2026-05-21 17:10:00,405.03,405.48,403.19,403.3,287,14,0
2026-05-21 17:20:00,403.22,405.66,402.55,403.79,283,14,0
2026-05-21 17:30:00,403.7,406.01,402.78,405.87,294,14,0
2026-05-21 17:40:00,405.77,406.95,404.39,406.07,293,14,0
2026-05-21 17:50:00,405.85,407.24,405.11,406.73,291,14,0
2026-05-21 18:00:00,406.67,408.29,406.55,407.77,292,14,0
2026-05-21 18:10:00,407.74,410.01,407.45,408.43,287,14,0
2026-05-21 18:20:00,408.42,408.87,405.7,407.24,288,14,0
2026-05-21 18:30:00,407.13,407.18,404.35,406.06,288,14,0
2026-05-21 18:40:00,406.13,406.74,404.05,404.73,285,14,0
2026-05-21 18:50:00,404.87,404.87,402.3,403.91,290,14,0
2026-05-21 19:00:00,403.87,406.24,403.87,405.75,289,14,0
2026-05-21 19:10:00,405.74,407.77,405.32,406.9,285,14,0
2026-05-21 19:20:00,406.84,410.19,406.51,410.19,292,14,0
2026-05-21 19:30:00,410.17,411.04,409.24,409.68,290,14,0
2026-05-21 19:40:00,409.63,410.47,407.3,407.51,286,14,0
2026-05-21 19:50:00,407.46,408.46,405.08,405.17,291,14,0
2026-05-21 20:00:00,405.05,406.31,404.07,405.87,286,14,0
2026-05-21 20:10:00,405.91,407.33,405.19,407.25,290,14,0
2026-05-21 20:20:00,407.19,409.56,406.76,409.28,291,14,0
2026-05-21 20:30:00,409.21,412.2,408.96,412.09,287,14,0
2026-05-21 20:40:00,411.99,414.29,411.78,412.98,285,14,0
2026-05-21 20:50:00,412.9,413.59,411.79,412.35,288,14,0
2026-05-21 21:00:00,412.35,413.03,411.62,412.04,292,14,0
2026-05-21 21:10:00,411.92,414.66,410.57,411.47,284,14,0
2026-05-21 21:20:00,411.4,412.03,409.11,409.26,289,14,0
2026-05-21 21:30:00,409.19,411.45,409.06,409.73,289,14,0
2026-05-21 21:40:00,409.76,410.42,408.19,409.44,287,14,0
2026-05-21 21:50:00,409.47,413.3,409.14,413.3,293,14,0
2026-05-21 22:00:00,413.22,413.29,410.35,410.38,289,14,0
2026-05-21 22:10:00,410.56,413.37,409.63,412.76,290,14,0
2026-05-21 22:20:00,412.75,413.56,411.18,411.93,288,14,0
2026-05-21 22:30:00,412.09,413.89,412.04,412.64,295,14,0
2026-05-21 22:40:00,412.5,412.81,409.38,410.26,293,14,0
2026-05-21 22:50:00,410.25,411.8,406.46,407.79,292,14,0
2026-05-21 23:00:00,407.85,408.71,406.16,407.04,292,14,0
2026-05-21 23:10:00,407.02,408.65,405.3,408.43,283,14,0
2026-05-21 23:20:00,408.49,409.96,405.41,405.41,291,14,0
2026-05-21 23:30:00,405.36,406.51,404.1,404.23,292,14,0
2026-05-21 23:40:00,404.22,404.22,401.05,401.43,290,14,0
2026-05-21 23:50:00,401.39,403.97,401.39,403.1,293,14,0
2026-05-22 00:00:00,403.0,403.82,401.57,402.88,290,14,0
2026-05-22 00:10:00,403.05,403.59,401.86,403.0,291,14,0
2026-05-22 00:20:00,403.09,404.0,402.4,403.55,292,14,0
2026-05-22 00:30:00,403.64,404.46,402.37,404.19,282,14,0
2026-05-22 00:40:00,404.27,404.37,401.83,403.45,285,14,0
2026-05-22 00:50:00,403.73,407.15,403.69,405.98,288,14,0
2026-05-22 01:00:00,406.19,408.37,405.9,407.66,278,14,0
2026-05-22 01:10:00,407.57,408.93,406.66,408.52,289,14,0
2026-05-22 01:20:00,408.5,409.77,407.77,409.31,281,14,0
2026-05-22 01:30:00,409.26,411.53,407.56,411.05,290,14,0
2026-05-22 01:40:00,410.92,412.9,410.48,411.0,287,14,0
2026-05-22 01:50:00,411.14,411.94,409.81,410.27,291,14,0
2026-05-22 02:00:00,410.27,410.68,407.67,408.66,284,14,0
2026-05-22 02:10:00,408.61,408.61,406.6,408.16,279,14,0
2026-05-22 02:20:00,408.29,408.86,407.03,407.39,286,14,0
2026-05-22 02:30:00,407.39,407.66,402.88,403.05,285,14,0
2026-05-22 02:40:00,403.17,406.42,403.17,405.4,290,14,0
2026-05-22 02:50:00,405.2,408.61,404.98,407.59,285,14,0
2026-05-22 03:00:00,407.4,408.49,406.86,407.7,288,14,0
2026-05-22 03:10:00,407.77,408.5,406.12,408.3,289,14,0
2026-05-22 03:20:00,408.47,411.85,408.42,411.85,286,14,0
2026-05-22 03:30:00,411.81,415.01,411.81,414.76,288,14,0
2026-05-22 03:40:00,414.86,416.32,414.49,416.08,286,14,0
2026-05-22 03:50:00,416.15,417.44,414.6,417.23,286,14,0
2026-05-22 04:00:00,417.3,419.34,416.55,418.99,287,14,0
2026-05-22 04:10:00,419.19,419.25,417.46,417.73,283,14,0
2026-05-22 04:20:00,417.71,420.61,416.35,416.35,291,14,0
2026-05-22 04:30:00,416.39,416.9,414.32,416.77,291,14,0
2026-05-22 04:40:00,416.59,416.74,413.42,414.55,291,14,0
2026-05-22 04:50:00,414.78,416.2,413.84,415.89,293,14,0
2026-05-22 05:00:00,415.87,416.8,413.42,413.73,292,14,0
2026-05-22 05:10:00,413.74,414.21,411.54,411.71,294,14,0
2026-05-22 05:20:00,411.76,413.27,411.13,411.65,288,14,0
2026-05-22 05:30:00,411.65,413.1,410.82,412.09,285,14,0
2026-05-22 05:40:00,411.99,412.73,410.09,410.79,290,14,0
2026-05-22 05:50:00,410.71,412.31,409.66,410.77,286,14,0
2026-05-22 06:00:00,410.89,411.24,408.75,409.62,292,14,0
2026-05-22 06:10:00,409.59,409.89,404.8,404.8,289,14,0
2026-05-22 06:20:00,404.85,404.85,402.09,403.05,289,14,0
2026-05-22 06:30:00,402.97,403.64,402.23,402.81,285,14,0
2026-05-22 06:40:00,402.87,403.71,400.9,403.05,292,14,0
2026-05-22 06:50:00,403.07,403.79,401.85,402.32,289,14,0
2026-05-22 07:00:00,402.47,403.55,401.01,401.41,288,14,0
2026-05-22 07:10:00,401.4,402.96,400.66,402.31,291,14,0
2026-05-22 07:20:00,402.32,405.69,401.74,405.21,288,14,0
2026-05-22 07:30:00,405.21,405.56,402.89,403.82,279,14,0
2026-05-22 07:40:00,403.94,404.87,402.22,403.29,283,14,0
2026-05-22 07:50:00,403.18,404.25,401.96,403.87,287,14,0
2026-05-22 08:00:00,403.91,404.5,400.41,400.53,289,14,0
2026-05-22 08:10:00,400.58,401.3,398.07,399.8,291,14,0
2026-05-22 08:20:00,399.91,403.14,398.78,403.07,286,14,0
2026-05-22 08:30:00,403.14,403.61,401.44,401.94,293,14,0
2026-05-22 08:40:00,401.97,402.12,397.46,397.61,285,14,0
2026-05-22 08:50:00,397.4,397.85,395.57,396.3,291,14,0
2026-05-22 09:00:00,396.39,400.21,396.25,400.21,296,14,0
2026-05-22 09:10:00,400.01,401.21,398.62,401.21,290,14,0
2026-05-22 09:20:00,401.26,402.81,401.01,401.27,295,14,0
2026-05-22 09:30:00,401.13,402.55,399.7,400.42,291,14,0
2026-05-22 09:40:00,400.36,401.14,399.65,400.54,291,14,0
2026-05-22 09:50:00,400.55,404.17,400.46,402.02,292,14,0
2026-05-22 10:00:00,402.0,403.47,401.34,402.81,285,14,0
2026-05-22 10:10:00,402.91,402.91,399.62,401.04,289,14,0
2026-05-22 10:20:00,401.06,401.09,398.5,399.88,292,14,0
2026-05-22 10:30:00,400.23,401.65,399.85,400.64,293,14,0
2026-05-22 10:40:00,400.55,401.06,399.08,401.06,288,14,0
2026-05-22 10:50:00,401.0,401.05,397.76,398.76,285,14,0
2026-05-22 11:00:00,398.9,400.07,397.74,398.26,285,14,0
2026-05-22 11:10:00,398.13,399.89,397.43,399.7,287,14,0
2026-05-22 11:20:00,399.75,404.15,399.24,403.99,291,14,0
2026-05-22 11:30:00,403.91,406.33,403.76,405.96,295,14,0
2026-05-22 11:40:00,405.7,406.25,402.0,402.26,292,14,0
2026-05-22 11:50:00,402.29,404.29,402.09,403.54,280,14,0
2026-05-22 12:00:00,403.7,407.71,403.18,406.69,283,14,0
2026-05-22 12:10:00,406.52,407.77,405.11,407.35,290,14,0
2026-05-22 12:20:00,407.46,407.5,405.43,406.09,290,14,0
2026-05-22 12:30:00,406.21,406.45,404.15,405.03,289,14,0
2026-05-22 12:40:00,404.99,406.49,403.86,406.49,289,14,0
2026-05-22 12:50:00,406.43,406.43,403.4,403.89,288,14,0
2026-05-22 13:00:00,403.77,405.97,403.77,405.32,286,14,0
2026-05-22 13:10:00,405.48,408.21,405.47,407.31,292,14,0
2026-05-22 13:20:00,407.27,407.27,403.11,403.34,289,14,0
2026-05-22 13:30:00,403.29,403.31,401.45,401.47,287,14,0
2026-05-22 13:40:00,401.57,402.89,400.22,401.54,294,14,0
2026-05-22 13:50:00,401.6,406.34,401.6,406.34,290,14,0
2026-05-22 14:00:00,406.35,407.0,405.33,406.47,289,14,0
2026-05-22 14:10:00,406.56,406.73,404.44,406.73,289,14,0
2026-05-22 14:20:00,406.6,408.09,405.88,408.09,289,14,0
2026-05-22 14:30:00,408.19,408.75,407.34,408.31,292,14,0
2026-05-22 14:40:00,408.32,409.46,407.5,408.91,292,14,0
2026-05-22 14:50:00,408.78,408.95,406.34,408.45,285,14,0
2026-05-22 15:00:00,408.47,412.68,408.4,411.03,294,14,0
2026-05-22 15:10:00,411.14,412.72,411.04,411.91,291,14,0
2026-05-22 15:20:00,411.92,412.39,410.22,410.86,291,14,0
2026-05-22 15:30:00,411.08,413.99,411.08,413.99,290,14,0
2026-05-22 15:40:00,414.08,414.94,412.59,414.69,288,14,0
2026-05-22 15:50:00,414.7,415.03,410.14,410.18,293,14,0
2026-05-22 16:00:00,409.96,410.82,408.51,409.3,285,14,0
2026-05-22 16:10:00,409.42,410.59,408.23,408.75,290,14,0
2026-05-22 16:20:00,408.93,410.85,408.62,408.71,288,14,0
2026-05-22 16:30:00,408.73,409.75,406.38,407.67,283,14,0
2026-05-22 16:40:00,407.97,411.73,407.84,410.6,286,14,0
2026-05-22 16:50:00,410.5,410.79,408.83,409.92,284,14,0
2026-05-22 17:00:00,410.04,413.63,410.04,413.16,290,14,0
2026-05-22 17:10:00,413.23,413.49,411.68,412.83,291,14,0
2026-05-22 17:20:00,412.86,413.46,411.72,412.86,289,14,0
2026-05-22 17:30:00,413.02,413.5,410.65,412.18,287,14,0
2026-05-22 17:40:00,412.09,414.71,411.43,412.4,284,14,0
2026-05-22 17:50:00,412.35,412.75,409.46,409.46,291,14,0
2026-05-22 18:00:00,409.39,411.98,408.88,411.55,285,14,0
2026-05-22 18:10:00,411.34,411.53,409.81,411.27,288,14,0
2026-05-22 18:20:00,411.42,413.17,410.78,412.12,288,14,0
2026-05-22 18:30:00,411.91,413.21,411.51,412.77,289,14,0
2026-05-22 18:40:00,412.88,413.02,408.6,408.88,286,14,0
2026-05-22 18:50:00,408.94,409.47,405.99,407.11,288,14,0
2026-05-22 19:00:00,407.18,408.69,403.49,403.96,290,14,0
2026-05-22 19:10:00,403.94,406.06,403.58,405.7,295,14,0
2026-05-22 19:20:00,405.64,406.5,404.52,405.93,289,14,0
2026-05-22 19:30:00,406.18,408.66,405.84,405.91,292,14,0
2026-05-22 19:40:00,405.86,406.77,403.76,403.99,290,14,0
2026-05-22 19:50:00,404.15,405.2,402.09,402.75,292,14,0
2026-05-22 20:00:00,402.72,403.8,401.77,402.41,289,14,0
2026-05-22 20:10:00,402.43,403.05,401.43,401.73,289,14,0
2026-05-22 20:20:00,401.78,402.98,401.37,401.99,293,14,0
2026-05-22 20:30:00,401.91,403.17,400.7,401.69,293,14,0
2026-05-22 20:40:00,401.47,402.69,399.82,401.93,288,14,0
2026-05-22 20:50:00,401.82,402.05,399.67,401.04,283,14,0
2026-05-22 21:00:00,401.02,401.72,398.61,398.93,290,14,0
2026-05-22 21:10:00,399.13,400.19,397.96,398.04,287,14,0
2026-05-22 21:20:00,398.04,399.73,397.3,399.15,290,14,0
2026-05-22 21:30:00,399.16,399.87,398.07,399.38,287,14,0
2026-05-22 21:40:00,399.39,400.91,399.33,400.42,283,14,0
2026-05-22 21:50:00,400.24,402.19,398.84,398.84,288,14,0
2026-05-22 22:00:00,398.8,400.31,397.64,399.79,285,14,0
2026-05-22 22:10:00,399.77,401.2,398.41,400.98,288,14,0
2026-05-22 22:20:00,400.89,402.64,400.86,401.77,292,14,0
2026-05-22 22:30:00,401.74,403.07,400.06,402.3,290,14,0
2026-05-22 22:40:00,402.19,402.79,400.81,401.92,292,14,0
2026-05-22 22:50:00,402.11,404.51,401.92,403.5,290,14,0
2026-05-22 23:00:00,403.44,403.84,401.18,401.32,293,14,0
2026-05-22 23:10:00,401.29,403.17,401.0,402.51,292,14,0
2026-05-22 23:20:00,402.58,404.11,401.1,403.21,291,14,0
2026-05-22 23:30:00,403.18,403.24,401.19,401.44,295,14,0
2026-05-22 23:40:00,401.3,401.89,399.08,399.4,288,14,0
2026-05-22 23:50:00,399.35,399.73,397.38,399.73,289,7,0
2026-05-23 00:00:00,399.54,400.97,397.02,397.37,288,7,0
2026-05-23 00:10:00,397.26,399.07,396.91,398.9,289,7,0
2026-05-23 00:20:00,398.87,400.34,398.47,400.34,294,7,0
2026-05-23 00:30:00,400.26,400.42,397.39,397.77,283,7,0
2026-05-23 00:40:00,397.57,399.63,396.95,398.64,296,7,0
2026-05-23 00:50:00,398.8,399.39,396.95,397.44,285,7,0
2026-05-23 01:00:00,397.46,399.36,396.53,399.35,291,7,0
2026-05-23 01:10:00,399.46,400.82,398.13,398.28,285,7,0
2026-05-23 01:20:00,398.28,399.61,398.19,399.23,279,7,0
2026-05-23 01:30:00,399.19,400.66,397.9,398.01,286,7,0
2026-05-23 01:40:00,397.94,398.57,395.77,397.65,290,7,0
2026-05-23 01:50:00,397.77,400.06,397.59,399.79,287,7,0
2026-05-23 02:00:00,399.68,400.0,397.05,398.46,286,7,0
2026-05-23 02:10:00,398.4,399.79,396.97,399.68,286,7,0
2026-05-23 02:20:00,399.65,403.33,399.65,402.2,290,7,0
2026-05-23 02:30:00,402.24,402.35,399.39,401.22,289,7,0
2026-05-23 02:40:00,401.37,401.71,398.68,398.89,281,7,0
2026-05-23 02:50:00,398.82,399.74,397.56,398.66,286,7,0
2026-05-23 03:00:00,398.49,399.17,395.78,397.5,283,7,0
2026-05-23 03:10:00,397.58,397.74,396.27,397.37,290,7,0
2026-05-23 03:20:00,397.42,398.82,396.33,398.81,290,7,0
2026-05-23 03:30:00,398.9,399.14,394.35,394.35,288,7,0
2026-05-23 03:40:00,394.13,395.98,393.45,395.67,288,7,0
2026-05-23 03:50:00,395.67,397.85,395.67,397.55,294,7,0
2026-05-23 04:00:00,397.52,400.75,397.4,398.31,285,7,0
2026-05-23 04:10:00,398.22,399.09,397.19,398.94,287,7,0
2026-05-23 04:20:00,398.98,401.08,398.0,398.75,295,7,0
2026-05-23 04:30:00,398.8,399.46,396.38,398.22,289,7,0
2026-05-23 04:40:00,398.13,398.2,395.08,395.41,291,7,0
2026-05-23 04:50:00,395.33,397.32,394.7,396.86,295,7,0
2026-05-23 05:00:00,397.05,398.14,396.11,397.54,293,7,0
2026-05-23 05:10:00,397.61,398.92,396.02,398.55,290,7,0
2026-05-23 05:20:00,398.59,398.9,394.12,395.21,288,7,0
2026-05-23 05:30:00,395.25,395.72,393.67,395.03,293,7,0
2026-05-23 05:40:00,395.13,398.0,395.07,397.79,287,7,0
2026-05-23 05:50:00,397.73,398.68,396.66,398.31,289,7,0
2026-05-23 06:00:00,398.37,400.85,398.3,398.39,294,7,0
2026-05-23 06:10:00,398.45,400.72,398.37,400.4,286,7,0
2026-05-23 06:20:00,400.51,402.39,399.32,399.35,286,7,0
2026-05-23 06:30:00,399.53,399.53,397.3,397.88,283,7,0
2026-05-23 06:40:00,397.8,398.92,397.06,397.66,289,7,0
2026-05-23 06:50:00,397.58,399.75,396.42,399.47,290,7,0
2026-05-23 07:00:00,399.57,400.37,398.93,399.86,292,7,0
2026-05-23 07:10:00,399.99,402.13,399.36,402.13,285,7,0
2026-05-23 07:20:00,402.1,402.44,398.91,400.92,286,7,0
2026-05-23 07:30:00,401.12,401.91,400.33,401.12,291,7,0
2026-05-23 07:40:00,401.0,401.34,398.13,398.73,296,7,0
2026-05-23 07:50:00,398.89,398.95,396.17,397.2,286,7,0
2026-05-23 08:00:00,397.28,398.13,395.7,396.49,290,7,0
2026-05-23 08:10:00,396.47,396.64,391.71,392.3,287,7,0
2026-05-23 08:20:00,392.31,392.52,391.14,392.24,284,7,0
2026-05-23 08:30:00,392.48,392.66,390.32,390.42,287,7,0
2026-05-23 08:40:00,390.44,393.02,390.25,392.0,290,7,0
2026-05-23 08:50:00,391.98,394.44,391.6,394.14,288,7,0
2026-05-23 09:00:00,394.1,394.68,392.72,393.68,291,7,0
2026-05-23 09:10:00,393.73,394.45,392.69,393.96,285,7,0
2026-05-23 09:20:00,394.08,394.08,392.24,393.3,291,7,0
2026-05-23 09:30:00,393.37,394.7,391.98,392.45,284,7,0
2026-05-23 09:40:00,392.42,393.46,390.46,390.57,284,7,0
2026-05-23 09:50:00,390.63,392.46,390.24,390.94,295,7,0
2026-05-23 10:00:00,390.87,392.69,390.3,391.4,287,7,0
2026-05-23 10:10:00,391.38,392.86,391.06,391.68,292,7,0
2026-05-23 10:20:00,391.83,392.33,389.82,390.16,288,7,0
2026-05-23 10:30:00,390.29,391.17,388.94,390.15,293,7,0
2026-05-23 10:40:00,390.27,392.77,390.01,392.77,289,7,0
2026-05-23 10:50:00,392.68,394.61,391.92,392.43,288,7,0
2026-05-23 11:00:00,392.37,394.73,390.61,391.16,290,7,0
2026-05-23 11:10:00,391.0,391.0,388.73,390.03,292,7,0
2026-05-23 11:20:00,390.19,391.58,388.36,391.26,284,7,0
2026-05-23 11:30:00,391.28,391.45,389.96,390.64,291,7,0
2026-05-23 11:40:00,390.65,392.99,390.32,392.14,288,7,0
2026-05-23 11:50:00,392.1,392.8,390.58,390.8,281,7,0
2026-05-23 12:00:00,390.78,394.1,390.26,393.13,293,7,0
2026-05-23 12:10:00,393.27,394.08,391.65,393.63,285,7,0
2026-05-23 12:20:00,393.7,396.95,393.29,396.68,291,7,0
2026-05-23 12:30:00,396.62,398.14,395.7,397.76,292,7,0
2026-05-23 12:40:00,397.48,398.94,396.91,398.86,286,7,0
2026-05-23 12:50:00,399.0,399.19,396.5,397.62,290,7,0
2026-05-23 13:00:00,397.7,397.7,395.5,397.61,286,7,0
2026-05-23 13:10:00,397.54,397.77,395.11,396.18,294,7,0
2026-05-23 13:20:00,396.11,396.72,395.11,395.99,292,7,0
2026-05-23 13:30:00,396.0,396.21,392.11,392.11,293,7,0
2026-05-23 13:40:00,392.17,394.03,391.94,392.67,290,7,0
2026-05-23 13:50:00,392.8,392.96,390.25,391.1,287,7,0
2026-05-23 14:00:00,391.09,394.97,390.74,394.48,286,7,0
2026-05-23 14:10:00,394.45,394.93,391.05,391.1,287,7,0
2026-05-23 14:20:00,391.13,391.77,389.2,389.89,292,7,0
2026-05-23 14:30:00,389.98,391.26,389.52,389.88,294,7,0
2026-05-23 14:40:00,389.86,390.27,386.98,387.65,288,7,0
2026-05-23 14:50:00,387.62,387.79,386.32,386.78,284,7,0
2026-05-23 15:00:00,386.95,387.9,386.25,387.07,294,7,0
2026-05-23 15:10:00,387.11,388.99,386.3,388.4,289,7,0
2026-05-23 15:20:00,388.52,389.25,386.22,388.38,286,7,0
2026-05-23 15:30:00,388.28,388.35,384.19,384.25,291,7,0
2026-05-23 15:40:00,384.08,386.19,382.82,384.52,284,7,0
2026-05-23 15:50:00,384.58,385.29,383.79,384.84,286,7,0
2026-05-23 16:00:00,385.01,386.07,384.36,385.09,284,7,0
2026-05-23 16:10:00,385.32,386.24,382.75,383.08,292,7,0
2026-05-23 16:20:00,383.19,384.64,382.08,383.03,292,7,0
2026-05-23 16:30:00,383.04,383.32,379.37,380.0,290,7,0
2026-05-23 16:40:00,380.02,380.44,378.68,380.44,285,7,0
2026-05-23 16:50:00,380.45,382.09,379.44,379.44,284,7,0
2026-05-23 17:00:00,379.47,380.22,378.33,379.19,292,7,0
2026-05-23 17:10:00,379.11,380.65,378.57,380.26,284,7,0
2026-05-23 17:20:00,380.12,380.68,379.27,379.34,289,7,0
2026-05-23 17:30:00,379.26,379.83,377.84,379.41,289,7,0
2026-05-23 17:40:00,379.37,381.3,379.01,379.53,292,7,0
2026-05-23 17:50:00,379.42,380.47,378.83,380.05,289,7,0
2026-05-23 18:00:00,379.89,380.79,379.34,380.51,283,7,0
2026-05-23 18:10:00,380.32,381.6,378.41,379.31,288,7,0
2026-05-23 18:20:00,379.19,379.74,377.43,379.46,283,7,0
2026-05-23 18:30:00,379.3,380.5,378.3,378.72,288,7,0
2026-05-23 18:40:00,378.44,379.67,378.24,379.16,291,7,0
2026-05-23 18:50:00,379.2,380.71,377.84,380.09,286,7,0
2026-05-23 19:00:00,380.06,380.88,379.24,380.09,281,7,0
2026-05-23 19:10:00,380.04,380.29,376.78,377.46,290,7,0
2026-05-23 19:20:00,377.53,377.58,374.41,374.42,282,7,0
2026-05-23 19:30:00,374.42,374.86,372.96,373.47,287,7,0
2026-05-23 19:40:00,373.61,375.68,373.35,374.65,285,7,0
2026-05-23 19:50:00,374.56,375.78,373.6,373.76,286,7,0
2026-05-23 20:00:00,373.86,374.19,372.17,373.9,288,7,0
2026-05-23 20:10:00,373.98,375.07,373.78,374.37,288,7,0
2026-05-23 20:20:00,374.43,374.96,371.86,372.16,281,7,0
2026-05-23 20:30:00,372.1,372.66,370.89,371.38,287,7,0
2026-05-23 20:40:00,371.49,371.76,368.43,369.18,287,7,0
2026-05-23 20:50:00,369.16,371.9,368.93,371.48,290,7,0
2026-05-23 21:00:00,371.42,372.26,370.01,370.64,294,7,0
2026-05-23 21:10:00,370.73,371.64,369.25,369.82,282,7,0
2026-05-23 21:20:00,369.67,372.19,368.87,371.61,288,7,0
2026-05-23 21:30:00,371.51,373.24,371.12,372.13,286,7,0
2026-05-23 21:40:00,372.2,373.22,371.92,372.02,285,7,0
2026-05-23 21:50:00,371.95,373.98,371.84,373.88,279,7,0
2026-05-23 22:00:00,373.86,374.54,372.08,373.11,287,7,0
2026-05-23 22:10:00,373.04,374.42,372.36,372.89,293,7,0
2026-05-23 22:20:00,372.88,374.25,372.53,372.61,288,7,0
2026-05-23 22:30:00,372.52,373.2,370.79,372.44,286,7,0
2026-05-23 22:40:00,372.57,374.25,372.54,373.46,289,7,0
2026-05-23 22:50:00,373.45,374.18,370.77,371.91,289,7,0
2026-05-23 23:00:00,371.8,371.94,368.57,369.7,284,7,0
2026-05-23 23:10:00,369.76,371.37,369.62,369.89,290,7,0
2026-05-23 23:20:00,369.98,373.24,369.74,373.24,288,7,0
2026-05-23 23:30:00,373.14,376.86,372.56,376.51,292,7,0
2026-05-23 23:40:00,376.68,379.74,376.46,378.48,288,7,0
2026-05-23 23:50:00,378.48,378.65,377.55,377.69,289,7,0
2026-05-24 00:00:00,377.62,378.96,377.06,377.67,288,7,0
2026-05-24 00:10:00,377.64,379.05,377.14,378.7,287,7,0
2026-05-24 00:20:00,378.67,380.36,377.82,379.12,290,7,0
2026-05-24 00:30:00,379.23,379.25,376.14,376.62,288,7,0
2026-05-24 00:40:00,376.71,377.99,375.32,377.42,287,7,0
2026-05-24 00:50:00,377.41,377.98,375.39,377.85,282,7,0
2026-05-24 01:00:00,377.96,378.85,376.11,376.13,291,7,0
2026-05-24 01:10:00,376.14,376.14,373.01,373.84,280,7,0
2026-05-24 01:20:00,373.79,375.1,371.91,372.26,290,7,0
2026-05-24 01:30:00,372.33,374.77,371.58,374.75,288,7,0
2026-05-24 01:40:00,374.65,374.97,373.48,373.48,287,7,0
2026-05-24 01:50:00,373.37,376.63,373.17,376.17,286,7,0
2026-05-24 02:00:00,376.19,378.05,375.2,377.79,292,7,0
2026-05-24 02:10:00,377.84,378.64,376.73,377.66,288,7,0
2026-05-24 02:20:00,377.67,380.23,377.47,379.94,294,7,0
2026-05-24 02:30:00,380.04,381.34,379.7,381.1,290,7,0
2026-05-24 02:40:00,381.07,381.07,378.42,379.54,289,7,0
2026-05-24 02:50:00,379.42,381.11,378.42,381.11,284,7,0
2026-05-24 03:00:00,381.05,381.45,379.95,380.72,288,7,0
2026-05-24 03:10:00,380.81,381.66,378.94,380.04,286,7,0
2026-05-24 03:20:00,379.95,382.79,379.34,381.74,290,7,0
2026-05-24 03:30:00,381.71,381.77,379.31,380.17,289,7,0
2026-05-24 03:40:00,380.14,380.72,378.89,379.81,288,7,0
2026-05-24 03:50:00,379.96,379.96,377.89,379.51,289,7,0
2026-05-24 04:00:00,379.49,380.41,378.87,379.36,286,7,0
2026-05-24 04:10:00,379.17,379.8,377.36,379.14,283,7,0
2026-05-24 04:20:00,379.15,379.44,376.47,378.07,288,7,0
2026-05-24 04:30:00,378.06,379.96,377.72,379.65,284,7,0
2026-05-24 04:40:00,379.5,380.43,378.13,378.89,294,7,0
2026-05-24 04:50:00,378.84,379.01,375.84,377.26,280,7,0
2026-05-24 05:00:00,377.4,377.91,375.02,375.67,289,7,0
2026-05-24 05:10:00,375.64,378.13,375.51,377.73,291,7,0
2026-05-24 05:20:00,377.74,379.01,376.99,379.0,288,7,0
2026-05-24 05:30:00,378.94,380.49,378.84,379.43,291,7,0
2026-05-24 05:40:00,379.47,381.28,379.22,380.54,292,7,0
2026-05-24 05:50:00,380.49,380.7,379.56,379.88,284,7,0
2026-05-24 06:00:00,379.92,383.43,379.68,382.82,287,7,0
2026-05-24 06:10:00,382.77,383.74,381.71,382.82,288,7,0
2026-05-24 06:20:00,382.83,384.01,381.77,382.72,289,7,0
2026-05-24 06:30:00,382.77,384.75,382.76,383.72,284,7,0
2026-05-24 06:40:00,383.81,384.97,383.41,384.09,288,7,0
2026-05-24 06:50:00,384.17,384.99,382.99,384.04,283,7,0
2026-05-24 07:00:00,384.06,385.16,382.41,382.64,289,7,0
2026-05-24 07:10:00,382.61,382.8,379.78,380.01,295,7,0
2026-05-24 07:20:00,380.04,381.98,380.03,381.47,289,7,0
2026-05-24 07:30:00,381.45,384.8,381.11,382.54,283,7,0
2026-05-24 07:40:00,382.53,383.53,381.78,382.09,287,7,0
2026-05-24 07:50:00,382.13,382.61,381.01,382.03,284,7,0
2026-05-24 08:00:00,381.98,385.27,381.36,384.48,286,7,0
2026-05-24 08:10:00,384.3,384.91,382.84,383.38,290,7,0
2026-05-24 08:20:00,383.27,385.14,381.59,381.87,283,7,0
2026-05-24 08:30:00,381.72,382.42,378.02,378.33,293,7,0
2026-05-24 08:40:00,378.2,380.98,377.69,379.77,289,7,0
2026-05-24 08:50:00,379.53,380.24,378.87,379.09,293,7,0
2026-05-24 09:00:00,379.17,381.62,378.91,381.04,288,7,0
2026-05-24 09:10:00,380.94,383.6,379.77,383.6,281,7,0
2026-05-24 09:20:00,383.4,385.97,382.99,385.0,291,7,0
2026-05-24 09:30:00,384.96,385.45,382.45,382.62,283,7,0
2026-05-24 09:40:00,382.65,386.46,382.62,385.97,285,7,0
2026-05-24 09:50:00,385.88,386.83,383.19,383.38,286,7,0
2026-05-24 10:00:00,383.35,383.68,382.29,383.36,285,7,0
2026-05-24 10:10:00,383.35,383.95,380.89,380.89,284,7,0
2026-05-24 10:20:00,380.86,381.49,380.11,380.46,283,7,0
2026-05-24 10:30:00,380.36,382.31,380.02,381.68,290,7,0
2026-05-24 10:40:00,381.85,382.25,379.55,380.42,289,7,0
2026-05-24 10:50:00,380.46,380.69,378.62,379.96,290,7,0
2026-05-24 11:00:00,380.1,381.28,378.68,381.0,292,7,0
2026-05-24 11:10:00,380.89,382.26,380.02,381.46,288,7,0
2026-05-24 11:20:00,381.39,383.81,381.05,383.51,287,7,0
2026-05-24 11:30:00,383.54,384.71,382.47,384.34,292,7,0
2026-05-24 11:40:00,384.3,385.56,384.3,384.72,293,7,0
2026-05-24 11:50:00,384.81,385.01,382.78,382.78,290,7,0
2026-05-24 12:00:00,382.78,384.07,381.78,383.04,282,7,0
2026-05-24 12:10:00,383.15,383.73,380.5,380.85,287,7,0
2026-05-24 12:20:00,380.85,382.69,380.55,381.99,289,7,0
2026-05-24 12:30:00,382.05,384.56,382.05,383.59,287,7,0
2026-05-24 12:40:00,383.58,384.26,382.52,384.18,290,7,0
2026-05-24 12:50:00,384.25,385.24,383.18,384.0,292,7,0
2026-05-24 13:00:00,383.72,384.56,382.35,384.37,289,7,0
2026-05-24 13:10:00,384.26,385.33,382.32,384.46,289,7,0
2026-05-24 13:20:00,384.65,385.97,384.21,384.6,293,7,0
2026-05-24 13:30:00,384.54,384.56,382.17,382.76,289,7,0
2026-05-24 13:40:00,382.84,384.91,381.8,382.48,286,7,0
2026-05-24 13:50:00,382.56,382.66,380.12,380.51,284,7,0
2026-05-24 14:00:00,380.49,381.74,380.07,380.71,286,7,0
2026-05-24 14:10:00,380.53,381.07,379.98,380.45,295,7,0
2026-05-24 14:20:00,380.46,382.61,379.95,380.51,291,7,0
2026-05-24 14:30:00,380.75,380.92,378.08,378.65,292,7,0
2026-05-24 14:40:00,378.63,380.03,377.71,377.83,293,7,0
2026-05-24 14:50:00,377.76,378.21,376.44,376.54,289,7,0
2026-05-24 15:00:00,376.53,377.14,374.43,374.73,282,7,0
2026-05-24 15:10:00,374.63,375.04,373.32,374.01,282,7,0
2026-05-24 15:20:00,373.87,375.85,373.82,375.04,291,7,0
2026-05-24 15:30:00,375.27,375.35,372.28,373.46,285,7,0
2026-05-24 15:40:00,373.66,373.86,371.54,372.91,289,7,0
2026-05-24 15:50:00,372.97,374.3,371.44,373.7,284,7,0
2026-05-24 16:00:00,373.72,374.51,370.5,370.92,284,7,0
2026-05-24 16:10:00,370.79,370.96,368.03,368.37,289,7,0
2026-05-24 16:20:00,368.21,369.47,367.27,367.96,288,7,0
2026-05-24 16:30:00,367.92,369.04,367.44,367.45,285,7,0
2026-05-24 16:40:00,367.55,369.86,367.15,369.69,284,7,0
2026-05-24 16:50:00,369.76,373.34,368.48,373.25,283,7,0
2026-05-24 17:00:00,373.16,373.63,372.33,373.43,285,7,0
2026-05-24 17:10:00,373.48,374.8,372.82,373.89,289,7,0
2026-05-24 17:20:00,374.16,376.22,374.16,375.71,289,7,0
2026-05-24 17:30:00,375.61,377.24,373.81,376.8,288,7,0
2026-05-24 17:40:00,376.91,378.19,376.23,376.87,293,7,0
2026-05-24 17:50:00,376.97,377.47,375.73,376.42,290,7,0
2026-05-24 18:00:00,376.45,378.6,376.23,377.5,288,7,0
2026-05-24 18:10:00,377.52,378.29,375.98,376.49,292,7,0
2026-05-24 18:20:00,376.63,378.82,376.56,376.91,288,7,0
2026-05-24 18:30:00,376.92,377.96,375.64,377.15,288,7,0
2026-05-24 18:40:00,377.11,378.44,375.96,376.71,285,7,0
2026-05-24 18:50:00,376.74,378.0,376.43,377.9,292,7,0
2026-05-24 19:00:00,377.95,380.65,377.89,380.62,289,7,0
2026-05-24 19:10:00,380.79,381.1,379.17,379.4,287,7,0
2026-05-24 19:20:00,379.39,380.86,379.23,379.45,286,7,0
2026-05-24 19:30:00,379.54,379.68,377.29,379.25,290,7,0
2026-05-24 19:40:00,379.12,382.05,378.97,381.94,289,7,0
2026-05-24 19:50:00,382.15,383.96,381.77,383.7,286,7,0
2026-05-24 20:00:00,383.64,385.85,383.63,385.01,289,7,0
2026-05-24 20:10:00,385.17,386.28,384.54,386.28,281,7,0
2026-05-24 20:20:00,386.35,388.28,386.09,387.83,284,7,0
2026-05-24 20:30:00,387.93,390.05,387.26,389.94,290,7,0
2026-05-24 20:40:00,389.97,393.71,389.97,393.38,285,7,0
2026-05-24 20:50:00,393.39,393.75,391.48,391.67,294,7,0
2026-05-24 21:00:00,391.57,392.48,390.41,392.02,292,7,0
2026-05-24 21:10:00,392.08,392.75,390.41,390.69,283,7,0
2026-05-24 21:20:00,390.66,390.92,388.79,390.42,284,7,0
2026-05-24 21:30:00,390.55,394.06,390.48,393.96,285,7,0
2026-05-24 21:40:00,394.07,395.62,393.87,394.11,289,7,0
2026-05-24 21:50:00,394.14,394.74,393.13,393.62,289,7,0
2026-05-24 22:00:00,393.49,393.89,390.65,391.22,290,7,0
2026-05-24 22:10:00,391.35,391.74,389.77,390.08,285,7,0
2026-05-24 22:20:00,390.13,391.07,388.15,388.39,284,7,0
2026-05-24 22:30:00,388.45,388.7,385.74,387.1,295,7,0
2026-05-24 22:40:00,387.1,387.91,385.95,385.95,286,7,0
2026-05-24 22:50:00,385.95,387.95,385.21,387.9,292,7,0
2026-05-24 23:00:00,388.01,388.01,386.0,387.24,288,7,0
2026-05-24 23:10:00,387.61,389.23,387.1,387.56,293,7,0
2026-05-24 23:20:00,387.69,389.13,387.58,388.63,290,7,0
2026-05-24 23:30:00,388.53,388.7,386.65,388.39,286,7,0
2026-05-24 23:40:00,388.22,389.0,386.01,388.93,284,7,0
2026-05-24 23:50:00,389.05,389.88,388.43,388.86,286,7,0
2026-05-25 00:00:00,388.96,391.69,388.74,390.3,292,7,0
2026-05-25 00:10:00,390.43,391.87,389.79,390.78,289,14,0
2026-05-25 00:20:00,390.82,392.21,388.96,389.96,297,14,0
2026-05-25 00:30:00,389.89,391.82,389.52,390.04,288,14,0
2026-05-25 00:40:00,389.85,390.07,387.27,387.78,287,14,0
2026-05-25 00:50:00,387.74,387.91,386.27,386.32,287,14,0
2026-05-25 01:00:00,386.27,386.34,384.51,385.63,283,14,0
2026-05-25 01:10:00,385.58,386.74,382.81,382.81,290,14,0
2026-05-25 01:20:00,382.78,387.21,382.67,385.86,286,14,0
2026-05-25 01:30:00,385.86,385.86,381.2,384.03,291,14,0
2026-05-25 01:40:00,384.25,386.05,383.91,385.5,292,14,0
2026-05-25 01:50:00,385.49,387.68,384.97,387.0,291,14,0
2026-05-25 02:00:00,386.95,388.32,384.28,384.35,290,14,0
2026-05-25 02:10:00,384.37,384.37,381.67,381.81,288,14,0
2026-05-25 02:20:00,381.72,385.67,381.72,385.09,285,14,0
2026-05-25 02:30:00,385.16,385.93,383.86,384.06,289,14,0
2026-05-25 02:40:00,383.96,386.39,383.68,385.2,287,14,0
2026-05-25 02:50:00,385.09,385.39,383.22,383.91,287,14,0
2026-05-25 03:00:00,384.03,386.67,383.67,385.68,290,14,0
2026-05-25 03:10:00,385.67,385.82,381.64,381.64,282,14,0
2026-05-25 03:20:00,381.65,382.51,380.1,380.67,289,14,0
2026-05-25 03:30:00,380.64,380.64,377.72,378.54,289,14,0
2026-05-25 03:40:00,378.64,378.95,377.29,378.78,290,14,0
2026-05-25 03:50:00,378.81,379.6,376.05,379.15,290,14,0
2026-05-25 04:00:00,379.21,379.78,377.85,379.13,281,14,0
2026-05-25 04:10:00,379.2,380.13,377.75,379.5,283,14,0
2026-05-25 04:20:00,379.62,381.87,379.16,381.57,288,14,0
2026-05-25 04:30:00,381.62,382.72,380.59,381.48,290,13,0
2026-05-25 04:40:00,381.5,382.89,380.6,382.05,289,13,0
2026-05-25 04:50:00,382.05,382.47,379.93,381.25,291,13,0
2026-05-25 05:00:00,381.22,382.44,380.45,380.9,289,13,0
2026-05-25 05:10:00,380.89,381.46,379.09,379.15,290,13,0
2026-05-25 05:20:00,379.15,379.63,377.15,377.59,286,13,0
2026-05-25 05:30:00,377.46,377.81,376.11,376.23,291,13,0
2026-05-25 05:40:00,376.35,379.45,375.56,378.68,286,13,0
2026-05-25 05:50:00,378.7,380.75,378.3,378.8,287,13,0
2026-05-25 06:00:00,378.85,379.78,377.58,377.8,287,13,0
2026-05-25 06:10:00,377.84,378.35,375.61,378.14,296,13,0
2026-05-25 06:20:00,378.18,379.86,377.43,378.77,287,13,0
2026-05-25 06:30:00,378.8,379.91,377.2,377.31,294,13,0
2026-05-25 06:40:00,377.31,377.82,375.8,376.11,292,13,0
2026-05-25 06:50:00,376.15,376.21,373.7,373.93,284,13,0
2026-05-25 07:00:00,373.91,374.53,373.39,374.15,287,13,0
2026-05-25 07:10:00,373.98,376.93,373.87,376.44,281,13,0
2026-05-25 07:20:00,376.39,377.42,375.37,377.06,285,13,0
2026-05-25 07:30:00,377.02,379.12,376.9,377.2,282,13,0
2026-05-25 07:40:00,377.22,379.89,377.22,379.77,287,13,0
2026-05-25 07:50:00,379.78,379.85,377.83,379.85,283,13,0
2026-05-25 08:00:00,379.85,380.01,373.7,373.86,287,13,0
2026-05-25 08:10:00,373.95,376.07,373.95,374.97,292,13,0
2026-05-25 08:20:00,374.96,375.09,372.63,374.89,284,13,0
2026-05-25 08:30:00,375.02,376.99,374.53,376.17,287,13,0
2026-05-25 08:40:00,376.33,378.21,376.26,378.15,288,13,0
2026-05-25 08:50:00,378.12,379.07,376.63,377.22,286,13,0
2026-05-25 09:00:00,377.31,379.95,377.16,379.62,289,13,0
2026-05-25 09:10:00,379.73,379.83,376.31,377.2,292,13,0
2026-05-25 09:20:00,377.08,377.15,374.41,375.07,292,13,0
2026-05-25 09:30:00,375.13,377.48,374.65,377.18,292,13,0
2026-05-25 09:40:00,377.01,377.81,375.87,376.95,287,13,0
2026-05-25 09:50:00,376.92,377.52,374.59,375.39,286,13,0
2026-05-25 10:00:00,375.56,376.89,374.47,375.41,287,13,0
2026-05-25 10:10:00,375.6,376.53,375.03,375.22,285,13,0
2026-05-25 10:20:00,375.22,376.8,374.55,375.68,292,13,0
2026-05-25 10:30:00,375.71,376.53,375.05,375.68,288,13,0
2026-05-25 10:40:00,375.8,376.67,374.29,376.52,289,13,0
2026-05-25 10:50:00,376.45,378.94,376.32,376.9,291,13,0
2026-05-25 11:00:00,377.0,377.0,374.97,376.46,291,13,0
2026-05-25 11:10:00,376.44,377.14,375.74,376.5,292,13,0
2026-05-25 11:20:00,376.49,377.55,374.55,376.95,293,13,0
2026-05-25 11:30:00,377.0,378.22,375.75,377.95,286,13,0
2026-05-25 11:40:00,377.93,380.44,377.36,379.08,286,13,0
2026-05-25 11:50:00,379.14,381.3,379.11,379.16,292,13,0
2026-05-25 12:00:00,379.16,379.62,376.2,376.75,288,13,0
2026-05-25 12:10:00,376.72,377.45,375.93,376.21,291,13,0
2026-05-25 12:20:00,376.13,376.42,374.68,375.43,290,13,0
2026-05-25 12:30:00,375.33,378.42,374.87,377.14,291,13,0
2026-05-25 12:40:00,377.28,379.05,376.64,377.73,278,13,0
2026-05-25 12:50:00,377.81,378.63,376.59,376.59,286,13,0
2026-05-25 13:00:00,376.72,377.91,376.3,377.4,287,13,0
2026-05-25 13:10:00,377.32,379.23,377.03,377.4,288,13,0
2026-05-25 13:20:00,377.33,377.39,375.88,376.53,279,13,0
2026-05-25 13:30:00,376.61,377.56,374.38,374.85,281,13,0
2026-05-25 13:40:00,374.81,374.92,372.25,373.24,288,13,0
2026-05-25 13:50:00,373.14,377.19,373.07,376.36,291,13,0
2026-05-25 14:00:00,376.27,379.03,375.98,377.82,292,13,0
2026-05-25 14:10:00,377.6,380.26,377.2,378.92,289,13,0
2026-05-25 14:20:00,378.79,379.62,377.82,379.0,294,13,0
2026-05-25 14:30:00,378.73,378.73,374.65,376.02,297,13,0
2026-05-25 14:40:00,375.91,376.09,373.57,373.97,285,13,0
2026-05-25 14:50:00,373.91,375.28,373.55,375.09,286,13,0
2026-05-25 15:00:00,375.03,375.45,371.36,371.46,286,13,0
2026-05-25 15:10:00,371.6,373.71,371.25,373.71,286,13,0
2026-05-25 15:20:00,373.62,375.81,373.05,374.54,289,13,0
2026-05-25 15:30:00,374.48,375.53,374.1,374.41,282,13,0
2026-05-25 15:40:00,374.48,376.04,374.38,375.67,293,13,0
2026-05-25 15:50:00,375.6,378.11,374.29,377.49,283,13,0
2026-05-25 16:00:00,377.48,377.64,373.05,374.18,285,13,0
2026-05-25 16:10:00,374.12,374.87,372.09,373.3,294,13,0
2026-05-25 16:20:00,373.31,374.97,373.09,374.85,286,13,0
2026-05-25 16:30:00,374.83,379.45,374.49,379.05,288,13,0
2026-05-25 16:40:00,379.04,379.3,376.64,376.82,294,13,0
2026-05-25 16:50:00,376.9,377.24,375.31,376.06,291,13,0
2026-05-25 17:00:00,376.16,376.71,371.14,371.72,285,13,0
2026-05-25 17:10:00,371.69,372.97,370.41,372.22,289,13,0
2026-05-25 17:20:00,372.13,372.41,369.62,369.62,293,13,0
2026-05-25 17:30:00,369.64,371.07,368.85,369.09,292,13,0
2026-05-25 17:40:00,368.94,369.83,367.68,368.61,287,13,0
2026-05-25 17:50:00,368.59,368.99,367.7,368.79,287,13,0
2026-05-25 18:00:00,368.74,368.92,366.22,366.7,289,13,0
2026-05-25 18:10:00,366.74,366.74,365.0,366.05,289,13,0
2026-05-25 18:20:00,366.01,370.08,365.99,369.72,290,13,0
2026-05-25 18:30:00,369.84,370.86,369.06,370.73,291,13,0
2026-05-25 18:40:00,370.8,371.39,366.85,367.13,293,13,0
2026-05-25 18:50:00,367.02,367.67,365.69,366.11,290,13,0
2026-05-25 19:00:00,365.98,368.61,365.88,367.24,287,13,0
2026-05-25 19:10:00,367.16,369.47,367.08,368.3,287,13,0
2026-05-25 19:20:00,368.36,368.56,366.57,367.63,281,13,0
2026-05-25 19:30:00,367.64,368.67,364.99,365.27,284,13,0
2026-05-25 19:40:00,365.2,365.2,361.22,362.1,289,13,0
2026-05-25 19:50:00,362.19,364.56,361.93,363.33,283,13,0
2026-05-25 20:00:00,363.42,365.33,363.2,364.72,291,13,0
2026-05-25 20:10:00,364.64,367.18,364.48,365.86,291,13,0
2026-05-25 20:20:00,365.84,366.33,361.46,361.64,288,13,0
2026-05-25 20:30:00,361.67,363.85,361.38,363.26,283,13,0
2026-05-25 20:40:00,363.13,364.36,361.85,364.06,287,13,0
2026-05-25 20:50:00,364.04,364.64,361.56,362.0,292,13,0
2026-05-25 21:00:00,362.08,363.17,361.13,361.14,290,13,0
2026-05-25 21:10:00,361.32,362.37,360.92,360.96,286,13,0
2026-05-25 21:20:00,361.13,362.25,359.95,362.05,284,13,0
2026-05-25 21:30:00,362.12,362.73,361.26,361.84,291,13,0
2026-05-25 21:40:00,361.83,362.77,361.25,362.67,294,13,0
2026-05-25 21:50:00,362.63,363.2,360.72,361.62,287,13,0
2026-05-25 22:00:00,361.58,362.17,360.37,362.17,284,13,0
2026-05-25 22:10:00,362.15,363.41,360.71,362.87,285,13,0
2026-05-25 22:20:00,362.72,362.72,360.31,360.8,286,13,0
2026-05-25 22:30:00,360.8,362.72,360.32,360.9,287,13,0
2026-05-25 22:40:00,360.88,362.5,359.81,360.72,288,13,0
2026-05-25 22:50:00,360.72,360.93,358.36,358.72,290,13,0
2026-05-25 23:00:00,358.67,359.69,357.86,359.43,286,13,0
2026-05-25 23:10:00,359.41,360.31,358.97,359.56,282,13,0
2026-05-25 23:20:00,359.74,361.79,359.54,360.64,282,13,0
2026-05-25 23:30:00,360.56,362.07,360.29,361.81,286,13,0
2026-05-25 23:40:00,361.86,363.19,360.41,361.21,290,13,0
2026-05-25 23:50:00,361.42,362.49,360.65,362.47,289,13,0
2026-05-26 00:00:00,362.49,364.5,362.49,363.62,289,13,0
2026-05-26 00:10:00,363.6,363.89,360.66,361.01,286,13,0
2026-05-26 00:20:00,360.96,361.89,360.58,361.27,285,13,0
2026-05-26 00:30:00,361.17,361.17,358.45,359.18,287,13,0
2026-05-26 00:40:00,359.07,360.3,358.72,359.07,282,13,0
2026-05-26 00:50:00,358.98,359.44,356.78,357.47,290,13,0
2026-05-26 01:00:00,357.63,358.87,357.21,358.87,281,13,0
2026-05-26 01:10:00,358.68,360.06,358.19,359.87,283,13,0
2026-05-26 01:20:00,359.87,362.24,359.16,362.14,288,13,0
2026-05-26 01:30:00,362.04,362.33,359.94,360.24,286,13,0
2026-05-26 01:40:00,360.15,361.61,359.9,361.06,293,13,0
2026-05-26 01:50:00,360.98,361.12,358.51,359.42,285,13,0
2026-05-26 02:00:00,359.4,359.45,355.62,356.42,294,13,0
2026-05-26 02:10:00,356.34,357.67,355.27,355.37,291,13,0
2026-05-26 02:20:00,355.4,358.51,355.19,358.08,289,13,0
2026-05-26 02:30:00,357.94,359.54,357.46,358.2,292,13,0
2026-05-26 02:40:00,358.28,360.02,356.04,359.73,286,13,0
2026-05-26 02:50:00,359.64,361.72,359.52,361.72,291,13,0
2026-05-26 03:00:00,361.77,362.15,358.95,359.1,286,13,0
2026-05-26 03:10:00,359.16,361.71,359.16,361.43,287,13,0
2026-05-26 03:20:00,361.64,364.4,360.94,364.21,283,13,0
2026-05-26 03:30:00,364.24,364.39,361.13,361.43,288,13,0
2026-05-26 03:40:00,361.52,363.1,361.29,361.71,289,13,0
2026-05-26 03:50:00,361.71,363.09,361.39,362.82,298,13,0
2026-05-26 04:00:00,362.87,365.32,362.74,363.96,289,13,0
2026-05-26 04:10:00,364.13,367.63,364.13,366.81,289,13,0
2026-05-26 04:20:00,366.89,369.21,366.03,369.06,287,13,0
2026-05-26 04:30:00,369.05,370.25,368.14,368.14,285,13,0
2026-05-26 04:40:00,368.19,369.96,367.59,369.82,289,13,0
2026-05-26 04:50:00,369.73,370.1,368.2,368.63,288,13,0
2026-05-26 05:00:00,368.72,368.96,366.6,367.75,286,13,0
2026-05-26 05:10:00,367.87,370.01,367.8,369.69,285,13,0
2026-05-26 05:20:00,369.68,371.69,369.65,370.13,283,13,0
2026-05-26 05:30:00,370.13,370.46,368.53,368.53,279,13,0
2026-05-26 05:40:00,368.72,368.72,365.86,366.29,285,13,0
2026-05-26 05:50:00,366.35,366.41,364.66,365.19,290,13,0
2026-05-26 06:00:00,365.19,365.83,363.3,364.06,288,13,0
2026-05-26 06:10:00,363.97,364.83,362.77,363.48,290,13,0
2026-05-26 06:20:00,363.62,363.88,362.28,363.59,293,13,0
2026-05-26 06:30:00,363.5,364.01,362.26,363.79,286,13,0
2026-05-26 06:40:00,363.7,363.83,360.73,361.77,286,13,0
2026-05-26 06:50:00,361.91,361.94,357.75,357.91,289,13,0
2026-05-26 07:00:00,357.93,358.86,355.92,356.61,290,13,0
2026-05-26 07:10:00,356.63,356.8,355.18,356.73,293,13,0
2026-05-26 07:20:00,356.73,357.46,355.43,356.53,287,13,0
2026-05-26 07:30:00,356.5,358.02,355.8,357.99,281,13,0
2026-05-26 07:40:00,357.95,358.56,356.8,357.58,284,13,0
2026-05-26 07:50:00,357.64,357.88,355.88,357.18,292,13,0
2026-05-26 08:00:00,357.33,358.07,356.08,357.92,290,13,0
2026-05-26 08:10:00,358.11,359.72,357.1,359.1,284,13,0
2026-05-26 08:20:00,359.1,359.37,356.23,357.0,284,13,0
2026-05-26 08:30:00,356.74,356.82,355.25,356.6,288,13,0
2026-05-26 08:40:00,356.47,359.72,355.96,359.65,284,13,0
2026-05-26 08:50:00,359.56,360.39,357.76,358.8,291,13,0
2026-05-26 09:00:00,358.84,359.28,354.7,354.82,284,13,0
2026-05-26 09:10:00,354.82,355.11,352.57,354.31,283,13,0
2026-05-26 09:20:00,354.24,354.78,353.55,354.08,289,13,0
2026-05-26 09:30:00,354.08,354.78,353.57,353.66,284,13,0
2026-05-26 09:40:00,353.75,356.79,353.47,355.15,291,13,0
2026-05-26 09:50:00,355.11,358.26,355.06,357.77,289,13,0
2026-05-26 10:00:00,357.85,358.84,356.68,358.68,291,13,0
2026-05-26 10:10:00,358.7,361.03,358.06,361.03,291,13,0
2026-05-26 10:20:00,361.02,361.23,359.31,360.3,291,13,0
2026-05-26 10:30:00,360.25,362.78,359.21,362.36,284,13,0
2026-05-26 10:40:00,362.44,362.61,359.56,361.65,285,13,0
2026-05-26 10:50:00,361.68,364.02,361.34,364.02,286,13,0
2026-05-26 11:00:00,364.09,365.78,363.03,365.09,290,13,0
2026-05-26 11:10:00,365.04,366.6,364.21,365.99,289,13,0
2026-05-26 11:20:00,365.6,366.43,364.71,365.33,289,13,0
2026-05-26 11:30:00,365.3,365.38,362.59,364.88,287,13,0
2026-05-26 11:40:00,364.81,367.91,364.81,365.77,291,13,0
2026-05-26 11:50:00,365.75,366.8,365.15,366.08,280,13,0
2026-05-26 12:00:00,366.07,369.03,365.81,368.71,285,13,0
2026-05-26 12:10:00,368.79,370.06,368.71,369.9,292,13,0
2026-05-26 12:20:00,369.87,372.19,368.91,372.19,288,13,0
2026-05-26 12:30:00,372.32,372.49,368.16,369.72,289,13,0
2026-05-26 12:40:00,369.7,370.14,368.45,369.3,291,13,0
2026-05-26 12:50:00,369.21,369.62,366.52,366.77,287,13,0
2026-05-26 13:00:00,366.63,368.39,366.37,367.9,291,13,0
2026-05-26 13:10:00,367.98,368.22,364.98,364.98,285,13,0
2026-05-26 13:20:00,365.06,365.66,363.15,364.34,286,13,0
2026-05-26 13:30:00,364.4,365.79,362.88,362.88,289,13,0
2026-05-26 13:40:00,362.88,363.6,361.99,362.27,286,13,0
2026-05-26 13:50:00,362.13,362.93,360.45,360.71,285,13,0
2026-05-26 14:00:00,360.72,361.35,358.87,359.05,295,13,0
2026-05-26 14:10:00,359.05,359.83,357.37,357.37,288,13,0
2026-05-26 14:20:00,357.35,357.95,356.43,357.47,285,13,0
2026-05-26 14:30:00,357.5,357.9,354.14,354.14,288,13,0
2026-05-26 14:40:00,354.09,354.74,353.19,354.0,286,13,0
2026-05-26 14:50:00,354.11,357.05,354.04,356.4,285,13,0
2026-05-26 15:00:00,356.33,356.88,353.84,353.84,288,13,0
2026-05-26 15:10:00,353.84,355.78,353.84,355.17,285,13,0
2026-05-26 15:20:00,355.19,358.18,355.1,355.89,291,13,0
2026-05-26 15:30:00,355.98,356.4,353.8,354.37,286,13,0
2026-05-26 15:40:00,354.32,354.91,353.14,353.81,283,13,0
2026-05-26 15:50:00,353.83,356.61,353.83,356.38,290,13,0
2026-05-26 16:00:00,356.31,358.26,356.0,356.74,284,13,0
2026-05-26 16:10:00,356.66,358.92,356.6,358.3,289,13,0
2026-05-26 16:20:00,358.25,359.44,357.38,357.38,286,13,0
2026-05-26 16:30:00,357.32,357.32,355.32,355.67,284,13,0
2026-05-26 16:40:00,355.69,357.81,355.66,356.52,289,13,0
2026-05-26 16:50:00,356.51,357.8,355.6,356.29,286,13,0
2026-05-26 17:00:00,356.35,356.76,355.35,355.8,284,13,0
2026-05-26 17:10:00,355.81,356.04,354.14,354.63,289,13,0
2026-05-26 17:20:00,354.71,356.04,354.22,356.01,287,13,0
2026-05-26 17:30:00,355.91,357.34,355.7,356.68,291,13,0
2026-05-26 17:40:00,356.6,360.28,356.33,359.02,289,13,0
2026-05-26 17:50:00,359.05,359.52,356.89,357.2,289,13,0
2026-05-26 18:00:00,357.25,357.31,355.26,355.47,286,13,0
2026-05-26 18:10:00,355.45,356.26,354.26,356.23,279,13,0
2026-05-26 18:20:00,356.3,358.02,356.15,357.48,278,13,0
2026-05-26 18:30:00,357.52,360.3,357.39,359.65,286,13,0
2026-05-26 18:40:00,359.66,360.04,356.14,356.27,288,13,0
2026-05-26 18:50:00,356.06,356.53,353.07,353.1,292,13,0
2026-05-26 19:00:00,353.05,353.6,350.91,351.61,293,13,0
2026-05-26 19:10:00,351.53,354.64,351.37,354.23,287,13,0
2026-05-26 19:20:00,354.36,355.82,353.11,355.4,288,13,0
2026-05-26 19:30:00,355.25,357.09,354.79,356.77,283,13,0
2026-05-26 19:40:00,356.67,356.77,354.54,355.25,291,13,0
2026-05-26 19:50:00,355.23,356.4,350.8,350.8,288,13,0
2026-05-26 20:00:00,350.91,351.03,348.39,350.09,291,13,0
2026-05-26 20:10:00,349.97,350.86,348.32,348.99,286,13,0
2026-05-26 20:20:00,348.97,352.15,348.85,351.34,283,13,0
2026-05-26 20:30:00,351.35,351.91,349.1,349.79,287,13,0
2026-05-26 20:40:00,349.73,352.27,349.43,352.26,291,13,0
2026-05-26 20:50:00,352.08,353.68,350.97,353.54,287,13,0
2026-05-26 21:00:00,353.52,354.31,352.4,352.75,290,13,0
2026-05-26 21:10:00,352.72,354.82,352.22,354.74,288,13,0
2026-05-26 21:20:00,354.79,356.1,354.54,355.38,286,13,0
2026-05-26 21:30:00,355.34,357.38,353.95,357.07,286,13,0
2026-05-26 21:40:00,357.03,357.81,354.86,355.91,289,13,0
2026-05-26 21:50:00,355.84,357.67,355.84,356.52,290,13,0
2026-05-26 22:00:00,356.42,357.02,355.37,357.02,290,13,0
2026-05-26 22:10:00,356.99,360.52,356.61,359.48,283,13,0
2026-05-26 22:20:00,359.5,362.11,358.75,360.13,282,13,0
2026-05-26 22:30:00,360.1,360.98,358.96,360.66,286,13,0
2026-05-26 22:40:00,360.54,360.65,358.51,359.53,285,13,0
2026-05-26 22:50:00,359.54,361.25,359.0,361.08,288,13,0
2026-05-26 23:00:00,361.11,361.45,357.49,357.49,286,13,0
2026-05-26 23:10:00,357.59,360.08,357.3,359.94,289,13,0
2026-05-26 23:20:00,359.74,359.99,357.56,357.87,291,13,0
2026-05-26 23:30:00,357.81,360.17,357.81,359.38,290,13,0
2026-05-26 23:40:00,359.46,361.07,359.27,360.14,283,13,0
2026-05-26 23:50:00,360.11,360.26,357.28,357.39,290,13,0
2026-05-27 00:00:00,357.4,357.71,354.94,355.2,281,13,0
2026-05-27 00:10:00,355.33,356.41,354.27,355.68,291,13,0
2026-05-27 00:20:00,355.69,356.29,354.61,355.05,291,13,0
2026-05-27 00:30:00,355.11,355.26,353.11,353.34,290,13,0
2026-05-27 00:40:00,353.24,353.35,350.75,351.24,287,13,0
2026-05-27 00:50:00,351.24,352.45,350.05,352.45,290,13,0
2026-05-27 01:00:00,352.27,352.82,350.74,351.72,285,13,0
2026-05-27 01:10:00,351.66,352.14,349.89,350.1,287,13,0
2026-05-27 01:20:00,350.03,350.74,348.28,349.57,287,13,0
2026-05-27 01:30:00,349.58,350.06,346.56,346.56,293,13,0
2026-05-27 01:40:00,346.65,347.11,345.68,346.06,288,13,0
2026-05-27 01:50:00,346.21,346.74,344.42,344.66,288,13,0
2026-05-27 02:00:00,344.79,346.98,344.52,346.42,286,13,0
2026-05-27 02:10:00,346.37,346.63,342.68,342.74,289,13,0
2026-05-27 02:20:00,342.67,342.8,341.29,341.55,285,13,0
2026-05-27 02:30:00,341.53,341.83,337.74,337.91,292,13,0
2026-05-27 02:40:00,337.98,340.56,337.95,340.41,282,13,0
2026-05-27 02:50:00,340.4,340.61,338.78,338.78,287,13,0
2026-05-27 03:00:00,338.61,338.99,337.31,338.71,285,13,0
2026-05-27 03:10:00,338.76,339.63,338.29,339.01,284,13,0
2026-05-27 03:20:00,339.03,340.14,338.74,338.89,283,13,0
2026-05-27 03:30:00,338.8,340.52,338.32,340.37,285,13,0
2026-05-27 03:40:00,340.33,342.07,339.61,341.15,287,13,0
2026-05-27 03:50:00,340.94,341.67,339.68,339.7,286,13,0
2026-05-27 04:00:00,339.86,342.07,338.67,342.07,291,13,0
2026-05-27 04:10:00,342.24,344.31,342.05,342.41,285,13,0
2026-05-27 04:20:00,342.31,342.83,340.23,340.44,286,13,0
2026-05-27 04:30:00,340.31,340.94,338.8,338.99,289,13,0
2026-05-27 04:40:00,339.1,340.35,338.37,340.33,287,13,0
2026-05-27 04:50:00,340.26,340.6,337.87,337.92,283,13,0
2026-05-27 05:00:00,337.87,340.81,337.87,340.64,291,13,0
2026-05-27 05:10:00,340.66,341.09,339.48,340.39,287,13,0
2026-05-27 05:20:00,340.45,342.28,340.45,341.72,280,13,0
2026-05-27 05:30:00,341.74,343.32,341.37,341.84,286,13,0
2026-05-27 05:40:00,341.74,343.02,341.31,341.42,284,13,0
2026-05-27 05:50:00,341.4,343.89,341.06,343.02,281,13,0
2026-05-27 06:00:00,343.08,344.48,342.57,344.32,288,13,0
2026-05-27 06:10:00,344.26,346.81,344.23,345.94,285,13,0
2026-05-27 06:20:00,345.96,348.24,345.96,348.24,287,13,0
2026-05-27 06:30:00,348.14,348.53,346.38,347.43,286,13,0
2026-05-27 06:40:00,347.41,348.36,346.63,347.94,292,13,0
2026-05-27 06:50:00,347.73,351.42,347.37,350.86,291,13,0
2026-05-27 07:00:00,350.95,352.59,350.39,351.67,279,13,0
2026-05-27 07:10:00,351.68,351.68,350.26,350.79,292,13,0
2026-05-27 07:20:00,350.83,352.92,350.83,351.87,289,13,0
2026-05-27 07:30:00,351.72,354.27,351.26,353.1,286,13,0
2026-05-27 07:40:00,353.03,354.63,352.66,352.86,285,13,0
2026-05-27 07:50:00,352.83,354.5,352.7,354.5,286,13,0
2026-05-27 08:00:00,354.58,357.01,354.04,356.94,282,13,0
2026-05-27 08:10:00,356.83,356.84,354.27,355.52,284,13,0
2026-05-27 08:20:00,355.41,355.72,352.8,353.61,287,13,0
2026-05-27 08:30:00,353.49,354.87,353.34,353.88,284,13,0
2026-05-27 08:40:00,353.88,356.66,353.8,355.62,290,13,0
2026-05-27 08:50:00,355.66,355.93,354.4,355.27,283,13,0
2026-05-27 09:00:00,355.26,358.73,354.8,357.84,280,13,0
2026-05-27 09:10:00,357.66,361.26,357.66,361.25,288,13,0
2026-05-27 09:20:00,361.26,361.45,359.18,359.63,288,13,0
2026-05-27 09:30:00,359.7,361.27,358.46,361.2,284,13,0
2026-05-27 09:40:00,361.25,362.22,359.91,361.1,287,13,0
2026-05-27 09:50:00,361.15,361.77,359.95,361.61,285,13,0
2026-05-27 10:00:00,361.65,364.4,361.24,364.12,286,13,0
2026-05-27 10:10:00,363.92,366.84,363.72,366.23,289,13,0
2026-05-27 10:20:00,366.13,367.32,365.16,365.77,283,13,0
2026-05-27 10:30:00,366.03,366.57,364.51,366.32,289,13,0
2026-05-27 10:40:00,366.22,368.47,365.24,367.39,289,13,0
2026-05-27 10:50:00,367.41,368.93,366.71,366.91,283,13,0
2026-05-27 11:00:00,366.9,368.61,366.51,367.99,290,13,0
2026-05-27 11:10:00,368.0,368.61,367.43,367.67,295,13,0
2026-05-27 11:20:00,367.62,370.5,367.54,369.98,291,13,0
2026-05-27 11:30:00,369.91,371.69,369.4,370.77,288,13,0
2026-05-27 11:40:00,370.74,371.89,369.75,370.15,293,13,0
2026-05-27 11:50:00,370.32,371.63,368.54,369.71,286,13,0
2026-05-27 12:00:00,369.83,372.7,369.42,371.44,289,13,0
2026-05-27 12:10:00,371.5,371.5,369.3,369.3,292,13,0
2026-05-27 12:20:00,369.36,371.1,369.36,371.1,294,13,0
2026-05-27 12:30:00,371.07,371.8,369.91,370.17,290,13,0
2026-05-27 12:40:00,370.18,371.45,369.52,369.79,286,13,0
2026-05-27 12:50:00,369.79,370.68,368.82,370.47,286,13,0
2026-05-27 13:00:00,370.49,371.19,368.95,369.88,292,13,0
2026-05-27 13:10:00,369.85,371.89,369.39,371.89,288,13,0
2026-05-27 13:20:00,371.92,375.0,371.46,374.65,287,13,0
2026-05-27 13:30:00,374.77,377.27,374.31,375.93,286,13,0
2026-05-27 13:40:00,375.86,375.9,374.22,374.69,292,13,0
2026-05-27 13:50:00,374.7,376.72,374.53,376.06,283,13,0
2026-05-27 14:00:00,376.1,377.92,375.09,377.22,289,13,0
2026-05-27 14:10:00,377.28,378.3,376.17,376.49,291,13,0
2026-05-27 14:20:00,376.38,379.89,375.98,379.29,286,13,0
2026-05-27 14:30:00,379.4,381.18,378.68,378.7,286,13,0
2026-05-27 14:40:00,378.55,379.23,377.35,378.15,288,13,0
2026-05-27 14:50:00,378.23,378.56,377.27,377.79,290,13,0
2026-05-27 15:00:00,377.8,379.17,376.63,376.74,281,13,0
2026-05-27 15:10:00,376.8,380.85,376.8,380.44,285,13,0
2026-05-27 15:20:00,380.41,381.66,379.59,381.08,288,13,0
2026-05-27 15:30:00,380.92,380.96,378.03,378.38,286,13,0
2026-05-27 15:40:00,378.41,379.91,377.47,378.73,293,13,0
2026-05-27 15:50:00,378.73,380.83,377.88,380.33,288,13,0
2026-05-27 16:00:00,380.39,384.08,380.21,383.89,294,13,0
2026-05-27 16:10:00,383.82,385.56,382.27,383.15,289,13,0
2026-05-27 16:20:00,383.24,383.61,381.29,383.55,290,13,0
2026-05-27 16:30:00,383.63,385.1,382.83,382.93,291,13,0
2026-05-27 16:40:00,382.78,382.88,380.24,381.35,294,13,0
2026-05-27 16:50:00,381.42,383.31,380.79,381.54,293,13,0
2026-05-27 17:00:00,381.56,383.54,381.28,382.89,290,13,0
2026-05-27 17:10:00,382.69,383.97,381.7,381.98,287,13,0
2026-05-27 17:20:00,382.06,383.44,381.94,382.46,282,13,0
2026-05-27 17:30:00,382.72,383.08,380.9,382.99,290,13,0
2026-05-27 17:40:00,383.01,384.35,382.27,384.24,284,13,0
2026-05-27 17:50:00,384.1,386.11,383.86,385.93,287,13,0
2026-05-27 18:00:00,385.93,388.17,385.9,387.88,291,13,0
2026-05-27 18:10:00,387.82,392.0,386.63,390.54,291,13,0
2026-05-27 18:20:00,390.57,393.64,390.51,393.64,284,13,0
2026-05-27 18:30:00,393.64,393.92,391.13,392.07,288,13,0
2026-05-27 18:40:00,391.96,392.55,390.4,391.37,286,13,0
2026-05-27 18:50:00,391.0,391.81,387.93,388.04,283,13,0
2026-05-27 19:00:00,388.09,390.77,388.02,390.03,295,13,0
2026-05-27 19:10:00,390.08,390.26,387.43,388.33,290,13,0
2026-05-27 19:20:00,388.45,389.22,387.48,388.95,286,13,0
2026-05-27 19:30:00,389.08,390.7,388.66,389.3,290,13,0
2026-05-27 19:40:00,389.24,389.24,387.01,388.65,290,13,0
2026-05-27 19:50:00,388.5,389.25,387.35,388.87,290,13,0
2026-05-27 20:00:00,388.85,390.25,387.31,390.18,291,13,0
2026-05-27 20:10:00,390.07,390.83,386.99,387.31,282,13,0
2026-05-27 20:20:00,387.31,388.92,386.15,386.66,286,13,0
2026-05-27 20:30:00,386.62,387.79,385.68,387.47,288,13,0
2026-05-27 20:40:00,387.43,389.31,387.25,388.63,289,13,0
2026-05-27 20:50:00,388.62,389.58,386.52,386.52,287,13,0
2026-05-27 21:00:00,386.53,387.45,385.06,385.4,295,13,0
2026-05-27 21:10:00,385.49,386.51,384.83,385.87,289,13,0
2026-05-27 21:20:00,385.78,386.24,383.2,383.26,287,13,0
2026-05-27 21:30:00,383.12,385.38,382.74,384.46,293,13,0
2026-05-27 21:40:00,384.62,386.03,384.33,385.0,284,13,0
2026-05-27 21:50:00,385.14,385.69,381.34,381.82,292,13,0
2026-05-27 22:00:00,381.86,382.48,380.21,381.84,283,13,0
2026-05-27 22:10:00,381.72,383.2,380.83,383.11,287,13,0
2026-05-27 22:20:00,383.12,384.68,381.75,383.87,285,13,0
2026-05-27 22:30:00,383.95,384.4,383.17,384.14,288,13,0
2026-05-27 22:40:00,384.19,386.09,383.23,385.62,292,13,0
2026-05-27 22:50:00,385.52,388.85,385.51,386.81,290,13,0
2026-05-27 23:00:00,386.84,387.1,385.32,386.27,293,13,0
2026-05-27 23:10:00,386.28,389.01,386.25,388.74,285,13,0
2026-05-27 23:20:00,388.91,389.65,388.33,388.83,287,13,0
2026-05-27 23:30:00,388.94,389.18,386.53,386.53,288,13,0
2026-05-27 23:40:00,386.61,388.52,385.97,386.75,295,13,0
2026-05-27 23:50:00,386.82,387.4,384.52,387.04,285,13,0
2026-05-28 00:00:00,386.9,387.94,385.32,387.45,290,13,0
2026-05-28 00:10:00,387.28,387.9,385.63,386.36,292,13,0
2026-05-28 00:20:00,386.28,389.16,386.23,387.98,287,13,0
2026-05-28 00:30:00,387.92,391.22,387.7,390.72,284,13,0
2026-05-28 00:40:00,390.73,391.47,389.45,390.89,292,13,0
2026-05-28 00:50:00,390.77,392.69,390.44,391.85,288,13,0
2026-05-28 01:00:00,391.93,392.5,390.35,390.78,281,13,0
2026-05-28 01:10:00,390.81,392.5,390.28,391.98,290,13,0
2026-05-28 01:20:00,391.95,393.68,390.08,390.17,288,13,0
2026-05-28 01:30:00,390.23,391.62,388.69,391.62,287,13,0
2026-05-28 01:40:00,391.47,392.27,390.53,392.18,287,13,0
2026-05-28 01:50:00,392.16,393.57,390.38,393.39,287,13,0
2026-05-28 02:00:00,393.44,393.79,391.22,391.37,290,13,0
2026-05-28 02:10:00,391.47,392.1,390.04,391.43,290,13,0
2026-05-28 02:20:00,391.41,394.02,390.35,393.72,285,13,0
2026-05-28 02:30:00,393.47,398.07,393.47,396.98,291,13,0
2026-05-28 02:40:00,396.77,397.74,395.74,397.26,285,13,0
2026-05-28 02:50:00,397.37,400.08,397.17,399.91,292,13,0
2026-05-28 03:00:00,399.86,402.57,399.46,402.17,292,13,0
2026-05-28 03:10:00,402.15,403.31,400.88,403.17,289,13,0
2026-05-28 03:20:00,403.11,405.74,402.73,405.17,288,13,0
2026-05-28 03:30:00,405.08,405.68,402.8,403.62,289,13,0
2026-05-28 03:40:00,403.67,405.39,401.87,405.01,282,13,0
2026-05-28 03:50:00,405.06,405.09,403.24,404.39,288,13,0
2026-05-28 04:00:00,404.41,406.1,401.24,402.1,289,13,0
2026-05-28 04:10:00,402.26,402.47,400.38,400.81,291,13,0
2026-05-28 04:20:00,400.83,403.94,400.83,403.63,290,13,0
2026-05-28 04:30:00,403.62,404.03,400.81,401.84,292,13,0
2026-05-28 04:40:00,401.9,402.6,400.71,401.11,290,13,0
2026-05-28 04:50:00,400.96,401.34,399.27,400.61,289,13,0
2026-05-28 05:00:00,400.7,401.03,399.58,400.75,289,13,0
2026-05-28 05:10:00,400.75,402.84,400.16,401.42,286,13,0
2026-05-28 05:20:00,401.42,405.14,400.98,404.62,291,13,0
2026-05-28 05:30:00,404.6,406.39,404.02,406.36,287,13,0
2026-05-28 05:40:00,406.35,406.54,404.14,405.7,288,13,0
2026-05-28 05:50:00,405.68,407.67,405.44,406.5,291,13,0
2026-05-28 06:00:00,406.59,407.7,405.77,405.83,290,13,0
2026-05-28 06:10:00,405.95,407.26,405.36,407.26,285,13,0
2026-05-28 06:20:00,407.08,407.17,403.45,403.6,292,13,0
2026-05-28 06:30:00,403.81,406.21,403.42,406.15,292,13,0
2026-05-28 06:40:00,406.23,407.49,405.45,405.49,288,13,0
2026-05-28 06:50:00,405.24,405.52,401.83,403.24,294,13,0
2026-05-28 07:00:00,403.27,404.58,402.39,403.47,284,13,0
2026-05-28 07:10:00,403.44,405.2,403.35,403.66,284,13,0
2026-05-28 07:20:00,403.53,405.29,403.39,403.48,285,13,0
2026-05-28 07:30:00,403.55,403.74,399.53,399.72,288,13,0
2026-05-28 07:40:00,399.66,402.54,399.34,401.94,288,13,0
2026-05-28 07:50:00,402.09,406.67,402.02,404.87,292,13,0
2026-05-28 08:00:00,404.82,405.24,403.78,404.73,291,13,0
2026-05-28 08:10:00,404.72,405.48,403.0,404.96,292,13,0
2026-05-28 08:20:00,405.09,407.67,404.56,407.24,293,13,0
2026-05-28 08:30:00,407.3,408.78,406.51,407.6,290,13,0
2026-05-28 08:40:00,407.55,408.19,406.29,408.11,291,13,0
2026-05-28 08:50:00,408.3,408.69,406.55,407.9,285,13,0
2026-05-28 09:00:00,408.06,409.96,407.27,408.19,290,13,0
2026-05-28 09:10:00,408.22,411.42,408.15,410.32,288,13,0
2026-05-28 09:20:00,410.28,410.28,407.5,408.2,294,13,0
2026-05-28 09:30:00,408.1,411.27,407.89,411.27,291,13,0
2026-05-28 09:40:00,411.34,411.34,408.06,408.37,288,13,0
2026-05-28 09:50:00,408.42,409.72,406.73,409.72,284,13,0
2026-05-28 10:00:00,409.58,411.56,409.03,411.52,289,13,0
2026-05-28 10:10:00,411.61,411.9,409.14,410.13,292,13,0
2026-05-28 10:20:00,410.11,412.67,409.78,411.33,282,13,0
2026-05-28 10:30:00,411.27,413.15,410.53,410.84,283,13,0
2026-05-28 10:40:00,410.94,411.77,409.68,410.08,294,13,0
2026-05-28 10:50:00,410.15,410.18,407.67,407.73,295,13,0
2026-05-28 11:00:00,407.69,407.99,405.36,407.53,293,13,0
2026-05-28 11:10:00,407.47,413.54,406.89,412.07,288,13,0
2026-05-28 11:20:00,411.96,412.57,410.4,410.96,283,13,0
2026-05-28 11:30:00,411.06,411.41,407.87,409.11,295,13,0
2026-05-28 11:40:00,409.16,411.11,408.68,410.64,286,13,0
2026-05-28 11:50:00,410.76,411.91,410.19,410.69,291,13,0
2026-05-28 12:00:00,410.58,411.98,409.43,409.87,289,13,0
2026-05-28 12:10:00,409.9,410.41,408.57,408.81,285,13,0
2026-05-28 12:20:00,408.76,409.5,407.35,407.75,285,13,0
2026-05-28 12:30:00,407.72,407.72,406.22,406.81,288,13,0
2026-05-28 12:40:00,406.85,408.57,405.86,407.16,286,13,0
2026-05-28 12:50:00,407.4,408.06,406.32,407.35,290,13,0
2026-05-28 13:00:00,407.49,407.49,405.02,406.9,293,13,0
2026-05-28 13:10:00,406.87,407.8,405.98,407.29,287,13,0
2026-05-28 13:20:00,407.25,409.96,406.66,409.96,291,13,0
2026-05-28 13:30:00,410.0,411.19,409.21,410.28,296,13,0
2026-05-28 13:40:00,410.11,410.83,408.33,408.43,290,13,0
2026-05-28 13:50:00,408.38,408.95,407.45,407.89,286,13,0
2026-05-28 14:00:00,408.01,409.29,407.11,408.59,293,13,0
2026-05-28 14:10:00,408.48,408.69,406.44,406.66,290,13,0
2026-05-28 14:20:00,406.86,408.69,406.38,406.94,293,13,0
2026-05-28 14:30:00,407.0,410.18,406.79,406.79,288,13,0
2026-05-28 14:40:00,406.71,407.87,406.39,406.85,289,13,0
2026-05-28 14:50:00,406.89,407.5,404.94,405.08,294,13,0
2026-05-28 15:00:00,405.06,405.06,402.02,402.89,289,13,0
2026-05-28 15:10:00,402.81,403.39,401.57,403.02,285,13,0
2026-05-28 15:20:00,402.96,403.15,401.17,402.65,294,13,0
2026-05-28 15:30:00,402.84,405.86,402.32,404.36,289,13,0
2026-05-28 15:40:00,404.3,405.7,402.95,405.05,295,13,0
2026-05-28 15:50:00,405.15,405.27,403.13,403.13,286,13,0
2026-05-28 16:00:00,403.2,403.5,401.64,402.21,294,13,0
2026-05-28 16:10:00,402.15,405.25,402.08,405.25,286,13,0
2026-05-28 16:20:00,405.19,407.43,404.67,407.43,289,13,0
2026-05-28 16:30:00,407.26,409.04,406.75,409.0,294,13,0
2026-05-28 16:40:00,408.8,409.2,406.55,406.94,288,13,0
2026-05-28 16:50:00,406.98,407.08,402.06,402.12,286,13,0
2026-05-28 17:00:00,401.97,404.08,401.93,402.02,290,13,0
2026-05-28 17:10:00,401.7,403.92,400.72,403.45,291,13,0
2026-05-28 17:20:00,403.38,404.0,402.09,402.92,290,13,0
2026-05-28 17:30:00,403.01,403.7,400.43,400.65,285,13,0
2026-05-28 17:40:00,400.72,401.79,399.26,400.1,295,13,0
2026-05-28 17:50:00,400.06,400.94,399.35,399.39,284,13,0
2026-05-28 18:00:00,399.52,400.33,397.33,398.17,282,13,0
2026-05-28 18:10:00,398.18,398.27,396.08,396.13,289,13,0
2026-05-28 18:20:00,396.26,396.45,392.12,392.6,296,13,0
2026-05-28 18:30:00,392.9,393.59,391.53,391.9,286,13,0
2026-05-28 18:40:00,391.85,392.36,390.52,392.26,287,13,0
2026-05-28 18:50:00,392.25,394.23,391.95,393.77,286,13,0
2026-05-28 19:00:00,393.71,396.94,393.59,396.91,287,13,0
2026-05-28 19:10:00,396.76,398.18,396.08,396.08,290,13,0
2026-05-28 19:20:00,396.03,396.45,394.46,395.16,288,13,0
2026-05-28 19:30:00,395.12,396.85,393.5,394.56,284,13,0
2026-05-28 19:40:00,394.59,396.36,393.13,396.08,285,13,0
2026-05-28 19:50:00,396.03,396.77,395.18,395.38,286,13,0
2026-05-28 20:00:00,395.43,396.91,393.68,394.0,289,13,0
2026-05-28 20:10:00,393.83,395.12,391.8,392.04,289,13,0
2026-05-28 20:20:00,392.13,392.88,391.08,391.45,287,13,0
2026-05-28 20:30:00,391.44,392.24,389.04,389.17,288,13,0
2026-05-28 20:40:00,389.05,391.24,388.66,390.28,291,13,0
2026-05-28 20:50:00,390.37,391.36,388.89,389.98,288,13,0
2026-05-28 21:00:00,389.95,392.62,389.68,392.5,290,13,0
2026-05-28 21:10:00,392.35,393.73,391.36,393.4,288,13,0
2026-05-28 21:20:00,393.44,395.14,393.44,394.01,290,13,0
2026-05-28 21:30:00,393.89,395.5,393.06,395.14,284,13,0
2026-05-28 21:40:00,395.31,397.25,395.22,397.12,298,13,0
2026-05-28 21:50:00,397.05,398.42,395.0,395.19,289,13,0
2026-05-28 22:00:00,395.27,396.9,393.93,395.45,288,13,0
2026-05-28 22:10:00,395.5,395.73,393.48,394.99,287,13,0
2026-05-28 22:20:00,394.97,396.01,393.6,394.18,284,13,0
2026-05-28 22:30:00,393.96,394.2,392.34,392.83,286,13,0
2026-05-28 22:40:00,392.88,394.01,391.67,392.76,291,13,0
2026-05-28 22:50:00,392.7,393.54,391.79,392.57,291,13,0
2026-05-28 23:00:00,392.55,396.58,392.38,396.16,291,13,0
