time,Open,High,Low,Close,Volume,spread,Volume
2026-03-26 23:00:00,103.1275,103.3246,103.0908,103.1798,450,160,0
2026-03-26 23:15:00,103.1849,103.2895,102.862,103.1383,450,160,0
2026-03-26 23:30:00,103.1155,103.4458,103.1155,103.1556,448,160,0
2026-03-26 23:45:00,103.1683,103.619,103.1471,103.367,449,160,0
2026-03-27 00:00:00,103.3749,103.5837,103.0378,103.0817,449,160,0
2026-03-27 00:15:00,103.0862,103.1093,102.4307,102.6421,450,160,0
2026-03-27 00:30:00,102.6506,102.8422,102.5589,102.7049,450,160,0
2026-03-27 00:45:00,102.691,102.9256,102.5858,102.6663,447,160,0
2026-03-27 01:00:00,102.6558,102.9297,102.61,102.8847,450,160,0
2026-03-27 01:15:00,102.8748,103.1909,102.8005,102.921,450,160,0
2026-03-27 01:30:00,102.8938,103.3198,102.6739,103.2206,449,160,0
2026-03-27 01:45:00,103.2021,103.2109,102.5555,102.5609,450,160,0
2026-03-27 02:00:00,102.5676,102.5992,102.0966,102.1841,449,160,0
2026-03-27 02:15:00,102.1693,102.2536,101.9555,102.1754,449,160,0
2026-03-27 02:30:00,102.1962,102.3284,102.0863,102.3061,448,160,0
2026-03-27 02:45:00,102.3089,102.6054,102.2259,102.4809,450,160,0
2026-03-27 03:00:00,102.4717,102.6014,102.2679,102.4909,447,160,0
2026-03-27 03:15:00,102.4935,102.6211,102.2667,102.473,449,160,0
2026-03-27 03:30:00,102.461,102.8321,102.3727,102.7579,448,160,0
2026-03-27 03:45:00,102.7517,103.0375,102.7211,102.9518,450,160,0
2026-03-27 04:00:00,102.9389,103.0931,102.786,102.933,448,160,0
2026-03-27 04:15:00,102.9229,103.0555,102.7406,103.0425,448,160,0
2026-03-27 04:30:00,103.0611,103.1547,102.8537,102.923,450,160,0
2026-03-27 04:45:00,102.9119,103.1611,102.6405,102.6405,449,160,0
2026-03-27 05:00:00,102.6542,102.8562,102.6053,102.7496,449,160,0
2026-03-27 05:15:00,102.7751,102.8202,102.0975,102.3483,449,160,0
2026-03-27 05:30:00,102.3686,102.4057,102.0137,102.3162,449,160,0
2026-03-27 05:45:00,102.3083,102.8102,102.3023,102.4231,450,160,0
2026-03-27 06:00:00,102.4078,102.429,102.0183,102.2498,450,160,0
2026-03-27 06:15:00,102.2441,102.5043,102.1574,102.2805,446,160,0
2026-03-27 06:30:00,102.2853,102.5624,102.1349,102.1969,447,160,0
2026-03-27 06:45:00,102.1979,102.3015,102.0665,102.133,448,160,0
2026-03-27 07:00:00,102.1432,102.6248,101.8838,102.4942,449,160,0
2026-03-27 07:15:00,102.4777,102.5987,102.1236,102.5008,449,160,0
2026-03-27 07:30:00,102.5018,102.551,102.324,102.5214,447,160,0
2026-03-27 07:45:00,102.5328,102.6601,102.1045,102.2814,449,160,0
2026-03-27 08:00:00,102.28,102.4839,102.1277,102.418,449,160,0
2026-03-27 08:15:00,102.4459,102.4738,102.0718,102.1405,449,160,0
2026-03-27 08:30:00,102.1268,102.2603,101.5743,101.6317,449,160,0
2026-03-27 08:45:00,101.6488,101.8971,101.5162,101.8024,449,160,0
2026-03-27 09:00:00,101.8015,101.9559,101.6672,101.7278,448,160,0
2026-03-27 09:15:00,101.7254,101.8294,101.2483,101.2483,448,160,0
2026-03-27 09:30:00,101.2618,101.3632,100.8228,101.0386,449,160,0
2026-03-27 09:45:00,101.0273,101.5591,100.9372,101.4268,450,160,0
2026-03-27 10:00:00,101.419,101.6291,101.3669,101.5423,449,160,0
2026-03-27 10:15:00,101.5434,101.9716,101.4376,101.9716,450,160,0
2026-03-27 10:30:00,101.9746,102.4282,101.9068,102.2586,449,160,0
2026-03-27 10:45:00,102.2547,102.3286,102.0272,102.1828,449,160,0
2026-03-27 11:00:00,102.1954,102.5088,102.111,102.265,450,160,0
2026-03-27 11:15:00,102.2652,102.4114,101.6836,101.7554,448,160,0
2026-03-27 11:30:00,101.7611,102.298,101.7285,102.2854,450,160,0
2026-03-27 11:45:00,102.2887,102.704,102.2704,102.5184,448,160,0
2026-03-27 12:00:00,102.5279,102.7086,102.3741,102.4264,448,160,0
2026-03-27 12:15:00,102.4019,102.4343,102.0682,102.0949,448,160,0
2026-03-27 12:30:00,102.0851,102.6832,102.076,102.626,449,160,0
2026-03-27 12:45:00,102.6414,103.0922,102.6057,103.0304,448,160,0
2026-03-27 13:00:00,103.0395,103.7194,102.9926,103.7016,447,160,0
2026-03-27 13:15:00,103.6956,103.8104,103.5365,103.7714,449,160,0
2026-03-27 13:30:00,103.7754,103.9226,103.5451,103.9119,450,160,0
2026-03-27 13:45:00,103.9072,104.2218,103.8247,104.06,449,160,0
2026-03-27 14:00:00,104.0545,104.6411,104.0391,104.5673,449,160,0
2026-03-27 14:15:00,104.5545,104.9784,104.5476,104.7899,450,160,0
2026-03-27 14:30:00,104.8009,104.9959,104.6081,104.9364,449,160,0
2026-03-27 14:45:00,104.9378,105.4545,104.9044,105.2989,450,160,0
2026-03-27 15:00:00,105.2899,105.3598,105.1531,105.2626,448,160,0
2026-03-27 15:15:00,105.237,105.7164,105.237,105.5413,447,160,0
2026-03-27 15:30:00,105.5037,105.5406,105.0264,105.0869,449,160,0
2026-03-27 15:45:00,105.0909,105.1164,104.4755,104.4801,447,160,0
2026-03-27 16:00:00,104.4778,104.4864,104.0475,104.0756,449,160,0
2026-03-27 16:15:00,104.096,104.3874,104.0388,104.2838,447,160,0
2026-03-27 16:30:00,104.281,104.3317,103.9729,104.0126,449,160,0
2026-03-27 16:45:00,104.0033,104.2515,103.9404,104.1145,449,160,0
2026-03-27 17:00:00,104.124,104.5195,104.0327,104.2458,448,160,0
2026-03-27 17:15:00,104.2304,104.577,104.224,104.509,449,160,0
2026-03-27 17:30:00,104.5063,104.6279,104.3741,104.4686,450,160,0
2026-03-27 17:45:00,104.472,104.825,104.4493,104.5816,448,160,0
2026-03-27 18:00:00,104.5872,104.9192,104.5535,104.8465,446,160,0
2026-03-27 18:15:00,104.8656,105.0727,104.7428,104.8947,448,160,0
2026-03-27 18:30:00,104.8891,104.9551,104.588,104.7723,449,160,0
2026-03-27 18:45:00,104.7675,104.7675,104.3677,104.3677,449,160,0
2026-03-27 19:00:00,104.358,104.4764,103.9846,104.0781,447,160,0
2026-03-27 19:15:00,104.082,104.2939,103.6326,103.6347,448,160,0
2026-03-27 19:30:00,103.6193,103.7125,103.3042,103.3471,449,160,0
2026-03-27 19:45:00,103.3453,103.6434,103.3409,103.4892,449,160,0
2026-03-27 20:00:00,103.4711,103.5985,103.3437,103.5321,449,160,0
2026-03-27 20:15:00,103.5138,104.0417,103.5074,104.0411,450,160,0
2026-03-27 20:30:00,104.0281,104.4182,103.9625,104.4109,449,160,0
2026-03-27 20:45:00,104.4067,104.465,104.1079,104.288,449,160,0
2026-03-27 21:00:00,104.2724,104.4563,104.0679,104.4287,450,160,0
2026-03-27 21:15:00,104.439,104.5444,104.2854,104.4561,448,160,0
2026-03-27 21:30:00,104.4416,104.5417,104.0657,104.0659,447,160,0
2026-03-27 21:45:00,104.0443,104.1467,103.562,103.5641,449,160,0
2026-03-27 22:00:00,103.5465,103.6328,103.0045,103.0073,448,160,0
2026-03-27 22:15:00,103.0138,103.2865,102.8187,103.2758,449,160,0
2026-03-27 22:30:00,103.2595,103.6411,103.2414,103.5493,448,160,0
2026-03-27 22:45:00,103.5568,103.6427,103.3516,103.6058,448,160,0
2026-03-27 23:00:00,103.6131,103.8794,103.3942,103.867,448,160,0
2026-03-27 23:15:00,103.8799,104.1723,103.822,103.953,450,160,0
2026-03-27 23:30:00,103.9512,103.9993,103.6286,103.7663,450,160,0
2026-03-27 23:45:00,103.7705,103.9391,103.6357,103.6628,450,160,0
2026-03-28 00:00:00,103.6668,103.6734,103.3512,103.4466,450,160,0
2026-03-28 00:15:00,103.4449,103.6281,103.348,103.4132,449,160,0
2026-03-28 00:30:00,103.415,103.7138,103.415,103.6637,447,160,0
2026-03-28 00:45:00,103.6563,103.741,103.3736,103.5367,448,160,0
2026-03-28 01:00:00,103.5426,103.7039,103.2386,103.6694,449,160,0
2026-03-28 01:15:00,103.6542,103.9725,103.5012,103.607,449,160,0
2026-03-28 01:30:00,103.6118,104.0204,103.5247,104.0204,450,160,0
2026-03-28 01:45:00,104.0125,104.2938,103.8521,104.2903,450,160,0
2026-03-28 02:00:00,104.2951,104.5408,103.8866,103.9842,449,160,0
2026-03-28 02:15:00,103.994,104.0285,103.5264,103.5436,450,160,0
2026-03-28 02:30:00,103.5429,103.816,103.4835,103.816,449,160,0
2026-03-28 02:45:00,103.8279,103.9654,103.6162,103.8598,448,160,0
2026-03-28 03:00:00,103.8753,104.1208,103.7911,103.9417,448,160,0
2026-03-28 03:15:00,103.9337,103.9993,103.7388,103.9357,449,160,0
2026-03-28 03:30:00,103.9155,104.2003,103.8527,103.9624,450,160,0
2026-03-28 03:45:00,103.9485,104.0109,103.6343,103.9955,449,160,0
2026-03-28 04:00:00,103.993,104.0841,103.6952,103.6992,449,160,0
2026-03-28 04:15:00,103.7078,104.3929,103.6898,104.3654,447,160,0
2026-03-28 04:30:00,104.3675,104.9474,104.3489,104.9474,450,160,0
2026-03-28 04:45:00,104.9521,105.2206,104.9004,105.1893,449,160,0
2026-03-28 05:00:00,105.1702,105.3158,104.957,105.1054,449,160,0
2026-03-28 05:15:00,105.0844,105.5889,105.0189,105.5745,450,160,0
2026-03-28 05:30:00,105.5756,105.7076,105.4237,105.4237,450,160,0
2026-03-28 05:45:00,105.4201,105.7997,105.2358,105.6542,449,160,0
2026-03-28 06:00:00,105.6666,105.739,104.9468,104.9688,447,160,0
2026-03-28 06:15:00,104.9651,105.2181,104.9207,105.122,448,160,0
2026-03-28 06:30:00,105.1175,105.2656,104.733,104.7365,447,160,0
2026-03-28 06:45:00,104.7331,104.9854,104.6437,104.7468,448,160,0
2026-03-28 07:00:00,104.7485,104.7733,104.2679,104.319,448,160,0
2026-03-28 07:15:00,104.3254,104.7475,104.2885,104.4897,450,160,0
2026-03-28 07:30:00,104.4975,104.6641,104.3559,104.4649,448,160,0
2026-03-28 07:45:00,104.4496,104.6391,104.3039,104.4858,449,160,0
2026-03-28 08:00:00,104.4663,104.5716,104.3106,104.4813,448,160,0
2026-03-28 08:15:00,104.4823,105.0089,104.2593,104.96,448,160,0
2026-03-28 08:30:00,104.959,105.2657,104.9049,104.9959,448,160,0
2026-03-28 08:45:00,105.0081,105.3086,104.9811,105.1395,447,160,0
2026-03-28 09:00:00,105.1301,105.1301,104.5962,104.9162,450,160,0
2026-03-28 09:15:00,104.9128,105.0553,104.808,105.0527,450,160,0
2026-03-28 09:30:00,105.0302,105.1768,104.8269,104.8333,450,160,0
2026-03-28 09:45:00,104.8073,105.1937,104.7156,105.192,449,160,0
2026-03-28 10:00:00,105.1939,105.5698,105.1783,105.4894,450,160,0
2026-03-28 10:15:00,105.4934,105.6084,105.2473,105.2789,450,160,0
2026-03-28 10:30:00,105.2639,105.4984,105.233,105.3999,448,160,0
2026-03-28 10:45:00,105.4021,105.5072,104.9786,105.0955,449,160,0
2026-03-28 11:00:00,105.0964,105.2469,104.8487,104.9258,449,160,0
2026-03-28 11:15:00,104.9077,104.9347,104.5379,104.6202,449,160,0
2026-03-28 11:30:00,104.6309,104.7582,104.4484,104.4762,448,160,0
2026-03-28 11:45:00,104.4729,104.4946,104.1167,104.4322,448,160,0
2026-03-28 12:00:00,104.4288,104.7244,104.4171,104.6449,450,160,0
2026-03-28 12:15:00,104.6369,104.9606,104.5482,104.9197,448,160,0
2026-03-28 12:30:00,104.9056,105.1859,104.8215,105.0724,450,160,0
2026-03-28 12:45:00,105.0648,105.1901,104.6445,104.6692,450,160,0
2026-03-28 13:00:00,104.6559,105.1613,104.6538,104.8367,449,160,0
2026-03-28 13:15:00,104.8516,105.3294,104.8516,105.279,448,160,0
2026-03-28 13:30:00,105.273,105.3588,104.9029,104.9842,450,160,0
2026-03-28 13:45:00,104.9732,105.3901,104.9377,105.3045,450,160,0
2026-03-28 14:00:00,105.3172,105.6421,105.1928,105.4254,448,160,0
2026-03-28 14:15:00,105.4265,105.5251,105.2684,105.3278,450,160,0
2026-03-28 14:30:00,105.3262,105.3319,105.058,105.0972,449,160,0
2026-03-28 14:45:00,105.0977,105.2057,104.7231,104.7588,448,160,0
2026-03-28 15:00:00,104.7408,104.7827,104.2182,104.3761,450,160,0
2026-03-28 15:15:00,104.3742,104.4462,103.7746,103.8569,448,160,0
2026-03-28 15:30:00,103.8659,104.2181,103.7297,104.1965,448,160,0
2026-03-28 15:45:00,104.1973,104.5699,104.1941,104.5699,448,160,0
2026-03-28 16:00:00,104.5674,104.7051,104.3802,104.6285,449,160,0
2026-03-28 16:15:00,104.6013,105.0298,104.5648,104.9487,446,160,0
2026-03-28 16:30:00,104.937,104.9523,104.6457,104.7559,449,160,0
2026-03-28 16:45:00,104.7482,104.851,104.5506,104.6024,448,160,0
2026-03-28 17:00:00,104.5834,104.5834,104.2514,104.4311,447,160,0
2026-03-28 17:15:00,104.4119,104.5025,104.2658,104.2679,449,160,0
2026-03-28 17:30:00,104.2534,104.4365,104.0704,104.4012,449,160,0
2026-03-28 17:45:00,104.4119,104.8123,104.3473,104.4994,447,160,0
2026-03-28 18:00:00,104.499,104.9435,104.4953,104.5749,450,160,0
2026-03-28 18:15:00,104.5642,104.7347,104.2647,104.5578,449,160,0
2026-03-28 18:30:00,104.5312,104.8747,104.4348,104.775,448,160,0
2026-03-28 18:45:00,104.7582,104.992,104.6833,104.895,447,160,0
2026-03-28 19:00:00,104.9074,104.9639,104.6183,104.7434,449,160,0
2026-03-28 19:15:00,104.7527,104.949,104.6283,104.9034,449,160,0
2026-03-28 19:30:00,104.896,105.2302,104.8399,105.0944,448,160,0
2026-03-28 19:45:00,105.1133,105.1623,104.8855,104.9559,450,160,0
2026-03-28 20:00:00,104.9466,105.4038,104.8249,105.313,450,160,0
2026-03-28 20:15:00,105.3173,105.3264,104.731,104.8814,450,160,0
2026-03-28 20:30:00,104.8759,104.9047,104.4914,104.5978,448,160,0
2026-03-28 20:45:00,104.5815,104.8576,104.2737,104.4267,448,160,0
2026-03-28 21:00:00,104.4141,104.5428,104.0844,104.0888,450,160,0
2026-03-28 21:15:00,104.1006,104.433,104.0772,104.4084,450,160,0
2026-03-28 21:30:00,104.3972,104.691,104.2858,104.5388,448,160,0
2026-03-28 21:45:00,104.5264,105.0336,104.4695,105.0275,449,160,0
2026-03-28 22:00:00,105.0378,105.1481,104.9092,104.9485,450,160,0
2026-03-28 22:15:00,104.9515,105.0383,104.4355,104.4733,449,160,0
2026-03-28 22:30:00,104.4824,104.6865,104.289,104.3743,447,160,0
2026-03-28 22:45:00,104.3503,104.4049,104.1481,104.2969,448,160,0
2026-03-28 23:00:00,104.286,104.3246,103.9668,104.0297,449,160,0
2026-03-28 23:15:00,104.0244,104.065,103.7104,103.729,450,160,0
2026-03-28 23:30:00,103.7334,103.8571,103.5563,103.8239,449,160,0
2026-03-28 23:45:00,103.849,103.9997,103.4248,103.9271,448,160,0
2026-03-29 00:00:00,103.9359,104.1567,103.9128,104.0492,448,160,0
2026-03-29 00:15:00,104.0382,104.0507,103.3249,103.4377,449,160,0
2026-03-29 00:30:00,103.4065,103.5301,103.2443,103.2742,448,160,0
2026-03-29 00:45:00,103.2722,103.8339,103.2009,103.7876,447,160,0
2026-03-29 01:00:00,103.7652,103.87,103.2669,103.2669,448,160,0
2026-03-29 01:15:00,103.2768,103.2768,102.8214,102.8583,448,160,0
2026-03-29 01:30:00,102.8501,102.8557,102.5005,102.6808,450,160,0
2026-03-29 01:45:00,102.6587,103.1953,102.6241,103.0458,448,160,0
2026-03-29 02:00:00,103.059,103.1516,102.8816,102.9046,449,160,0
2026-03-29 02:15:00,102.896,102.9904,102.4868,102.8407,450,160,0
2026-03-29 02:30:00,102.8429,102.8804,102.298,102.4085,448,160,0
2026-03-29 02:45:00,102.4092,102.4127,101.9903,102.0173,449,160,0
2026-03-29 03:00:00,102.012,102.1462,101.7275,102.138,447,160,0
2026-03-29 03:15:00,102.1437,102.2506,101.806,101.9604,449,160,0
2026-03-29 03:30:00,101.9645,101.986,101.6849,101.8661,450,160,0
2026-03-29 03:45:00,101.8573,101.8881,101.4608,101.7064,450,160,0
2026-03-29 04:00:00,101.7093,102.0658,101.6304,102.0358,449,160,0
2026-03-29 04:15:00,102.037,102.2454,101.7892,102.2454,449,160,0
2026-03-29 04:30:00,102.2629,102.4709,102.0828,102.2729,448,160,0
2026-03-29 04:45:00,102.2834,102.401,102.1909,102.2927,448,160,0
2026-03-29 05:00:00,102.319,102.3422,101.8985,101.9507,448,160,0
2026-03-29 05:15:00,101.9322,102.1578,101.8484,102.0572,447,160,0
2026-03-29 05:30:00,102.054,102.6326,101.8381,102.5035,448,160,0
2026-03-29 05:45:00,102.5168,102.9115,102.3775,102.6583,447,160,0
2026-03-29 06:00:00,102.6638,102.8891,102.5522,102.7624,449,160,0
2026-03-29 06:15:00,102.7682,103.0147,102.7313,102.807,448,160,0
2026-03-29 06:30:00,102.7967,103.0355,102.6642,102.8882,448,160,0
2026-03-29 06:45:00,102.9016,102.9371,102.5454,102.6841,449,160,0
2026-03-29 07:00:00,102.698,102.9665,102.5542,102.8321,449,160,0
2026-03-29 07:15:00,102.8399,103.1119,102.8099,102.9008,449,160,0
2026-03-29 07:30:00,102.9082,103.2812,102.8622,103.2084,448,160,0
2026-03-29 07:45:00,103.1803,103.1959,102.7756,102.8832,447,160,0
2026-03-29 08:00:00,102.8837,103.0581,102.768,103.0541,450,160,0
2026-03-29 08:15:00,103.0646,103.2734,102.8415,103.105,449,160,0
2026-03-29 08:30:00,103.1012,103.2107,102.7892,102.8686,450,160,0
2026-03-29 08:45:00,102.8591,103.0267,102.5428,102.6213,446,160,0
2026-03-29 09:00:00,102.6297,103.203,102.4439,103.1369,450,160,0
2026-03-29 09:15:00,103.118,103.3489,102.9262,103.2132,449,160,0
2026-03-29 09:30:00,103.2413,103.6298,103.2266,103.4412,450,160,0
2026-03-29 09:45:00,103.4435,103.45,103.0777,103.1648,449,160,0
2026-03-29 10:00:00,103.1627,103.2899,102.9697,103.0769,449,160,0
2026-03-29 10:15:00,103.0763,103.1772,102.5384,102.5598,449,160,0
2026-03-29 10:30:00,102.5657,102.8136,102.496,102.526,449,160,0
2026-03-29 10:45:00,102.5317,102.9516,102.5317,102.9156,448,160,0
2026-03-29 11:00:00,102.9104,103.1403,102.7366,103.0094,449,160,0
2026-03-29 11:15:00,103.0207,103.0699,102.7696,102.9466,448,160,0
2026-03-29 11:30:00,102.9368,103.3678,102.826,102.9567,448,160,0
2026-03-29 11:45:00,102.9471,103.235,102.7695,102.7695,449,160,0
2026-03-29 12:00:00,102.7738,102.9564,102.6037,102.8153,448,160,0
2026-03-29 12:15:00,102.8204,102.8499,102.5415,102.5627,449,160,0
2026-03-29 12:30:00,102.5565,103.2082,102.5556,103.1929,449,160,0
2026-03-29 12:45:00,103.1689,103.2241,102.9053,103.1967,450,160,0
2026-03-29 13:00:00,103.1821,103.5023,103.1747,103.482,450,160,0
2026-03-29 13:15:00,103.4798,103.7454,103.3114,103.6304,449,160,0
2026-03-29 13:30:00,103.6302,103.6386,103.3128,103.4349,449,160,0
2026-03-29 13:45:00,103.4263,103.4866,102.8542,103.0132,448,160,0
2026-03-29 14:00:00,103.0132,103.0249,102.6946,102.8457,449,160,0
2026-03-29 14:15:00,102.8454,102.8779,102.4337,102.5219,449,160,0
2026-03-29 14:30:00,102.5277,103.0452,102.3376,103.0452,450,160,0
2026-03-29 14:45:00,103.0298,103.2949,102.8772,103.1264,449,160,0
2026-03-29 15:00:00,103.1478,103.448,103.0008,103.439,446,160,0
2026-03-29 15:15:00,103.4217,103.4331,102.9589,103.0111,450,160,0
2026-03-29 15:30:00,103.0026,103.4956,102.9772,103.4918,449,160,0
2026-03-29 15:45:00,103.5094,103.805,103.4074,103.5752,449,160,0
2026-03-29 16:00:00,103.5931,104.0195,103.5108,103.8883,448,160,0
2026-03-29 16:15:00,103.9056,104.2837,103.8026,104.1243,448,160,0
2026-03-29 16:30:00,104.1106,104.2141,103.8892,103.9364,449,160,0
2026-03-29 16:45:00,103.9424,103.9424,103.5197,103.5811,446,160,0
2026-03-29 17:00:00,103.5934,103.7722,103.4393,103.6541,449,160,0
2026-03-29 17:15:00,103.6821,103.6821,102.9524,102.9892,450,160,0
2026-03-29 17:30:00,102.9934,103.362,102.8093,103.2993,449,160,0
2026-03-29 17:45:00,103.2975,103.4195,103.1595,103.2142,448,160,0
2026-03-29 18:00:00,103.1946,103.2893,102.6124,102.6559,449,160,0
2026-03-29 18:15:00,102.6492,102.7404,102.4428,102.536,450,160,0
2026-03-29 18:30:00,102.5322,102.868,102.4741,102.5288,449,160,0
2026-03-29 18:45:00,102.5385,102.5945,102.1827,102.3384,449,160,0
2026-03-29 19:00:00,102.3463,102.3966,102.139,102.2835,447,160,0
2026-03-29 19:15:00,102.2842,102.4041,101.9595,102.0605,448,160,0
2026-03-29 19:30:00,102.0617,102.3951,102.0598,102.3341,449,160,0
2026-03-29 19:45:00,102.3416,102.3851,101.3648,101.4701,450,160,0
2026-03-29 20:00:00,101.4738,101.6036,101.2997,101.3954,450,160,0
2026-03-29 20:15:00,101.3743,101.8326,101.2479,101.8187,448,160,0
2026-03-29 20:30:00,101.8095,101.9756,101.6182,101.8162,448,160,0
2026-03-29 20:45:00,101.8186,101.9555,101.3641,101.49,448,160,0
2026-03-29 21:00:00,101.4952,101.5033,101.2629,101.3171,449,160,0
2026-03-29 21:15:00,101.3098,101.6698,101.2988,101.6698,449,160,0
2026-03-29 21:30:00,101.6748,101.8972,101.4406,101.4834,449,160,0
2026-03-29 21:45:00,101.4776,101.5154,101.1974,101.4655,450,160,0
2026-03-29 22:00:00,101.4607,101.6587,101.3682,101.4128,450,160,0
2026-03-29 22:15:00,101.4051,101.7351,101.3148,101.364,450,160,0
2026-03-29 22:30:00,101.3511,101.6392,101.272,101.6193,450,160,0
2026-03-29 22:45:00,101.6332,101.7772,101.3208,101.6112,448,160,0
2026-03-29 23:00:00,101.6011,101.8299,101.4282,101.7943,450,160,0
2026-03-29 23:15:00,101.7844,102.0118,101.6641,101.8979,448,160,0
2026-03-29 23:30:00,101.9037,102.0016,101.7379,101.9237,448,160,0
2026-03-29 23:45:00,101.9383,102.2582,101.9365,102.2146,450,160,0
2026-03-30 00:00:00,102.2142,102.316,101.901,102.0372,449,160,0
2026-03-30 00:15:00,102.0366,102.2698,101.969,102.0664,450,160,0
2026-03-30 00:30:00,102.0861,102.2349,101.97409999999999,102.092,450,160,0
2026-03-30 00:45:00,102.0975,102.4233,101.9379,102.3788,449,160,0
2026-03-30 01:00:00,102.3937,102.4068,101.9477,102.0265,450,160,0
2026-03-30 01:15:00,102.0294,102.1091,101.5518,101.5518,450,160,0
2026-03-30 01:30:00,101.571,101.6677,101.2794,101.2845,449,160,0
2026-03-30 01:45:00,101.2758,101.5617,101.2631,101.5153,449,160,0
2026-03-30 02:00:00,101.5106,101.8548,101.4629,101.7865,447,160,0
2026-03-30 02:15:00,101.7963,101.8563,101.5416,101.7892,447,160,0
2026-03-30 02:30:00,101.7963,101.9483,101.589,101.6801,449,160,0
2026-03-30 02:45:00,101.676,101.9122,101.5056,101.8599,448,160,0
2026-03-30 03:00:00,101.851,101.8994,101.6071,101.724,448,160,0
2026-03-30 03:15:00,101.7413,102.3051,101.7413,102.2713,449,160,0
2026-03-30 03:30:00,102.2674,102.7489,102.2371,102.7114,448,160,0
2026-03-30 03:45:00,102.7175,102.8756,102.4882,102.5224,448,150,0
2026-03-30 04:00:00,102.5117,102.9955,102.464,102.9793,448,150,0
2026-03-30 04:15:00,102.9819,103.1271,102.8826,102.9163,448,150,0
2026-03-30 04:30:00,102.9284,102.9917,102.6669,102.7386,449,150,0
2026-03-30 04:45:00,102.7393,103.0947,102.6613,102.9996,450,150,0
2026-03-30 05:00:00,103.002,103.6829,102.9603,103.5655,449,150,0
2026-03-30 05:15:00,103.539,103.539,102.8013,102.8317,448,150,0
2026-03-30 05:30:00,102.8098,102.9593,102.548,102.7439,449,150,0
2026-03-30 05:45:00,102.741,102.741,102.3677,102.5277,448,150,0
2026-03-30 06:00:00,102.5561,103.2952,102.4506,103.2952,450,150,0
2026-03-30 06:15:00,103.291,103.2977,102.8895,102.8895,448,150,0
2026-03-30 06:30:00,102.8799,102.982,102.5187,102.6426,447,150,0
2026-03-30 06:45:00,102.6184,102.8903,102.4601,102.5356,449,150,0
2026-03-30 07:00:00,102.523,102.6877,102.384,102.5318,449,150,0
2026-03-30 07:15:00,102.5284,102.6632,102.2719,102.4639,448,150,0
2026-03-30 07:30:00,102.4505,102.7729,102.3746,102.7138,449,150,0
2026-03-30 07:45:00,102.7315,102.8999,102.6244,102.8787,447,150,0
2026-03-30 08:00:00,102.8882,102.9803,102.6722,102.7458,448,150,0
2026-03-30 08:15:00,102.7393,102.7938,102.3143,102.5712,449,150,0
2026-03-30 08:30:00,102.5676,102.8379,102.4797,102.758,448,150,0
2026-03-30 08:45:00,102.7615,102.8533,102.3691,102.3892,447,150,0
2026-03-30 09:00:00,102.4038,102.7099,102.3325,102.5068,449,150,0
2026-03-30 09:15:00,102.5183,102.6784,102.2708,102.3277,450,150,0
2026-03-30 09:30:00,102.3397,102.3895,102.0794,102.2826,450,150,0
2026-03-30 09:45:00,102.2947,102.5927,102.2947,102.5415,447,150,0
2026-03-30 10:00:00,102.5251,102.6824,102.421,102.5002,449,150,0
2026-03-30 10:15:00,102.4969,102.7521,102.2609,102.6599,449,150,0
2026-03-30 10:30:00,102.6568,102.6568,102.3305,102.5302,448,150,0
2026-03-30 10:45:00,102.5388,103.1026,102.4998,102.9877,450,150,0
2026-03-30 11:00:00,103.0105,103.0711,102.5951,102.8044,449,150,0
2026-03-30 11:15:00,102.7904,102.9191,102.6577,102.8525,447,150,0
2026-03-30 11:30:00,102.8677,102.9469,102.3906,102.4344,447,150,0
2026-03-30 11:45:00,102.4402,102.6988,102.3711,102.4134,449,150,0
2026-03-30 12:00:00,102.4203,102.5684,102.1593,102.198,448,150,0
2026-03-30 12:15:00,102.1932,102.3755,102.0557,102.1873,449,150,0
2026-03-30 12:30:00,102.192,102.6619,102.1686,102.5412,448,150,0
2026-03-30 12:45:00,102.5282,102.6556,102.1849,102.2396,450,150,0
2026-03-30 13:00:00,102.2485,102.6147,102.1759,102.4021,448,150,0
2026-03-30 13:15:00,102.4055,102.6776,102.2779,102.463,450,150,0
2026-03-30 13:30:00,102.4511,102.7995,102.3827,102.4798,449,150,0
2026-03-30 13:45:00,102.4757,102.4892,102.1536,102.4203,449,150,0
2026-03-30 14:00:00,102.3931,102.9222,102.3494,102.8842,448,150,0
2026-03-30 14:15:00,102.894,103.3223,102.7385,103.2156,448,150,0
2026-03-30 14:30:00,103.2236,103.2689,103.0258,103.0758,449,150,0
2026-03-30 14:45:00,103.0588,103.1918,102.8375,102.882,450,150,0
2026-03-30 15:00:00,102.8576,102.9546,102.6932,102.8581,447,150,0
2026-03-30 15:15:00,102.8498,102.9154,102.5957,102.7987,447,150,0
2026-03-30 15:30:00,102.7992,103.1318,102.6594,102.9202,450,150,0
2026-03-30 15:45:00,102.9171,102.9218,102.5084,102.6513,447,150,0
2026-03-30 16:00:00,102.665,102.665,102.2018,102.3732,446,150,0
2026-03-30 16:15:00,102.3715,102.6276,102.3097,102.5011,449,150,0
2026-03-30 16:30:00,102.5013,102.783,102.3712,102.7182,449,150,0
2026-03-30 16:45:00,102.7123,102.9394,102.4291,102.4453,449,150,0
2026-03-30 17:00:00,102.454,102.6798,102.3155,102.5797,449,150,0
2026-03-30 17:15:00,102.5894,102.6754,102.2656,102.5594,450,150,0
2026-03-30 17:30:00,102.5732,102.616,102.1489,102.4504,445,150,0
2026-03-30 17:45:00,102.4441,102.5302,102.2389,102.3411,449,150,0
2026-03-30 18:00:00,102.3322,102.6127,102.3239,102.5705,448,150,0
2026-03-30 18:15:00,102.5555,102.6084,102.2395,102.6013,448,150,0
2026-03-30 18:30:00,102.6068,102.7183,102.2276,102.3776,449,150,0
2026-03-30 18:45:00,102.3685,102.4797,101.8571,101.9115,449,150,0
2026-03-30 19:00:00,101.9137,102.0286,101.6024,101.6024,449,150,0
2026-03-30 19:15:00,101.617,101.6196,101.0149,101.2083,449,150,0
2026-03-30 19:30:00,101.2065,101.5524,101.1517,101.3625,448,150,0
2026-03-30 19:45:00,101.3787,101.5848,101.1812,101.2831,450,150,0
2026-03-30 20:00:00,101.2749,101.3476,101.0577,101.086,445,150,0
2026-03-30 20:15:00,101.0795,101.1053,100.6429,100.655,448,150,0
2026-03-30 20:30:00,100.6669,100.9431,100.6659,100.784,450,150,0
2026-03-30 20:45:00,100.7877,100.8932,100.6339,100.7121,448,150,0
2026-03-30 21:00:00,100.6971,100.8643,100.5591,100.6406,448,150,0
2026-03-30 21:15:00,100.6615,100.8198,100.4798,100.643,449,150,0
2026-03-30 21:30:00,100.6271,101.0351,100.5491,101.0004,450,150,0
2026-03-30 21:45:00,100.9899,101.0969,100.6874,100.7835,450,150,0
2026-03-30 22:00:00,100.7847,100.852,100.3753,100.8448,447,150,0
2026-03-30 22:15:00,100.837,100.8849,100.6136,100.6406,449,150,0
2026-03-30 22:30:00,100.6459,101.0677,100.5068,100.9183,447,150,0
2026-03-30 22:45:00,100.8945,101.4474,100.8945,101.3192,449,150,0
2026-03-30 23:00:00,101.3116,101.598,101.2009,101.3787,448,150,0
2026-03-30 23:15:00,101.3855,101.6641,101.3855,101.6198,450,150,0
2026-03-30 23:30:00,101.6155,102.034,101.4386,101.934,450,150,0
2026-03-30 23:45:00,101.9281,102.1638,101.6645,101.7647,449,150,0
2026-03-31 00:00:00,101.7525,101.9294,101.57,101.5914,448,150,0
2026-03-31 00:15:00,101.5787,101.7488,101.4175,101.4569,449,150,0
2026-03-31 00:30:00,101.4542,101.7827,101.4542,101.6981,450,150,0
2026-03-31 00:45:00,101.7135,102.0233,101.6453,101.8867,448,150,0
2026-03-31 01:00:00,101.8879,102.0444,101.6479,101.8377,449,150,0
2026-03-31 01:15:00,101.8174,101.9256,101.6423,101.6759,449,150,0
2026-03-31 01:30:00,101.6831,102.1885,101.6556,102.1759,450,150,0
2026-03-31 01:45:00,102.1906,102.2521,101.8539,101.8935,449,150,0
2026-03-31 02:00:00,101.892,101.9413,101.6171,101.7329,446,150,0
2026-03-31 02:15:00,101.7425,101.7655,101.2944,101.4009,449,150,0
2026-03-31 02:30:00,101.3934,101.4653,101.1966,101.2914,449,150,0
2026-03-31 02:45:00,101.3064,101.4966,101.1932,101.406,449,150,0
2026-03-31 03:00:00,101.392,101.4493,100.9604,101.0168,450,150,0
2026-03-31 03:15:00,101.0353,101.5695,101.0182,101.4642,448,150,0
2026-03-31 03:30:00,101.4608,101.7028,101.3497,101.6209,449,150,0
2026-03-31 03:45:00,101.6404,101.7579,101.4256,101.4854,449,150,0
2026-03-31 04:00:00,101.4811,101.6547,101.2918,101.3389,450,150,0
2026-03-31 04:15:00,101.3427,101.4306,101.0725,101.1478,448,150,0
2026-03-31 04:30:00,101.1439,101.1883,100.5673,100.6108,450,150,0
2026-03-31 04:45:00,100.6141,100.7224,100.4259,100.5866,448,150,0
2026-03-31 05:00:00,100.5983,100.8787,100.4816,100.8438,449,150,0
2026-03-31 05:15:00,100.8375,101.1677,100.8344,101.0889,450,150,0
2026-03-31 05:30:00,101.0975,101.1019,100.5642,100.7772,448,150,0
2026-03-31 05:45:00,100.763,101.1215,100.763,101.0265,449,150,0
2026-03-31 06:00:00,101.0327,101.4253,100.9598,101.2773,449,150,0
2026-03-31 06:15:00,101.2843,101.2843,100.9594,101.1595,449,150,0
2026-03-31 06:30:00,101.1411,101.2822,100.9952,101.0163,448,150,0
2026-03-31 06:45:00,101.005,101.0555,100.5068,100.5531,450,150,0
2026-03-31 07:00:00,100.5605,100.6715,100.3428,100.6542,447,150,0
2026-03-31 07:15:00,100.6743,100.7937,100.2498,100.2498,447,150,0
2026-03-31 07:30:00,100.244,100.5515,100.0525,100.0655,449,150,0
2026-03-31 07:45:00,100.0791,100.1464,99.5491,99.6004,447,150,0
2026-03-31 08:00:00,99.6044,100.1888,99.5327,100.161,447,150,0
2026-03-31 08:15:00,100.1667,100.2897,99.4232,99.5285,449,150,0
2026-03-31 08:30:00,99.5173,99.5264,99.1132,99.1496,450,150,0
2026-03-31 08:45:00,99.1367,99.2966,99.0503,99.2362,448,150,0
2026-03-31 09:00:00,99.2332,99.8253,99.1808,99.7928,450,150,0
2026-03-31 09:15:00,99.7844,100.1423,99.7368,100.0788,450,150,0
2026-03-31 09:30:00,100.0646,100.4338,100.0114,100.2266,448,150,0
2026-03-31 09:45:00,100.2312,100.3622,100.0199,100.215,450,150,0
2026-03-31 10:00:00,100.2341,100.4091,100.1341,100.261,450,150,0
2026-03-31 10:15:00,100.2675,100.3534,99.9205,99.9897,447,150,0
2026-03-31 10:30:00,100.002,100.1629,99.7137,100.1351,449,150,0
2026-03-31 10:45:00,100.1568,100.6427,100.1568,100.2241,449,150,0
2026-03-31 11:00:00,100.23,100.23,99.7391,100.008,448,150,0
2026-03-31 11:15:00,100.0162,100.409,99.8782,100.2682,448,150,0
2026-03-31 11:30:00,100.2726,100.303,99.8127,99.9872,449,150,0
2026-03-31 11:45:00,99.96340000000001,100.0456,99.6947,99.818,449,150,0
2026-03-31 12:00:00,99.8339,99.9964,99.5813,99.9827,447,150,0
2026-03-31 12:15:00,99.9887,100.152,99.5342,99.5935,450,150,0
2026-03-31 12:30:00,99.6081,99.9401,99.5121,99.8835,446,150,0
2026-03-31 12:45:00,99.8919,100.0758,99.7636,99.7638,449,150,0
2026-03-31 13:00:00,99.7634,99.8309,99.3531,99.3888,449,150,0
2026-03-31 13:15:00,99.4059,99.8126,99.4059,99.6752,449,150,0
2026-03-31 13:30:00,99.6787,99.8143,99.47,99.6824,449,150,0
2026-03-31 13:45:00,99.683,99.8411,99.4701,99.6138,450,150,0
2026-03-31 14:00:00,99.6019,99.7599,99.4002,99.4445,449,150,0
2026-03-31 14:15:00,99.4576,99.4747,99.097,99.1825,449,150,0
2026-03-31 14:30:00,99.1727,99.4976,99.088,99.2771,449,150,0
2026-03-31 14:45:00,99.2776,99.5965,99.101,99.3572,450,150,0
2026-03-31 15:00:00,99.3498,99.6007,99.2636,99.5334,449,150,0
2026-03-31 15:15:00,99.5496,99.6869,99.1892,99.5622,448,150,0
2026-03-31 15:30:00,99.5688,99.7653,99.5018,99.6116,450,150,0
2026-03-31 15:45:00,99.6339,99.8201,99.479,99.7093,448,150,0
2026-03-31 16:00:00,99.7096,99.9337,99.5954,99.8813,450,150,0
2026-03-31 16:15:00,99.8782,100.0036,99.6556,99.6956,450,150,0
2026-03-31 16:30:00,99.6812,99.9468,99.5673,99.8731,450,150,0
2026-03-31 16:45:00,99.8915,100.0481,99.8526,99.9378,446,150,0
2026-03-31 17:00:00,99.9287,100.1852,99.7986,100.1175,450,150,0
2026-03-31 17:15:00,100.1066,100.3161,99.9179,100.2446,450,150,0
2026-03-31 17:30:00,100.2484,100.3606,100.1134,100.2496,450,150,0
2026-03-31 17:45:00,100.2445,100.346,99.9115,99.9997,449,150,0
2026-03-31 18:00:00,99.989,100.0345,99.1923,99.2163,448,150,0
2026-03-31 18:15:00,99.2104,99.4444,99.0993,99.2396,449,150,0
2026-03-31 18:30:00,99.2498,99.2818,98.9448,98.9836,448,150,0
2026-03-31 18:45:00,98.9549,99.1034,98.7583,99.0634,450,150,0
2026-03-31 19:00:00,99.0767,99.2917,98.8659,99.0825,445,150,0
2026-03-31 19:15:00,99.0971,99.3773,99.0217,99.0217,450,150,0
2026-03-31 19:30:00,99.0167,99.1641,98.7808,98.7808,450,150,0
2026-03-31 19:45:00,98.7809,98.8786,98.5885,98.686,448,150,0
2026-03-31 20:00:00,98.673,98.9711,98.6669,98.9711,448,150,0
2026-03-31 20:15:00,98.9921,99.2022,98.7829,99.0006,447,150,0
2026-03-31 20:30:00,98.9898,99.2002,98.6848,98.724,450,150,0
2026-03-31 20:45:00,98.6956,99.0903,98.6096,99.0784,448,150,0
2026-03-31 21:00:00,99.0781,99.3453,98.8761,99.3235,448,150,0
2026-03-31 21:15:00,99.342,99.3904,99.1567,99.1811,449,150,0
2026-03-31 21:30:00,99.1934,99.3446,99.018,99.1024,448,150,0
2026-03-31 21:45:00,99.1139,99.1154,98.6722,98.8581,449,150,0
2026-03-31 22:00:00,98.856,99.0467,98.6437,98.773,450,150,0
2026-03-31 22:15:00,98.7703,98.9693,98.5756,98.7493,449,150,0
2026-03-31 22:30:00,98.7402,99.1531,98.641,98.9794,448,150,0
2026-03-31 22:45:00,98.9653,99.0124,98.6962,98.7497,448,150,0
2026-03-31 23:00:00,98.7425,98.7916,98.4214,98.678,450,150,0
2026-03-31 23:15:00,98.683,98.8181,98.5709,98.778,449,150,0
2026-03-31 23:30:00,98.7748,99.1012,98.7387,99.0933,446,150,0
2026-03-31 23:45:00,99.0672,99.2326,98.8887,99.0912,446,150,0
2026-04-01 00:00:00,99.0782,99.316,98.8419,98.8732,450,150,0
2026-04-01 00:15:00,98.8793,99.2584,98.8472,99.2272,449,150,0
2026-04-01 00:30:00,99.2221,99.2221,98.7343,98.8002,448,150,0
2026-04-01 00:45:00,98.833,99.2921,98.7747,99.1307,450,150,0
2026-04-01 01:00:00,99.1427,99.1986,98.7286,98.8655,449,150,0
2026-04-01 01:15:00,98.8612,99.0095,98.7328,98.9318,450,150,0
2026-04-01 01:30:00,98.91159999999999,98.9597,98.6615,98.8238,449,150,0
2026-04-01 01:45:00,98.8334,99.5169,98.8318,99.4531,449,150,0
2026-04-01 02:00:00,99.4533,99.5859,99.1752,99.2929,449,150,0
2026-04-01 02:15:00,99.2897,99.3304,98.8132,98.9866,448,150,0
2026-04-01 02:30:00,98.9905,99.33,98.9188,99.2507,448,150,0
2026-04-01 02:45:00,99.2734,99.5712,99.2456,99.4982,449,150,0
2026-04-01 03:00:00,99.5026,99.8412,99.439,99.7211,450,150,0
2026-04-01 03:15:00,99.7204,99.7997,99.5681,99.5889,450,150,0
2026-04-01 03:30:00,99.6009,99.9074,99.3963,99.557,448,150,0
2026-04-01 03:45:00,99.5602,99.9547,99.484,99.7936,450,150,0
2026-04-01 04:00:00,99.7894,100.1364,99.6014,100.0374,449,150,0
2026-04-01 04:15:00,100.0275,100.6019,99.9191,100.572,450,150,0
2026-04-01 04:30:00,100.5612,100.645,100.3078,100.3842,449,150,0
2026-04-01 04:45:00,100.3927,100.6325,100.2688,100.3281,448,150,0
2026-04-01 05:00:00,100.3162,100.9005,100.2772,100.4816,449,150,0
2026-04-01 05:15:00,100.4789,100.5059,100.0586,100.4184,449,150,0
2026-04-01 05:30:00,100.4213,100.7002,100.2814,100.6297,448,150,0
2026-04-01 05:45:00,100.6271,100.8023,100.4805,100.7112,447,150,0
2026-04-01 06:00:00,100.6976,100.902,100.4899,100.8469,447,150,0
2026-04-01 06:15:00,100.8468,101.4394,100.8328,101.3018,447,150,0
2026-04-01 06:30:00,101.2857,101.4595,101.2194,101.3571,448,150,0
2026-04-01 06:45:00,101.3611,101.6264,101.1169,101.1732,450,150,0
2026-04-01 07:00:00,101.1667,101.4882,101.1048,101.232,446,150,0
2026-04-01 07:15:00,101.2587,101.3936,101.1021,101.1379,449,150,0
2026-04-01 07:30:00,101.1296,101.5408,101.0855,101.4952,450,150,0
2026-04-01 07:45:00,101.5057,102.2453,101.5057,102.0112,450,150,0
2026-04-01 08:00:00,102.0071,102.1703,101.8918,102.0318,450,150,0
2026-04-01 08:15:00,102.0393,102.371,101.9053,102.1705,446,150,0
2026-04-01 08:30:00,102.1618,102.2975,101.6863,101.7632,449,150,0
2026-04-01 08:45:00,101.78,102.0722,101.7721,102.0594,449,150,0
2026-04-01 09:00:00,102.0274,102.1639,101.8258,101.9224,449,150,0
2026-04-01 09:15:00,101.9036,102.3733,101.7947,102.3082,447,150,0
2026-04-01 09:30:00,102.3287,102.479,102.0449,102.2541,450,150,0
2026-04-01 09:45:00,102.2509,102.4174,102.1189,102.3894,447,150,0
2026-04-01 10:00:00,102.377,102.6069,102.3188,102.4182,450,150,0
2026-04-01 10:15:00,102.4014,102.5016,102.1253,102.2444,449,150,0
2026-04-01 10:30:00,102.2546,102.3932,102.1384,102.2768,449,150,0
2026-04-01 10:45:00,102.2532,102.4933,102.0512,102.3948,446,150,0
2026-04-01 11:00:00,102.3578,102.4501,101.9294,101.9777,449,150,0
2026-04-01 11:15:00,101.956,102.1661,101.8487,102.1243,448,150,0
2026-04-01 11:30:00,102.1287,102.2737,101.9898,102.2398,449,150,0
2026-04-01 11:45:00,102.2268,102.425,102.0485,102.3445,448,150,0
2026-04-01 12:00:00,102.3336,102.5321,102.0668,102.1014,448,150,0
2026-04-01 12:15:00,102.0917,102.6799,102.039,102.5879,448,150,0
2026-04-01 12:30:00,102.583,102.7103,102.2856,102.3162,448,150,0
2026-04-01 12:45:00,102.3181,102.3855,102.0088,102.1362,450,150,0
2026-04-01 13:00:00,102.1353,102.458,101.9901,102.3676,449,150,0
2026-04-01 13:15:00,102.3532,102.45,102.1775,102.4478,449,150,0
2026-04-01 13:30:00,102.4578,102.6183,102.2105,102.5742,449,150,0
2026-04-01 13:45:00,102.5828,102.8499,102.5106,102.6683,449,150,0
2026-04-01 14:00:00,102.6744,102.7638,102.2764,102.6473,446,150,0
2026-04-01 14:15:00,102.6427,102.6439,102.2449,102.4175,448,150,0
2026-04-01 14:30:00,102.4599,102.4992,102.1519,102.4216,447,150,0
2026-04-01 14:45:00,102.3988,102.8127,102.3723,102.6945,450,150,0
2026-04-01 15:00:00,102.6846,103.0099,102.5786,102.8251,448,150,0
2026-04-01 15:15:00,102.8329,102.8849,102.2407,102.2407,447,150,0
2026-04-01 15:30:00,102.2271,102.4759,102.1035,102.3001,447,150,0
2026-04-01 15:45:00,102.2997,102.4719,102.0437,102.1972,448,150,0
2026-04-01 16:00:00,102.2045,102.4903,102.1408,102.3502,450,150,0
2026-04-01 16:15:00,102.3213,102.4751,102.1883,102.3104,450,150,0
2026-04-01 16:30:00,102.3049,102.6575,102.295,102.3522,450,150,0
2026-04-01 16:45:00,102.3652,102.6581,102.3422,102.5218,445,150,0
2026-04-01 17:00:00,102.538,102.7521,102.1945,102.6413,448,150,0
2026-04-01 17:15:00,102.655,102.7742,102.3635,102.4299,445,150,0
2026-04-01 17:30:00,102.4083,102.4878,102.0759,102.1678,450,150,0
2026-04-01 17:45:00,102.1789,102.4365,102.1152,102.1422,447,150,0
2026-04-01 18:00:00,102.1602,102.2856,101.8634,102.1051,447,150,0
2026-04-01 18:15:00,102.1183,102.161,101.7703,101.9968,449,150,0
2026-04-01 18:30:00,102.0056,102.36,101.6932,101.6932,450,150,0
2026-04-01 18:45:00,101.6893,101.9728,101.6222,101.8431,450,150,0
2026-04-01 19:00:00,101.8606,102.3033,101.8597,102.1319,449,150,0
2026-04-01 19:15:00,102.1353,102.2951,101.9989,102.2774,446,150,0
2026-04-01 19:30:00,102.2786,102.8839,102.2786,102.7915,450,150,0
2026-04-01 19:45:00,102.8024,103.3988,102.7743,103.1971,450,150,0
2026-04-01 20:00:00,103.1924,104.0165,103.0395,103.9587,449,150,0
2026-04-01 20:15:00,103.9538,104.799,103.8928,104.7705,448,150,0
2026-04-01 20:30:00,104.7705,104.975,104.6725,104.9045,448,150,0
2026-04-01 20:45:00,104.8882,104.973,104.7004,104.8067,450,150,0
2026-04-01 21:00:00,104.8087,104.908,104.5994,104.897,448,150,0
2026-04-01 21:15:00,104.9069,104.9711,104.5429,104.753,450,150,0
2026-04-01 21:30:00,104.7348,105.1289,104.5693,105.1279,448,150,0
2026-04-01 21:45:00,105.123,105.1606,104.8971,105.0446,450,150,0
2026-04-01 22:00:00,105.0439,105.0649,104.5544,104.5932,449,150,0
2026-04-01 22:15:00,104.5799,104.5799,104.0571,104.1191,448,150,0
2026-04-01 22:30:00,104.1076,104.1076,103.3953,103.4319,447,150,0
2026-04-01 22:45:00,103.454,103.9424,103.4285,103.6286,450,150,0
2026-04-01 23:00:00,103.636,104.3596,103.636,104.3047,450,150,0
2026-04-01 23:15:00,104.3035,104.7534,104.162,104.4006,450,150,0
2026-04-01 23:30:00,104.3988,104.6642,104.2611,104.2775,447,150,0
2026-04-01 23:45:00,104.279,104.4484,104.0044,104.0218,448,150,0
2026-04-02 00:00:00,104.0482,104.0831,103.6353,103.8374,449,150,0
2026-04-02 00:15:00,103.8582,104.1805,103.7307,104.1118,450,150,0
2026-04-02 00:30:00,104.1129,104.4724,104.0671,104.4277,450,150,0
2026-04-02 00:45:00,104.4184,104.4859,103.8531,103.9089,449,150,0
2026-04-02 01:00:00,103.8974,104.2482,103.7425,104.1773,448,150,0
2026-04-02 01:15:00,104.1776,104.3414,104.0506,104.1491,449,150,0
2026-04-02 01:30:00,104.1634,104.3872,103.9612,104.1868,450,150,0
2026-04-02 01:45:00,104.1988,104.495,103.8356,103.8356,449,150,0
2026-04-02 02:00:00,103.8186,104.2265,103.7975,104.2125,421,150,0
2026-04-02 02:15:00,104.2014,104.5406,104.183,104.2342,449,150,0
2026-04-02 02:30:00,104.2506,104.4992,104.1697,104.3169,449,150,0
2026-04-02 02:45:00,104.317,104.5435,104.3151,104.3968,449,150,0
2026-04-02 03:00:00,104.4093,104.6385,104.2337,104.4871,450,150,0
2026-04-02 03:15:00,104.477,104.8834,104.3932,104.7989,449,150,0
2026-04-02 03:30:00,104.7987,105.0136,104.7753,104.9573,449,150,0
2026-04-02 03:45:00,104.9569,105.3003,104.891,105.2679,446,150,0
2026-04-02 04:00:00,105.2845,105.7006,105.2109,105.6891,448,150,0
2026-04-02 04:15:00,105.692,105.9196,105.5556,105.6371,450,150,0
2026-04-02 04:30:00,105.6354,105.7306,105.3847,105.5968,450,150,0
2026-04-02 04:45:00,105.5939,105.9937,105.485,105.6943,449,150,0
2026-04-02 05:00:00,105.7137,105.8688,105.3088,105.4127,449,150,0
2026-04-02 05:15:00,105.409,105.5344,104.6606,104.755,447,150,0
2026-04-02 05:30:00,104.7639,105.0145,104.5804,104.7262,449,150,0
2026-04-02 05:45:00,104.7568,104.8435,104.1351,104.3144,449,150,0
2026-04-02 06:00:00,104.3285,104.4938,104.2209,104.3476,449,150,0
2026-04-02 06:15:00,104.3458,104.9886,104.3405,104.8725,450,150,0
2026-04-02 06:30:00,104.8836,104.9268,104.3274,104.5915,448,150,0
2026-04-02 06:45:00,104.5833,105.0285,104.5548,104.7054,448,150,0
2026-04-02 07:00:00,104.7056,104.8287,104.3182,104.4811,447,150,0
2026-04-02 07:15:00,104.4633,104.4633,104.0165,104.3511,446,150,0
2026-04-02 07:30:00,104.366,104.3845,103.8708,104.0325,450,150,0
2026-04-02 07:45:00,104.0349,104.1631,103.8868,103.9132,450,150,0
2026-04-02 08:00:00,103.9342,104.3189,103.9342,104.274,449,150,0
2026-04-02 08:15:00,104.2988,104.3703,103.8262,103.8474,450,150,0
2026-04-02 08:30:00,103.8664,103.8818,103.3883,103.5245,446,150,0
2026-04-02 08:45:00,103.5139,103.5824,103.297,103.297,450,150,0
2026-04-02 09:00:00,103.2994,103.3821,103.15,103.1856,448,150,0
2026-04-02 09:15:00,103.2105,103.3428,103.0002,103.2896,450,150,0
2026-04-02 09:30:00,103.3008,103.5335,103.2185,103.4226,447,150,0
2026-04-02 09:45:00,103.4286,103.9953,103.4145,103.754,450,150,0
2026-04-02 10:00:00,103.7495,104.3564,103.6527,104.3508,447,150,0
2026-04-02 10:15:00,104.3466,104.7586,104.1559,104.6866,449,150,0
2026-04-02 10:30:00,104.6911,104.7989,104.2711,104.2733,448,150,0
2026-04-02 10:45:00,104.2673,104.3518,104.0406,104.233,447,150,0
2026-04-02 11:00:00,104.2219,104.4848,104.1298,104.1733,450,150,0
2026-04-02 11:15:00,104.1773,104.1931,103.6786,103.8699,450,150,0
2026-04-02 11:30:00,103.8601,104.2892,103.7793,104.1887,449,150,0
2026-04-02 11:45:00,104.2017,104.4522,103.887,104.0496,450,150,0
2026-04-02 12:00:00,104.0393,104.4637,104.0393,104.1836,450,150,0
2026-04-02 12:15:00,104.1694,104.3173,103.9064,103.9722,449,150,0
2026-04-02 12:30:00,103.9776,104.467,103.8,104.3609,449,150,0
2026-04-02 12:45:00,104.344,104.541,104.146,104.426,450,150,0
2026-04-02 13:00:00,104.4516,104.6077,104.1628,104.2692,447,150,0
2026-04-02 13:15:00,104.2649,104.5097,104.2051,104.2051,450,150,0
2026-04-02 13:30:00,104.1981,104.6348,104.1652,104.5964,450,150,0
2026-04-02 13:45:00,104.5877,104.7335,104.285,104.3559,450,150,0
2026-04-02 14:00:00,104.3383,104.7914,104.3016,104.7114,450,150,0
2026-04-02 14:15:00,104.7084,104.8836,104.5594,104.6585,445,150,0
2026-04-02 14:30:00,104.6337,104.6466,104.0087,104.0422,449,150,0
2026-04-02 14:45:00,104.0343,104.6053,104.009,104.6053,450,150,0
2026-04-02 15:00:00,104.5906,104.9,104.5172,104.7831,449,150,0
2026-04-02 15:15:00,104.7837,104.9099,104.709,104.7189,448,150,0
2026-04-02 15:30:00,104.7119,104.7919,104.2644,104.5879,448,150,0
2026-04-02 15:45:00,104.5939,104.6181,104.0999,104.1708,450,150,0
2026-04-02 16:00:00,104.1895,105.0212,104.1362,104.7784,449,150,0
2026-04-02 16:15:00,104.7574,104.8095,104.4584,104.6263,450,150,0
2026-04-02 16:30:00,104.621,105.0315,104.5255,104.961,450,150,0
2026-04-02 16:45:00,104.9725,105.39,104.9174,105.216,449,150,0
2026-04-02 17:00:00,105.1929,105.3445,105.0738,105.0741,448,150,0
2026-04-02 17:15:00,105.0853,105.2603,104.9719,105.1925,449,150,0
2026-04-02 17:30:00,105.201,105.3252,105.0866,105.238,450,150,0
2026-04-02 17:45:00,105.2063,105.2671,104.6609,104.7523,449,150,0
2026-04-02 18:00:00,104.7614,105.5255,104.7117,105.2627,450,150,0
2026-04-02 18:15:00,105.2542,105.615,104.7481,104.8184,448,150,0
2026-04-02 18:30:00,104.8041,105.0372,104.7151,104.7416,448,150,0
2026-04-02 18:45:00,104.7189,104.775,104.3392,104.4342,449,150,0
2026-04-02 19:00:00,104.4416,104.6249,104.3314,104.3874,449,150,0
2026-04-02 19:15:00,104.3704,104.8055,104.3648,104.6844,449,150,0
2026-04-02 19:30:00,104.7153,104.9234,104.553,104.5751,450,150,0
2026-04-02 19:45:00,104.5754,104.5999,104.1474,104.2095,446,150,0
2026-04-02 20:00:00,104.1936,104.4317,104.1594,104.2879,446,150,0
2026-04-02 20:15:00,104.2742,104.5028,104.266,104.4787,449,150,0
2026-04-02 20:30:00,104.4628,104.4768,104.1745,104.3132,450,150,0
2026-04-02 20:45:00,104.318,104.4833,104.2092,104.43,448,150,0
2026-04-02 21:00:00,104.4354,104.4917,103.9726,103.9909,446,150,0
2026-04-02 21:15:00,103.9942,104.2739,103.7906,103.9483,449,150,0
2026-04-02 21:30:00,103.9527,104.2578,103.8861,104.081,449,150,0
2026-04-02 21:45:00,104.0844,104.2376,103.7867,103.8425,447,150,0
2026-04-02 22:00:00,103.8496,103.9918,103.6963,103.8796,449,150,0
2026-04-02 22:15:00,103.8653,104.0538,103.742,104.0178,448,150,0
2026-04-02 22:30:00,104.0305,104.1398,103.9164,103.9698,450,150,0
2026-04-02 22:45:00,103.9629,103.983,103.3558,103.3694,450,150,0
2026-04-02 23:00:00,103.388,103.4006,102.8573,102.8577,449,150,0
2026-04-02 23:15:00,102.8397,103.3683,102.8157,103.2924,450,150,0
2026-04-02 23:30:00,103.3033,103.4582,103.1232,103.2243,449,150,0
2026-04-02 23:45:00,103.2365,103.2695,103.0699,103.2127,449,150,0
2026-04-03 00:00:00,103.2142,103.52590000000001,103.1696,103.2687,448,150,0
2026-04-03 00:15:00,103.2861,103.6041,103.1238,103.1673,449,150,0
2026-04-03 00:30:00,103.1632,103.3436,103.0026,103.3259,448,150,0
2026-04-03 00:45:00,103.3265,103.4411,103.207,103.4226,450,150,0
2026-04-03 01:00:00,103.4297,103.558,103.1267,103.4475,448,150,0
2026-04-03 01:15:00,103.4594,103.5196,103.0991,103.1468,450,150,0
2026-04-03 01:30:00,103.164,103.2369,102.834,102.8621,450,150,0
2026-04-03 01:45:00,102.8575,103.0614,102.7247,102.9522,450,150,0
2026-04-03 02:00:00,102.9384,103.2996,102.9099,103.1752,449,150,0
2026-04-03 02:15:00,103.1936,103.9122,103.0789,103.8953,449,150,0
2026-04-03 02:30:00,103.8938,104.0106,103.6264,103.721,447,150,0
2026-04-03 02:45:00,103.7129,103.919,103.6551,103.8407,449,150,0
2026-04-03 03:00:00,103.8365,103.9609,103.5721,103.9358,449,150,0
2026-04-03 03:15:00,103.9291,104.3936,103.8865,104.3423,450,150,0
2026-04-03 03:30:00,104.3355,104.4759,104.1451,104.4659,447,150,0
2026-04-03 03:45:00,104.4592,104.6678,104.3664,104.5294,449,150,0
2026-04-03 04:00:00,104.5167,104.6949,104.3584,104.389,449,150,0
2026-04-03 04:15:00,104.3983,104.4536,104.1184,104.3271,448,150,0
2026-04-03 04:30:00,104.3169,104.8309,104.3169,104.7493,450,150,0
2026-04-03 04:45:00,104.7598,104.9498,104.6132,104.7615,450,150,0
2026-04-03 05:00:00,104.7538,104.9809,104.6522,104.8759,448,150,0
2026-04-03 05:15:00,104.8551,104.9077,104.4957,104.5705,449,150,0
2026-04-03 05:30:00,104.5733,104.72,104.2032,104.2253,450,150,0
2026-04-03 05:45:00,104.2029,104.6107,104.1555,104.2399,448,150,0
2026-04-03 06:00:00,104.2317,105.0407,104.171,104.6765,450,150,0
2026-04-03 06:15:00,104.6677,104.8042,104.2811,104.5656,450,150,0
2026-04-03 06:30:00,104.5671,104.5946,104.1782,104.2729,448,150,0
2026-04-03 06:45:00,104.2732,104.487,103.9932,104.1381,449,150,0
2026-04-03 07:00:00,104.1379,104.4083,103.9945,104.3359,450,150,0
2026-04-03 07:15:00,104.3417,104.7755,104.2289,104.6203,449,150,0
2026-04-03 07:30:00,104.629,104.9427,104.4622,104.802,447,150,0
2026-04-03 07:45:00,104.8074,104.9222,104.4051,104.6247,449,150,0
2026-04-03 08:00:00,104.6485,104.8917,104.4435,104.8129,448,150,0
2026-04-03 08:15:00,104.8123,105.1042,104.8054,104.998,448,150,0
2026-04-03 08:30:00,105.0003,105.0042,104.5701,104.6531,448,150,0
2026-04-03 08:45:00,104.6543,104.7288,104.3074,104.445,448,150,0
2026-04-03 09:00:00,104.4274,104.463,104.0219,104.099,449,150,0
2026-04-03 09:15:00,104.0997,104.1645,103.8231,104.1185,446,150,0
2026-04-03 09:30:00,104.1167,104.3076,103.9266,103.9517,447,150,0
2026-04-03 09:45:00,103.9446,104.1762,103.8243,103.8243,449,150,0
2026-04-03 10:00:00,103.8186,103.8638,103.1432,103.1855,449,150,0
2026-04-03 10:15:00,103.1805,103.3779,102.9527,103.3672,449,150,0
2026-04-03 10:30:00,103.3571,103.5087,103.2489,103.4643,448,150,0
2026-04-03 10:45:00,103.4465,103.5063,103.2365,103.2876,449,150,0
2026-04-03 11:00:00,103.2991,103.7514,103.2027,103.6219,449,150,0
2026-04-03 11:15:00,103.5947,103.7221,103.1233,103.1698,449,150,0
2026-04-03 11:30:00,103.1783,103.1783,102.7804,102.8846,448,150,0
2026-04-03 11:45:00,102.8924,103.1757,102.8112,103.1566,445,150,0
2026-04-03 12:00:00,103.178,103.2638,102.9511,103.1885,449,150,0
2026-04-03 12:15:00,103.1969,103.4104,102.9716,103.1235,449,150,0
2026-04-03 12:30:00,103.1333,103.298,102.704,102.704,449,150,0
2026-04-03 12:45:00,102.6968,102.8243,102.4698,102.5757,449,150,0
2026-04-03 13:00:00,102.5785,102.6495,102.3156,102.392,447,150,0
2026-04-03 13:15:00,102.4118,102.7413,102.347,102.5974,448,150,0
2026-04-03 13:30:00,102.6102,102.7006,101.9008,102.0078,450,150,0
2026-04-03 13:45:00,101.9867,102.1743,101.8987,101.9746,447,150,0
2026-04-03 14:00:00,101.9875,102.1562,101.8083,101.9419,450,150,0
2026-04-03 14:15:00,101.9304,102.1825,101.683,101.9755,448,150,0
2026-04-03 14:30:00,101.9696,102.5244,101.9173,102.4384,449,150,0
2026-04-03 14:45:00,102.4218,102.5945,102.1869,102.5657,448,150,0
2026-04-03 15:00:00,102.5693,102.7561,102.542,102.7212,447,150,0
2026-04-03 15:15:00,102.7144,102.8892,102.6266,102.7615,447,150,0
2026-04-03 15:30:00,102.7801,102.9678,102.5802,102.7469,449,150,0
2026-04-03 15:45:00,102.73,102.7423,102.351,102.3714,449,150,0
2026-04-03 16:00:00,102.3727,102.3727,101.8855,102.0063,448,150,0
2026-04-03 16:15:00,102.0016,102.1801,101.8839,101.917,449,150,0
2026-04-03 16:30:00,101.9203,102.0285,101.7006,101.9181,448,150,0
2026-04-03 16:45:00,101.9174,102.0665,101.8105,101.854,450,150,0
2026-04-03 17:00:00,101.8499,101.9963,101.6888,101.7581,450,150,0
2026-04-03 17:15:00,101.7636,101.901,101.6482,101.7097,448,150,0
2026-04-03 17:30:00,101.7091,101.7531,101.2318,101.3583,449,150,0
2026-04-03 17:45:00,101.3599,101.562,101.1565,101.562,449,150,0
2026-04-03 18:00:00,101.5626,101.6125,101.1328,101.4089,448,150,0
2026-04-03 18:15:00,101.4031,101.7385,101.3201,101.6144,450,150,0
2026-04-03 18:30:00,101.58840000000001,101.8242,101.5285,101.6203,448,150,0
2026-04-03 18:45:00,101.6458,101.6746,101.2941,101.4278,449,150,0
2026-04-03 19:00:00,101.4393,101.5223,101.1305,101.2229,449,150,0
2026-04-03 19:15:00,101.2108,101.3224,101.0151,101.0338,448,150,0
2026-04-03 19:30:00,101.0244,101.0785,100.7537,100.8376,447,150,0
2026-04-03 19:45:00,100.8342,101.167,100.8342,101.0636,447,150,0
2026-04-03 20:00:00,101.0779,101.2509,100.9923,101.0096,448,150,0
2026-04-03 20:15:00,101.0063,101.2363,100.9355,100.9364,449,150,0
2026-04-03 20:30:00,100.9404,100.9475,100.5463,100.6708,449,150,0
2026-04-03 20:45:00,100.6614,100.7815,100.3287,100.4996,448,150,0
2026-04-03 21:00:00,100.4795,100.5341,100.3167,100.4329,450,150,0
2026-04-03 21:15:00,100.4276,100.6011,100.1936,100.2019,447,150,0
2026-04-03 21:30:00,100.1865,100.3398,100.001,100.074,448,150,0
2026-04-03 21:45:00,100.0615,100.1413,99.5154,99.5379,449,150,0
2026-04-03 22:00:00,99.5598,99.65090000000001,99.2861,99.4032,449,150,0
2026-04-03 22:15:00,99.4042,99.5948,99.2765,99.5424,449,150,0
2026-04-03 22:30:00,99.5281,99.8482,99.5175,99.7833,450,150,0
2026-04-03 22:45:00,99.7943,99.9119,99.6346,99.7324,449,150,0
2026-04-03 23:00:00,99.7412,99.8112,99.4853,99.6585,449,150,0
2026-04-03 23:15:00,99.6733,100.0455,99.5931,99.6964,448,150,0
2026-04-03 23:30:00,99.7076,100.0315,99.6615,99.9849,446,150,0
2026-04-03 23:45:00,100.0044,100.0044,99.5857,99.6253,448,150,0
2026-04-04 00:00:00,99.6193,99.7077,99.3058,99.4116,449,150,0
2026-04-04 00:15:00,99.4127,99.5514,99.1087,99.3212,449,150,0
2026-04-04 00:30:00,99.345,99.5623,99.2243,99.4804,446,150,0
2026-04-04 00:45:00,99.4738,99.6058,99.3248,99.5022,449,150,0
2026-04-04 01:00:00,99.5074,99.619,99.4061,99.6093,448,150,0
2026-04-04 01:15:00,99.6209,99.6477,99.2936,99.5801,449,150,0
2026-04-04 01:30:00,99.5737,99.5805,99.2468,99.2468,446,150,0
2026-04-04 01:45:00,99.2363,99.2637,98.803,98.8946,449,150,0
2026-04-04 02:00:00,98.9096,98.9441,98.7091,98.9331,447,150,0
2026-04-04 02:15:00,98.916,99.1022,98.7076,98.9077,448,150,0
2026-04-04 02:30:00,98.9132,98.9132,98.288,98.3528,446,150,0
2026-04-04 02:45:00,98.3469,98.4716,98.2547,98.4254,447,150,0
2026-04-04 03:00:00,98.4382,98.4774,98.1216,98.1672,446,150,0
2026-04-04 03:15:00,98.1735,98.2597,97.8451,98.1134,448,150,0
2026-04-04 03:30:00,98.1097,98.2933,98.0206,98.0755,449,150,0
2026-04-04 03:45:00,98.0815,98.1915,97.6662,97.6947,448,150,0
2026-04-04 04:00:00,97.7075,97.809,97.4382,97.4382,449,150,0
2026-04-04 04:15:00,97.4555,97.7891,97.238,97.5913,446,150,0
2026-04-04 04:30:00,97.5858,97.7153,97.5161,97.6599,450,150,0
2026-04-04 04:45:00,97.6627,97.666,97.1926,97.1926,449,150,0
2026-04-04 05:00:00,97.2068,97.2293,96.8313,96.871,450,150,0
2026-04-04 05:15:00,96.8801,97.006,96.59,96.7786,449,150,0
2026-04-04 05:30:00,96.7932,97.1307,96.7232,97.1142,450,150,0
2026-04-04 05:45:00,97.1231,97.3654,96.9647,97.3584,447,150,0
2026-04-04 06:00:00,97.3568,97.5533,97.1304,97.1304,450,150,0
2026-04-04 06:15:00,97.137,97.1478,96.8266,96.9075,450,150,0
2026-04-04 06:30:00,96.9162,97.2537,96.7934,97.2028,445,150,0
2026-04-04 06:45:00,97.1884,97.3366,97.0426,97.1763,449,150,0
2026-04-04 07:00:00,97.1926,97.272,97.0133,97.1555,450,150,0
2026-04-04 07:15:00,97.1614,97.3295,96.9858,97.2401,449,150,0
2026-04-04 07:30:00,97.2283,97.235,96.8477,96.9108,445,150,0
2026-04-04 07:45:00,96.9079,97.0938,96.7578,96.8613,448,150,0
2026-04-04 08:00:00,96.8667,96.952,96.3709,96.4201,450,150,0
2026-04-04 08:15:00,96.4112,96.4472,95.8602,95.9028,449,150,0
2026-04-04 08:30:00,95.919,96.1609,95.5647,95.6009,447,150,0
2026-04-04 08:45:00,95.5857,95.7067,95.4268,95.5198,448,150,0
2026-04-04 09:00:00,95.5498,95.5498,95.0732,95.3741,449,150,0
2026-04-04 09:15:00,95.3847,95.4164,95.2258,95.3095,448,150,0
2026-04-04 09:30:00,95.313,95.3593,94.9644,95.0819,449,150,0
2026-04-04 09:45:00,95.083,95.1579,94.8731,95.1254,449,150,0
2026-04-04 10:00:00,95.1347,95.4496,95.1151,95.2149,447,150,0
2026-04-04 10:15:00,95.2407,95.3638,94.9113,94.9123,449,150,0
2026-04-04 10:30:00,94.9152,95.2483,94.7984,95.1953,450,150,0
2026-04-04 10:45:00,95.1847,95.1934,94.7886,94.8354,448,150,0
2026-04-04 11:00:00,94.8281,94.8921,94.5286,94.556,449,150,0
2026-04-04 11:15:00,94.5546,94.6892,94.1254,94.1474,447,150,0
2026-04-04 11:30:00,94.1343,94.1605,93.7982,93.8883,448,150,0
2026-04-04 11:45:00,93.903,94.2757,93.8898,94.2427,448,150,0
2026-04-04 12:00:00,94.2322,94.3804,94.0631,94.0631,447,150,0
2026-04-04 12:15:00,94.0463,94.3832,93.9782,94.2655,450,150,0
2026-04-04 12:30:00,94.2771,94.5114,93.9644,93.9644,448,150,0
2026-04-04 12:45:00,93.9602,94.1876,93.849,93.9085,450,150,0
2026-04-04 13:00:00,93.9102,94.1164,93.8102,93.9842,449,150,0
2026-04-04 13:15:00,93.979,94.0748,93.6947,93.8523,449,150,0
2026-04-04 13:30:00,93.8751,94.1427,93.7617,94.0157,448,150,0
2026-04-04 13:45:00,94.0249,94.3049,94.0206,94.1883,448,150,0
2026-04-04 14:00:00,94.1702,94.3268,94.0202,94.2108,448,150,0
2026-04-04 14:15:00,94.1967,94.2408,93.9154,94.0969,450,150,0
2026-04-04 14:30:00,94.1015,94.6479,94.0971,94.6281,449,150,0
2026-04-04 14:45:00,94.6385,94.6615,94.2653,94.3835,450,150,0
2026-04-04 15:00:00,94.3984,94.4205,94.0161,94.296,450,150,0
2026-04-04 15:15:00,94.2781,94.2998,93.8711,94.0137,449,150,0
2026-04-04 15:30:00,94.0156,94.0342,93.7635,93.7929,448,150,0
2026-04-04 15:45:00,93.7932,93.8625,93.5096,93.7785,448,150,0
2026-04-04 16:00:00,93.7615,93.9021,93.5999,93.7183,450,150,0
2026-04-04 16:15:00,93.7092,93.9517,93.6715,93.6715,450,150,0
2026-04-04 16:30:00,93.6602,93.6602,93.2453,93.4496,450,150,0
2026-04-04 16:45:00,93.4609,93.8,93.3229,93.6216,446,150,0
2026-04-04 17:00:00,93.6074,93.7745,93.3495,93.7719,449,150,0
2026-04-04 17:15:00,93.7657,94.0185,93.7087,93.7739,448,150,0
2026-04-04 17:30:00,93.7602,94.1294,93.7501,94.0134,448,150,0
2026-04-04 17:45:00,94.0184,94.0639,93.4203,93.4794,449,150,0
2026-04-04 18:00:00,93.4869,93.7139,93.4316,93.6152,449,150,0
2026-04-04 18:15:00,93.6182,93.8865,93.5269,93.7003,450,150,0
2026-04-04 18:30:00,93.6876,93.9045,93.6713,93.7304,450,150,0
2026-04-04 18:45:00,93.7351,93.8035,93.4822,93.6218,448,150,0
2026-04-04 19:00:00,93.6287,93.8833,93.5473,93.5645,450,150,0
2026-04-04 19:15:00,93.5638,93.5928,93.2294,93.3602,448,150,0
2026-04-04 19:30:00,93.3683,93.5244,93.3058,93.4042,449,150,0
2026-04-04 19:45:00,93.4063,93.6179,93.2786,93.5318,449,150,0
2026-04-04 20:00:00,93.535,93.8197,93.3715,93.4169,450,150,0
2026-04-04 20:15:00,93.412,93.5036,93.2663,93.4406,445,150,0
2026-04-04 20:30:00,93.453,93.52,93.2212,93.2773,448,150,0
2026-04-04 20:45:00,93.2707,93.3243,92.5886,92.5947,449,150,0
2026-04-04 21:00:00,92.5962,92.8002,92.4314,92.7463,447,150,0
2026-04-04 21:15:00,92.7503,92.7766,92.4613,92.5144,447,150,0
2026-04-04 21:30:00,92.526,92.6466,92.3603,92.4449,449,150,0
2026-04-04 21:45:00,92.4708,92.8305,92.4708,92.7722,450,150,0
2026-04-04 22:00:00,92.7678,93.1969,92.7119,93.1547,448,150,0
2026-04-04 22:15:00,93.1405,93.3402,93.0165,93.172,447,150,0
2026-04-04 22:30:00,93.1772,93.2976,92.632,92.632,446,150,0
2026-04-04 22:45:00,92.6295,92.7983,92.4322,92.5803,446,150,0
2026-04-04 23:00:00,92.5921,92.6445,92.3396,92.381,449,150,0
2026-04-04 23:15:00,92.3926,92.4139,91.7416,91.7602,450,150,0
2026-04-04 23:30:00,91.7541,92.1714,91.7541,92.0807,446,150,0
2026-04-04 23:45:00,92.0705,92.0705,91.7461,91.7605,450,150,0
2026-04-05 00:00:00,91.7561,92.1458,91.6953,92.1236,447,150,0
2026-04-05 00:15:00,92.1197,92.4634,92.0108,92.3542,450,150,0
2026-04-05 00:30:00,92.3411,92.483,92.2017,92.2578,450,150,0
2026-04-05 00:45:00,92.2485,92.3727,91.9451,92.0191,447,150,0
2026-04-05 01:00:00,92.0007,92.1457,91.8209,91.8209,445,150,0
2026-04-05 01:15:00,91.8351,91.8664,91.6091,91.6612,450,150,0
2026-04-05 01:30:00,91.6706,91.8498,91.5535,91.6441,450,150,0
2026-04-05 01:45:00,91.6596,91.7526,91.4243,91.5758,450,150,0
2026-04-05 02:00:00,91.5693,91.6477,91.2693,91.4139,449,150,0
2026-04-05 02:15:00,91.411,91.5045,91.2282,91.2448,448,150,0
2026-04-05 02:30:00,91.251,91.3023,91.0753,91.0903,445,150,0
2026-04-05 02:45:00,91.0766,91.0984,90.608,90.6907,449,150,0
2026-04-05 03:00:00,90.6736,90.7664,90.407,90.5033,447,150,0
2026-04-05 03:15:00,90.5052,90.5052,89.7028,89.7119,450,150,0
2026-04-05 03:30:00,89.7059,89.803,89.5684,89.6048,448,150,0
2026-04-05 03:45:00,89.6169,89.9778,89.5281,89.946,448,150,0
2026-04-05 04:00:00,89.9551,89.9551,89.3986,89.4879,448,150,0
2026-04-05 04:15:00,89.5001,89.5581,88.9397,88.9771,449,150,0
2026-04-05 04:30:00,88.9812,89.0051,88.7018,88.9534,449,150,0
2026-04-05 04:45:00,88.9522,88.9667,88.794,88.9199,448,150,0
2026-04-05 05:00:00,88.9361,88.9767,88.6654,88.7771,449,150,0
2026-04-05 05:15:00,88.7671,88.8029,88.4818,88.7249,449,150,0
2026-04-05 05:30:00,88.7164,89.039,88.7141,88.9522,450,150,0
2026-04-05 05:45:00,88.962,89.3903,88.8633,89.3181,450,150,0
2026-04-05 06:00:00,89.3238,89.6615,89.1569,89.6038,449,150,0
2026-04-05 06:15:00,89.6058,89.9178,89.6058,89.9178,449,150,0
2026-04-05 06:30:00,89.9258,90.0352,89.7856,89.8932,448,150,0
2026-04-05 06:45:00,89.9097,90.1715,89.8487,90.0861,447,150,0
2026-04-05 07:00:00,90.0871,90.1154,89.7317,89.9757,448,150,0
2026-04-05 07:15:00,89.9834,90.0968,89.7113,89.8316,448,150,0
2026-04-05 07:30:00,89.825,89.8876,89.4663,89.5331,447,150,0
2026-04-05 07:45:00,89.5312,89.7928,89.5094,89.692,449,150,0
2026-04-05 08:00:00,89.6874,89.8739,89.3888,89.5273,446,150,0
2026-04-05 08:15:00,89.5217,89.71340000000001,89.3822,89.6877,450,150,0
2026-04-05 08:30:00,89.703,89.7552,89.543,89.6324,450,150,0
2026-04-05 08:45:00,89.6327,89.7511,89.4477,89.5566,445,150,0
2026-04-05 09:00:00,89.5507,89.6369,89.425,89.5197,447,150,0
2026-04-05 09:15:00,89.5291,89.658,89.3533,89.5961,448,150,0
2026-04-05 09:30:00,89.5956,89.9879,89.5074,89.9008,449,150,0
2026-04-05 09:45:00,89.8894,90.1844,89.7657,90.0799,450,150,0
2026-04-05 10:00:00,90.0683,90.0755,89.5712,89.7613,449,150,0
2026-04-05 10:15:00,89.7691,89.9175,89.651,89.9175,447,150,0
2026-04-05 10:30:00,89.9202,90.3484,89.8956,90.2739,450,150,0
2026-04-05 10:45:00,90.2839,90.3543,90.1936,90.2237,449,150,0
2026-04-05 11:00:00,90.2104,90.3897,90.1318,90.1661,447,150,0
2026-04-05 11:15:00,90.1596,90.6789,90.0941,90.4415,449,150,0
2026-04-05 11:30:00,90.4494,90.8094,90.3876,90.5889,450,150,0
2026-04-05 11:45:00,90.6067,91.143,90.5797,90.8592,448,150,0
2026-04-05 12:00:00,90.8879,91.1253,90.8069,90.8347,448,150,0
2026-04-05 12:15:00,90.8222,91.021,90.5896,90.6114,449,150,0
2026-04-05 12:30:00,90.6231,90.8026,90.4496,90.5237,448,150,0
2026-04-05 12:45:00,90.5265,90.7429,90.4281,90.6068,449,150,0
2026-04-05 13:00:00,90.6117,90.7384,90.3769,90.5492,448,150,0
2026-04-05 13:15:00,90.5359,90.6838,90.4576,90.6085,449,150,0
2026-04-05 13:30:00,90.6022,90.6891,90.2381,90.2728,450,150,0
2026-04-05 13:45:00,90.2883,90.3761,90.1378,90.3198,448,150,0
2026-04-05 14:00:00,90.318,90.3366,89.9654,90.0394,450,150,0
2026-04-05 14:15:00,90.0399,90.3485,89.9971,90.2831,449,150,0
2026-04-05 14:30:00,90.2893,90.4625,90.2169,90.4105,449,150,0
2026-04-05 14:45:00,90.4166,90.6421,90.3467,90.59,447,150,0
2026-04-05 15:00:00,90.5925,90.8323,90.5483,90.6105,449,150,0
2026-04-05 15:15:00,90.6042,90.6244,90.1966,90.2168,447,150,0
2026-04-05 15:30:00,90.2019,90.3375,89.9536,89.9731,448,150,0
2026-04-05 15:45:00,89.9638,90.0402,89.6817,89.8911,449,150,0
2026-04-05 16:00:00,89.8877,89.8877,89.5622,89.7709,448,150,0
2026-04-05 16:15:00,89.7822,89.9385,89.5498,89.8815,449,150,0
2026-04-05 16:30:00,89.8726,89.9851,89.6556,89.7803,447,150,0
2026-04-05 16:45:00,89.7918,90.0733,89.654,89.7731,449,150,0
2026-04-05 17:00:00,89.7688,89.8529,89.5721,89.7674,450,150,0
2026-04-05 17:15:00,89.7587,89.8449,89.5306,89.5448,447,150,0
2026-04-05 17:30:00,89.5587,89.5665,88.9544,88.9544,448,150,0
2026-04-05 17:45:00,88.9349,89.4989,88.8603,89.4939,450,150,0
2026-04-05 18:00:00,89.5015,89.5015,89.1789,89.3518,447,150,0
2026-04-05 18:15:00,89.3702,89.5449,89.2793,89.4156,450,150,0
2026-04-05 18:30:00,89.4103,89.4154,89.065,89.3093,447,150,0
2026-04-05 18:45:00,89.3002,89.476,89.2214,89.2812,449,150,0
2026-04-05 19:00:00,89.2835,89.4425,89.1262,89.1494,448,150,0
2026-04-05 19:15:00,89.1356,89.2588,88.9985,89.0911,448,150,0
2026-04-05 19:30:00,89.1002,89.2563,88.9451,89.1845,448,150,0
2026-04-05 19:45:00,89.1777,89.3822,89.14,89.2338,448,150,0
2026-04-05 20:00:00,89.2432,89.5726,89.1886,89.3524,449,150,0
2026-04-05 20:15:00,89.3387,89.3943,89.1057,89.2342,445,150,0
2026-04-05 20:30:00,89.2565,89.2971,88.9602,89.0768,449,150,0
2026-04-05 20:45:00,89.0799,89.1253,88.8959,88.9541,449,150,0
2026-04-05 21:00:00,88.9673,89.0922,88.7305,88.7305,448,150,0
2026-04-05 21:15:00,88.7249,88.9933,88.628,88.9898,450,150,0
2026-04-05 21:30:00,88.9996,89.0948,88.6198,88.6942,447,150,0
2026-04-05 21:45:00,88.7115,89.0028,88.6803,88.8412,450,150,0
2026-04-05 22:00:00,88.8533,88.8859,88.4641,88.4876,450,150,0
2026-04-05 22:15:00,88.4785,89.0019,88.4785,88.7177,447,150,0
2026-04-05 22:30:00,88.7352,88.9579,88.499,88.5452,448,150,0
2026-04-05 22:45:00,88.5554,89.0101,88.5484,88.9453,449,150,0
2026-04-05 23:00:00,88.9573,89.0487,88.8288,88.9262,448,150,0
2026-04-05 23:15:00,88.9333,89.0023,88.6211,88.65090000000001,449,150,0
2026-04-05 23:30:00,88.6893,88.8592,88.6012,88.7443,447,150,0
2026-04-05 23:45:00,88.7649,89.1551,88.7465,88.9528,449,150,0
2026-04-06 00:00:00,88.9587,89.3236,88.7615,89.2218,449,150,0
2026-04-06 00:15:00,89.2162,89.5748,89.1308,89.4591,449,150,0
2026-04-06 00:30:00,89.4558,89.5345,89.3401,89.3522,450,150,0
2026-04-06 00:45:00,89.3366,89.3902,89.1862,89.2675,446,150,0
2026-04-06 01:00:00,89.2614,89.8579,89.2087,89.8506,450,150,0
2026-04-06 01:15:00,89.8661,90.05,89.778,89.8625,447,150,0
2026-04-06 01:30:00,89.8645,90.1209,89.8353,89.8835,445,150,0
2026-04-06 01:45:00,89.8835,90.3017,89.8721,90.2175,448,150,0
2026-04-06 02:00:00,90.2138,90.4019,90.1557,90.351,450,150,0
2026-04-06 02:15:00,90.3488,90.5091,90.0961,90.3564,448,150,0
2026-04-06 02:30:00,90.3407,90.4163,90.1679,90.289,448,150,0
2026-04-06 02:45:00,90.2925,90.4522,90.0256,90.0434,449,150,0
2026-04-06 03:00:00,90.0447,90.0708,89.7317,89.8201,450,150,0
2026-04-06 03:15:00,89.8389,90.0328,89.7458,89.9904,445,150,0
2026-04-06 03:30:00,89.9918,90.2091,89.7864,90.0522,449,150,0
2026-04-06 03:45:00,90.0462,90.1931,89.8618,90.0906,450,150,0
2026-04-06 04:00:00,90.1218,90.3352,90.0513,90.2876,448,150,0
2026-04-06 04:15:00,90.2914,90.437,90.1299,90.3705,449,140,0
2026-04-06 04:30:00,90.381,90.381,89.7565,89.8103,447,140,0
2026-04-06 04:45:00,89.8055,89.8537,89.3929,89.4382,448,140,0
2026-04-06 05:00:00,89.4284,89.7738,89.4032,89.7403,450,140,0
2026-04-06 05:15:00,89.7431,89.9594,89.6562,89.6932,447,140,0
2026-04-06 05:30:00,89.6982,89.9399,89.5465,89.8072,449,140,0
2026-04-06 05:45:00,89.7792,89.8022,89.565,89.5847,449,140,0
2026-04-06 06:00:00,89.5895,89.5933,89.2724,89.4294,448,140,0
2026-04-06 06:15:00,89.4358,89.5504,89.2733,89.4671,448,140,0
2026-04-06 06:30:00,89.4713,89.9813,89.4713,89.9567,447,140,0
2026-04-06 06:45:00,89.961,90.1992,89.6761,89.7908,449,140,0
2026-04-06 07:00:00,89.7972,89.8814,89.4617,89.5022,450,140,0
2026-04-06 07:15:00,89.4975,89.5885,89.138,89.164,449,140,0
2026-04-06 07:30:00,89.1768,89.6127,89.1616,89.4009,447,140,0
2026-04-06 07:45:00,89.4106,89.4612,88.9636,89.0507,447,140,0
2026-04-06 08:00:00,89.058,89.2736,88.9398,89.1858,449,140,0
2026-04-06 08:15:00,89.16,89.4908,89.1206,89.2087,450,140,0
2026-04-06 08:30:00,89.2004,89.2674,88.9044,88.9795,450,140,0
2026-04-06 08:45:00,88.967,89.4226,88.967,89.4032,449,140,0
2026-04-06 09:00:00,89.4153,89.5257,89.2112,89.3046,449,140,0
2026-04-06 09:15:00,89.3,89.3106,89.0975,89.2446,448,140,0
2026-04-06 09:30:00,89.2452,89.2935,88.8379,88.9262,450,140,0
2026-04-06 09:45:00,88.9399,89.0773,88.744,88.7698,450,140,0
2026-04-06 10:00:00,88.7637,88.9281,88.6006,88.6214,449,140,0
2026-04-06 10:15:00,88.6146,88.7537,88.4338,88.4719,448,140,0
2026-04-06 10:30:00,88.4667,88.5971,88.2388,88.3242,448,140,0
2026-04-06 10:45:00,88.3288,88.5171,88.1881,88.3971,448,140,0
2026-04-06 11:00:00,88.3945,88.8985,88.3927,88.7168,449,140,0
2026-04-06 11:15:00,88.7239,88.9811,88.6202,88.8538,448,140,0
2026-04-06 11:30:00,88.8495,89.1385,88.7739,89.0532,448,140,0
2026-04-06 11:45:00,89.0532,89.1109,88.7008,88.7086,446,140,0
2026-04-06 12:00:00,88.7021,89.073,88.4769,89.0494,447,140,0
2026-04-06 12:15:00,89.058,89.2686,89.027,89.1926,449,140,0
2026-04-06 12:30:00,89.1995,89.7362,89.1876,89.6528,448,140,0
2026-04-06 12:45:00,89.661,89.9934,89.6328,89.9593,449,140,0
2026-04-06 13:00:00,89.9608,90.0045,89.7233,89.7233,450,140,0
2026-04-06 13:15:00,89.7116,89.8192,89.5002,89.7644,449,140,0
2026-04-06 13:30:00,89.7816,89.8919,89.591,89.6229,449,140,0
2026-04-06 13:45:00,89.6327,89.6698,89.3362,89.478,450,140,0
2026-04-06 14:00:00,89.4614,89.6966,89.4235,89.5085,449,140,0
2026-04-06 14:15:00,89.5098,89.5919,89.2365,89.3745,450,140,0
2026-04-06 14:30:00,89.3726,89.6107,89.3142,89.47,450,140,0
2026-04-06 14:45:00,89.4763,89.5456,89.2248,89.2294,449,140,0
2026-04-06 15:00:00,89.2259,89.3124,89.1352,89.2597,450,140,0
2026-04-06 15:15:00,89.2459,89.4043,89.0376,89.0539,449,140,0
2026-04-06 15:30:00,89.0598,89.1385,88.9169,89.0835,450,140,0
2026-04-06 15:45:00,89.079,89.1219,88.846,88.8618,448,140,0
2026-04-06 16:00:00,88.8655,89.1309,88.8494,89.0178,447,140,0
2026-04-06 16:15:00,89.0077,89.3303,88.9744,89.3052,449,140,0
2026-04-06 16:30:00,89.3182,89.5265,88.9849,88.9899,448,140,0
2026-04-06 16:45:00,88.9969,89.0518,88.7311,88.7412,450,140,0
2026-04-06 17:00:00,88.7469,88.876,88.5498,88.6222,448,140,0
2026-04-06 17:15:00,88.6343,88.8781,88.521,88.521,448,140,0
2026-04-06 17:30:00,88.5311,88.8487,88.4517,88.6371,449,140,0
2026-04-06 17:45:00,88.6451,88.9018,88.577,88.6481,449,140,0
2026-04-06 18:00:00,88.6526,88.7135,88.4678,88.6561,449,140,0
2026-04-06 18:15:00,88.632,88.8849,88.4446,88.7057,447,140,0
2026-04-06 18:30:00,88.7026,88.9824,88.6111,88.8416,449,140,0
2026-04-06 18:45:00,88.8369,88.939,88.5304,88.5304,447,140,0
2026-04-06 19:00:00,88.5271,88.5271,88.2406,88.2692,447,140,0
2026-04-06 19:15:00,88.271,88.283,87.9412,87.9668,447,140,0
2026-04-06 19:30:00,87.9732,88.4713,87.9732,88.3192,449,140,0
2026-04-06 19:45:00,88.3287,88.4232,88.0861,88.1179,447,140,0
2026-04-06 20:00:00,88.0956,88.2109,87.891,87.891,449,140,0
2026-04-06 20:15:00,87.8935,88.1226,87.7833,88.0637,447,140,0
2026-04-06 20:30:00,88.083,88.1935,87.6953,87.8253,450,140,0
2026-04-06 20:45:00,87.8149,87.9696,87.6833,87.7157,447,140,0
2026-04-06 21:00:00,87.6997,88.0959,87.6997,87.9781,446,140,0
2026-04-06 21:15:00,87.9763,88.1129,87.6352,87.9315,449,140,0
2026-04-06 21:30:00,87.9247,87.9853,87.6198,87.6966,448,140,0
2026-04-06 21:45:00,87.7204,87.8768,87.6217,87.6511,449,140,0
2026-04-06 22:00:00,87.6645,88.0205,87.5965,87.9886,444,140,0
2026-04-06 22:15:00,87.9823,88.1993,87.8748,88.1817,449,140,0
2026-04-06 22:30:00,88.1868,88.595,88.1596,88.4435,449,140,0
2026-04-06 22:45:00,88.4529,88.853,88.4381,88.7433,449,140,0
2026-04-06 23:00:00,88.7312,89.1605,88.7131,88.971,448,140,0
2026-04-06 23:15:00,88.9799,89.0152,88.7458,88.9958,450,140,0
2026-04-06 23:30:00,89.0071,89.0751,88.8303,88.8978,450,140,0
2026-04-06 23:45:00,88.8932,89.3462,88.6666,89.3232,449,140,0
2026-04-07 00:00:00,89.3145,89.3597,89.0863,89.1624,449,140,0
2026-04-07 00:15:00,89.1524,89.3079,88.8433,88.9419,449,140,0
2026-04-07 00:30:00,88.9291,89.0627,88.8071,88.8566,450,140,0
2026-04-07 00:45:00,88.8472,88.9445,88.6046,88.7278,446,140,0
2026-04-07 01:00:00,88.7299,88.8451,88.5265,88.8016,449,140,0
2026-04-07 01:15:00,88.8103,88.9893,88.6457,88.6474,448,140,0
2026-04-07 01:30:00,88.6423,89.2581,88.5892,89.211,450,140,0
2026-04-07 01:45:00,89.2057,89.5611,89.1387,89.3089,450,140,0
2026-04-07 02:00:00,89.2888,89.5805,89.2301,89.5543,450,140,0
2026-04-07 02:15:00,89.5482,89.5952,89.2656,89.3991,448,140,0
2026-04-07 02:30:00,89.3994,89.3994,88.8832,89.0432,449,140,0
2026-04-07 02:45:00,89.0417,89.1072,88.8178,89.0561,449,140,0
2026-04-07 03:00:00,89.056,89.1769,88.8425,88.9568,450,140,0
2026-04-07 03:15:00,88.9565,89.1984,88.867,89.0636,450,140,0
2026-04-07 03:30:00,89.0721,89.3423,88.9891,89.255,447,140,0
2026-04-07 03:45:00,89.2443,89.3754,89.1314,89.1547,449,140,0
2026-04-07 04:00:00,89.1675,89.2909,88.9707,89.2283,450,140,0
2026-04-07 04:15:00,89.2393,89.3835,89.1733,89.2027,447,140,0
2026-04-07 04:30:00,89.2094,89.2653,88.9809,89.0137,449,140,0
2026-04-07 04:45:00,89.0204,89.1192,88.8575,88.8586,449,140,0
2026-04-07 05:00:00,88.8717,89.1845,88.8667,89.1486,448,140,0
2026-04-07 05:15:00,89.1604,89.1825,88.7932,88.835,449,140,0
2026-04-07 05:30:00,88.8362,89.3163,88.8236,89.2444,446,140,0
2026-04-07 05:45:00,89.2447,89.3338,89.075,89.3272,448,140,0
2026-04-07 06:00:00,89.3142,89.6325,89.2457,89.3073,447,140,0
2026-04-07 06:15:00,89.3183,89.4157,89.0143,89.0311,447,140,0
2026-04-07 06:30:00,89.0371,89.2575,88.9208,89.028,447,140,0
2026-04-07 06:45:00,89.0274,89.1432,88.794,89.0356,449,140,0
2026-04-07 07:00:00,89.044,89.1376,88.8254,88.9399,449,140,0
2026-04-07 07:15:00,88.9446,89.0351,88.5664,88.5844,449,140,0
2026-04-07 07:30:00,88.6004,89.0033,88.5307,89.0033,450,140,0
2026-04-07 07:45:00,89.001,89.2939,88.9288,89.2215,448,140,0
2026-04-07 08:00:00,89.2115,89.3092,88.8561,88.9644,449,140,0
2026-04-07 08:15:00,88.9754,89.1496,88.8832,89.0641,449,140,0
2026-04-07 08:30:00,89.0632,89.2969,88.7896,89.2969,449,140,0
2026-04-07 08:45:00,89.2695,89.3721,88.7387,88.7946,449,140,0
2026-04-07 09:00:00,88.7901,89.0706,88.6098,89.0297,450,140,0
2026-04-07 09:15:00,89.0287,89.1761,88.8545,88.9624,448,140,0
2026-04-07 09:30:00,88.9632,89.1619,88.9192,89.1448,450,140,0
2026-04-07 09:45:00,89.1438,89.224,88.6756,88.7311,449,140,0
2026-04-07 10:00:00,88.7274,88.9602,88.4687,88.4863,450,140,0
2026-04-07 10:15:00,88.4841,88.78,88.3603,88.7432,449,140,0
2026-04-07 10:30:00,88.7423,89.0993,88.6312,89.0952,449,140,0
2026-04-07 10:45:00,89.1032,89.5083,89.0576,89.2739,446,140,0
2026-04-07 11:00:00,89.2564,89.5398,89.1906,89.382,450,140,0
2026-04-07 11:15:00,89.3893,89.4394,89.1005,89.4092,450,140,0
2026-04-07 11:30:00,89.4265,89.6053,89.3307,89.4614,448,140,0
2026-04-07 11:45:00,89.4626,89.6005,89.3427,89.5166,448,140,0
2026-04-07 12:00:00,89.5108,89.593,89.3929,89.5333,449,140,0
2026-04-07 12:15:00,89.5243,89.5903,89.3971,89.5257,449,140,0
2026-04-07 12:30:00,89.5163,89.6216,89.3317,89.4734,449,140,0
2026-04-07 12:45:00,89.4848,89.572,89.1601,89.2427,450,140,0
2026-04-07 13:00:00,89.2267,89.2557,88.8887,88.9339,447,140,0
2026-04-07 13:15:00,88.9472,89.0926,88.7684,88.8445,449,140,0
2026-04-07 13:30:00,88.8483,89.1603,88.7974,88.8878,449,140,0
2026-04-07 13:45:00,88.8944,89.0176,88.7806,88.819,448,140,0
2026-04-07 14:00:00,88.8193,88.8722,88.5117,88.5919,449,140,0
2026-04-07 14:15:00,88.6017,88.7513,88.4697,88.5806,448,140,0
2026-04-07 14:30:00,88.5691,88.6038,88.2315,88.4482,448,140,0
2026-04-07 14:45:00,88.4483,88.498,88.1693,88.4405,449,140,0
2026-04-07 15:00:00,88.4712,88.485,88.2085,88.3127,447,140,0
2026-04-07 15:15:00,88.2918,88.2918,87.8908,87.9354,449,140,0
2026-04-07 15:30:00,87.9447,88.3889,87.8507,88.3251,449,140,0
2026-04-07 15:45:00,88.3046,88.8164,88.2943,88.6838,448,140,0
2026-04-07 16:00:00,88.6733,88.7996,88.5627,88.6235,448,140,0
2026-04-07 16:15:00,88.6219,88.6467,88.0662,88.1359,447,140,0
2026-04-07 16:30:00,88.1353,88.2334,87.9776,88.1809,449,140,0
2026-04-07 16:45:00,88.1974,88.7038,88.1173,88.541,450,140,0
2026-04-07 17:00:00,88.5368,88.8272,88.4844,88.7545,446,140,0
2026-04-07 17:15:00,88.7585,88.7585,88.5419,88.6071,450,140,0
2026-04-07 17:30:00,88.6267,88.7042,88.4269,88.6757,447,140,0
2026-04-07 17:45:00,88.6631,88.8958,88.516,88.8272,449,140,0
2026-04-07 18:00:00,88.8327,88.8474,88.274,88.355,447,140,0
2026-04-07 18:15:00,88.3611,88.504,88.2465,88.3151,448,140,0
2026-04-07 18:30:00,88.3062,88.3093,87.9652,88.0453,450,140,0
2026-04-07 18:45:00,88.0524,88.4448,88.0287,88.1933,450,140,0
2026-04-07 19:00:00,88.1887,88.4964,88.1724,88.4585,450,140,0
2026-04-07 19:15:00,88.457,88.5611,88.1109,88.1639,449,140,0
2026-04-07 19:30:00,88.1775,88.2107,87.9073,88.0008,450,140,0
2026-04-07 19:45:00,88.0212,88.2807,87.9843,88.0598,447,140,0
2026-04-07 20:00:00,88.0581,88.079,87.6889,87.7111,448,140,0
2026-04-07 20:15:00,87.7044,87.8844,87.6671,87.8335,448,140,0
2026-04-07 20:30:00,87.8637,88.02,87.7202,88.02,450,140,0
2026-04-07 20:45:00,88.029,88.4567,87.9993,88.4311,448,140,0
2026-04-07 21:00:00,88.4101,88.7873,88.337,88.5606,447,140,0
2026-04-07 21:15:00,88.5583,88.6431,88.4769,88.6431,449,140,0
2026-04-07 21:30:00,88.6323,88.9346,88.5983,88.6642,448,140,0
2026-04-07 21:45:00,88.6798,88.781,88.3253,88.7029,449,140,0
2026-04-07 22:00:00,88.6944,88.7757,88.3001,88.3128,449,140,0
2026-04-07 22:15:00,88.3233,88.5015,88.1717,88.5014,449,140,0
2026-04-07 22:30:00,88.4996,88.4996,88.189,88.3712,448,140,0
2026-04-07 22:45:00,88.3739,88.6482,88.3121,88.3696,448,140,0
2026-04-07 23:00:00,88.3739,88.4515,88.0577,88.4005,450,140,0
2026-04-07 23:15:00,88.4223,88.6418,88.1925,88.5322,449,140,0
2026-04-07 23:30:00,88.5222,88.6629,88.3682,88.5509,449,140,0
2026-04-07 23:45:00,88.5341,88.8746,88.4752,88.7154,449,140,0
2026-04-08 00:00:00,88.7156,89.4018,88.6962,89.367,449,140,0
2026-04-08 00:15:00,89.3513,89.4754,89.0915,89.2273,448,140,0
2026-04-08 00:30:00,89.218,89.5644,89.1887,89.5644,447,140,0
2026-04-08 00:45:00,89.5657,89.5698,89.298,89.3256,449,140,0
2026-04-08 01:00:00,89.315,89.401,89.1775,89.2393,450,140,0
2026-04-08 01:15:00,89.2348,89.3354,89.0109,89.146,448,140,0
2026-04-08 01:30:00,89.1452,89.3618,89.09,89.3205,449,140,0
2026-04-08 01:45:00,89.3264,89.4795,89.1114,89.2784,449,140,0
2026-04-08 02:00:00,89.2897,89.4874,89.2297,89.273,447,140,0
2026-04-08 02:15:00,89.26,89.2645,88.8392,89.2015,446,140,0
2026-04-08 02:30:00,89.2021,89.2082,88.9803,89.08,447,140,0
2026-04-08 02:45:00,89.0693,89.1016,88.4999,88.8838,449,140,0
2026-04-08 03:00:00,88.8967,88.9421,88.6532,88.6693,449,140,0
2026-04-08 03:15:00,88.6862,88.7334,88.4989,88.5045,450,140,0
2026-04-08 03:30:00,88.4852,88.5952,88.3843,88.4076,449,140,0
2026-04-08 03:45:00,88.4076,88.512,88.1015,88.1151,448,140,0
2026-04-08 04:00:00,88.144,88.3944,87.8127,87.999,449,140,0
2026-04-08 04:15:00,87.9891,88.0579,87.8879,87.946,449,140,0
2026-04-08 04:30:00,87.9542,88.0547,87.8108,87.8146,450,140,0
2026-04-08 04:45:00,87.798,87.9576,87.694,87.7851,447,140,0
2026-04-08 05:00:00,87.7846,87.9028,87.5875,87.8226,447,140,0
2026-04-08 05:15:00,87.8242,88.1152,87.7865,87.9278,450,140,0
2026-04-08 05:30:00,87.9307,88.0647,87.6652,87.9214,447,140,0
2026-04-08 05:45:00,87.9274,88.1501,87.8394,87.9233,449,140,0
2026-04-08 06:00:00,87.9156,88.1194,87.6925,87.7453,448,140,0
2026-04-08 06:15:00,87.7401,87.7552,87.5249,87.5669,449,140,0
2026-04-08 06:30:00,87.5606,87.6106,87.304,87.3236,448,140,0
2026-04-08 06:45:00,87.3152,87.3817,86.9508,86.9508,448,140,0
2026-04-08 07:00:00,86.9509,86.9672,86.6406,86.8141,448,140,0
2026-04-08 07:15:00,86.8285,87.0187,86.7259,86.8843,450,140,0
2026-04-08 07:30:00,86.8684,86.9929,86.7198,86.9851,447,140,0
2026-04-08 07:45:00,86.9719,87.2733,86.9308,87.0876,450,140,0
2026-04-08 08:00:00,87.1036,87.4598,87.0016,87.446,449,140,0
2026-04-08 08:15:00,87.4348,87.5714,87.0875,87.188,449,140,0
2026-04-08 08:30:00,87.1878,87.4147,87.1263,87.3569,449,140,0
2026-04-08 08:45:00,87.3666,87.5619,87.2147,87.4716,443,140,0
2026-04-08 09:00:00,87.4733,87.4979,87.331,87.4612,448,140,0
2026-04-08 09:15:00,87.4666,87.6146,87.4275,87.4989,449,140,0
2026-04-08 09:30:00,87.5072,87.8902,87.4871,87.6785,447,140,0
2026-04-08 09:45:00,87.6841,88.1374,87.6617,88.0818,448,140,0
2026-04-08 10:00:00,88.0775,88.2654,87.9394,88.2241,449,140,0
2026-04-08 10:15:00,88.2202,88.314,87.9612,88.1147,449,140,0
2026-04-08 10:30:00,88.108,88.1835,87.9329,88.1454,445,140,0
2026-04-08 10:45:00,88.139,88.525,88.0521,88.2137,445,140,0
2026-04-08 11:00:00,88.2047,88.4848,88.1562,88.3684,450,140,0
2026-04-08 11:15:00,88.383,88.4256,87.893,87.91,450,140,0
2026-04-08 11:30:00,87.8915,88.1272,87.8464,87.8849,450,140,0
2026-04-08 11:45:00,87.8675,88.0229,87.6717,87.6944,449,140,0
2026-04-08 12:00:00,87.6948,87.7175,87.3663,87.4554,450,140,0
2026-04-08 12:15:00,87.4634,87.5221,87.3011,87.3209,450,140,0
2026-04-08 12:30:00,87.3179,87.3223,87.0526,87.2617,447,140,0
2026-04-08 12:45:00,87.2722,87.6005,87.2455,87.5817,448,140,0
2026-04-08 13:00:00,87.5772,87.5772,87.3039,87.3596,448,140,0
2026-04-08 13:15:00,87.358,87.7527,87.3363,87.7488,449,140,0
2026-04-08 13:30:00,87.7509,88.001,87.6699,87.6795,450,140,0
2026-04-08 13:45:00,87.6811,87.9815,87.6142,87.8217,450,140,0
2026-04-08 14:00:00,87.8022,88.0624,87.6647,87.97,449,140,0
2026-04-08 14:15:00,87.9493,88.029,87.7452,87.7571,449,140,0
2026-04-08 14:30:00,87.7717,87.8078,87.3823,87.482,448,140,0
2026-04-08 14:45:00,87.4674,87.4926,87.2336,87.3962,447,140,0
2026-04-08 15:00:00,87.3998,87.4006,87.0714,87.0757,446,140,0
2026-04-08 15:15:00,87.0832,87.4007,86.8938,87.2644,447,140,0
2026-04-08 15:30:00,87.2734,87.2746,86.8403,86.8724,448,140,0
2026-04-08 15:45:00,86.8729,86.8729,86.5672,86.7411,448,140,0
2026-04-08 16:00:00,86.7327,86.8107,86.3034,86.4797,449,140,0
2026-04-08 16:15:00,86.4813,86.6366,86.3894,86.6169,448,140,0
2026-04-08 16:30:00,86.6163,86.9016,86.6043,86.6131,449,140,0
2026-04-08 16:45:00,86.6223,86.7092,86.4142,86.4921,448,140,0
2026-04-08 17:00:00,86.4948,86.8008,86.4503,86.5221,449,140,0
2026-04-08 17:15:00,86.5073,86.5209,86.1991,86.2605,449,140,0
2026-04-08 17:30:00,86.268,86.4832,86.0799,86.0907,450,140,0
2026-04-08 17:45:00,86.0976,86.1681,85.7223,85.782,450,140,0
2026-04-08 18:00:00,85.7814,86.2148,85.7814,86.0198,447,140,0
2026-04-08 18:15:00,85.9989,86.3734,85.9788,86.1021,450,140,0
2026-04-08 18:30:00,86.1005,86.1089,85.8796,85.941,446,140,0
2026-04-08 18:45:00,85.9387,86.2007,85.9387,86.1048,450,140,0
2026-04-08 19:00:00,86.1124,86.2151,86.0175,86.0605,449,140,0
2026-04-08 19:15:00,86.0424,86.4384,85.942,86.3907,449,140,0
2026-04-08 19:30:00,86.396,86.7841,86.3343,86.6824,448,140,0
2026-04-08 19:45:00,86.6966,86.9852,86.6386,86.945,447,140,0
2026-04-08 20:00:00,86.9524,87.1259,86.9052,86.9086,449,140,0
2026-04-08 20:15:00,86.9377,87.0958,86.8476,86.9697,447,140,0
2026-04-08 20:30:00,86.9722,86.9722,86.6339,86.8691,448,140,0
2026-04-08 20:45:00,86.884,87.0313,86.7001,86.8124,448,140,0
2026-04-08 21:00:00,86.8206,87.3033,86.7722,87.2235,450,140,0
2026-04-08 21:15:00,87.215,87.3134,86.8925,86.8925,449,140,0
2026-04-08 21:30:00,86.888,87.1617,86.8094,86.9468,450,140,0
2026-04-08 21:45:00,86.9579,87.0048,86.8339,86.9416,448,140,0
2026-04-08 22:00:00,86.9476,87.0067,86.6374,86.6587,447,140,0
2026-04-08 22:15:00,86.6586,86.8021,86.499,86.7137,450,140,0
2026-04-08 22:30:00,86.7288,86.8137,86.5083,86.7541,448,140,0
2026-04-08 22:45:00,86.7682,87.0185,86.7158,86.9598,446,140,0
2026-04-08 23:00:00,86.9578,86.9971,86.5643,86.6114,449,140,0
2026-04-08 23:15:00,86.6112,86.767,86.4892,86.545,450,140,0
2026-04-08 23:30:00,86.552,86.9707,86.4473,86.7721,447,140,0
2026-04-08 23:45:00,86.789,86.9511,86.456,86.5294,446,140,0
2026-04-09 00:00:00,86.5367,86.7678,86.5032,86.7627,449,140,0
2026-04-09 00:15:00,86.7724,86.7724,86.2753,86.43,449,140,0
2026-04-09 00:30:00,86.4298,87.1917,86.4224,87.1532,450,140,0
2026-04-09 00:45:00,87.1459,87.3044,86.9024,86.91159999999999,449,140,0
2026-04-09 01:00:00,86.9145,87.1174,86.7546,86.895,450,140,0
2026-04-09 01:15:00,86.9008,87.1612,86.8551,87.1228,447,140,0
2026-04-09 01:30:00,87.1321,87.7294,87.1321,87.6188,448,140,0
2026-04-09 01:45:00,87.6223,87.6251,87.3008,87.3983,448,140,0
2026-04-09 02:00:00,87.3856,87.4062,87.1501,87.2107,449,140,0
2026-04-09 02:15:00,87.2264,87.3108,87.067,87.1659,449,140,0
2026-04-09 02:30:00,87.1726,87.1726,86.7973,86.8354,445,140,0
2026-04-09 02:45:00,86.8395,87.2323,86.7864,87.0085,448,140,0
2026-04-09 03:00:00,86.9986,87.1854,86.8451,86.8471,449,140,0
2026-04-09 03:15:00,86.8506,87.0229,86.8065,86.8695,445,140,0
2026-04-09 03:30:00,86.8722,86.911,86.4884,86.5943,448,140,0
2026-04-09 03:45:00,86.5952,86.7139,86.3389,86.5984,447,140,0
2026-04-09 04:00:00,86.6107,86.8085,86.5308,86.6958,443,140,0
2026-04-09 04:15:00,86.6981,86.7225,86.4497,86.6403,449,140,0
2026-04-09 04:30:00,86.6403,86.8108,86.5345,86.7773,448,140,0
2026-04-09 04:45:00,86.7855,86.9004,86.6392,86.8926,447,140,0
2026-04-09 05:00:00,86.884,86.9053,86.5784,86.5976,448,140,0
2026-04-09 05:15:00,86.6013,86.6106,86.2051,86.2122,445,140,0
2026-04-09 05:30:00,86.2297,86.4655,86.2095,86.374,448,140,0
2026-04-09 05:45:00,86.3765,86.5209,86.1585,86.2475,447,140,0
2026-04-09 06:00:00,86.2744,86.3566,85.8012,85.8057,450,140,0
2026-04-09 06:15:00,85.7964,86.0366,85.7929,86.0028,449,140,0
2026-04-09 06:30:00,86.0129,86.1843,85.932,86.0587,449,140,0
2026-04-09 06:45:00,86.0679,86.1643,85.9726,86.0867,448,140,0
2026-04-09 07:00:00,86.0788,86.1055,85.7173,85.92,448,140,0
2026-04-09 07:15:00,85.9064,85.9064,85.6148,85.7315,450,140,0
2026-04-09 07:30:00,85.7174,86.0447,85.6637,85.957,449,140,0
2026-04-09 07:45:00,85.9568,86.0519,85.8161,85.9013,447,140,0
2026-04-09 08:00:00,85.92,86.0358,85.7882,85.8782,445,140,0
2026-04-09 08:15:00,85.8773,86.0688,85.5306,85.5306,448,140,0
2026-04-09 08:30:00,85.5521,85.6043,85.3579,85.372,448,140,0
2026-04-09 08:45:00,85.3795,85.5782,85.2192,85.3029,448,140,0
2026-04-09 09:00:00,85.3121,85.3834,85.1449,85.2057,449,140,0
2026-04-09 09:15:00,85.2043,85.4566,85.1755,85.4086,450,140,0
2026-04-09 09:30:00,85.4074,85.4074,85.1115,85.1905,448,140,0
2026-04-09 09:45:00,85.1745,85.2368,84.9618,85.1015,450,140,0
2026-04-09 10:00:00,85.082,85.1694,84.8979,85.0402,450,140,0
2026-04-09 10:15:00,85.0401,85.1806,84.8125,85.1784,449,140,0
2026-04-09 10:30:00,85.1786,85.2022,84.9554,85.0223,448,140,0
2026-04-09 10:45:00,85.0147,85.1307,84.8254,84.9,448,140,0
2026-04-09 11:00:00,84.8804,85.1184,84.8114,85.0997,449,140,0
2026-04-09 11:15:00,85.1116,85.14,84.7527,84.9317,449,140,0
2026-04-09 11:30:00,84.9457,85.0894,84.7903,84.8973,448,140,0
2026-04-09 11:45:00,84.9061,85.0323,84.8349,84.8414,449,140,0
2026-04-09 12:00:00,84.8475,85.0019,84.6001,84.9768,447,140,0
2026-04-09 12:15:00,84.9604,85.1046,84.7986,84.8691,449,140,0
2026-04-09 12:30:00,84.8743,84.8863,84.6544,84.8294,447,140,0
2026-04-09 12:45:00,84.8322,85.2882,84.8166,85.2597,446,140,0
2026-04-09 13:00:00,85.2746,85.5937,85.1639,85.5441,450,140,0
2026-04-09 13:15:00,85.5466,85.6036,85.3161,85.4293,450,140,0
2026-04-09 13:30:00,85.4289,85.9053,85.4289,85.7373,449,140,0
2026-04-09 13:45:00,85.7561,85.7561,85.5444,85.576,449,140,0
2026-04-09 14:00:00,85.5699,85.6602,85.3109,85.4848,447,140,0
2026-04-09 14:15:00,85.4832,85.6261,85.3287,85.3751,450,140,0
2026-04-09 14:30:00,85.3651,85.6084,85.2427,85.6005,450,140,0
2026-04-09 14:45:00,85.603,85.7906,85.5665,85.7465,448,140,0
2026-04-09 15:00:00,85.7585,85.8782,85.6741,85.7033,449,140,0
2026-04-09 15:15:00,85.7114,86.0221,85.6111,85.7801,448,140,0
2026-04-09 15:30:00,85.7847,85.892,85.5128,85.5821,447,140,0
2026-04-09 15:45:00,85.5949,85.9405,85.5433,85.909,448,140,0
2026-04-09 16:00:00,85.8962,86.0603,85.8228,85.9422,450,140,0
2026-04-09 16:15:00,85.9377,86.3104,85.8895,86.3104,450,140,0
2026-04-09 16:30:00,86.2975,86.3036,85.7647,85.8055,450,140,0
2026-04-09 16:45:00,85.7821,86.0568,85.5796,85.7439,448,140,0
2026-04-09 17:00:00,85.7471,85.9358,85.6294,85.8569,449,140,0
2026-04-09 17:15:00,85.8653,86.1797,85.7953,86.0236,449,140,0
2026-04-09 17:30:00,86.026,86.226,85.8221,85.8221,448,140,0
2026-04-09 17:45:00,85.801,86.313,85.801,86.0496,449,140,0
2026-04-09 18:00:00,86.0586,86.0688,85.7033,85.7033,449,140,0
2026-04-09 18:15:00,85.7194,85.7318,85.4606,85.5664,448,140,0
2026-04-09 18:30:00,85.571,85.6361,85.2172,85.5338,447,140,0
2026-04-09 18:45:00,85.5206,85.764,85.3993,85.6557,449,140,0
2026-04-09 19:00:00,85.6614,85.7661,85.5123,85.7632,446,140,0
2026-04-09 19:15:00,85.7631,85.8097,85.5448,85.5725,450,140,0
2026-04-09 19:30:00,85.5733,85.8427,85.5627,85.5804,450,140,0
2026-04-09 19:45:00,85.591,85.6737,85.0143,85.0332,449,140,0
2026-04-09 20:00:00,85.0244,85.1986,84.9012,85.1986,449,140,0
2026-04-09 20:15:00,85.1902,85.2134,84.4995,84.7044,450,140,0
2026-04-09 20:30:00,84.7343,84.7713,84.5621,84.7521,449,140,0
2026-04-09 20:45:00,84.7185,85.1251,84.666,85.0864,449,140,0
2026-04-09 21:00:00,85.0665,85.6532,85.0665,85.53,450,140,0
2026-04-09 21:15:00,85.5252,85.5252,84.8821,84.9218,449,140,0
2026-04-09 21:30:00,84.937,84.937,84.2282,84.3678,449,140,0
2026-04-09 21:45:00,84.3631,84.5053,83.9215,84.013,449,140,0
2026-04-09 22:00:00,84.0202,84.0949,83.6864,83.8315,447,140,0
2026-04-09 22:15:00,83.8314,83.9428,83.6515,83.7769,447,140,0
2026-04-09 22:30:00,83.7603,83.9463,83.6947,83.756,445,140,0
2026-04-09 22:45:00,83.7588,84.173,83.7454,84.0096,448,140,0
2026-04-09 23:00:00,84.028,84.1791,83.9189,84.0508,449,140,0
2026-04-09 23:15:00,84.0351,84.2615,83.9053,84.1921,446,140,0
2026-04-09 23:30:00,84.1919,84.377,83.9516,84.2935,449,140,0
2026-04-09 23:45:00,84.2856,84.5454,84.2856,84.5118,449,140,0
2026-04-10 00:00:00,84.5155,84.5256,84.2715,84.3347,449,140,0
2026-04-10 00:15:00,84.333,84.5288,84.1409,84.1732,449,140,0
2026-04-10 00:30:00,84.1584,84.1731,83.5238,83.5238,449,140,0
2026-04-10 00:45:00,83.5256,83.6651,83.4724,83.581,449,140,0
2026-04-10 01:00:00,83.5758,83.5984,83.1902,83.2332,447,140,0
2026-04-10 01:15:00,83.2278,83.3451,83.0956,83.1397,448,140,0
2026-04-10 01:30:00,83.1299,83.2719,82.9205,83.0635,448,140,0
2026-04-10 01:45:00,83.0573,83.096,82.418,82.4233,442,140,0
2026-04-10 02:00:00,82.4162,82.4558,82.044,82.044,446,140,0
2026-04-10 02:15:00,82.0268,82.1361,81.8033,82.0772,450,140,0
2026-04-10 02:30:00,82.0913,82.1682,81.9692,82.1551,449,140,0
2026-04-10 02:45:00,82.1686,82.4967,82.1306,82.465,449,140,0
2026-04-10 03:00:00,82.4814,82.562,82.3478,82.4968,446,140,0
2026-04-10 03:15:00,82.4989,82.4989,82.0512,82.1057,447,140,0
2026-04-10 03:30:00,82.0836,82.2903,81.9792,81.9851,446,140,0
2026-04-10 03:45:00,81.9939,82.0295,81.7065,81.7493,448,140,0
2026-04-10 04:00:00,81.7486,81.7614,81.5736,81.5913,446,140,0
2026-04-10 04:15:00,81.5881,81.7147,81.4454,81.7018,450,140,0
2026-04-10 04:30:00,81.7112,81.8525,81.5183,81.5427,450,140,0
2026-04-10 04:45:00,81.5404,81.5627,81.1045,81.1952,449,140,0
2026-04-10 05:00:00,81.1937,81.7459,81.1886,81.7459,447,140,0
2026-04-10 05:15:00,81.7402,82.0896,81.7382,82.0029,448,140,0
2026-04-10 05:30:00,81.9888,82.0548,81.6829,81.6938,448,140,0
2026-04-10 05:45:00,81.7003,81.8001,81.561,81.5764,449,140,0
2026-04-10 06:00:00,81.5596,81.8145,81.5436,81.7062,446,140,0
2026-04-10 06:15:00,81.6982,81.8058,81.546,81.7674,447,140,0
2026-04-10 06:30:00,81.7754,81.8413,81.5027,81.5027,448,140,0
2026-04-10 06:45:00,81.4955,81.8084,81.4369,81.6699,447,140,0
2026-04-10 07:00:00,81.6477,81.7412,81.3229,81.4716,446,140,0
2026-04-10 07:15:00,81.4693,81.6687,81.3722,81.4112,445,140,0
2026-04-10 07:30:00,81.4006,81.7768,81.3995,81.5788,448,140,0
2026-04-10 07:45:00,81.5827,81.7532,81.5668,81.6145,447,140,0
2026-04-10 08:00:00,81.6191,81.7634,81.4794,81.5905,448,140,0
2026-04-10 08:15:00,81.5831,82.0729,81.5036,82.0435,450,140,0
2026-04-10 08:30:00,82.032,82.0982,81.7034,81.9182,448,140,0
2026-04-10 08:45:00,81.9181,81.9838,81.5406,81.6916,448,140,0
2026-04-10 09:00:00,81.6907,81.8232,81.4515,81.5752,449,140,0
2026-04-10 09:15:00,81.5664,81.7651,81.4638,81.5676,450,140,0
2026-04-10 09:30:00,81.5878,81.6582,81.4531,81.5758,449,140,0
2026-04-10 09:45:00,81.5911,81.696,81.3309,81.4912,448,140,0
2026-04-10 10:00:00,81.4899,81.7928,81.2874,81.7399,446,140,0
2026-04-10 10:15:00,81.7489,81.9417,81.7362,81.8724,448,140,0
2026-04-10 10:30:00,81.8927,82.0919,81.7699,81.9247,449,140,0
2026-04-10 10:45:00,81.9165,82.079,81.7994,81.8917,448,140,0
2026-04-10 11:00:00,81.8769,82.0933,81.8288,81.8693,448,140,0
2026-04-10 11:15:00,81.8774,82.1981,81.8713,82.0632,449,140,0
2026-04-10 11:30:00,82.0646,82.1381,81.733,81.8343,447,140,0
2026-04-10 11:45:00,81.8273,82.1375,81.7368,81.8773,447,140,0
2026-04-10 12:00:00,81.8917,82.0062,81.7445,81.8771,449,140,0
2026-04-10 12:15:00,81.871,81.9899,81.7207,81.9452,448,140,0
2026-04-10 12:30:00,81.9275,82.1216,81.7838,81.8148,449,140,0
2026-04-10 12:45:00,81.8164,82.0587,81.7537,82.0283,447,140,0
2026-04-10 13:00:00,82.0307,82.0448,81.8017,81.9388,446,140,0
2026-04-10 13:15:00,81.9292,82.0951,81.8188,82.0366,448,140,0
2026-04-10 13:30:00,82.025,82.5346,81.998,82.5283,446,140,0
2026-04-10 13:45:00,82.5362,82.5362,82.2921,82.3528,445,140,0
2026-04-10 14:00:00,82.3375,82.3725,82.0206,82.2162,450,140,0
2026-04-10 14:15:00,82.1988,82.2231,82.007,82.0671,450,140,0
2026-04-10 14:30:00,82.0535,82.0843,81.71340000000001,81.7745,447,140,0
2026-04-10 14:45:00,81.7754,81.9735,81.7562,81.8357,448,140,0
2026-04-10 15:00:00,81.8443,81.9252,81.6432,81.8138,448,140,0
2026-04-10 15:15:00,81.816,82.2163,81.8137,82.0161,448,140,0
2026-04-10 15:30:00,82.0215,82.117,81.6925,81.7447,448,140,0
2026-04-10 15:45:00,81.7419,81.8963,81.667,81.7076,448,140,0
2026-04-10 16:00:00,81.7229,82.1984,81.7077,81.9732,449,140,0
2026-04-10 16:15:00,81.9706,82.1276,81.8697,81.8921,449,140,0
2026-04-10 16:30:00,81.8928,82.0728,81.7917,81.978,447,140,0
2026-04-10 16:45:00,81.9922,81.995,81.8141,81.9506,448,140,0
2026-04-10 17:00:00,81.943,82.237,81.8999,81.9852,448,140,0
2026-04-10 17:15:00,81.9888,82.3021,81.9557,82.1529,447,140,0
2026-04-10 17:30:00,82.1592,82.6517,82.1592,82.6517,448,140,0
2026-04-10 17:45:00,82.6546,82.8488,82.5339,82.5425,447,140,0
2026-04-10 18:00:00,82.5354,82.6083,82.1706,82.4287,447,140,0
2026-04-10 18:15:00,82.4216,82.654,82.4035,82.5186,449,140,0
2026-04-10 18:30:00,82.5024,82.5361,82.1057,82.1057,448,140,0
2026-04-10 18:45:00,82.0887,82.1671,81.9426,82.0578,450,140,0
2026-04-10 19:00:00,82.0298,82.5248,82.0085,82.4987,449,140,0
2026-04-10 19:15:00,82.5047,82.5178,82.073,82.2463,447,140,0
2026-04-10 19:30:00,82.2628,82.4841,82.1794,82.1834,449,140,0
2026-04-10 19:45:00,82.1802,82.5296,82.0828,82.5027,449,140,0
2026-04-10 20:00:00,82.499,82.5619,82.3581,82.3877,450,140,0
2026-04-10 20:15:00,82.3918,82.8729,82.3799,82.7951,447,140,0
2026-04-10 20:30:00,82.795,82.7965,82.3947,82.593,448,140,0
2026-04-10 20:45:00,82.5867,82.7036,82.4487,82.6878,446,140,0
2026-04-10 21:00:00,82.7189,83.179,82.7189,83.0604,449,140,0
2026-04-10 21:15:00,83.0496,83.1083,82.7673,82.9921,450,140,0
2026-04-10 21:30:00,82.9917,83.1382,82.8966,83.028,448,140,0
2026-04-10 21:45:00,83.0469,83.4687,83.0338,83.3503,444,140,0
2026-04-10 22:00:00,83.3595,83.5095,83.1282,83.1734,449,140,0
2026-04-10 22:15:00,83.1846,83.3917,83.1225,83.2134,450,140,0
2026-04-10 22:30:00,83.2257,83.4851,83.2148,83.3422,448,140,0
2026-04-10 22:45:00,83.3559,83.3728,83.1859,83.2875,449,140,0
2026-04-10 23:00:00,83.2719,83.4038,83.1974,83.2822,449,140,0
2026-04-10 23:15:00,83.268,83.8308,83.268,83.756,449,140,0
2026-04-10 23:30:00,83.7474,84.1314,83.7024,83.9429,448,140,0
2026-04-10 23:45:00,83.9483,84.1641,83.8729,83.9094,450,140,0
2026-04-11 00:00:00,83.9042,84.0662,83.7949,83.81,449,140,0
2026-04-11 00:15:00,83.8009,83.8402,83.5722,83.7048,448,140,0
2026-04-11 00:30:00,83.72,83.8133,83.5077,83.5155,450,140,0
2026-04-11 00:45:00,83.5072,83.8077,83.5072,83.6308,448,140,0
2026-04-11 01:00:00,83.6304,83.7797,83.4766,83.5958,448,140,0
2026-04-11 01:15:00,83.5805,83.8631,83.4734,83.8631,448,140,0
2026-04-11 01:30:00,83.8751,84.0709,83.6822,83.7181,449,140,0
2026-04-11 01:45:00,83.7228,83.9267,83.6475,83.7268,449,140,0
2026-04-11 02:00:00,83.7237,83.8684,83.6483,83.7424,449,140,0
2026-04-11 02:15:00,83.7396,83.8854,83.6007,83.7514,449,140,0
2026-04-11 02:30:00,83.76,83.8308,83.526,83.5754,450,140,0
2026-04-11 02:45:00,83.5735,83.747,83.2595,83.5893,447,140,0
2026-04-11 03:00:00,83.5871,83.6374,83.3085,83.4313,449,140,0
2026-04-11 03:15:00,83.4505,83.9719,83.4393,83.8428,448,140,0
2026-04-11 03:30:00,83.8489,84.0798,83.7062,84.0002,448,140,0
2026-04-11 03:45:00,83.9996,84.5031,83.984,84.3839,450,140,0
2026-04-11 04:00:00,84.3711,84.4859,84.2407,84.4256,449,140,0
2026-04-11 04:15:00,84.4183,84.4349,84.1193,84.1342,450,140,0
2026-04-11 04:30:00,84.1211,84.4717,84.0974,84.4222,449,140,0
2026-04-11 04:45:00,84.4282,84.6939,84.2805,84.4293,448,140,0
2026-04-11 05:00:00,84.4417,84.6024,84.156,84.1992,448,140,0
2026-04-11 05:15:00,84.1775,84.3952,84.12,84.1974,447,140,0
2026-04-11 05:30:00,84.2112,84.4068,84.0829,84.1926,449,140,0
2026-04-11 05:45:00,84.1859,84.6007,84.1154,84.3658,450,140,0
2026-04-11 06:00:00,84.3689,84.6533,84.3147,84.4337,450,140,0
2026-04-11 06:15:00,84.4429,84.552,84.0072,84.075,448,140,0
2026-04-11 06:30:00,84.075,84.1788,83.6925,83.7443,449,140,0
2026-04-11 06:45:00,83.7311,83.8116,83.5585,83.6055,449,140,0
2026-04-11 07:00:00,83.6067,83.7032,83.3176,83.4719,450,140,0
2026-04-11 07:15:00,83.4769,83.4786,83.0725,83.181,447,140,0
2026-04-11 07:30:00,83.1817,83.4291,83.1217,83.3604,449,140,0
2026-04-11 07:45:00,83.3591,83.4098,83.2377,83.2809,448,140,0
2026-04-11 08:00:00,83.2801,83.4342,83.1884,83.264,448,140,0
2026-04-11 08:15:00,83.2689,83.6267,83.2056,83.5934,448,140,0
2026-04-11 08:30:00,83.5809,83.6946,83.553,83.6395,450,140,0
2026-04-11 08:45:00,83.635,84.3413,83.5865,84.2952,446,140,0
2026-04-11 09:00:00,84.2894,84.6866,84.2774,84.476,448,140,0
2026-04-11 09:15:00,84.4722,84.6092,84.146,84.1951,449,140,0
2026-04-11 09:30:00,84.2106,84.2685,83.9501,84.0266,450,140,0
2026-04-11 09:45:00,84.0362,84.2409,83.8973,84.0265,450,140,0
2026-04-11 10:00:00,84.0369,84.1597,83.7474,83.7635,450,140,0
2026-04-11 10:15:00,83.7546,84.0445,83.7145,84.0144,447,140,0
2026-04-11 10:30:00,84.0099,84.2554,83.9349,84.253,447,140,0
2026-04-11 10:45:00,84.2502,84.3515,84.0427,84.2659,448,140,0
2026-04-11 11:00:00,84.255,84.4761,83.9853,84.0089,449,140,0
2026-04-11 11:15:00,83.9988,84.1594,83.9052,84.0438,450,140,0
2026-04-11 11:30:00,84.0622,84.1758,83.9529,84.098,450,140,0
2026-04-11 11:45:00,84.0976,84.1172,83.8246,84.0117,448,140,0
2026-04-11 12:00:00,84.0186,84.4691,83.8889,84.4513,449,140,0
2026-04-11 12:15:00,84.4527,84.4659,84.0498,84.1808,449,140,0
2026-04-11 12:30:00,84.1963,84.3198,84.004,84.2678,449,140,0
2026-04-11 12:45:00,84.2687,84.336,84.1212,84.2543,448,140,0
2026-04-11 13:00:00,84.2557,84.5973,84.2501,84.4107,450,140,0
2026-04-11 13:15:00,84.403,84.5302,84.0847,84.4805,449,140,0
2026-04-11 13:30:00,84.4769,84.6674,84.3115,84.4611,449,140,0
2026-04-11 13:45:00,84.4686,84.6226,84.2094,84.2335,448,140,0
2026-04-11 14:00:00,84.2428,84.3213,83.9385,84.2135,448,140,0
2026-04-11 14:15:00,84.2078,84.4847,84.1568,84.3123,446,140,0
2026-04-11 14:30:00,84.3027,84.8759,84.2579,84.8559,448,140,0
2026-04-11 14:45:00,84.8662,85.1368,84.8394,85.097,447,140,0
2026-04-11 15:00:00,85.1051,85.1269,84.7373,84.7703,449,140,0
2026-04-11 15:15:00,84.7632,84.7632,84.5587,84.6546,449,140,0
2026-04-11 15:30:00,84.6507,84.891,84.6107,84.7121,448,140,0
2026-04-11 15:45:00,84.7332,84.8991,84.5292,84.8886,450,140,0
2026-04-11 16:00:00,84.8951,85.5458,84.8873,85.54,448,140,0
2026-04-11 16:15:00,85.57,85.6311,85.0421,85.05,449,140,0
2026-04-11 16:30:00,85.0581,85.4791,84.9519,85.4249,449,140,0
2026-04-11 16:45:00,85.4166,85.4238,85.1254,85.1826,447,140,0
2026-04-11 17:00:00,85.1836,85.2895,84.9617,84.9694,450,140,0
2026-04-11 17:15:00,84.9798,85.0508,84.7235,84.7284,448,140,0
2026-04-11 17:30:00,84.7275,84.8063,84.4869,84.647,446,140,0
2026-04-11 17:45:00,84.6532,84.7975,84.5269,84.6258,446,140,0
2026-04-11 18:00:00,84.6083,84.7169,84.4141,84.4675,447,140,0
2026-04-11 18:15:00,84.4568,84.771,84.4425,84.5115,449,140,0
2026-04-11 18:30:00,84.5208,84.5216,83.9917,84.1036,449,140,0
2026-04-11 18:45:00,84.1032,84.2693,84.008,84.2173,449,140,0
2026-04-11 19:00:00,84.227,84.3838,84.1171,84.3007,449,140,0
2026-04-11 19:15:00,84.289,84.5891,84.2616,84.4343,448,140,0
2026-04-11 19:30:00,84.419,84.4414,84.2368,84.2843,448,140,0
2026-04-11 19:45:00,84.2855,84.4046,84.1864,84.2837,450,140,0
2026-04-11 20:00:00,84.2802,84.3183,84.0943,84.207,449,140,0
2026-04-11 20:15:00,84.211,84.2802,83.8555,83.9342,446,140,0
2026-04-11 20:30:00,83.9352,84.058,83.7564,83.8156,449,140,0
2026-04-11 20:45:00,83.828,84.079,83.6611,84.079,449,140,0
2026-04-11 21:00:00,84.0896,84.1355,83.6523,83.6877,450,140,0
2026-04-11 21:15:00,83.6772,83.6772,83.2544,83.3373,450,140,0
2026-04-11 21:30:00,83.3373,83.6019,83.3322,83.5915,448,140,0
2026-04-11 21:45:00,83.6042,83.8365,83.5833,83.643,449,140,0
2026-04-11 22:00:00,83.6484,83.8206,83.5193,83.8206,448,140,0
2026-04-11 22:15:00,83.8246,83.8988,83.5817,83.7685,449,140,0
2026-04-11 22:30:00,83.7495,84.1267,83.664,84.0138,449,140,0
2026-04-11 22:45:00,84.005,84.0907,83.7531,83.9196,446,140,0
2026-04-11 23:00:00,83.9257,84.4192,83.8912,84.3042,449,140,0
2026-04-11 23:15:00,84.2917,84.633,84.2469,84.5865,449,140,0
2026-04-11 23:30:00,84.5793,84.6794,84.4639,84.5704,449,140,0
2026-04-11 23:45:00,84.5583,84.6882,84.3191,84.3641,449,140,0
2026-04-12 00:00:00,84.3518,84.6159,84.2649,84.3423,446,140,0
2026-04-12 00:15:00,84.352,84.4898,84.1342,84.1625,448,140,0
2026-04-12 00:30:00,84.1541,84.4107,84.0174,84.3224,449,140,0
2026-04-12 00:45:00,84.3252,84.6814,84.2959,84.6633,447,140,0
2026-04-12 01:00:00,84.6472,84.7182,84.3227,84.3469,449,140,0
2026-04-12 01:15:00,84.3466,84.4985,84.2076,84.2332,450,140,0
2026-04-12 01:30:00,84.2414,84.3632,84.0109,84.1044,450,140,0
2026-04-12 01:45:00,84.1085,84.3023,84.0559,84.2189,449,140,0
2026-04-12 02:00:00,84.197,84.3044,84.0497,84.1599,448,140,0
2026-04-12 02:15:00,84.1583,84.2441,83.9445,84.0239,449,140,0
2026-04-12 02:30:00,84.0165,84.1883,83.9291,83.9716,449,140,0
2026-04-12 02:45:00,83.9685,83.9685,83.8074,83.8111,449,140,0
2026-04-12 03:00:00,83.8202,84.0277,83.7803,83.8547,448,140,0
2026-04-12 03:15:00,83.8569,83.9804,83.7865,83.9616,450,140,0
2026-04-12 03:30:00,83.9688,84.0746,83.765,84.0745,450,140,0
2026-04-12 03:45:00,84.0827,84.375,84.0718,84.1877,448,140,0
2026-04-12 04:00:00,84.1685,84.309,84.0103,84.0343,449,140,0
2026-04-12 04:15:00,84.0199,84.291,83.9316,84.2171,450,140,0
2026-04-12 04:30:00,84.2062,84.2589,83.8832,83.8941,450,140,0
2026-04-12 04:45:00,83.8863,83.9185,83.7061,83.8432,448,140,0
2026-04-12 05:00:00,83.8377,84.0622,83.6271,83.6369,449,140,0
2026-04-12 05:15:00,83.6371,83.8394,83.5404,83.7794,444,140,0
2026-04-12 05:30:00,83.7986,84.0005,83.6704,83.9948,448,140,0
2026-04-12 05:45:00,83.9957,83.9978,83.5835,83.6335,449,140,0
2026-04-12 06:00:00,83.6273,83.7879,83.5431,83.5881,447,140,0
2026-04-12 06:15:00,83.6046,83.8757,83.493,83.6946,447,140,0
2026-04-12 06:30:00,83.6907,83.7247,83.4639,83.4918,449,140,0
2026-04-12 06:45:00,83.4914,83.7685,83.4648,83.7622,448,140,0
2026-04-12 07:00:00,83.7538,83.8152,83.4403,83.4403,449,140,0
2026-04-12 07:15:00,83.4333,83.7819,83.3548,83.6843,449,140,0
2026-04-12 07:30:00,83.6822,83.9284,83.5531,83.8463,446,140,0
2026-04-12 07:45:00,83.8616,84.0954,83.794,83.9679,450,140,0
2026-04-12 08:00:00,83.9627,84.343,83.8974,84.2837,449,140,0
2026-04-12 08:15:00,84.2772,84.58840000000001,84.2363,84.466,449,140,0
2026-04-12 08:30:00,84.4674,84.6377,84.2944,84.5458,448,140,0
2026-04-12 08:45:00,84.52,84.6102,84.3788,84.464,447,140,0
2026-04-12 09:00:00,84.458,84.5939,84.3342,84.5317,446,140,0
2026-04-12 09:15:00,84.5463,84.5906,84.2981,84.5528,448,140,0
2026-04-12 09:30:00,84.5627,84.7945,84.4577,84.7311,447,140,0
2026-04-12 09:45:00,84.7193,84.817,84.5906,84.817,447,140,0
2026-04-12 10:00:00,84.8163,85.3659,84.7859,85.3523,449,140,0
2026-04-12 10:15:00,85.3504,85.3896,85.0433,85.0433,449,140,0
2026-04-12 10:30:00,85.0341,85.0836,84.6177,84.6565,448,140,0
2026-04-12 10:45:00,84.657,84.6588,83.8295,83.8733,449,140,0
2026-04-12 11:00:00,83.886,84.0216,83.8378,83.9108,449,140,0
2026-04-12 11:15:00,83.9055,83.939,83.5819,83.6437,449,140,0
2026-04-12 11:30:00,83.6451,83.7965,83.383,83.4156,445,140,0
2026-04-12 11:45:00,83.4153,83.5033,83.2437,83.367,448,140,0
2026-04-12 12:00:00,83.3794,83.5424,83.155,83.2095,449,140,0
2026-04-12 12:15:00,83.2158,83.2853,82.9972,83.0129,449,140,0
2026-04-12 12:30:00,83.0118,83.3622,82.9419,83.3346,448,140,0
2026-04-12 12:45:00,83.3401,83.3831,83.0643,83.1175,448,140,0
2026-04-12 13:00:00,83.105,83.4007,82.9838,83.3422,448,140,0
2026-04-12 13:15:00,83.3341,83.7999,83.3179,83.6772,449,140,0
2026-04-12 13:30:00,83.6828,84.0391,83.6828,83.8587,446,140,0
2026-04-12 13:45:00,83.8529,84.2951,83.7951,84.1719,448,140,0
2026-04-12 14:00:00,84.1755,84.2617,83.9796,84.1887,449,140,0
2026-04-12 14:15:00,84.1933,84.4269,84.0134,84.0217,448,140,0
2026-04-12 14:30:00,84.0208,84.0486,83.2467,83.3324,450,140,0
2026-04-12 14:45:00,83.3195,83.3978,82.9491,83.0062,449,140,0
2026-04-12 15:00:00,82.992,83.2604,82.9077,83.0756,450,140,0
2026-04-12 15:15:00,83.0687,83.2237,82.9338,83.0435,449,140,0
2026-04-12 15:30:00,83.0515,83.1345,82.5942,82.7329,448,140,0
2026-04-12 15:45:00,82.7357,82.9473,82.5923,82.7679,449,140,0
2026-04-12 16:00:00,82.7677,83.1053,82.6624,83.0941,447,140,0
2026-04-12 16:15:00,83.0898,83.1338,82.9479,82.9885,450,140,0
2026-04-12 16:30:00,82.9878,83.2344,82.9614,83.2146,447,140,0
2026-04-12 16:45:00,83.2019,83.2584,83.006,83.0842,449,140,0
2026-04-12 17:00:00,83.1004,83.2958,82.8919,82.96,448,140,0
2026-04-12 17:15:00,82.9649,83.1096,82.7849,82.9291,450,140,0
2026-04-12 17:30:00,82.9243,83.2825,82.9194,83.0197,447,140,0
2026-04-12 17:45:00,82.9956,83.6553,82.9801,83.6462,449,140,0
2026-04-12 18:00:00,83.6392,83.8138,83.5948,83.7279,446,140,0
2026-04-12 18:15:00,83.7347,83.8634,83.6342,83.8368,445,140,0
2026-04-12 18:30:00,83.8362,84.0765,83.7742,84.0285,449,140,0
2026-04-12 18:45:00,84.0286,84.398,83.9802,84.3208,448,140,0
2026-04-12 19:00:00,84.328,84.4504,84.2153,84.371,446,140,0
2026-04-12 19:15:00,84.3926,84.5349,83.9781,84.0743,447,140,0
2026-04-12 19:30:00,84.0656,84.0656,83.6708,83.7419,450,140,0
2026-04-12 19:45:00,83.7519,83.8503,83.5646,83.6448,447,140,0
2026-04-12 20:00:00,83.6371,83.8917,83.4894,83.8917,448,140,0
2026-04-12 20:15:00,83.8697,83.9817,83.7901,83.8969,447,140,0
2026-04-12 20:30:00,83.8759,83.8759,83.297,83.3162,448,140,0
2026-04-12 20:45:00,83.3162,83.6683,83.2734,83.6004,449,140,0
2026-04-12 21:00:00,83.5974,83.7726,83.4867,83.7589,449,140,0
2026-04-12 21:15:00,83.7708,83.806,83.4143,83.4526,450,140,0
2026-04-12 21:30:00,83.4428,83.4964,83.1106,83.3576,445,140,0
2026-04-12 21:45:00,83.3553,83.4256,83.143,83.2964,448,140,0
2026-04-12 22:00:00,83.3082,83.391,83.0142,83.1388,448,140,0
2026-04-12 22:15:00,83.1554,83.3137,83.0743,83.2914,448,140,0
2026-04-12 22:30:00,83.2863,83.4136,83.0398,83.1142,449,140,0
2026-04-12 22:45:00,83.1181,83.2543,82.5393,82.5777,448,140,0
2026-04-12 23:00:00,82.5664,82.8269,82.4968,82.6822,447,140,0
2026-04-12 23:15:00,82.6848,83.1111,82.6007,83.0138,449,140,0
2026-04-12 23:30:00,83.0217,83.3688,82.9509,83.3392,449,140,0
2026-04-12 23:45:00,83.3313,83.4733,83.2998,83.3598,444,140,0
2026-04-13 00:00:00,83.3528,83.4921,83.2351,83.4808,449,140,0
2026-04-13 00:15:00,83.4713,83.5679,83.3066,83.4221,449,140,0
2026-04-13 00:30:00,83.4259,83.9705,83.3958,83.9221,449,140,0
2026-04-13 00:45:00,83.9384,83.954,83.6395,83.6516,447,140,0
2026-04-13 01:00:00,83.6476,83.7873,83.5504,83.659,448,140,0
2026-04-13 01:15:00,83.6776,84.0773,83.6776,83.9178,449,140,0
2026-04-13 01:30:00,83.917,83.9353,83.4019,83.4019,448,140,0
2026-04-13 01:45:00,83.3876,83.5315,83.2775,83.3868,450,140,0
2026-04-13 02:00:00,83.3833,83.6542,83.3345,83.6393,448,140,0
2026-04-13 02:15:00,83.6463,83.8727,83.6159,83.7938,446,140,0
2026-04-13 02:30:00,83.7891,83.7907,83.5297,83.7351,448,140,0
2026-04-13 02:45:00,83.7414,83.7414,83.2199,83.3299,450,140,0
2026-04-13 03:00:00,83.3301,83.3558,82.7891,82.7891,449,140,0
2026-04-13 03:15:00,82.8009,83.0933,82.6769,82.9586,449,140,0
2026-04-13 03:30:00,82.9451,83.0284,82.5029,82.5301,449,130,0
2026-04-13 03:45:00,82.5202,82.7912,82.4463,82.7912,447,130,0
2026-04-13 04:00:00,82.7877,82.7909,82.484,82.577,448,130,0
2026-04-13 04:15:00,82.5721,82.7686,82.441,82.441,450,130,0
2026-04-13 04:30:00,82.4464,82.6711,82.4017,82.6291,449,130,0
2026-04-13 04:45:00,82.6292,82.7087,82.3519,82.5971,450,130,0
2026-04-13 05:00:00,82.5848,82.7932,82.5296,82.6106,449,130,0
2026-04-13 05:15:00,82.5997,82.7367,82.4318,82.4414,447,130,0
2026-04-13 05:30:00,82.4502,82.7218,82.3194,82.7218,449,130,0
2026-04-13 05:45:00,82.7269,82.8579,82.5874,82.7043,450,130,0
2026-04-13 06:00:00,82.7023,82.7932,82.3526,82.3641,449,130,0
2026-04-13 06:15:00,82.3544,82.5773,82.3469,82.4717,450,130,0
2026-04-13 06:30:00,82.4703,82.6457,82.3485,82.502,449,130,0
2026-04-13 06:45:00,82.5056,82.5414,82.3721,82.4058,448,130,0
2026-04-13 07:00:00,82.4128,82.5469,82.2873,82.3984,450,130,0
2026-04-13 07:15:00,82.3988,82.6292,82.3955,82.4448,448,130,0
2026-04-13 07:30:00,82.4459,82.5598,82.3184,82.4979,450,130,0
2026-04-13 07:45:00,82.4899,82.7094,82.1879,82.6894,450,130,0
2026-04-13 08:00:00,82.6918,82.9469,82.6773,82.8311,449,130,0
2026-04-13 08:15:00,82.8152,83.0023,82.7375,82.9289,449,130,0
2026-04-13 08:30:00,82.9109,83.0388,82.779,83.0345,446,130,0
2026-04-13 08:45:00,83.0306,83.0547,82.7756,82.7812,446,130,0
2026-04-13 09:00:00,82.7654,82.7654,82.5465,82.5852,449,130,0
2026-04-13 09:15:00,82.5935,82.8678,82.5687,82.764,447,130,0
2026-04-13 09:30:00,82.7643,82.9456,82.7079,82.8244,449,130,0
2026-04-13 09:45:00,82.8392,83.3115,82.8097,83.3021,449,130,0
2026-04-13 10:00:00,83.3024,83.4626,83.0666,83.233,448,130,0
2026-04-13 10:15:00,83.2359,83.4345,83.1538,83.2193,448,130,0
2026-04-13 10:30:00,83.2188,83.2493,82.9542,82.9734,449,130,0
2026-04-13 10:45:00,82.9874,83.4413,82.8916,83.4185,447,130,0
2026-04-13 11:00:00,83.4256,83.4256,83.1967,83.2441,449,130,0
2026-04-13 11:15:00,83.2332,83.3274,83.132,83.3274,447,130,0
2026-04-13 11:30:00,83.3202,83.3985,83.0252,83.0595,446,130,0
2026-04-13 11:45:00,83.0838,83.257,83.0781,83.181,448,130,0
2026-04-13 12:00:00,83.1883,83.463,83.0325,83.0395,445,130,0
2026-04-13 12:15:00,83.0448,83.1247,82.8289,82.8423,449,130,0
2026-04-13 12:30:00,82.8423,82.9212,82.6173,82.7143,449,130,0
2026-04-13 12:45:00,82.7155,83.0524,82.7083,82.9318,448,130,0
2026-04-13 13:00:00,82.9303,83.3343,82.8788,83.1102,447,130,0
2026-04-13 13:15:00,83.117,83.4089,83.0991,83.255,449,130,0
2026-04-13 13:30:00,83.2627,83.5272,83.2627,83.3458,447,130,0
2026-04-13 13:45:00,83.3452,83.4289,82.9726,82.9897,448,130,0
2026-04-13 14:00:00,82.9839,83.3814,82.9839,83.2564,449,130,0
2026-04-13 14:15:00,83.2353,83.2719,83.0091,83.108,449,130,0
2026-04-13 14:30:00,83.1122,83.254,82.8131,82.8301,447,130,0
2026-04-13 14:45:00,82.8053,82.8678,82.6628,82.723,450,130,0
2026-04-13 15:00:00,82.7235,82.7491,82.2311,82.41,449,130,0
2026-04-13 15:15:00,82.4059,82.7173,82.3789,82.4173,447,130,0
2026-04-13 15:30:00,82.4208,82.5542,82.2349,82.2926,447,130,0
2026-04-13 15:45:00,82.2888,82.5158,82.1996,82.4483,449,130,0
2026-04-13 16:00:00,82.4347,82.643,82.4029,82.6285,447,130,0
2026-04-13 16:15:00,82.6396,82.7956,82.4532,82.5448,449,130,0
2026-04-13 16:30:00,82.5427,82.8893,82.4685,82.6634,448,130,0
2026-04-13 16:45:00,82.6569,82.7479,82.3706,82.5255,449,130,0
2026-04-13 17:00:00,82.5214,82.8362,82.427,82.8079,449,130,0
2026-04-13 17:15:00,82.8104,82.9045,82.689,82.7491,447,130,0
2026-04-13 17:30:00,82.7541,82.814,82.4763,82.5772,449,130,0
2026-04-13 17:45:00,82.5844,82.5983,82.3863,82.4291,450,130,0
2026-04-13 18:00:00,82.4461,82.5297,82.2488,82.3625,450,130,0
2026-04-13 18:15:00,82.3493,82.3493,81.9305,81.9305,449,130,0
2026-04-13 18:30:00,81.9428,81.9727,81.6806,81.9343,449,130,0
2026-04-13 18:45:00,81.9214,82.3748,81.8992,82.2798,449,130,0
2026-04-13 19:00:00,82.2745,82.4626,82.1131,82.3533,449,130,0
2026-04-13 19:15:00,82.3821,82.5113,82.2192,82.5113,448,130,0
2026-04-13 19:30:00,82.5296,82.7247,82.389,82.4783,449,130,0
2026-04-13 19:45:00,82.4899,82.7936,82.4075,82.7746,448,130,0
2026-04-13 20:00:00,82.7658,82.8155,82.5094,82.5315,449,130,0
2026-04-13 20:15:00,82.5234,82.9038,82.5234,82.8622,450,130,0
2026-04-13 20:30:00,82.8669,82.9154,82.677,82.7661,449,130,0
2026-04-13 20:45:00,82.7617,82.8253,82.5445,82.5445,449,130,0
2026-04-13 21:00:00,82.5419,82.6578,82.417,82.4506,448,130,0
2026-04-13 21:15:00,82.455,82.8357,82.4253,82.5914,448,130,0
2026-04-13 21:30:00,82.588,82.6966,82.4789,82.4972,450,130,0
2026-04-13 21:45:00,82.4933,82.9919,82.4933,82.772,450,130,0
2026-04-13 22:00:00,82.7623,82.8167,82.4585,82.5143,447,130,0
2026-04-13 22:15:00,82.523,82.7525,82.523,82.6821,448,130,0
2026-04-13 22:30:00,82.6945,82.7226,82.344,82.4944,449,130,0
2026-04-13 22:45:00,82.4968,82.6928,82.4502,82.5782,449,130,0
2026-04-13 23:00:00,82.5786,82.8991,82.5297,82.7128,450,130,0
2026-04-13 23:15:00,82.7049,82.8325,82.5325,82.6355,449,130,0
2026-04-13 23:30:00,82.6319,82.6544,82.4717,82.5186,449,130,0
2026-04-13 23:45:00,82.5185,82.6485,82.3238,82.6334,447,130,0
2026-04-14 00:00:00,82.6251,82.6753,82.3227,82.5166,448,130,0
2026-04-14 00:15:00,82.5095,83.0837,82.5095,82.9611,449,130,0
2026-04-14 00:30:00,82.9316,83.0193,82.7857,83.0066,449,130,0
2026-04-14 00:45:00,83.0068,83.103,82.8998,82.9701,446,130,0
2026-04-14 01:00:00,82.9813,83.0195,82.6739,82.7919,448,130,0
2026-04-14 01:15:00,82.8066,82.9384,82.7429,82.8137,446,130,0
2026-04-14 01:30:00,82.8073,82.9386,82.6221,82.652,450,130,0
2026-04-14 01:45:00,82.665,82.7434,82.3805,82.4275,450,130,0
2026-04-14 02:00:00,82.413,82.4631,82.2227,82.3144,449,130,0
2026-04-14 02:15:00,82.3135,82.3761,82.18,82.3051,449,130,0
2026-04-14 02:30:00,82.308,82.3129,82.0682,82.1562,448,130,0
2026-04-14 02:45:00,82.1588,82.2575,81.9731,82.2247,446,130,0
2026-04-14 03:00:00,82.2247,82.2872,81.9511,82.0459,449,130,0
2026-04-14 03:15:00,82.0655,82.4016,82.0631,82.2389,450,130,0
2026-04-14 03:30:00,82.2165,82.2438,81.7173,81.739,449,130,0
2026-04-14 03:45:00,81.7556,81.8579,81.5875,81.7411,449,130,0
2026-04-14 04:00:00,81.7417,82.0032,81.7008,81.7302,449,130,0
2026-04-14 04:15:00,81.7209,81.9126,81.6529,81.7412,449,130,0
2026-04-14 04:30:00,81.7348,81.8087,81.5602,81.6391,448,130,0
2026-04-14 04:45:00,81.6434,81.7083,81.312,81.3879,445,130,0
2026-04-14 05:00:00,81.3976,81.7296,81.3646,81.7296,448,130,0
2026-04-14 05:15:00,81.708,82.2703,81.674,82.2699,449,130,0
2026-04-14 05:30:00,82.2679,82.3149,82.05,82.1475,450,130,0
2026-04-14 05:45:00,82.1408,82.4167,82.1024,82.1765,447,130,0
2026-04-14 06:00:00,82.1725,82.2975,81.8991,81.9887,450,130,0
2026-04-14 06:15:00,81.9817,82.0874,81.668,81.668,450,130,0
2026-04-14 06:30:00,81.6703,81.6925,81.4658,81.5522,449,130,0
2026-04-14 06:45:00,81.5525,81.8502,81.5229,81.7997,445,130,0
2026-04-14 07:00:00,81.7807,81.813,81.3447,81.4879,450,130,0
2026-04-14 07:15:00,81.4776,81.6489,81.4399,81.4963,449,130,0
2026-04-14 07:30:00,81.5023,81.6439,81.3571,81.5176,449,130,0
2026-04-14 07:45:00,81.5205,81.6547,81.3022,81.4497,447,130,0
2026-04-14 08:00:00,81.4444,81.8378,81.3514,81.8096,449,130,0
2026-04-14 08:15:00,81.8192,81.9443,81.6707,81.6977,448,130,0
2026-04-14 08:30:00,81.7034,81.8138,81.4711,81.5121,449,130,0
2026-04-14 08:45:00,81.5111,81.7852,81.4958,81.6207,447,130,0
2026-04-14 09:00:00,81.6087,81.7192,81.3412,81.3412,449,130,0
2026-04-14 09:15:00,81.3489,81.554,81.2838,81.4316,446,130,0
2026-04-14 09:30:00,81.446,81.5631,81.2149,81.4667,450,130,0
2026-04-14 09:45:00,81.4746,81.6483,81.3817,81.6307,450,130,0
2026-04-14 10:00:00,81.6273,81.7835,81.4146,81.7017,449,130,0
2026-04-14 10:15:00,81.7055,81.725,81.3075,81.4267,449,130,0
2026-04-14 10:30:00,81.4214,81.6958,81.3565,81.3627,449,130,0
2026-04-14 10:45:00,81.3612,81.3708,81.0525,81.1309,450,130,0
2026-04-14 11:00:00,81.1332,81.3375,81.0825,81.2736,449,130,0
2026-04-14 11:15:00,81.2916,81.6048,81.2876,81.5438,449,130,0
2026-04-14 11:30:00,81.5513,81.9701,81.5477,81.9087,448,130,0
2026-04-14 11:45:00,81.8971,82.0887,81.848,82.029,449,130,0
2026-04-14 12:00:00,81.9959,82.1733,81.9367,82.0162,448,130,0
2026-04-14 12:15:00,82.0255,82.0961,81.6636,81.736,449,130,0
2026-04-14 12:30:00,81.7363,81.8849,81.6385,81.6914,449,130,0
2026-04-14 12:45:00,81.6822,81.7199,81.446,81.5058,448,130,0
2026-04-14 13:00:00,81.5191,81.8518,81.4636,81.6706,449,130,0
2026-04-14 13:15:00,81.6761,81.6777,81.4006,81.4625,449,130,0
2026-04-14 13:30:00,81.4706,81.5713,81.191,81.191,448,130,0
2026-04-14 13:45:00,81.196,81.2223,80.7247,80.7351,447,130,0
2026-04-14 14:00:00,80.7348,80.7642,80.5421,80.693,449,130,0
2026-04-14 14:15:00,80.6941,80.7704,80.5048,80.5711,449,130,0
2026-04-14 14:30:00,80.5457,80.6731,80.304,80.5376,450,130,0
2026-04-14 14:45:00,80.5468,80.8742,80.5348,80.7426,445,130,0
2026-04-14 15:00:00,80.7453,80.8691,80.5416,80.5669,448,130,0
2026-04-14 15:15:00,80.5458,81.0262,80.4395,80.9846,448,130,0
2026-04-14 15:30:00,80.9955,81.0878,80.8768,81.0815,444,130,0
2026-04-14 15:45:00,81.0866,81.16,80.6962,80.7088,448,130,0
2026-04-14 16:00:00,80.7022,80.8611,80.6389,80.6538,448,130,0
2026-04-14 16:15:00,80.6501,80.7216,80.4461,80.5993,447,130,0
2026-04-14 16:30:00,80.6034,81.1222,80.6034,81.0144,449,130,0
2026-04-14 16:45:00,81.01,81.0325,80.7395,80.9635,449,130,0
2026-04-14 17:00:00,80.9761,81.0876,80.7467,80.8285,448,130,0
2026-04-14 17:15:00,80.8133,80.8295,80.5832,80.7061,448,130,0
2026-04-14 17:30:00,80.7072,80.7964,80.3773,80.7964,448,130,0
2026-04-14 17:45:00,80.8175,80.9342,80.5441,80.9342,450,130,0
2026-04-14 18:00:00,80.9372,81.396,80.934,81.1606,449,130,0
2026-04-14 18:15:00,81.1661,81.5008,81.095,81.4441,449,130,0
2026-04-14 18:30:00,81.4419,81.5222,81.076,81.1123,445,130,0
2026-04-14 18:45:00,81.1032,81.3859,81.0128,81.3326,450,130,0
2026-04-14 19:00:00,81.3395,81.4596,81.2756,81.4447,449,130,0
2026-04-14 19:15:00,81.441,81.6657,81.3591,81.529,447,130,0
2026-04-14 19:30:00,81.5285,81.6289,81.3478,81.4118,448,130,0
2026-04-14 19:45:00,81.4114,81.642,81.2473,81.59909999999999,450,130,0
2026-04-14 20:00:00,81.5927,81.661,81.3719,81.6063,449,130,0
2026-04-14 20:15:00,81.6053,82.0048,81.5328,81.9941,449,130,0
2026-04-14 20:30:00,81.9835,82.202,81.8381,81.8485,448,130,0
2026-04-14 20:45:00,81.846,82.2908,81.7963,82.1872,449,130,0
2026-04-14 21:00:00,82.1808,82.263,82.0308,82.0416,448,130,0
2026-04-14 21:15:00,82.0479,82.3215,81.9682,82.3094,448,130,0
2026-04-14 21:30:00,82.3055,82.4293,82.193,82.3835,450,130,0
2026-04-14 21:45:00,82.3808,82.4116,82.1357,82.199,449,130,0
2026-04-14 22:00:00,82.1925,82.337,82.0991,82.2144,448,130,0
2026-04-14 22:15:00,82.2054,82.5192,82.1374,82.3963,447,130,0
2026-04-14 22:30:00,82.3813,82.6885,82.3236,82.5623,449,130,0
2026-04-14 22:45:00,82.5554,82.5747,82.1011,82.2097,447,130,0
2026-04-14 23:00:00,82.1956,82.3049,81.9616,82.0043,447,130,0
2026-04-14 23:15:00,81.9959,82.1544,81.9388,81.9965,450,130,0
2026-04-14 23:30:00,81.9938,82.2647,81.9001,82.2354,449,130,0
2026-04-14 23:45:00,82.238,82.5783,82.1985,82.5783,446,130,0
2026-04-15 00:00:00,82.5823,82.7772,82.4187,82.618,449,130,0
2026-04-15 00:15:00,82.6166,82.7668,82.3992,82.6519,449,130,0
2026-04-15 00:30:00,82.65090000000001,82.8876,82.6075,82.8852,448,130,0
2026-04-15 00:45:00,82.8859,83.3202,82.8559,83.1773,449,130,0
2026-04-15 01:00:00,83.1564,83.4524,82.9073,83.3771,449,130,0
2026-04-15 01:15:00,83.383,83.383,82.6977,82.7659,447,130,0
2026-04-15 01:30:00,82.7693,82.9321,82.7035,82.8503,450,130,0
2026-04-15 01:45:00,82.8578,83.4548,82.8455,83.3854,449,130,0
2026-04-15 02:00:00,83.3546,83.3862,83.1939,83.3697,449,130,0
2026-04-15 02:15:00,83.3558,83.4804,82.9505,83.0454,448,130,0
2026-04-15 02:30:00,83.0397,83.0397,82.7518,82.7639,448,130,0
2026-04-15 02:45:00,82.7659,82.7933,82.4399,82.6639,450,130,0
2026-04-15 03:00:00,82.6743,83.052,82.6561,82.8685,448,130,0
2026-04-15 03:15:00,82.883,83.0885,82.8064,82.9208,447,130,0
2026-04-15 03:30:00,82.9425,83.0561,82.4556,82.4871,448,130,0
2026-04-15 03:45:00,82.476,82.4771,82.0261,82.0275,448,130,0
2026-04-15 04:00:00,82.0368,82.2806,81.9864,82.0486,448,130,0
2026-04-15 04:15:00,82.0408,82.4043,82.0233,82.3153,449,130,0
2026-04-15 04:30:00,82.3271,82.3998,82.1904,82.3782,449,130,0
2026-04-15 04:45:00,82.3788,82.725,82.1263,82.1263,448,130,0
2026-04-15 05:00:00,82.1204,82.2084,81.9978,82.1269,450,130,0
2026-04-15 05:15:00,82.1153,82.5013,82.0934,82.4802,450,130,0
2026-04-15 05:30:00,82.4835,82.5913,82.3029,82.3452,448,130,0
2026-04-15 05:45:00,82.3472,82.4198,82.112,82.3666,450,130,0
2026-04-15 06:00:00,82.3809,82.5728,82.3362,82.4934,450,130,0
2026-04-15 06:15:00,82.4878,82.837,82.4327,82.837,448,130,0
2026-04-15 06:30:00,82.8501,82.995,82.7302,82.9148,449,130,0
2026-04-15 06:45:00,82.9021,83.0952,82.8731,82.9305,448,130,0
2026-04-15 07:00:00,82.9332,82.9568,82.7197,82.7792,447,130,0
2026-04-15 07:15:00,82.772,83.1502,82.7616,83.0592,448,130,0
2026-04-15 07:30:00,83.076,83.2506,82.9767,83.0474,447,130,0
2026-04-15 07:45:00,83.036,83.036,82.5444,82.5485,447,130,0
2026-04-15 08:00:00,82.5567,82.9115,82.525,82.7655,448,130,0
2026-04-15 08:15:00,82.7708,82.815,82.4601,82.5299,448,130,0
2026-04-15 08:30:00,82.5307,82.6912,82.4169,82.6645,446,130,0
2026-04-15 08:45:00,82.6649,82.9939,82.6408,82.7605,450,130,0
2026-04-15 09:00:00,82.7584,82.9688,82.6149,82.9688,448,130,0
2026-04-15 09:15:00,82.9575,82.9815,82.73,82.7368,447,130,0
2026-04-15 09:30:00,82.7412,82.8423,82.5491,82.575,449,130,0
2026-04-15 09:45:00,82.5726,82.5726,82.342,82.3763,448,130,0
2026-04-15 10:00:00,82.3795,82.4898,82.313,82.3593,449,130,0
2026-04-15 10:15:00,82.3574,82.6227,82.2588,82.5868,450,130,0
2026-04-15 10:30:00,82.5888,82.8219,82.5614,82.6918,448,130,0
2026-04-15 10:45:00,82.6853,83.1516,82.6471,83.1513,447,130,0
2026-04-15 11:00:00,83.1478,83.2187,82.6828,82.7124,449,130,0
2026-04-15 11:15:00,82.6953,82.733,82.5017,82.5998,448,130,0
2026-04-15 11:30:00,82.5894,82.6664,82.4111,82.6184,449,130,0
2026-04-15 11:45:00,82.615,82.7464,82.5493,82.7232,449,130,0
2026-04-15 12:00:00,82.7233,82.8417,82.5899,82.7297,449,130,0
2026-04-15 12:15:00,82.7375,82.8637,82.5811,82.7256,449,130,0
2026-04-15 12:30:00,82.7144,82.776,82.424,82.4563,450,130,0
2026-04-15 12:45:00,82.4586,82.546,82.2255,82.4106,446,130,0
2026-04-15 13:00:00,82.4212,82.7892,82.3692,82.7892,449,130,0
2026-04-15 13:15:00,82.7858,82.8894,82.6891,82.7218,450,130,0
2026-04-15 13:30:00,82.7135,82.7592,82.5998,82.6474,448,130,0
2026-04-15 13:45:00,82.654,82.8706,82.5469,82.6406,448,130,0
2026-04-15 14:00:00,82.6428,82.6596,82.449,82.5683,450,130,0
2026-04-15 14:15:00,82.5658,82.7796,82.5276,82.5334,450,130,0
2026-04-15 14:30:00,82.5423,82.8354,82.5016,82.7553,450,130,0
2026-04-15 14:45:00,82.7592,82.8005,82.3785,82.3857,447,130,0
2026-04-15 15:00:00,82.3732,82.5457,82.3538,82.5298,450,130,0
2026-04-15 15:15:00,82.5393,82.6451,82.3463,82.482,450,130,0
2026-04-15 15:30:00,82.455,82.9056,82.3977,82.8721,449,130,0
2026-04-15 15:45:00,82.8687,82.9322,82.7211,82.7531,447,130,0
2026-04-15 16:00:00,82.7663,82.9414,82.532,82.6361,449,130,0
2026-04-15 16:15:00,82.6149,82.8351,82.5364,82.8239,449,130,0
2026-04-15 16:30:00,82.8134,82.8271,82.4643,82.4711,449,130,0
2026-04-15 16:45:00,82.4619,82.5164,82.3106,82.3625,448,130,0
2026-04-15 17:00:00,82.3654,82.6359,82.3295,82.4653,448,130,0
2026-04-15 17:15:00,82.4722,82.7064,82.4348,82.6745,448,130,0
2026-04-15 17:30:00,82.6733,82.7464,82.5594,82.6792,450,130,0
2026-04-15 17:45:00,82.6874,82.7417,82.5212,82.6394,449,130,0
2026-04-15 18:00:00,82.6503,82.7506,82.5834,82.6827,443,130,0
2026-04-15 18:15:00,82.6601,82.7556,82.4165,82.574,448,130,0
2026-04-15 18:30:00,82.5761,82.654,82.3595,82.3595,449,130,0
2026-04-15 18:45:00,82.3718,82.6076,82.2527,82.6076,449,130,0
2026-04-15 19:00:00,82.6093,82.7337,82.4719,82.4759,448,130,0
2026-04-15 19:15:00,82.4864,82.5963,82.2469,82.3163,448,130,0
2026-04-15 19:30:00,82.3169,82.425,82.049,82.0904,449,130,0
2026-04-15 19:45:00,82.0808,82.1632,81.935,82.052,450,130,0
2026-04-15 20:00:00,82.0394,82.2789,82.0394,82.1481,449,130,0
2026-04-15 20:15:00,82.1484,82.1484,81.8464,82.0812,449,130,0
2026-04-15 20:30:00,82.0742,82.2985,81.9302,82.1879,449,130,0
2026-04-15 20:45:00,82.1914,82.4447,82.1544,82.3299,447,130,0
2026-04-15 21:00:00,82.3071,82.3071,82.0267,82.1753,450,130,0
2026-04-15 21:15:00,82.1494,82.171,81.8945,81.9509,448,130,0
2026-04-15 21:30:00,81.9558,82.1754,81.7995,82.1218,450,130,0
2026-04-15 21:45:00,82.129,82.3931,82.129,82.2661,450,130,0
2026-04-15 22:00:00,82.277,82.3187,82.0198,82.0199,448,130,0
2026-04-15 22:15:00,82.0035,82.306,81.9792,82.148,448,130,0
2026-04-15 22:30:00,82.1637,82.4128,82.1637,82.2877,449,130,0
2026-04-15 22:45:00,82.2745,82.6673,82.2279,82.4724,447,130,0
2026-04-15 23:00:00,82.4767,82.5419,82.0597,82.1342,450,130,0
2026-04-15 23:15:00,82.1354,82.1362,81.8017,81.91,450,130,0
2026-04-15 23:30:00,81.891,82.2061,81.8735,82.0427,450,130,0
2026-04-15 23:45:00,82.0551,82.1209,81.6782,81.7711,450,130,0
2026-04-16 00:00:00,81.7753,81.8125,81.4589,81.6238,447,130,0
2026-04-16 00:15:00,81.6204,81.6386,81.3326,81.5596,447,130,0
2026-04-16 00:30:00,81.5732,81.7829,81.5132,81.6269,449,130,0
2026-04-16 00:45:00,81.6241,81.8786,81.519,81.6066,448,130,0
2026-04-16 01:00:00,81.6098,81.7153,81.429,81.4444,445,130,0
2026-04-16 01:15:00,81.4617,81.652,81.4268,81.6122,448,130,0
2026-04-16 01:30:00,81.6207,81.8387,81.4394,81.5172,448,130,0
2026-04-16 01:45:00,81.5158,81.5795,81.2181,81.3812,448,130,0
2026-04-16 02:00:00,81.3778,81.4067,81.1177,81.2377,448,130,0
2026-04-16 02:15:00,81.2218,81.4237,81.1558,81.2526,445,130,0
2026-04-16 02:30:00,81.2613,82.023,81.2345,81.959,449,130,0
2026-04-16 02:45:00,81.9595,81.963,81.6393,81.8577,448,130,0
2026-04-16 03:00:00,81.8588,82.1136,81.8362,82.0138,447,130,0
2026-04-16 03:15:00,81.999,82.0278,81.7592,81.9197,446,130,0
2026-04-16 03:30:00,81.9151,81.9574,81.6713,81.7378,449,130,0
2026-04-16 03:45:00,81.734,81.7953,81.5959,81.6647,448,130,0
2026-04-16 04:00:00,81.6853,82.0188,81.6625,81.9026,447,130,0
2026-04-16 04:15:00,81.8959,82.0732,81.6671,81.9343,449,130,0
2026-04-16 04:30:00,81.9544,82.3233,81.8229,82.2408,450,130,0
2026-04-16 04:45:00,82.2348,82.3545,82.1719,82.3178,449,130,0
2026-04-16 05:00:00,82.3352,82.3806,82.1233,82.2901,447,130,0
2026-04-16 05:15:00,82.2964,82.4602,82.1556,82.2972,448,130,0
2026-04-16 05:30:00,82.3211,82.4771,82.2846,82.3624,448,130,0
2026-04-16 05:45:00,82.3789,82.3789,81.8446,81.8712,450,130,0
2026-04-16 06:00:00,81.8921,81.8921,80.9325,81.0135,449,130,0
2026-04-16 06:15:00,81.0022,81.107,80.858,81.0464,447,130,0
2026-04-16 06:30:00,81.0487,81.1548,80.7685,81.0611,449,130,0
2026-04-16 06:45:00,81.0552,81.5846,81.0552,81.4885,447,130,0
2026-04-16 07:00:00,81.4856,81.6058,81.2982,81.3382,450,130,0
2026-04-16 07:15:00,81.3244,81.4164,80.9416,81.0716,449,130,0
2026-04-16 07:30:00,81.0672,81.3229,80.9709,81.1732,450,130,0
2026-04-16 07:45:00,81.1784,81.3153,80.9339,81.0269,449,130,0
2026-04-16 08:00:00,81.0446,81.2738,81.0037,81.2159,450,130,0
2026-04-16 08:15:00,81.2108,81.2827,81.0272,81.1076,449,130,0
2026-04-16 08:30:00,81.099,81.17,80.8615,80.9855,450,130,0
2026-04-16 08:45:00,80.973,81.2338,80.9029,80.9941,447,130,0
2026-04-16 09:00:00,80.9827,81.1952,80.9313,81.0281,449,130,0
2026-04-16 09:15:00,81.0302,81.3823,80.9113,81.0297,449,130,0
2026-04-16 09:30:00,81.0372,81.0682,80.6387,80.7233,450,130,0
2026-04-16 09:45:00,80.7374,80.8644,80.4793,80.7489,448,130,0
2026-04-16 10:00:00,80.7494,80.7871,80.4311,80.4311,450,130,0
2026-04-16 10:15:00,80.4265,80.846,80.4016,80.774,449,130,0
2026-04-16 10:30:00,80.7625,80.8757,80.5226,80.6337,449,130,0
2026-04-16 10:45:00,80.6312,81.2004,80.5172,80.8439,449,130,0
2026-04-16 11:00:00,80.8413,80.9105,80.7043,80.8505,449,130,0
2026-04-16 11:15:00,80.8425,80.8425,80.6138,80.7778,449,130,0
2026-04-16 11:30:00,80.7929,81.0258,80.77590000000001,81.0183,449,130,0
2026-04-16 11:45:00,81.0109,81.0109,80.7217,80.7272,449,130,0
2026-04-16 12:00:00,80.7147,80.9001,80.6645,80.6792,449,130,0
2026-04-16 12:15:00,80.6747,80.8494,80.6687,80.6994,448,130,0
2026-04-16 12:30:00,80.7056,81.161,80.7038,80.8041,447,130,0
2026-04-16 12:45:00,80.7991,80.8202,80.547,80.5847,449,130,0
2026-04-16 13:00:00,80.5872,80.6556,80.2224,80.3657,449,130,0
2026-04-16 13:15:00,80.355,80.7298,80.3134,80.5792,448,130,0
2026-04-16 13:30:00,80.5818,80.8668,80.4968,80.8465,449,130,0
2026-04-16 13:45:00,80.8532,81.0116,80.6265,80.9317,448,130,0
2026-04-16 14:00:00,80.9308,81.1038,80.5965,80.7023,449,130,0
2026-04-16 14:15:00,80.7029,81.0866,80.6763,80.9591,448,130,0
2026-04-16 14:30:00,80.9673,80.9673,80.4986,80.5997,447,130,0
2026-04-16 14:45:00,80.5946,80.6791,80.4212,80.5125,447,130,0
2026-04-16 15:00:00,80.5218,80.5464,80.3286,80.4355,448,130,0
2026-04-16 15:15:00,80.4343,80.4681,80.2238,80.4123,447,130,0
2026-04-16 15:30:00,80.4186,80.5586,80.2829,80.4432,448,130,0
2026-04-16 15:45:00,80.4611,80.5774,80.2703,80.5519,448,130,0
2026-04-16 16:00:00,80.5615,80.5889,80.3123,80.3657,450,130,0
2026-04-16 16:15:00,80.3646,80.5962,80.2318,80.5502,446,130,0
2026-04-16 16:30:00,80.5538,80.8424,80.5257,80.6501,448,130,0
2026-04-16 16:45:00,80.66,80.7469,80.4991,80.6061,449,130,0
2026-04-16 17:00:00,80.6135,80.6506,80.3085,80.3638,450,130,0
2026-04-16 17:15:00,80.3862,80.4958,80.1105,80.1612,448,130,0
2026-04-16 17:30:00,80.1489,80.8026,80.1418,80.7227,448,130,0
2026-04-16 17:45:00,80.7254,80.8833,80.672,80.8636,450,130,0
2026-04-16 18:00:00,80.8631,80.9746,80.7361,80.7854,448,130,0
2026-04-16 18:15:00,80.788,80.788,80.5111,80.668,449,130,0
2026-04-16 18:30:00,80.6867,80.9594,80.641,80.8454,449,130,0
2026-04-16 18:45:00,80.8398,81.0859,80.6995,80.967,445,130,0
2026-04-16 19:00:00,80.9637,81.3414,80.9554,81.279,450,130,0
2026-04-16 19:15:00,81.278,81.5756,81.2449,81.5266,446,130,0
2026-04-16 19:30:00,81.5538,81.9603,81.2924,81.8897,449,130,0
2026-04-16 19:45:00,81.8886,82.1047,81.8334,81.9917,449,130,0
2026-04-16 20:00:00,81.9935,82.0818,81.6968,81.9565,447,130,0
2026-04-16 20:15:00,81.9512,81.9813,81.3003,81.4176,449,130,0
2026-04-16 20:30:00,81.3933,81.4261,80.9884,81.0488,448,130,0
2026-04-16 20:45:00,81.0564,81.5922,81.04,81.3501,449,130,0
2026-04-16 21:00:00,81.3457,81.3674,81.0976,81.1697,450,130,0
2026-04-16 21:15:00,81.1674,81.2604,80.9567,81.0873,448,130,0
2026-04-16 21:30:00,81.0854,81.0957,80.6217,80.7946,450,130,0
2026-04-16 21:45:00,80.7843,80.8395,80.6189,80.747,446,130,0
2026-04-16 22:00:00,80.7367,80.9403,80.6362,80.6513,448,130,0
2026-04-16 22:15:00,80.6458,80.8836,80.5999,80.8554,449,130,0
2026-04-16 22:30:00,80.8592,81.0882,80.7661,80.7936,450,130,0
2026-04-16 22:45:00,80.7976,80.9128,80.6344,80.724,448,130,0
2026-04-16 23:00:00,80.7101,80.7812,80.4721,80.7626,450,130,0
2026-04-16 23:15:00,80.7625,81.0851,80.732,81.0449,449,130,0
2026-04-16 23:30:00,81.0419,81.0819,80.6792,80.7655,450,130,0
2026-04-16 23:45:00,80.7555,81.1207,80.7361,81.1207,446,130,0
2026-04-17 00:00:00,81.1254,81.3875,81.0386,81.2177,447,130,0
2026-04-17 00:15:00,81.1947,81.5499,81.1047,81.5167,448,130,0
2026-04-17 00:30:00,81.5018,81.5644,81.3092,81.4339,448,130,0
2026-04-17 00:45:00,81.454,81.5602,81.361,81.4044,449,130,0
2026-04-17 01:00:00,81.42,81.4296,81.1905,81.2679,448,130,0
2026-04-17 01:15:00,81.2617,81.593,81.1982,81.5416,446,130,0
2026-04-17 01:30:00,81.5551,81.7636,81.3339,81.7145,449,130,0
2026-04-17 01:45:00,81.7107,82.0581,81.7107,81.9542,449,130,0
2026-04-17 02:00:00,81.9542,82.1273,81.8635,82.1206,450,130,0
2026-04-17 02:15:00,82.1152,82.1161,81.4732,81.5519,450,130,0
2026-04-17 02:30:00,81.5483,81.8794,81.5483,81.8364,445,130,0
2026-04-17 02:45:00,81.8472,81.8859,81.7356,81.8361,445,130,0
2026-04-17 03:00:00,81.8467,81.8883,81.458,81.458,448,130,0
2026-04-17 03:15:00,81.4524,81.5402,81.0977,81.3857,448,130,0
2026-04-17 03:30:00,81.3868,81.5647,81.3135,81.3935,445,130,0
2026-04-17 03:45:00,81.3919,81.3969,81.2074,81.2865,448,130,0
2026-04-17 04:00:00,81.2849,81.7311,81.2849,81.6473,448,130,0
2026-04-17 04:15:00,81.6659,82.0112,81.6038,81.8842,449,130,0
2026-04-17 04:30:00,81.882,82.1342,81.7667,82.127,447,130,0
2026-04-17 04:45:00,82.1182,82.3696,82.0821,82.2815,450,130,0
2026-04-17 05:00:00,82.2964,82.468,82.1361,82.1361,449,130,0
2026-04-17 05:15:00,82.1378,82.1384,81.8154,81.8528,449,130,0
2026-04-17 05:30:00,81.8398,82.0752,81.7535,82.0752,448,130,0
2026-04-17 05:45:00,82.0673,82.1504,81.9739,82.0329,449,130,0
2026-04-17 06:00:00,82.04,82.2679,81.895,82.2175,448,130,0
2026-04-17 06:15:00,82.2013,82.2713,81.8545,82.0476,448,130,0
2026-04-17 06:30:00,82.0602,82.2715,82.0102,82.0456,450,130,0
2026-04-17 06:45:00,82.0581,82.141,81.8972,81.9202,448,130,0
2026-04-17 07:00:00,81.919,82.009,81.7199,82.009,449,130,0
2026-04-17 07:15:00,82.0239,82.0769,81.7579,81.83,449,130,0
2026-04-17 07:30:00,81.8222,81.919,81.6675,81.7939,445,130,0
2026-04-17 07:45:00,81.7945,81.9446,81.511,81.6282,449,130,0
2026-04-17 08:00:00,81.6315,81.73,81.4436,81.7093,450,130,0
2026-04-17 08:15:00,81.7072,81.756,81.4906,81.6447,446,130,0
2026-04-17 08:30:00,81.6286,81.7153,81.5287,81.7027,449,130,0
2026-04-17 08:45:00,81.6976,81.7839,81.5625,81.7235,448,130,0
2026-04-17 09:00:00,81.7083,81.7258,81.4589,81.57,450,130,0
2026-04-17 09:15:00,81.573,82.3069,81.527,82.2983,449,130,0
2026-04-17 09:30:00,82.3059,82.5089,82.1761,82.4254,449,130,0
2026-04-17 09:45:00,82.4196,82.5774,82.2509,82.5137,448,130,0
2026-04-17 10:00:00,82.5219,82.8174,82.4081,82.8049,449,130,0
2026-04-17 10:15:00,82.7976,82.9373,82.4896,82.517,449,130,0
2026-04-17 10:30:00,82.507,82.6523,82.1816,82.2876,450,130,0
2026-04-17 10:45:00,82.2882,82.32,82.0849,82.0876,449,130,0
2026-04-17 11:00:00,82.0864,82.3599,82.0212,82.3345,447,130,0
2026-04-17 11:15:00,82.331,82.4588,82.1694,82.1857,447,130,0
2026-04-17 11:30:00,82.1714,82.2047,81.9917,82.1394,449,130,0
2026-04-17 11:45:00,82.1446,82.2052,81.8228,81.8277,449,130,0
2026-04-17 12:00:00,81.8258,81.9315,81.4317,81.4392,448,130,0
2026-04-17 12:15:00,81.4402,81.5938,81.368,81.5515,450,130,0
2026-04-17 12:30:00,81.5441,81.6486,81.1648,81.3117,445,130,0
2026-04-17 12:45:00,81.3164,81.7387,81.2818,81.6801,449,130,0
2026-04-17 13:00:00,81.6912,82.0845,81.6869,82.052,445,130,0
2026-04-17 13:15:00,82.0605,82.5032,82.059,82.4881,448,130,0
2026-04-17 13:30:00,82.4558,82.7233,82.4397,82.7011,447,130,0
2026-04-17 13:45:00,82.6995,83.0904,82.6995,83.0781,448,130,0
2026-04-17 14:00:00,83.0612,83.0947,82.7024,82.7332,448,130,0
2026-04-17 14:15:00,82.7253,82.9459,82.5638,82.8559,449,130,0
2026-04-17 14:30:00,82.8525,82.8713,82.1418,82.2707,447,130,0
2026-04-17 14:45:00,82.2524,82.2524,81.9904,82.1849,446,130,0
2026-04-17 15:00:00,82.1969,82.2454,82.0358,82.0693,448,130,0
2026-04-17 15:15:00,82.0635,82.259,82.0154,82.2572,450,130,0
2026-04-17 15:30:00,82.2636,82.5363,82.2336,82.4931,450,130,0
2026-04-17 15:45:00,82.497,82.8768,82.4049,82.8023,449,130,0
2026-04-17 16:00:00,82.8136,82.8174,82.5548,82.5635,450,130,0
2026-04-17 16:15:00,82.5457,82.5678,82.2217,82.3943,450,130,0
2026-04-17 16:30:00,82.395,82.6215,82.3554,82.6001,449,130,0
2026-04-17 16:45:00,82.5978,82.6492,82.4478,82.5748,447,130,0
2026-04-17 17:00:00,82.5834,82.7875,82.515,82.6944,446,130,0
2026-04-17 17:15:00,82.7116,82.7501,82.5254,82.566,449,130,0
2026-04-17 17:30:00,82.5729,82.5781,82.3916,82.5027,450,130,0
2026-04-17 17:45:00,82.4955,82.8409,82.4684,82.7891,448,130,0
2026-04-17 18:00:00,82.7968,82.9426,82.6584,82.7285,446,130,0
2026-04-17 18:15:00,82.7303,82.7795,82.5539,82.5912,450,130,0
2026-04-17 18:30:00,82.5836,83.0195,82.5622,82.9545,446,130,0
2026-04-17 18:45:00,82.9545,82.9672,82.707,82.7986,446,130,0
2026-04-17 19:00:00,82.7833,83.3326,82.7347,83.3023,450,130,0
2026-04-17 19:15:00,83.2765,83.282,82.9409,83.185,446,130,0
2026-04-17 19:30:00,83.1821,83.4157,83.1176,83.2955,449,130,0
2026-04-17 19:45:00,83.2952,83.3692,83.0234,83.2044,449,130,0
2026-04-17 20:00:00,83.2009,83.2009,82.93,82.9638,449,130,0
2026-04-17 20:15:00,82.9571,83.0023,82.7388,82.7617,447,130,0
2026-04-17 20:30:00,82.7535,82.7743,82.5372,82.6537,449,130,0
2026-04-17 20:45:00,82.6737,82.8018,82.5491,82.6216,448,130,0
2026-04-17 21:00:00,82.6079,82.9909,82.5351,82.9855,448,130,0
2026-04-17 21:15:00,82.9661,83.0528,82.7003,82.861,447,130,0
2026-04-17 21:30:00,82.8697,82.8879,82.5518,82.797,449,130,0
2026-04-17 21:45:00,82.7957,82.8541,82.3647,82.417,447,130,0
2026-04-17 22:00:00,82.409,82.6736,82.3962,82.6725,447,130,0
2026-04-17 22:15:00,82.6728,82.7625,82.5191,82.6291,449,130,0
2026-04-17 22:30:00,82.6378,82.8943,82.6195,82.8548,450,130,0
2026-04-17 22:45:00,82.8458,82.993,82.6718,82.8621,449,130,0
2026-04-17 23:00:00,82.8683,82.9967,82.7332,82.9384,450,130,0
2026-04-17 23:15:00,82.9472,83.0669,82.84,83.0469,449,130,0
2026-04-17 23:30:00,83.0652,83.7567,83.0264,83.6076,449,130,0
2026-04-17 23:45:00,83.6038,83.8955,83.4773,83.7844,447,130,0
2026-04-18 00:00:00,83.7935,84.1366,83.7546,84.0909,450,130,0
2026-04-18 00:15:00,84.1042,84.1935,83.7803,83.7803,449,130,0
2026-04-18 00:30:00,83.777,84.256,83.7496,84.0899,449,130,0
2026-04-18 00:45:00,84.083,84.1396,83.7571,83.7601,448,130,0
2026-04-18 01:00:00,83.7608,83.9089,83.7018,83.7184,448,130,0
2026-04-18 01:15:00,83.714,83.9538,83.6995,83.9008,449,130,0
2026-04-18 01:30:00,83.8919,83.9346,83.4435,83.4532,450,130,0
2026-04-18 01:45:00,83.456,83.7891,83.4078,83.6835,450,130,0
2026-04-18 02:00:00,83.6858,84.0279,83.6514,83.8331,448,130,0
2026-04-18 02:15:00,83.8288,84.4562,83.7724,84.2102,450,130,0
2026-04-18 02:30:00,84.2105,84.6547,84.1939,84.4077,448,130,0
2026-04-18 02:45:00,84.4174,84.5762,84.3301,84.5121,448,130,0
2026-04-18 03:00:00,84.5171,84.5727,84.3317,84.4329,449,130,0
2026-04-18 03:15:00,84.4297,84.5152,84.3197,84.3973,448,130,0
2026-04-18 03:30:00,84.4087,85.0568,84.4087,85.0035,449,130,0
2026-04-18 03:45:00,85.0153,85.2998,84.8503,85.2233,448,130,0
2026-04-18 04:00:00,85.2383,85.3253,85.1166,85.1973,447,130,0
2026-04-18 04:15:00,85.1833,85.2684,85.0413,85.2315,449,130,0
2026-04-18 04:30:00,85.2331,85.4476,85.1988,85.4424,447,130,0
2026-04-18 04:45:00,85.4311,85.6808,85.2852,85.6672,449,130,0
2026-04-18 05:00:00,85.681,85.7198,85.403,85.5909,448,130,0
2026-04-18 05:15:00,85.5773,85.5931,85.1806,85.1947,446,130,0
2026-04-18 05:30:00,85.2245,85.3674,85.1014,85.14,449,130,0
2026-04-18 05:45:00,85.1307,85.1307,84.765,84.7724,446,130,0
2026-04-18 06:00:00,84.7786,84.7852,84.4492,84.5192,447,130,0
2026-04-18 06:15:00,84.5224,84.7201,84.4751,84.6861,447,130,0
2026-04-18 06:30:00,84.6805,84.767,84.5447,84.591,447,130,0
2026-04-18 06:45:00,84.6067,84.6755,84.3095,84.3095,450,130,0
2026-04-18 07:00:00,84.3039,84.5741,84.2235,84.4724,450,130,0
2026-04-18 07:15:00,84.4826,85.0844,84.3316,84.996,450,130,0
2026-04-18 07:30:00,84.9908,85.2395,84.8654,85.2381,449,130,0
2026-04-18 07:45:00,85.2376,85.6553,85.2058,85.5681,447,130,0
2026-04-18 08:00:00,85.565,85.5907,85.1113,85.2481,450,130,0
2026-04-18 08:15:00,85.2435,85.2794,85.0855,85.105,448,130,0
2026-04-18 08:30:00,85.1053,85.3402,85.0055,85.1216,447,130,0
2026-04-18 08:45:00,85.1505,85.1708,84.7235,84.7571,447,130,0
2026-04-18 09:00:00,84.7494,85.0235,84.6499,84.9386,450,130,0
2026-04-18 09:15:00,84.9465,84.9748,84.1014,84.1204,449,130,0
2026-04-18 09:30:00,84.1017,84.2611,83.9137,83.9849,449,130,0
2026-04-18 09:45:00,83.9861,84.0901,83.5695,83.668,448,130,0
2026-04-18 10:00:00,83.6826,83.8957,83.6025,83.7472,448,130,0
2026-04-18 10:15:00,83.7371,83.8242,83.4959,83.5192,449,130,0
2026-04-18 10:30:00,83.5246,83.585,83.3139,83.3605,448,130,0
2026-04-18 10:45:00,83.3515,83.3915,83.134,83.3766,447,130,0
2026-04-18 11:00:00,83.3582,83.4079,83.136,83.2948,448,130,0
2026-04-18 11:15:00,83.3212,83.3447,83.067,83.27,445,130,0
2026-04-18 11:30:00,83.2807,83.3123,83.048,83.0884,449,130,0
2026-04-18 11:45:00,83.0925,83.2363,82.9339,83.1409,448,130,0
2026-04-18 12:00:00,83.1441,83.553,83.069,83.5229,447,130,0
2026-04-18 12:15:00,83.5181,83.6911,83.4803,83.5478,450,130,0
2026-04-18 12:30:00,83.5494,83.8447,83.505,83.5773,449,130,0
2026-04-18 12:45:00,83.5922,83.6721,83.3691,83.4276,450,130,0
2026-04-18 13:00:00,83.4113,83.7218,83.4018,83.4875,448,130,0
2026-04-18 13:15:00,83.5059,83.508,82.9392,83.0026,448,130,0
2026-04-18 13:30:00,82.9936,83.2914,82.8671,83.2802,448,130,0
2026-04-18 13:45:00,83.2775,83.3115,82.9787,83.2041,448,130,0
2026-04-18 14:00:00,83.2179,83.2179,82.7894,82.948,448,130,0
2026-04-18 14:15:00,82.9635,83.2791,82.8977,82.9986,448,130,0
2026-04-18 14:30:00,83.0016,83.0463,82.6516,82.6744,449,130,0
2026-04-18 14:45:00,82.6795,82.9582,82.5837,82.6833,449,130,0
2026-04-18 15:00:00,82.6945,82.723,82.443,82.4674,448,130,0
2026-04-18 15:15:00,82.4778,82.622,82.4081,82.6154,449,130,0
2026-04-18 15:30:00,82.5945,83.0154,82.5839,82.8964,449,130,0
2026-04-18 15:45:00,82.9,83.1445,82.8752,82.929,449,130,0
2026-04-18 16:00:00,82.9132,83.0385,82.6745,82.719,448,130,0
2026-04-18 16:15:00,82.7218,82.9697,82.6489,82.9058,449,130,0
2026-04-18 16:30:00,82.9088,83.0463,82.8324,82.9694,448,130,0
2026-04-18 16:45:00,82.9769,83.3322,82.9651,83.3096,449,130,0
2026-04-18 17:00:00,83.2982,83.5667,83.2293,83.5407,448,130,0
2026-04-18 17:15:00,83.5516,83.7329,83.425,83.7248,449,130,0
2026-04-18 17:30:00,83.7321,83.8957,83.6408,83.709,447,130,0
2026-04-18 17:45:00,83.7052,83.96340000000001,83.6648,83.96340000000001,450,130,0
2026-04-18 18:00:00,83.9587,83.971,83.5112,83.6164,447,130,0
2026-04-18 18:15:00,83.6188,83.913,83.6119,83.6671,446,130,0
2026-04-18 18:30:00,83.6718,83.6835,83.3649,83.4028,446,130,0
2026-04-18 18:45:00,83.3961,83.5861,83.3682,83.5377,448,130,0
2026-04-18 19:00:00,83.5351,83.7268,83.4611,83.6403,448,130,0
2026-04-18 19:15:00,83.6363,83.8138,83.6333,83.7176,450,130,0
2026-04-18 19:30:00,83.7037,83.7819,83.4962,83.5658,449,130,0
2026-04-18 19:45:00,83.5669,84.016,83.549,83.9809,450,130,0
2026-04-18 20:00:00,83.9701,84.0063,83.7114,83.8302,448,130,0
2026-04-18 20:15:00,83.8091,83.9245,83.6599,83.8501,449,130,0
2026-04-18 20:30:00,83.8524,84.0633,83.7723,83.7952,448,130,0
2026-04-18 20:45:00,83.8035,84.1432,83.6505,84.0994,448,130,0
2026-04-18 21:00:00,84.087,84.4316,84.087,84.3446,449,130,0
2026-04-18 21:15:00,84.347,84.577,84.3151,84.577,449,130,0
2026-04-18 21:30:00,84.5803,84.7076,84.4351,84.4353,447,130,0
2026-04-18 21:45:00,84.448,84.5683,84.2943,84.4586,447,130,0
2026-04-18 22:00:00,84.4577,84.6783,84.3692,84.4096,446,130,0
2026-04-18 22:15:00,84.4089,84.444,84.1523,84.3407,448,130,0
2026-04-18 22:30:00,84.3309,84.6378,84.3079,84.6094,449,130,0
2026-04-18 22:45:00,84.6085,84.6115,84.1025,84.1236,449,130,0
2026-04-18 23:00:00,84.1229,84.2423,83.7808,83.8815,448,130,0
2026-04-18 23:15:00,83.8685,84.0669,83.6586,84.0193,450,130,0
2026-04-18 23:30:00,84.0039,84.0948,83.7523,83.7997,450,130,0
2026-04-18 23:45:00,83.7978,83.929,83.6478,83.7529,447,130,0
2026-04-19 00:00:00,83.7484,84.0857,83.6197,84.0713,450,130,0
2026-04-19 00:15:00,84.0773,84.3262,84.0104,84.1651,445,130,0
2026-04-19 00:30:00,84.1632,84.2373,83.9713,84.1422,449,130,0
2026-04-19 00:45:00,84.1412,84.3788,84.0381,84.2459,448,130,0
2026-04-19 01:00:00,84.2669,84.3963,83.9702,84.1002,449,130,0
2026-04-19 01:15:00,84.0953,84.1637,83.9397,84.0408,321,130,0
2026-04-19 01:30:00,84.0382,84.3807,84.0312,84.3807,449,130,0
2026-04-19 01:45:00,84.3744,84.4717,84.0796,84.3354,448,130,0
2026-04-19 02:00:00,84.3446,84.3549,84.0531,84.0531,449,130,0
2026-04-19 02:15:00,84.0361,84.0429,83.7676,83.915,451,130,0
2026-04-19 02:30:00,83.9452,84.1429,83.9452,84.0327,448,130,0
2026-04-19 02:45:00,84.0442,84.3708,83.9596,84.3108,448,130,0
2026-04-19 03:00:00,84.3243,84.7169,84.2584,84.425,449,130,0
2026-04-19 03:15:00,84.4251,84.6188,84.4161,84.5419,447,130,0
2026-04-19 03:30:00,84.5672,84.9075,84.5469,84.8499,448,130,0
2026-04-19 03:45:00,84.8544,84.8986,84.6534,84.7557,448,130,0
2026-04-19 04:00:00,84.7575,84.8001,84.5257,84.6713,450,130,0
2026-04-19 04:15:00,84.6641,84.7498,84.3016,84.3817,448,130,0
2026-04-19 04:30:00,84.4054,85.0481,84.3606,84.9562,448,130,0
2026-04-19 04:45:00,84.963,85.3707,84.8468,85.3421,448,130,0
2026-04-19 05:00:00,85.3382,85.4081,85.2237,85.3165,446,130,0
2026-04-19 05:15:00,85.3096,85.3562,85.0636,85.2545,449,130,0
2026-04-19 05:30:00,85.2502,85.5225,85.1033,85.3349,450,130,0
2026-04-19 05:45:00,85.3444,85.467,85.2993,85.3149,448,130,0
2026-04-19 06:00:00,85.3153,85.5045,85.2427,85.2827,445,130,0
2026-04-19 06:15:00,85.2796,85.5318,85.0685,85.3152,447,130,0
2026-04-19 06:30:00,85.3045,85.3524,85.1161,85.3163,450,130,0
2026-04-19 06:45:00,85.3052,85.5307,85.2819,85.5087,449,130,0
2026-04-19 07:00:00,85.5021,85.5617,85.3808,85.5399,449,130,0
2026-04-19 07:15:00,85.5463,85.7739,85.4928,85.7438,450,130,0
2026-04-19 07:30:00,85.7469,86.0871,85.5837,86.0723,448,130,0
2026-04-19 07:45:00,86.083,86.085,85.6165,85.6686,448,130,0
2026-04-19 08:00:00,85.6749,85.8468,85.5658,85.738,447,130,0
2026-04-19 08:15:00,85.7223,85.7973,85.4107,85.4479,447,130,0
2026-04-19 08:30:00,85.4449,85.4472,85.1824,85.2117,450,130,0
2026-04-19 08:45:00,85.2104,85.2449,84.957,85.0555,449,130,0
2026-04-19 09:00:00,85.0515,85.106,84.7919,84.9382,449,130,0
2026-04-19 09:15:00,84.9399,84.9647,84.3927,84.4814,448,130,0
2026-04-19 09:30:00,84.4775,84.5197,84.1786,84.2638,449,130,0
2026-04-19 09:45:00,84.2602,84.6231,84.2281,84.4525,450,130,0
2026-04-19 10:00:00,84.4602,84.5261,84.3,84.3648,449,130,0
2026-04-19 10:15:00,84.3723,84.4998,84.2696,84.4371,448,130,0
2026-04-19 10:30:00,84.4433,84.5937,84.2309,84.2471,447,130,0
2026-04-19 10:45:00,84.2346,84.263,84.035,84.0603,448,130,0
2026-04-19 11:00:00,84.041,84.266,83.8138,84.1146,449,130,0
2026-04-19 11:15:00,84.1001,84.1784,83.6558,83.811,449,130,0
2026-04-19 11:30:00,83.8102,84.1552,83.7278,84.0515,449,130,0
2026-04-19 11:45:00,84.0462,84.5477,84.0462,84.3435,448,130,0
2026-04-19 12:00:00,84.3439,84.4539,84.0847,84.1461,449,130,0
2026-04-19 12:15:00,84.1348,84.6002,84.116,84.5664,448,130,0
2026-04-19 12:30:00,84.5721,84.8032,84.2012,84.314,448,130,0
2026-04-19 12:45:00,84.321,84.7871,84.2914,84.6782,447,130,0
2026-04-19 13:00:00,84.6896,84.8131,84.5045,84.5784,448,130,0
2026-04-19 13:15:00,84.5738,84.7364,84.3737,84.7055,448,130,0
2026-04-19 13:30:00,84.7182,84.8467,84.5544,84.5866,450,130,0
2026-04-19 13:45:00,84.6016,84.6503,84.4564,84.5468,449,130,0
2026-04-19 14:00:00,84.5323,84.724,84.4716,84.6614,448,130,0
2026-04-19 14:15:00,84.6751,84.8825,84.573,84.8001,449,130,0
2026-04-19 14:30:00,84.7789,84.9085,84.7229,84.8145,446,130,0
2026-04-19 14:45:00,84.8125,85.0336,84.768,84.9122,447,130,0
2026-04-19 15:00:00,84.9156,85.3429,84.8238,85.2432,450,130,0
2026-04-19 15:15:00,85.246,85.3761,85.042,85.2744,446,130,0
2026-04-19 15:30:00,85.2696,85.6483,85.2465,85.5013,448,130,0
2026-04-19 15:45:00,85.5071,85.7829,85.4954,85.7476,449,130,0
2026-04-19 16:00:00,85.7467,85.8205,85.3485,85.4229,450,130,0
2026-04-19 16:15:00,85.427,85.7165,85.3892,85.4951,447,130,0
2026-04-19 16:30:00,85.4947,85.5254,85.1375,85.2207,448,130,0
2026-04-19 16:45:00,85.2271,85.442,85.1553,85.3524,450,130,0
2026-04-19 17:00:00,85.3556,85.3572,85.1784,85.3199,450,130,0
2026-04-19 17:15:00,85.3157,85.5277,85.2897,85.3309,448,130,0
2026-04-19 17:30:00,85.3252,85.382,85.1459,85.3536,450,130,0
2026-04-19 17:45:00,85.3544,85.792,85.3431,85.7858,448,130,0
2026-04-19 18:00:00,85.778,86.1173,85.6778,86.082,447,130,0
2026-04-19 18:15:00,86.0728,86.1306,85.5349,85.591,448,130,0
2026-04-19 18:30:00,85.5954,85.9073,85.4614,85.8987,445,130,0
2026-04-19 18:45:00,85.8702,85.98,85.7557,85.7557,448,130,0
2026-04-19 19:00:00,85.7511,85.8518,85.4949,85.7334,448,130,0
2026-04-19 19:15:00,85.7413,86.1108,85.6622,86.0577,447,130,0
2026-04-19 19:30:00,86.0419,86.1707,85.96340000000001,86.0926,449,130,0
2026-04-19 19:45:00,86.0881,86.3591,86.0288,86.0358,448,130,0
2026-04-19 20:00:00,86.0255,86.0999,85.8661,85.9802,449,130,0
2026-04-19 20:15:00,85.9807,86.0689,85.7187,86.0323,448,130,0
2026-04-19 20:30:00,86.0179,86.3012,85.8902,86.2508,448,130,0
2026-04-19 20:45:00,86.2679,86.3669,86.0521,86.2167,448,130,0
2026-04-19 21:00:00,86.2263,86.3808,86.0872,86.1233,448,130,0
2026-04-19 21:15:00,86.1292,86.2389,86.0023,86.1657,447,130,0
2026-04-19 21:30:00,86.1741,86.2074,85.8373,85.8411,444,130,0
2026-04-19 21:45:00,85.8376,86.1654,85.6939,86.1107,450,130,0
2026-04-19 22:00:00,86.0919,86.2484,85.9086,86.2473,450,130,0
2026-04-19 22:15:00,86.2605,86.2736,85.9972,86.0436,449,130,0
2026-04-19 22:30:00,86.0509,86.1391,85.868,85.9147,450,130,0
2026-04-19 22:45:00,85.8986,86.0654,85.5956,85.612,449,130,0
2026-04-19 23:00:00,85.6211,85.7244,85.4001,85.5167,448,130,0
2026-04-19 23:15:00,85.5173,86.3626,85.5061,86.3225,449,130,0
2026-04-19 23:30:00,86.3177,86.4338,86.1669,86.4338,448,130,0
2026-04-19 23:45:00,86.4232,86.4245,85.9196,85.9604,449,130,0
2026-04-20 00:00:00,85.968,86.3053,85.8465,85.8956,448,130,0
2026-04-20 00:15:00,85.8872,86.1171,85.8649,85.9722,448,130,0
2026-04-20 00:30:00,85.9574,85.9726,85.4894,85.7122,450,130,0
2026-04-20 00:45:00,85.7229,85.8826,85.5493,85.6541,447,130,0
2026-04-20 01:00:00,85.661,85.7721,85.5037,85.7635,449,130,0
2026-04-20 01:15:00,85.7683,86.2367,85.7384,86.18,450,130,0
2026-04-20 01:30:00,86.1866,86.2617,85.976,86.1421,449,130,0
2026-04-20 01:45:00,86.1476,86.2883,85.9654,85.9898,448,130,0
2026-04-20 02:00:00,86.0011,86.1428,85.8987,86.047,445,130,0
2026-04-20 02:15:00,86.0546,86.5169,85.8807,86.4921,450,130,0
2026-04-20 02:30:00,86.4872,86.5139,86.0342,86.1216,450,130,0
2026-04-20 02:45:00,86.1066,86.1329,85.8155,86.0471,448,130,0
2026-04-20 03:00:00,86.0638,86.0899,85.5734,85.6048,448,130,0
2026-04-20 03:15:00,85.6113,85.7583,85.5882,85.746,448,130,0
2026-04-20 03:30:00,85.7398,85.7585,85.4341,85.4516,448,130,0
2026-04-20 03:45:00,85.4534,85.511,85.0401,85.1496,449,130,0
2026-04-20 04:00:00,85.1526,85.2123,84.9497,85.1432,448,130,0
2026-04-20 04:15:00,85.1394,85.2362,84.7982,84.8193,447,130,0
2026-04-20 04:30:00,84.8064,84.9697,84.5423,84.5427,450,130,0
2026-04-20 04:45:00,84.5462,84.7305,84.5119,84.5416,448,130,0
2026-04-20 05:00:00,84.5393,84.5911,84.3388,84.4901,448,130,0
2026-04-20 05:15:00,84.5012,84.6094,84.3545,84.5107,447,130,0
2026-04-20 05:30:00,84.4722,84.485,84.1841,84.4351,448,130,0
2026-04-20 05:45:00,84.4386,84.7468,84.4386,84.7256,449,130,0
2026-04-20 06:00:00,84.7146,84.9578,84.6163,84.8458,449,130,0
2026-04-20 06:15:00,84.8527,85.0162,84.7664,84.8901,448,130,0
2026-04-20 06:30:00,84.9074,85.0413,84.8202,84.9527,447,130,0
2026-04-20 06:45:00,84.9349,85.1624,84.8849,85.0798,449,130,0
2026-04-20 07:00:00,85.0871,85.1227,84.7185,84.7885,450,130,0
2026-04-20 07:15:00,84.785,85.1701,84.7033,85.0722,450,130,0
2026-04-20 07:30:00,85.0785,85.5457,85.0772,85.388,449,130,0
2026-04-20 07:45:00,85.3848,85.4867,85.0473,85.4775,447,130,0
2026-04-20 08:00:00,85.4853,85.6123,85.1872,85.2255,447,130,0
2026-04-20 08:15:00,85.2148,85.3909,85.1042,85.1536,449,130,0
2026-04-20 08:30:00,85.1591,85.4516,85.0772,85.2912,446,130,0
2026-04-20 08:45:00,85.2801,85.2891,84.9856,85.0321,450,130,0
2026-04-20 09:00:00,85.0321,85.5167,85.0321,85.426,450,130,0
2026-04-20 09:15:00,85.4103,85.4275,85.0948,85.1631,450,130,0
2026-04-20 09:30:00,85.1741,85.2973,84.9653,85.0854,449,130,0
2026-04-20 09:45:00,85.0616,85.0616,84.8187,84.9469,447,130,0
2026-04-20 10:00:00,84.9424,85.0662,84.8214,85.0636,450,130,0
2026-04-20 10:15:00,85.0761,85.1313,84.4538,84.6102,448,130,0
2026-04-20 10:30:00,84.5993,84.8062,84.4877,84.5943,449,130,0
2026-04-20 10:45:00,84.5835,84.627,84.2706,84.4098,447,130,0
2026-04-20 11:00:00,84.417,84.549,84.0048,84.1958,449,130,0
2026-04-20 11:15:00,84.2009,84.4366,84.0077,84.0288,447,130,0
2026-04-20 11:30:00,84.032,84.1318,83.8695,83.9543,448,130,0
2026-04-20 11:45:00,83.953,84.1924,83.7882,84.0161,448,130,0
2026-04-20 12:00:00,84.0341,84.197,83.9736,84.1566,448,130,0
2026-04-20 12:15:00,84.1554,84.1581,83.8608,84.0118,450,130,0
2026-04-20 12:30:00,83.9997,84.1309,83.9058,83.9611,449,130,0
2026-04-20 12:45:00,83.9702,84.2157,83.8966,84.1976,450,130,0
2026-04-20 13:00:00,84.2135,84.663,84.1784,84.5016,450,130,0
2026-04-20 13:15:00,84.5097,84.5369,83.9991,84.0407,448,130,0
2026-04-20 13:30:00,84.0195,84.0281,83.8346,83.9758,448,130,0
2026-04-20 13:45:00,83.9753,84.1637,83.9587,84.0986,450,130,0
2026-04-20 14:00:00,84.1071,84.1525,83.7518,83.8504,448,130,0
2026-04-20 14:15:00,83.8324,83.9499,83.6761,83.8226,446,130,0
2026-04-20 14:30:00,83.8126,83.9704,83.7472,83.8712,450,130,0
2026-04-20 14:45:00,83.8978,83.9174,83.5994,83.679,450,130,0
2026-04-20 15:00:00,83.692,83.8182,83.594,83.6963,448,130,0
2026-04-20 15:15:00,83.6998,83.8642,83.6416,83.6988,448,130,0
2026-04-20 15:30:00,83.7135,84.1672,83.7122,84.1206,449,130,0
2026-04-20 15:45:00,84.1075,84.2437,84.042,84.2001,450,130,0
2026-04-20 16:00:00,84.2004,84.3325,84.046,84.2316,449,130,0
2026-04-20 16:15:00,84.2211,84.7115,84.213,84.6974,450,130,0
2026-04-20 16:30:00,84.7238,84.8273,84.646,84.7172,446,130,0
2026-04-20 16:45:00,84.712,84.9271,84.712,84.7773,450,130,0
2026-04-20 17:00:00,84.7737,84.7737,84.4345,84.6803,448,130,0
2026-04-20 17:15:00,84.6858,84.7922,84.5494,84.6066,449,130,0
2026-04-20 17:30:00,84.6003,85.1005,84.5557,85.1005,449,130,0
2026-04-20 17:45:00,85.1014,85.2302,85.0171,85.2267,450,130,0
2026-04-20 18:00:00,85.2217,85.2466,84.9719,85.1926,449,130,0
2026-04-20 18:15:00,85.2072,85.5357,85.2017,85.4545,448,130,0
2026-04-20 18:30:00,85.4343,85.6283,85.3441,85.388,445,130,0
2026-04-20 18:45:00,85.3927,85.628,85.2948,85.4259,450,130,0
2026-04-20 19:00:00,85.4302,85.5975,85.2332,85.5975,447,130,0
2026-04-20 19:15:00,85.5923,85.9515,85.5498,85.8835,449,130,0
2026-04-20 19:30:00,85.8751,86.0464,85.7743,85.9595,449,130,0
2026-04-20 19:45:00,85.9622,86.0908,85.8805,86.0908,448,130,0
2026-04-20 20:00:00,86.0958,86.2542,85.9437,86.1577,450,130,0
2026-04-20 20:15:00,86.1631,86.3029,85.9727,86.2773,449,130,0
2026-04-20 20:30:00,86.2631,86.5263,86.1607,86.441,449,130,0
2026-04-20 20:45:00,86.4441,86.7064,86.3373,86.528,449,130,0
2026-04-20 21:00:00,86.5264,86.7453,86.5111,86.7201,448,130,0
2026-04-20 21:15:00,86.7102,86.8592,86.4794,86.6344,448,130,0
2026-04-20 21:30:00,86.6342,86.8464,86.2602,86.3332,447,130,0
2026-04-20 21:45:00,86.3352,86.4048,86.1159,86.2603,448,130,0
2026-04-20 22:00:00,86.2635,86.6425,86.2241,86.6245,448,130,0
2026-04-20 22:15:00,86.6224,86.8394,86.6224,86.7679,449,130,0
2026-04-20 22:30:00,86.7688,86.9976,86.65090000000001,86.9831,448,130,0
2026-04-20 22:45:00,86.9704,87.2281,86.8819,87.1669,449,130,0
2026-04-20 23:00:00,87.1581,87.4637,87.1011,87.4035,449,130,0
2026-04-20 23:15:00,87.4084,87.8118,87.3939,87.6778,449,130,0
2026-04-20 23:30:00,87.6707,88.0482,87.6514,87.9518,449,130,0
2026-04-20 23:45:00,87.9528,88.2357,87.8279,88.2357,448,130,0
2026-04-21 00:00:00,88.2476,88.3254,88.0266,88.3223,448,130,0
2026-04-21 00:15:00,88.3155,88.9487,88.3026,88.8486,450,130,0
2026-04-21 00:30:00,88.8545,89.0983,88.6927,89.0626,449,130,0
2026-04-21 00:45:00,89.0632,89.2297,89.0043,89.1773,447,130,0
2026-04-21 01:00:00,89.1648,89.2508,88.97,89.187,448,130,0
2026-04-21 01:15:00,89.1997,89.2096,88.8202,88.8789,449,130,0
2026-04-21 01:30:00,88.8573,89.161,88.7618,88.9423,448,130,0
2026-04-21 01:45:00,88.9413,89.2747,88.9197,89.2014,450,130,0
2026-04-21 02:00:00,89.1954,89.2956,88.9994,89.2556,449,130,0
2026-04-21 02:15:00,89.2516,89.3131,88.9752,89.1592,448,130,0
2026-04-21 02:30:00,89.1618,89.2492,88.963,88.9638,448,130,0
2026-04-21 02:45:00,88.9647,88.9647,88.2212,88.236,450,130,0
2026-04-21 03:00:00,88.2293,88.6068,88.1369,88.545,447,130,0
2026-04-21 03:15:00,88.5343,88.7715,88.5175,88.589,449,130,0
2026-04-21 03:30:00,88.592,88.7947,88.5216,88.5587,449,130,0
2026-04-21 03:45:00,88.5728,88.9721,88.5728,88.7941,446,130,0
2026-04-21 04:00:00,88.7897,89.115,88.6702,88.9541,448,130,0
2026-04-21 04:15:00,88.9442,88.9916,88.5616,88.6828,450,130,0
2026-04-21 04:30:00,88.6851,88.7438,88.3367,88.4746,446,130,0
2026-04-21 04:45:00,88.4824,88.778,88.4323,88.7055,450,130,0
2026-04-21 05:00:00,88.7171,88.771,88.2569,88.44,446,130,0
2026-04-21 05:15:00,88.4338,88.6074,88.2862,88.3952,449,130,0
2026-04-21 05:30:00,88.4014,88.4654,88.2171,88.3965,450,130,0
2026-04-21 05:45:00,88.3846,88.7158,88.3605,88.6321,449,130,0
2026-04-21 06:00:00,88.6351,88.6962,88.205,88.205,450,130,0
2026-04-21 06:15:00,88.2039,88.3602,88.1759,88.3369,449,130,0
2026-04-21 06:30:00,88.3103,88.4113,88.199,88.3655,449,130,0
2026-04-21 06:45:00,88.3677,88.6812,88.226,88.548,449,130,0
2026-04-21 07:00:00,88.544,88.9227,88.4917,88.8638,446,130,0
2026-04-21 07:15:00,88.8594,88.9004,88.5103,88.576,448,130,0
2026-04-21 07:30:00,88.5651,88.5662,88.2523,88.467,449,130,0
2026-04-21 07:45:00,88.4854,88.9075,88.4729,88.8709,448,130,0
2026-04-21 08:00:00,88.8639,88.9465,88.7307,88.8059,449,130,0
2026-04-21 08:15:00,88.8183,88.9064,88.6718,88.8574,446,130,0
2026-04-21 08:30:00,88.8692,88.9101,88.5705,88.58,447,130,0
2026-04-21 08:45:00,88.5732,88.5743,88.2508,88.4275,448,130,0
2026-04-21 09:00:00,88.4164,88.5243,88.1466,88.4465,447,130,0
2026-04-21 09:15:00,88.4493,88.4991,88.1372,88.2072,448,130,0
2026-04-21 09:30:00,88.2246,88.5665,88.2173,88.3983,448,130,0
2026-04-21 09:45:00,88.3927,88.8282,88.3799,88.6787,449,130,0
2026-04-21 10:00:00,88.6921,88.9923,88.5453,88.9913,448,130,0
2026-04-21 10:15:00,88.9781,89.0234,88.6954,88.8236,448,130,0
2026-04-21 10:30:00,88.8025,89.2365,88.6153,89.2222,450,130,0
2026-04-21 10:45:00,89.2261,89.3854,89.1757,89.3382,449,130,0
2026-04-21 11:00:00,89.3182,89.7014,89.1693,89.5875,449,130,0
2026-04-21 11:15:00,89.5754,89.7409,89.4003,89.5848,450,130,0
2026-04-21 11:30:00,89.585,89.6609,89.4444,89.5444,447,130,0
2026-04-21 11:45:00,89.5562,89.5716,89.0013,89.0091,448,130,0
2026-04-21 12:00:00,89.0095,89.0669,88.7945,88.9617,450,130,0
2026-04-21 12:15:00,88.9679,89.145,88.8481,89.0568,447,130,0
2026-04-21 12:30:00,89.0545,89.1237,88.5562,88.5974,448,130,0
2026-04-21 12:45:00,88.5965,88.8306,88.4281,88.8164,450,130,0
2026-04-21 13:00:00,88.8014,89.0901,88.7819,88.9049,450,130,0
2026-04-21 13:15:00,88.9045,89.024,88.6784,88.9032,450,130,0
2026-04-21 13:30:00,88.8868,89.092,88.8203,89.0032,448,130,0
2026-04-21 13:45:00,89.0139,89.3401,88.8765,89.2186,448,150,0
2026-04-21 14:00:00,89.2164,89.3904,89.141,89.3161,448,150,0
2026-04-21 14:15:00,89.3091,89.3437,88.992,89.0336,449,150,0
2026-04-21 14:30:00,89.0318,89.238,88.9065,89.0562,449,150,0
2026-04-21 14:45:00,89.054,89.1097,88.786,88.8625,449,150,0
2026-04-21 15:00:00,88.8613,89.1441,88.7199,89.0887,447,150,0
2026-04-21 15:15:00,89.0841,89.6942,89.0387,89.6849,448,150,0
2026-04-21 15:30:00,89.6927,89.7454,89.5246,89.6955,448,150,0
2026-04-21 15:45:00,89.7061,89.7061,89.4297,89.4731,444,150,0
2026-04-21 16:00:00,89.4717,89.6209,89.3602,89.5437,449,150,0
2026-04-21 16:15:00,89.5376,89.9641,89.4637,89.8575,449,150,0
2026-04-21 16:30:00,89.8511,90.0669,89.8004,90.036,450,150,0
2026-04-21 16:45:00,90.0411,90.532,90.0398,90.4433,447,150,0
2026-04-21 17:00:00,90.4301,90.4437,90.1312,90.2605,448,150,0
2026-04-21 17:15:00,90.2789,90.4853,90.2595,90.2915,448,150,0
2026-04-21 17:30:00,90.2737,90.2794,89.8286,89.8669,448,150,0
2026-04-21 17:45:00,89.8532,89.8995,89.545,89.7077,449,150,0
2026-04-21 18:00:00,89.7076,89.8313,89.4872,89.4872,448,150,0
2026-04-21 18:15:00,89.4762,89.6367,89.3682,89.559,447,150,0
2026-04-21 18:30:00,89.5737,89.7844,89.4889,89.6706,449,150,0
2026-04-21 18:45:00,89.6758,89.8927,89.4913,89.8042,448,150,0
2026-04-21 19:00:00,89.7916,89.8533,89.3406,89.4427,449,150,0
2026-04-21 19:15:00,89.422,89.4666,89.1499,89.2496,450,150,0
2026-04-21 19:30:00,89.2521,89.3013,88.9662,88.9662,448,150,0
2026-04-21 19:45:00,88.9626,89.3111,88.9626,89.0727,448,150,0
2026-04-21 20:00:00,89.0575,89.0741,88.7181,88.7522,449,150,0
2026-04-21 20:15:00,88.7587,88.9133,88.52590000000001,88.5407,449,150,0
2026-04-21 20:30:00,88.5555,88.6254,88.2583,88.3123,450,150,0
2026-04-21 20:45:00,88.3028,88.3552,88.106,88.2293,450,150,0
2026-04-21 21:00:00,88.2235,88.3467,88.1569,88.2095,449,150,0
2026-04-21 21:15:00,88.1932,88.3646,88.1219,88.2797,448,150,0
2026-04-21 21:30:00,88.2945,88.4616,88.1725,88.4395,449,150,0
2026-04-21 21:45:00,88.4352,88.6905,88.4352,88.6253,448,150,0
2026-04-21 22:00:00,88.6405,88.7066,88.2324,88.244,447,150,0
2026-04-21 22:15:00,88.2471,88.4208,87.9314,88.0202,450,150,0
2026-04-21 22:30:00,88.0064,88.0667,87.7093,87.8963,449,150,0
2026-04-21 22:45:00,87.9083,87.9417,87.7157,87.8312,449,150,0
2026-04-21 23:00:00,87.8292,88.0459,87.7896,87.9504,448,150,0
2026-04-21 23:15:00,87.956,88.0077,87.6933,87.8108,448,150,0
2026-04-21 23:30:00,87.8065,87.8822,87.5496,87.8398,449,150,0
2026-04-21 23:45:00,87.834,88.0115,87.5103,87.5301,449,150,0
2026-04-22 00:00:00,87.5352,87.7677,87.3574,87.6423,448,150,0
2026-04-22 00:15:00,87.6598,87.7037,87.3475,87.4149,447,150,0
2026-04-22 00:30:00,87.4181,87.962,87.3725,87.9015,449,150,0
2026-04-22 00:45:00,87.8972,87.9293,87.7299,87.9293,448,150,0
2026-04-22 01:00:00,87.9437,88.1553,87.7861,87.9497,449,150,0
2026-04-22 01:15:00,87.9546,88.0346,87.7239,87.7239,447,150,0
2026-04-22 01:30:00,87.7329,87.9571,87.5887,87.6649,446,150,0
2026-04-22 01:45:00,87.6469,87.8592,87.4908,87.8592,445,150,0
2026-04-22 02:00:00,87.8545,87.8845,87.6444,87.8845,448,150,0
2026-04-22 02:15:00,87.8738,87.9797,87.5005,87.5379,448,150,0
2026-04-22 02:30:00,87.5532,87.8651,87.3979,87.6028,447,150,0
2026-04-22 02:45:00,87.6057,87.8233,87.5213,87.7124,449,150,0
2026-04-22 03:00:00,87.718,87.8353,87.4877,87.5035,447,150,0
2026-04-22 03:15:00,87.4873,87.8633,87.4551,87.6989,447,150,0
2026-04-22 03:30:00,87.6993,87.8568,87.6397,87.7394,448,150,0
2026-04-22 03:45:00,87.742,87.9608,87.6375,87.6743,448,150,0
2026-04-22 04:00:00,87.6766,87.6766,87.3655,87.5089,449,150,0
2026-04-22 04:15:00,87.5069,87.5453,87.283,87.5026,449,150,0
2026-04-22 04:30:00,87.5035,87.6408,87.2761,87.5037,448,150,0
2026-04-22 04:45:00,87.4822,87.4836,87.0455,87.328,449,150,0
2026-04-22 05:00:00,87.3259,87.3373,86.9796,87.187,448,150,0
2026-04-22 05:15:00,87.1856,87.2956,87.0549,87.2616,449,150,0
2026-04-22 05:30:00,87.2563,87.3227,87.0248,87.1496,448,150,0
2026-04-22 05:45:00,87.1538,87.5438,87.051,87.4629,450,150,0
2026-04-22 06:00:00,87.4598,87.4702,87.1705,87.2661,446,150,0
2026-04-22 06:15:00,87.2468,87.3336,87.1361,87.2708,447,150,0
2026-04-22 06:30:00,87.2821,87.2892,86.9775,87.0933,446,150,0
2026-04-22 06:45:00,87.0907,87.1246,86.6457,86.6524,446,150,0
2026-04-22 07:00:00,86.6596,86.8507,86.571,86.7885,449,150,0
2026-04-22 07:15:00,86.7929,86.8631,86.6471,86.7906,448,150,0
2026-04-22 07:30:00,86.7889,87.1045,86.6744,86.7264,446,150,0
2026-04-22 07:45:00,86.7142,86.9159,86.655,86.6866,450,150,0
2026-04-22 08:00:00,86.7121,86.9979,86.6968,86.9359,448,150,0
2026-04-22 08:15:00,86.9246,87.0839,86.731,87.0839,447,150,0
2026-04-22 08:30:00,87.0767,87.1218,86.7679,86.8016,450,150,0
2026-04-22 08:45:00,86.8107,86.8188,86.5398,86.6832,450,150,0
2026-04-22 09:00:00,86.6611,86.7556,86.4472,86.6728,445,150,0
2026-04-22 09:15:00,86.6753,86.6902,86.1577,86.2948,449,150,0
2026-04-22 09:30:00,86.307,86.6331,86.1164,86.5422,448,150,0
2026-04-22 09:45:00,86.5393,86.7057,86.4704,86.5828,450,150,0
2026-04-22 10:00:00,86.5824,87.1646,86.4974,87.0659,449,150,0
2026-04-22 10:15:00,87.0711,87.2602,86.9576,86.9576,448,150,0
2026-04-22 10:30:00,86.9522,87.0515,86.7373,86.8308,448,150,0
2026-04-22 10:45:00,86.8593,86.8623,86.599,86.8003,450,150,0
2026-04-22 11:00:00,86.8009,86.9931,86.7326,86.9082,448,150,0
2026-04-22 11:15:00,86.9122,86.9945,86.745,86.8212,448,150,0
2026-04-22 11:30:00,86.8404,87.0111,86.6152,86.6955,447,150,0
2026-04-22 11:45:00,86.672,87.0156,86.6453,86.7261,448,150,0
2026-04-22 12:00:00,86.7234,86.7802,86.1552,86.1552,447,150,0
2026-04-22 12:15:00,86.1567,86.1567,85.6697,85.7229,447,150,0
2026-04-22 12:30:00,85.7311,85.9617,85.6369,85.9057,447,150,0
2026-04-22 12:45:00,85.9173,86.3122,85.8455,86.2756,446,150,0
2026-04-22 13:00:00,86.2639,86.8861,86.156,86.816,449,150,0
2026-04-22 13:15:00,86.8258,87.0781,86.8133,87.0781,448,150,0
2026-04-22 13:30:00,87.0772,87.3968,87.0343,87.2612,450,150,0
2026-04-22 13:45:00,87.2647,87.3656,87.0565,87.259,448,150,0
2026-04-22 14:00:00,87.2588,87.386,86.6978,86.7519,449,150,0
2026-04-22 14:15:00,86.7594,86.8101,86.4742,86.7755,447,150,0
2026-04-22 14:30:00,86.7683,86.9227,86.5349,86.6443,448,150,0
2026-04-22 14:45:00,86.6339,86.6577,86.0171,86.0643,449,150,0
2026-04-22 15:00:00,86.0627,86.2859,85.9861,86.0571,447,150,0
2026-04-22 15:15:00,86.051,86.1384,85.7824,85.7824,448,150,0
2026-04-22 15:30:00,85.7691,86.033,85.6106,85.856,448,150,0
2026-04-22 15:45:00,85.848,85.944,85.5335,85.5922,449,150,0
2026-04-22 16:00:00,85.6137,85.9331,85.5969,85.8842,449,150,0
2026-04-22 16:15:00,85.8803,86.4054,85.819,86.3154,449,150,0
2026-04-22 16:30:00,86.313,86.313,85.9371,85.9539,450,150,0
2026-04-22 16:45:00,85.9591,86.1099,85.696,85.7451,448,150,0
2026-04-22 17:00:00,85.7687,85.8301,85.5751,85.6778,450,150,0
2026-04-22 17:15:00,85.6925,85.9818,85.6655,85.7582,447,150,0
2026-04-22 17:30:00,85.7607,85.9961,85.614,85.9877,446,150,0
2026-04-22 17:45:00,85.9824,86.1182,85.8524,86.1131,450,150,0
2026-04-22 18:00:00,86.1019,86.5107,86.08,86.4348,450,150,0
2026-04-22 18:15:00,86.4494,86.6791,86.374,86.393,448,150,0
2026-04-22 18:30:00,86.3943,86.8156,86.3672,86.715,449,150,0
2026-04-22 18:45:00,86.6927,87.0849,86.44,87.0107,449,150,0
2026-04-22 19:00:00,87.0121,87.0846,86.8257,87.0612,448,150,0
2026-04-22 19:15:00,87.0716,87.2265,86.8552,87.2063,450,150,0
2026-04-22 19:30:00,87.2102,87.4084,87.124,87.29,450,150,0
2026-04-22 19:45:00,87.2891,87.4194,87.1794,87.3288,448,150,0
2026-04-22 20:00:00,87.3232,88.243,87.2916,88.1999,449,150,0
2026-04-22 20:15:00,88.195,88.2132,87.9341,88.0835,447,150,0
2026-04-22 20:30:00,88.0888,88.4937,87.9205,88.2568,449,150,0
2026-04-22 20:45:00,88.2568,88.4454,88.1818,88.273,448,150,0
2026-04-22 21:00:00,88.2734,88.5471,88.2411,88.2732,450,150,0
2026-04-22 21:15:00,88.2944,88.3767,87.6139,87.6924,450,150,0
2026-04-22 21:30:00,87.701,87.8251,87.5792,87.642,450,150,0
2026-04-22 21:45:00,87.627,87.6619,87.3235,87.341,448,150,0
2026-04-22 22:00:00,87.3529,87.5314,87.1778,87.2867,450,150,0
2026-04-22 22:15:00,87.2859,87.3981,87.2043,87.3803,447,150,0
2026-04-22 22:30:00,87.3804,87.4247,87.1033,87.1553,449,150,0
2026-04-22 22:45:00,87.1722,87.33,87.0554,87.1899,449,150,0
2026-04-22 23:00:00,87.2003,87.3069,87.0962,87.0962,450,150,0
2026-04-22 23:15:00,87.0955,87.4356,87.0313,87.359,449,150,0
2026-04-22 23:30:00,87.3592,87.6535,87.3134,87.5249,448,150,0
2026-04-22 23:45:00,87.5306,87.59,87.2505,87.4886,450,150,0
2026-04-23 00:00:00,87.4852,87.5203,87.2444,87.2444,450,150,0
2026-04-23 00:15:00,87.2351,87.3908,87.1493,87.3505,449,150,0
2026-04-23 00:30:00,87.3427,87.6896,87.2521,87.6838,449,150,0
2026-04-23 00:45:00,87.6639,88.0146,87.5417,87.9743,449,150,0
2026-04-23 01:00:00,87.9604,88.0477,87.776,87.8164,447,150,0
2026-04-23 01:15:00,87.8236,87.9836,87.7217,87.8786,449,150,0
2026-04-23 01:30:00,87.901,87.93,87.6891,87.7374,450,150,0
2026-04-23 01:45:00,87.721,88.3153,87.6712,88.3153,448,150,0
2026-04-23 02:00:00,88.3282,88.7526,88.3207,88.4481,448,150,0
2026-04-23 02:15:00,88.4436,88.467,88.0885,88.3665,450,150,0
2026-04-23 02:30:00,88.3617,88.3889,88.0473,88.1145,449,150,0
2026-04-23 02:45:00,88.1073,88.2619,88.0522,88.2258,446,150,0
2026-04-23 03:00:00,88.2227,88.4948,88.1327,88.4708,446,150,0
2026-04-23 03:15:00,88.4795,88.5785,88.206,88.2312,450,150,0
2026-04-23 03:30:00,88.25,88.4901,88.2315,88.3764,446,150,0
2026-04-23 03:45:00,88.3672,88.6688,88.3026,88.5979,447,150,0
2026-04-23 04:00:00,88.5864,88.6284,87.9456,88.0632,449,150,0
2026-04-23 04:15:00,88.0627,88.0675,87.9008,88.0593,448,150,0
2026-04-23 04:30:00,88.0526,88.079,87.7758,87.8908,447,150,0
2026-04-23 04:45:00,87.8923,88.0079,87.7448,87.7637,448,150,0
2026-04-23 05:00:00,87.7604,87.8845,87.4999,87.6136,450,150,0
2026-04-23 05:15:00,87.6314,87.9942,87.5608,87.9733,449,150,0
2026-04-23 05:30:00,87.9757,87.9795,87.6275,87.7457,446,150,0
2026-04-23 05:45:00,87.7488,88.0352,87.7367,87.8462,448,150,0
2026-04-23 06:00:00,87.8517,88.3479,87.796,88.2961,450,150,0
2026-04-23 06:15:00,88.2989,88.6336,88.0975,88.5551,449,150,0
2026-04-23 06:30:00,88.5535,88.6362,88.3362,88.521,447,150,0
2026-04-23 06:45:00,88.4984,88.5953,88.1859,88.2813,449,150,0
2026-04-23 07:00:00,88.2869,88.2869,87.9272,87.9477,448,150,0
2026-04-23 07:15:00,87.9492,88.1411,87.8291,88.1217,449,150,0
2026-04-23 07:30:00,88.1214,88.2143,87.9393,88.0144,448,150,0
2026-04-23 07:45:00,88.0304,88.1458,87.9219,88.0417,448,150,0
2026-04-23 08:00:00,88.046,88.1941,87.8787,88.1941,449,150,0
2026-04-23 08:15:00,88.175,88.6892,88.175,88.6802,450,150,0
2026-04-23 08:30:00,88.7079,88.9925,88.6113,88.9809,449,150,0
2026-04-23 08:45:00,88.9734,89.0763,88.7359,88.7633,449,150,0
2026-04-23 09:00:00,88.7608,88.8542,88.3086,88.4103,449,150,0
2026-04-23 09:15:00,88.4135,88.7884,88.3991,88.6226,448,150,0
2026-04-23 09:30:00,88.6223,89.1033,88.5738,88.9812,448,150,0
2026-04-23 09:45:00,88.9628,89.1821,88.7746,88.9426,449,150,0
2026-04-23 10:00:00,88.9475,89.0831,88.7922,88.8543,448,150,0
2026-04-23 10:15:00,88.857,88.9723,88.6805,88.7776,447,150,0
2026-04-23 10:30:00,88.7609,88.9985,88.5663,88.9624,449,150,0
2026-04-23 10:45:00,88.96,89.0706,88.7361,88.8439,447,150,0
2026-04-23 11:00:00,88.847,88.9712,88.7265,88.868,446,150,0
2026-04-23 11:15:00,88.8622,88.9048,88.4858,88.6844,446,150,0
2026-04-23 11:30:00,88.6784,89.3059,88.6784,89.244,449,150,0
2026-04-23 11:45:00,89.2355,89.4865,89.1617,89.2799,450,150,0
2026-04-23 12:00:00,89.2769,89.2854,88.7558,88.7606,450,150,0
2026-04-23 12:15:00,88.7503,89.2258,88.7063,89.2149,449,150,0
2026-04-23 12:30:00,89.2115,89.4574,89.1455,89.3445,446,150,0
2026-04-23 12:45:00,89.348,89.3672,89.0982,89.2413,448,150,0
2026-04-23 13:00:00,89.2401,89.3619,89.1805,89.3375,449,150,0
2026-04-23 13:15:00,89.3512,89.4647,89.0645,89.4647,450,150,0
2026-04-23 13:30:00,89.4456,89.6169,89.4159,89.4905,448,150,0
2026-04-23 13:45:00,89.4931,89.6466,89.3372,89.482,446,150,0
2026-04-23 14:00:00,89.4815,89.6001,89.3771,89.5301,448,150,0
2026-04-23 14:15:00,89.5315,89.69,89.2677,89.3156,450,150,0
2026-04-23 14:30:00,89.3119,89.619,89.1957,89.4625,450,150,0
2026-04-23 14:45:00,89.4594,89.9084,89.4247,89.7848,448,150,0
2026-04-23 15:00:00,89.7827,89.9603,89.7116,89.9566,449,150,0
2026-04-23 15:15:00,89.9468,90.2404,89.8268,90.1458,447,150,0
2026-04-23 15:30:00,90.1513,90.3481,90.0327,90.0768,449,150,0
2026-04-23 15:45:00,90.0688,90.3625,90.029,90.1523,448,150,0
2026-04-23 16:00:00,90.1394,90.4202,90.048,90.0581,450,150,0
2026-04-23 16:15:00,90.0587,90.4559,90.0587,90.3653,449,150,0
2026-04-23 16:30:00,90.3525,90.6896,90.3162,90.5908,447,150,0
2026-04-23 16:45:00,90.587,90.6463,90.2151,90.3018,449,150,0
2026-04-23 17:00:00,90.3014,90.5749,90.2715,90.438,449,150,0
2026-04-23 17:15:00,90.434,90.8774,90.3958,90.6725,447,150,0
2026-04-23 17:30:00,90.6918,90.8408,90.6245,90.6565,449,150,0
2026-04-23 17:45:00,90.6422,90.7214,90.4302,90.5825,449,150,0
2026-04-23 18:00:00,90.6115,90.7864,90.4273,90.7864,449,150,0
2026-04-23 18:15:00,90.7879,90.8685,90.5894,90.8685,450,150,0
2026-04-23 18:30:00,90.8577,91.012,90.5569,90.9723,450,150,0
2026-04-23 18:45:00,90.9594,91.08,90.7653,90.7924,450,150,0
2026-04-23 19:00:00,90.8034,91.1917,90.6796,90.9706,450,150,0
2026-04-23 19:15:00,90.9672,91.1394,90.88,91.0851,448,150,0
2026-04-23 19:30:00,91.0916,91.2776,91.0267,91.1476,449,150,0
2026-04-23 19:45:00,91.1303,91.1787,90.9591,91.1109,449,150,0
2026-04-23 20:00:00,91.1233,91.142,90.5909,90.8126,446,150,0
2026-04-23 20:15:00,90.7998,90.8724,90.618,90.7082,449,150,0
2026-04-23 20:30:00,90.7116,91.028,90.5322,90.6227,449,150,0
2026-04-23 20:45:00,90.6243,90.8256,90.5834,90.6093,450,150,0
2026-04-23 21:00:00,90.5972,90.8353,90.5878,90.717,450,150,0
2026-04-23 21:15:00,90.688,90.7699,90.5541,90.7677,448,150,0
2026-04-23 21:30:00,90.7498,91.0059,90.7038,90.9053,448,150,0
2026-04-23 21:45:00,90.9105,91.4225,90.6805,91.3908,447,150,0
2026-04-23 22:00:00,91.3743,91.4362,91.2229,91.2532,449,150,0
2026-04-23 22:15:00,91.252,91.3112,90.8795,91.0763,448,150,0
2026-04-23 22:30:00,91.0714,91.2366,90.8996,90.8996,449,150,0
2026-04-23 22:45:00,90.9,91.1932,90.8766,91.0755,448,150,0
2026-04-23 23:00:00,91.0849,91.1904,90.953,91.0763,449,150,0
2026-04-23 23:15:00,91.0745,91.4177,91.0745,91.4035,447,150,0
2026-04-23 23:30:00,91.4048,91.457,91.1862,91.2014,449,150,0
2026-04-23 23:45:00,91.2113,91.4079,91.1778,91.2853,450,150,0
2026-04-24 00:00:00,91.2783,91.5056,91.165,91.5044,447,150,0
2026-04-24 00:15:00,91.5056,92.0092,91.3821,91.9992,448,150,0
2026-04-24 00:30:00,91.9992,92.2957,91.9087,92.2913,447,150,0
2026-04-24 00:45:00,92.287,92.4743,92.0996,92.0996,449,150,0
2026-04-24 01:00:00,92.1105,92.2526,91.9508,92.0198,448,150,0
2026-04-24 01:15:00,92.0123,92.1065,91.8222,91.8853,450,150,0
2026-04-24 01:30:00,91.8664,92.1587,91.6812,91.698,449,150,0
2026-04-24 01:45:00,91.6897,91.9239,91.5578,91.8489,449,150,0
2026-04-24 02:00:00,91.8471,92.0925,91.742,91.9799,446,150,0
2026-04-24 02:15:00,91.9827,92.3871,91.9153,92.1945,448,150,0
2026-04-24 02:30:00,92.1948,92.3605,91.9765,91.9877,447,150,0
2026-04-24 02:45:00,91.9963,92.0893,91.7899,91.8397,447,150,0
2026-04-24 03:00:00,91.8387,91.9633,91.733,91.7763,446,150,0
2026-04-24 03:15:00,91.7842,92.1597,91.6363,92.1575,448,150,0
2026-04-24 03:30:00,92.1566,92.3847,91.9015,92.3751,448,150,0
2026-04-24 03:45:00,92.387,92.7295,92.3039,92.6962,450,150,0
2026-04-24 04:00:00,92.7165,92.919,92.4825,92.6546,450,150,0
2026-04-24 04:15:00,92.6422,92.6658,92.2681,92.3327,449,150,0
2026-04-24 04:30:00,92.3461,92.6685,92.2126,92.6457,448,150,0
2026-04-24 04:45:00,92.6592,93.002,92.6519,92.767,449,150,0
2026-04-24 05:00:00,92.7849,92.9948,92.6362,92.9445,448,150,0
2026-04-24 05:15:00,92.9599,93.0508,92.6728,92.9622,448,150,0
2026-04-24 05:30:00,92.972,92.9929,92.595,92.6201,450,150,0
2026-04-24 05:45:00,92.6273,92.6288,92.3431,92.6012,448,150,0
2026-04-24 06:00:00,92.6084,92.7856,92.4225,92.5076,448,150,0
2026-04-24 06:15:00,92.5011,92.5494,91.8452,91.9881,449,150,0
2026-04-24 06:30:00,91.9714,92.1403,91.824,91.915,449,150,0
2026-04-24 06:45:00,91.932,91.9436,91.6517,91.6562,450,150,0
2026-04-24 07:00:00,91.6552,91.6672,91.1691,91.1691,448,150,0
2026-04-24 07:15:00,91.203,91.275,90.8599,90.8688,450,150,0
2026-04-24 07:30:00,90.8602,90.9276,90.6746,90.7763,450,150,0
2026-04-24 07:45:00,90.7756,91.0311,90.7164,90.8455,448,150,0
2026-04-24 08:00:00,90.841,90.9792,90.6234,90.8661,450,150,0
2026-04-24 08:15:00,90.8795,90.9842,90.5741,90.7526,449,150,0
2026-04-24 08:30:00,90.746,91.0577,90.6824,90.8741,449,150,0
2026-04-24 08:45:00,90.8707,91.2354,90.8622,91.0623,449,150,0
2026-04-24 09:00:00,91.0468,91.0468,90.5504,90.9978,450,150,0
2026-04-24 09:15:00,91.0166,91.0166,90.6602,90.6815,450,150,0
2026-04-24 09:30:00,90.6972,91.0835,90.548,91.0192,450,150,0
2026-04-24 09:45:00,91.0424,91.3377,91.0136,91.2233,449,150,0
2026-04-24 10:00:00,91.2438,91.3299,90.9149,91.0311,449,150,0
2026-04-24 10:15:00,91.0168,91.181,90.6019,90.7288,450,150,0
2026-04-24 10:30:00,90.7252,91.1013,90.6561,91.0113,450,150,0
2026-04-24 10:45:00,91.0252,91.0334,90.7578,90.7578,450,150,0
2026-04-24 11:00:00,90.7373,90.842,90.3942,90.5008,448,150,0
2026-04-24 11:15:00,90.4909,90.9143,90.4838,90.8662,447,150,0
2026-04-24 11:30:00,90.8652,90.9271,90.724,90.73,447,150,0
2026-04-24 11:45:00,90.7373,90.9088,90.6512,90.7949,449,150,0
2026-04-24 12:00:00,90.7993,90.9336,90.4698,90.4721,449,150,0
2026-04-24 12:15:00,90.4552,90.5035,90.0596,90.0596,447,150,0
2026-04-24 12:30:00,90.0556,90.232,89.9958,90.2104,449,150,0
2026-04-24 12:45:00,90.2105,90.267,89.987,90.1045,450,150,0
2026-04-24 13:00:00,90.065,90.4338,90.0545,90.3299,448,150,0
2026-04-24 13:15:00,90.3271,90.5456,90.244,90.2698,449,150,0
2026-04-24 13:30:00,90.2831,90.469,90.023,90.023,448,150,0
2026-04-24 13:45:00,90.0382,90.1128,89.5948,89.6587,447,150,0
2026-04-24 14:00:00,89.6673,89.9388,89.5892,89.6177,448,150,0
2026-04-24 14:15:00,89.6351,90.018,89.622,89.8199,449,150,0
2026-04-24 14:30:00,89.8409,90.4186,89.784,90.3779,448,150,0
2026-04-24 14:45:00,90.37,90.8301,90.3454,90.7006,449,150,0
2026-04-24 15:00:00,90.7037,90.8932,90.6012,90.8932,450,150,0
2026-04-24 15:15:00,90.8727,91.056,90.7747,91.0416,450,150,0
2026-04-24 15:30:00,91.0519,91.0519,90.7302,90.7654,449,150,0
2026-04-24 15:45:00,90.7761,90.8716,90.5784,90.8248,448,150,0
2026-04-24 16:00:00,90.8222,91.0321,90.6767,90.7902,450,150,0
2026-04-24 16:15:00,90.7839,91.0807,90.7058,91.0731,448,150,0
2026-04-24 16:30:00,91.0592,91.8777,91.0277,91.8777,449,150,0
2026-04-24 16:45:00,91.8796,91.8796,91.497,91.7297,449,150,0
2026-04-24 17:00:00,91.7254,92.3793,91.7194,92.2003,449,150,0
2026-04-24 17:15:00,92.2007,92.5635,92.1336,92.5282,450,150,0
2026-04-24 17:30:00,92.5261,92.5848,92.3075,92.428,450,150,0
2026-04-24 17:45:00,92.4381,92.5937,92.2751,92.3898,448,150,0
2026-04-24 18:00:00,92.382,92.3951,91.9085,92.2453,449,150,0
2026-04-24 18:15:00,92.251,92.678,92.1701,92.5634,448,150,0
2026-04-24 18:30:00,92.5365,92.763,92.486,92.677,450,150,0
2026-04-24 18:45:00,92.6789,93.2175,92.5941,93.0438,450,150,0
2026-04-24 19:00:00,93.0417,93.084,92.7292,93.0737,450,150,0
2026-04-24 19:15:00,93.0858,93.3021,92.9857,92.9907,448,150,0
2026-04-24 19:30:00,92.9922,93.1752,92.8916,93.1514,450,150,0
2026-04-24 19:45:00,93.1453,93.1765,92.6522,92.7342,449,150,0
2026-04-24 20:00:00,92.75,92.9859,92.7098,92.8995,449,150,0
2026-04-24 20:15:00,92.9138,92.9138,92.6732,92.8362,448,150,0
2026-04-24 20:30:00,92.8263,92.9324,92.6763,92.8485,448,150,0
2026-04-24 20:45:00,92.8489,93.0319,92.7701,92.9212,447,150,0
2026-04-24 21:00:00,92.9379,92.9385,92.4415,92.5118,447,150,0
2026-04-24 21:15:00,92.5124,92.7462,92.1812,92.7382,447,150,0
2026-04-24 21:30:00,92.7279,92.8472,92.6348,92.801,449,150,0
2026-04-24 21:45:00,92.8058,92.959,92.6309,92.8236,450,150,0
2026-04-24 22:00:00,92.8249,93.0084,92.7492,92.82,450,150,0
2026-04-24 22:15:00,92.8366,92.985,92.7242,92.8795,449,150,0
2026-04-24 22:30:00,92.8851,93.1314,92.8764,93.0201,448,150,0
2026-04-24 22:45:00,93.032,93.1754,92.8998,93.1593,449,150,0
2026-04-24 23:00:00,93.1873,93.9679,93.1825,93.9257,449,150,0
2026-04-24 23:15:00,93.9173,94.0829,93.7013,93.9143,447,150,0
2026-04-24 23:30:00,93.9123,93.9594,93.6738,93.6738,449,150,0
2026-04-24 23:45:00,93.6625,93.7703,93.4519,93.6932,450,150,0
2026-04-25 00:00:00,93.6891,94.0009,93.5503,93.9647,448,150,0
2026-04-25 00:15:00,93.9708,94.058,93.7913,93.9947,448,150,0
2026-04-25 00:30:00,94.0048,94.3305,93.9612,94.1657,450,150,0
2026-04-25 00:45:00,94.1684,94.1858,93.4965,93.5817,448,150,0
2026-04-25 01:00:00,93.5963,93.8637,93.5314,93.8112,449,150,0
2026-04-25 01:15:00,93.8056,93.8503,93.4081,93.4081,450,150,0
2026-04-25 01:30:00,93.4153,93.5933,93.2055,93.2393,446,150,0
2026-04-25 01:45:00,93.2267,93.3689,93.1628,93.174,448,150,0
2026-04-25 02:00:00,93.1698,93.1956,92.817,92.9081,450,150,0
2026-04-25 02:15:00,92.9096,93.1288,92.9078,93.0751,447,150,0
2026-04-25 02:30:00,93.0811,93.3189,93.025,93.3136,448,150,0
2026-04-25 02:45:00,93.3065,93.4931,93.1669,93.4769,449,150,0
2026-04-25 03:00:00,93.4783,94.0058,93.4783,93.9228,448,150,0
2026-04-25 03:15:00,93.9057,94.052,93.6405,93.8628,450,150,0
2026-04-25 03:30:00,93.8692,94.4151,93.8545,94.4073,449,150,0
2026-04-25 03:45:00,94.419,94.7419,94.3448,94.6561,450,150,0
2026-04-25 04:00:00,94.6672,94.8282,94.5262,94.6145,448,150,0
2026-04-25 04:15:00,94.6176,94.6365,94.2603,94.4654,448,150,0
2026-04-25 04:30:00,94.4764,94.6281,94.3119,94.4066,446,150,0
2026-04-25 04:45:00,94.4096,94.482,94.1658,94.424,449,150,0
2026-04-25 05:00:00,94.4228,94.4749,94.2174,94.2571,448,150,0
2026-04-25 05:15:00,94.2511,94.7909,94.1942,94.7207,448,150,0
2026-04-25 05:30:00,94.725,94.7706,94.4261,94.4702,450,150,0
2026-04-25 05:45:00,94.4564,94.5029,93.9026,93.9474,449,150,0
2026-04-25 06:00:00,93.9447,93.9484,93.6947,93.8614,448,150,0
2026-04-25 06:15:00,93.8397,93.9627,93.5712,93.8008,448,150,0
2026-04-25 06:30:00,93.7997,93.836,93.3262,93.4213,449,150,0
2026-04-25 06:45:00,93.4363,93.4734,93.1225,93.1762,450,150,0
2026-04-25 07:00:00,93.1844,93.3563,93.1177,93.195,448,150,0
2026-04-25 07:15:00,93.2028,93.2028,92.7276,93.0084,448,150,0
2026-04-25 07:30:00,93.0162,93.0971,92.8469,92.8772,448,150,0
2026-04-25 07:45:00,92.8565,92.97,92.5461,92.7334,450,150,0
2026-04-25 08:00:00,92.7281,92.7565,92.294,92.537,449,150,0
2026-04-25 08:15:00,92.5248,92.7046,92.4442,92.474,448,150,0
2026-04-25 08:30:00,92.4814,92.5528,92.3494,92.3822,450,150,0
2026-04-25 08:45:00,92.3863,92.6286,92.2299,92.5828,449,150,0
2026-04-25 09:00:00,92.5746,92.8861,92.4789,92.8616,448,150,0
2026-04-25 09:15:00,92.8581,92.9752,92.6718,92.7797,448,150,0
2026-04-25 09:30:00,92.758,92.8206,92.4328,92.6147,448,150,0
2026-04-25 09:45:00,92.6054,92.649,92.3308,92.3816,449,150,0
2026-04-25 10:00:00,92.3554,92.6859,92.3514,92.3669,446,150,0
2026-04-25 10:15:00,92.3589,92.5367,92.2372,92.3913,450,150,0
2026-04-25 10:30:00,92.4008,92.6606,92.3739,92.6307,449,150,0
2026-04-25 10:45:00,92.6122,92.9591,92.57,92.8067,448,150,0
2026-04-25 11:00:00,92.8045,92.9795,92.6775,92.7918,450,150,0
2026-04-25 11:15:00,92.7942,92.8321,92.3792,92.4515,449,150,0
2026-04-25 11:30:00,92.4514,92.5586,92.2913,92.3258,448,150,0
2026-04-25 11:45:00,92.3241,92.6805,92.2334,92.6733,449,150,0
2026-04-25 12:00:00,92.6757,92.7025,92.478,92.5928,450,150,0
2026-04-25 12:15:00,92.6017,92.969,92.5431,92.8608,449,150,0
2026-04-25 12:30:00,92.8597,92.932,92.539,92.6991,449,150,0
2026-04-25 12:45:00,92.6928,92.7008,92.2578,92.4036,447,150,0
2026-04-25 13:00:00,92.4266,92.761,92.2876,92.7166,448,150,0
2026-04-25 13:15:00,92.702,92.9413,92.6408,92.8907,450,150,0
2026-04-25 13:30:00,92.89,93.0137,92.6275,92.8875,449,150,0
2026-04-25 13:45:00,92.8861,92.8861,92.481,92.6369,449,150,0
2026-04-25 14:00:00,92.6239,92.9709,92.5382,92.655,449,150,0
2026-04-25 14:15:00,92.6554,92.9401,92.5703,92.8646,449,150,0
2026-04-25 14:30:00,92.8511,92.8686,92.6204,92.6797,449,150,0
2026-04-25 14:45:00,92.6753,93.3594,92.6455,93.3578,449,150,0
2026-04-25 15:00:00,93.3659,93.6266,93.2402,93.3363,450,150,0
2026-04-25 15:15:00,93.3272,93.4508,93.136,93.2801,449,150,0
2026-04-25 15:30:00,93.2899,93.4555,93.0702,93.2078,447,150,0
2026-04-25 15:45:00,93.2072,93.2072,92.9099,93.0984,449,150,0
2026-04-25 16:00:00,93.1152,93.1551,92.8392,92.882,446,150,0
2026-04-25 16:15:00,92.9178,92.9968,92.4432,92.8261,448,150,0
2026-04-25 16:30:00,92.7994,92.9034,92.6305,92.8025,449,150,0
2026-04-25 16:45:00,92.7949,92.9902,92.715,92.8601,450,150,0
2026-04-25 17:00:00,92.8591,93.3673,92.8172,93.3452,448,150,0
2026-04-25 17:15:00,93.3356,93.4735,93.245,93.3336,448,150,0
2026-04-25 17:30:00,93.3419,93.5397,93.1799,93.434,450,150,0
2026-04-25 17:45:00,93.4282,93.711,93.3027,93.397,450,150,0
2026-04-25 18:00:00,93.3756,93.5766,93.2415,93.2966,448,150,0
2026-04-25 18:15:00,93.2905,93.3294,93.1079,93.1991,446,150,0
2026-04-25 18:30:00,93.2185,93.5306,93.0901,93.3888,448,150,0
2026-04-25 18:45:00,93.3844,93.563,93.2798,93.4434,448,150,0
2026-04-25 19:00:00,93.4471,93.4879,93.1171,93.1992,447,150,0
2026-04-25 19:15:00,93.1739,93.2596,92.8151,92.9505,448,150,0
2026-04-25 19:30:00,92.952,93.2426,92.9508,93.1899,450,150,0
2026-04-25 19:45:00,93.2001,93.2875,92.7948,92.808,445,150,0
2026-04-25 20:00:00,92.8354,92.9762,92.6357,92.9467,448,150,0
2026-04-25 20:15:00,92.9354,92.9617,92.6482,92.7114,450,150,0
2026-04-25 20:30:00,92.7291,92.856,92.2835,92.337,447,150,0
2026-04-25 20:45:00,92.3488,92.5773,92.2772,92.3751,450,150,0
2026-04-25 21:00:00,92.3788,92.6107,92.3208,92.5104,450,150,0
2026-04-25 21:15:00,92.5038,92.6724,92.2995,92.3367,450,150,0
2026-04-25 21:30:00,92.3551,92.5262,92.2282,92.3736,450,150,0
2026-04-25 21:45:00,92.3774,92.4997,92.1743,92.4997,449,150,0
2026-04-25 22:00:00,92.491,92.6736,92.3456,92.4688,449,150,0
2026-04-25 22:15:00,92.4853,92.5508,92.1777,92.3178,449,150,0
2026-04-25 22:30:00,92.3348,92.7658,92.3195,92.4157,446,150,0
2026-04-25 22:45:00,92.4166,92.7609,92.1439,92.7378,447,150,0
2026-04-25 23:00:00,92.7217,93.2211,92.7217,93.1501,447,150,0
2026-04-25 23:15:00,93.1491,93.638,93.042,93.5986,450,150,0
2026-04-25 23:30:00,93.6176,93.7263,93.5184,93.6294,448,150,0
2026-04-25 23:45:00,93.6365,93.9659,93.6262,93.908,447,150,0
2026-04-26 00:00:00,93.914,93.9885,93.5962,93.6032,448,150,0
2026-04-26 00:15:00,93.6155,93.7465,93.4517,93.6242,448,150,0
2026-04-26 00:30:00,93.6183,93.6568,93.341,93.3815,450,150,0
2026-04-26 00:45:00,93.3746,93.3987,93.1032,93.1334,449,150,0
2026-04-26 01:00:00,93.1079,93.3028,93.0863,93.1999,450,150,0
2026-04-26 01:15:00,93.2012,93.338,93.1103,93.1967,448,150,0
2026-04-26 01:30:00,93.1903,93.4377,93.058,93.2789,450,150,0
2026-04-26 01:45:00,93.2876,93.4253,92.9919,93.4116,449,150,0
2026-04-26 02:00:00,93.4176,93.6676,93.1842,93.5632,441,150,0
2026-04-26 02:15:00,93.5666,93.5918,93.2846,93.3434,448,150,0
2026-04-26 02:30:00,93.3252,93.4509,93.2493,93.2557,449,150,0
2026-04-26 02:45:00,93.2577,93.2835,92.9546,92.9721,449,150,0
2026-04-26 03:00:00,92.9606,92.9706,92.6924,92.7379,449,150,0
2026-04-26 03:15:00,92.7475,92.9811,92.7154,92.824,450,150,0
2026-04-26 03:30:00,92.8239,93.1672,92.6681,93.1672,449,150,0
2026-04-26 03:45:00,93.1451,93.193,92.4026,92.4215,450,150,0
2026-04-26 04:00:00,92.4275,92.5715,92.294,92.4413,449,150,0
2026-04-26 04:15:00,92.4447,92.9484,92.3981,92.9119,449,150,0
2026-04-26 04:30:00,92.9181,93.1623,92.7748,93.1471,448,150,0
2026-04-26 04:45:00,93.1412,93.4641,93.1123,93.3814,447,150,0
2026-04-26 05:00:00,93.3905,93.492,93.3008,93.408,448,150,0
2026-04-26 05:15:00,93.3973,93.5831,93.1873,93.1907,450,150,0
2026-04-26 05:30:00,93.1923,93.4705,93.0849,93.213,448,150,0
2026-04-26 05:45:00,93.1989,93.3959,93.0606,93.2961,448,150,0
2026-04-26 06:00:00,93.292,93.3224,92.7668,92.8334,449,150,0
2026-04-26 06:15:00,92.8462,93.0512,92.768,92.768,448,150,0
2026-04-26 06:30:00,92.775,92.8804,92.5726,92.6578,450,150,0
2026-04-26 06:45:00,92.6459,92.9768,92.5547,92.9768,447,150,0
2026-04-26 07:00:00,92.9747,93.2305,92.9332,93.2043,446,150,0
2026-04-26 07:15:00,93.2123,93.4315,93.1231,93.4129,450,150,0
2026-04-26 07:30:00,93.4114,93.5856,93.2179,93.2324,448,150,0
2026-04-26 07:45:00,93.2096,93.5365,93.1664,93.5267,447,150,0
2026-04-26 08:00:00,93.5292,93.8183,93.4468,93.7715,447,150,0
2026-04-26 08:15:00,93.7595,94.2921,93.7595,94.1912,450,150,0
2026-04-26 08:30:00,94.1916,94.6338,94.1845,94.5638,449,150,0
2026-04-26 08:45:00,94.5624,94.9152,94.5603,94.7122,450,150,0
2026-04-26 09:00:00,94.7217,94.811,94.5245,94.6868,447,150,0
2026-04-26 09:15:00,94.6889,94.7302,94.4358,94.4458,449,150,0
2026-04-26 09:30:00,94.4482,94.9855,94.3888,94.9267,448,150,0
2026-04-26 09:45:00,94.9364,95.197,94.8655,94.9011,450,150,0
2026-04-26 10:00:00,94.8881,95.126,94.8137,94.9266,448,150,0
2026-04-26 10:15:00,94.921,94.9825,94.6255,94.7535,449,150,0
2026-04-26 10:30:00,94.7562,95.0112,94.6984,94.9961,450,150,0
2026-04-26 10:45:00,94.9873,95.3175,94.819,95.178,448,150,0
2026-04-26 11:00:00,95.1818,95.3529,95.0961,95.1224,450,150,0
2026-04-26 11:15:00,95.1476,95.3423,95.0801,95.198,449,150,0
2026-04-26 11:30:00,95.1755,95.291,94.9501,95.1002,446,150,0
2026-04-26 11:45:00,95.108,95.1977,94.9011,94.9974,447,150,0
2026-04-26 12:00:00,94.9857,95.1377,94.6972,94.6972,448,150,0
2026-04-26 12:15:00,94.6982,94.9049,94.3307,94.3307,449,150,0
2026-04-26 12:30:00,94.3391,94.3391,93.5691,93.5985,448,150,0
2026-04-26 12:45:00,93.5941,94.227,93.539,94.2053,449,150,0
2026-04-26 13:00:00,94.2282,94.3388,94.0762,94.125,443,150,0
2026-04-26 13:15:00,94.1071,94.5163,93.9929,94.4788,448,150,0
2026-04-26 13:30:00,94.4915,94.5769,94.2772,94.3064,445,150,0
2026-04-26 13:45:00,94.3249,94.4869,94.2849,94.4445,448,150,0
2026-04-26 14:00:00,94.4355,94.4355,94.1874,94.2969,450,150,0
2026-04-26 14:15:00,94.2919,94.3534,94.0622,94.1437,447,150,0
2026-04-26 14:30:00,94.1444,94.1851,93.7668,93.8366,447,150,0
2026-04-26 14:45:00,93.8267,94.0472,93.638,93.659,450,150,0
2026-04-26 15:00:00,93.6448,93.8892,93.5065,93.5933,448,150,0
2026-04-26 15:15:00,93.59909999999999,93.7405,93.4979,93.6561,449,150,0
2026-04-26 15:30:00,93.6451,93.7752,93.3924,93.6418,447,150,0
2026-04-26 15:45:00,93.6332,93.6445,93.412,93.485,449,150,0
2026-04-26 16:00:00,93.4674,93.9343,93.4229,93.9343,448,150,0
2026-04-26 16:15:00,93.9383,94.2472,93.8776,94.0588,449,150,0
2026-04-26 16:30:00,94.0509,94.272,93.9813,93.9813,450,150,0
2026-04-26 16:45:00,93.9911,94.1975,93.8852,93.9297,449,150,0
2026-04-26 17:00:00,93.9292,94.3351,93.8762,94.2271,450,150,0
2026-04-26 17:15:00,94.2101,94.3741,94.0327,94.0537,449,150,0
2026-04-26 17:30:00,94.0571,94.5114,93.9552,94.1885,449,150,0
2026-04-26 17:45:00,94.2109,94.3379,94.088,94.194,449,150,0
2026-04-26 18:00:00,94.1837,94.3324,93.9516,94.3138,448,150,0
2026-04-26 18:15:00,94.3063,94.782,94.2175,94.5689,450,150,0
2026-04-26 18:30:00,94.583,94.5892,94.2091,94.285,448,150,0
2026-04-26 18:45:00,94.2834,95.0557,94.2834,94.9535,450,150,0
2026-04-26 19:00:00,94.9311,95.1504,94.875,95.0905,448,150,0
2026-04-26 19:15:00,95.0919,95.3009,94.8137,94.9601,449,150,0
2026-04-26 19:30:00,94.9392,95.1973,94.9049,95.174,446,150,0
2026-04-26 19:45:00,95.1871,95.4999,95.0449,95.0973,449,150,0
2026-04-26 20:00:00,95.0781,95.0923,94.6728,94.9119,450,150,0
2026-04-26 20:15:00,94.9379,95.0634,94.7966,94.8176,449,150,0
2026-04-26 20:30:00,94.8136,94.8338,94.3283,94.4394,450,150,0
2026-04-26 20:45:00,94.4376,94.7727,94.1361,94.6939,449,150,0
2026-04-26 21:00:00,94.706,95.1121,94.681,94.8119,447,150,0
2026-04-26 21:15:00,94.7896,94.8787,94.6592,94.8213,447,150,0
2026-04-26 21:30:00,94.8341,95.1854,94.8341,94.9501,449,150,0
2026-04-26 21:45:00,94.9566,94.9769,94.6647,94.689,449,150,0
2026-04-26 22:00:00,94.692,94.8061,94.4065,94.601,448,150,0
2026-04-26 22:15:00,94.5875,94.604,94.2336,94.3008,450,150,0
2026-04-26 22:30:00,94.3012,94.3487,94.0663,94.0981,448,150,0
2026-04-26 22:45:00,94.0933,94.1741,93.9721,94.1071,446,150,0
2026-04-26 23:00:00,94.1014,94.2194,93.8916,93.9833,449,150,0
2026-04-26 23:15:00,93.985,94.0432,93.6602,93.926,448,150,0
2026-04-26 23:30:00,93.9311,94.3873,93.9162,94.2674,449,150,0
2026-04-26 23:45:00,94.2803,94.6881,94.2248,94.6579,450,150,0
2026-04-27 00:00:00,94.6632,94.6963,94.229,94.248,450,150,0
2026-04-27 00:15:00,94.2381,94.734,94.1944,94.734,450,150,0
2026-04-27 00:30:00,94.7499,94.761,94.4291,94.6057,449,150,0
2026-04-27 00:45:00,94.6233,94.6564,94.1164,94.1558,449,150,0
2026-04-27 01:00:00,94.1716,94.5899,94.1046,94.429,449,150,0
2026-04-27 01:15:00,94.4152,94.6081,94.3031,94.601,449,150,0
2026-04-27 01:30:00,94.5936,94.817,94.5045,94.5596,447,150,0
2026-04-27 01:45:00,94.5657,94.8669,94.4057,94.6513,447,150,0
2026-04-27 02:00:00,94.6471,95.0204,94.6378,95.0204,448,150,0
2026-04-27 02:15:00,95.0225,95.1246,94.8239,94.8764,450,150,0
2026-04-27 02:30:00,94.8869,95.091,94.8292,95.0148,446,150,0
2026-04-27 02:45:00,95.0142,95.4532,94.8899,95.2948,450,150,0
2026-04-27 03:00:00,95.2977,95.3842,94.9944,95.0827,446,150,0
2026-04-27 03:15:00,95.0837,95.2374,94.7787,95.0842,447,150,0
2026-04-27 03:30:00,95.0821,95.2693,95.002,95.2656,450,150,0
2026-04-27 03:45:00,95.2632,95.6054,95.199,95.5603,450,150,0
2026-04-27 04:00:00,95.5613,95.7896,95.4908,95.5841,449,150,0
2026-04-27 04:15:00,95.5625,95.8601,95.5249,95.858,449,150,0
2026-04-27 04:30:00,95.8471,95.9589,95.5411,95.8831,447,150,0
2026-04-27 04:45:00,95.8944,96.192,95.8851,96.192,449,150,0
2026-04-27 05:00:00,96.1814,96.3152,95.8558,96.1343,449,150,0
2026-04-27 05:15:00,96.1495,96.5377,96.1495,96.1862,449,150,0
2026-04-27 05:30:00,96.1973,96.2306,95.4065,95.4565,449,150,0
2026-04-27 05:45:00,95.4628,95.5102,95.0765,95.1076,445,160,0
2026-04-27 06:00:00,95.1228,95.1335,94.5762,94.648,446,160,0
2026-04-27 06:15:00,94.6382,94.7077,94.1896,94.2373,450,160,0
2026-04-27 06:30:00,94.247,94.6305,94.2285,94.5779,450,160,0
2026-04-27 06:45:00,94.5898,94.9075,94.5898,94.8062,447,160,0
2026-04-27 07:00:00,94.8081,94.9566,94.7255,94.9566,445,160,0
2026-04-27 07:15:00,94.9523,95.3918,94.8436,95.3422,447,160,0
2026-04-27 07:30:00,95.3338,95.545,95.309,95.545,449,160,0
2026-04-27 07:45:00,95.5681,96.0369,95.4782,95.9819,450,160,0
2026-04-27 08:00:00,95.9871,96.0032,95.5402,95.6322,450,160,0
2026-04-27 08:15:00,95.6337,96.118,95.6337,95.9324,450,160,0
2026-04-27 08:30:00,95.9399,96.4294,95.892,96.4185,448,160,0
2026-04-27 08:45:00,96.3988,96.8469,96.3964,96.5389,448,160,0
2026-04-27 09:00:00,96.5424,96.6145,96.2736,96.3174,448,160,0
2026-04-27 09:15:00,96.3141,96.5407,96.3038,96.4697,449,160,0
2026-04-27 09:30:00,96.4623,96.7977,96.3214,96.7546,448,160,0
2026-04-27 09:45:00,96.7575,97.2653,96.7575,97.2653,449,160,0
2026-04-27 10:00:00,97.2549,97.292,96.8398,97.0158,450,160,0
2026-04-27 10:15:00,97.0134,97.0358,96.622,96.6245,449,160,0
2026-04-27 10:30:00,96.6284,96.7688,96.4664,96.7205,449,160,0
2026-04-27 10:45:00,96.7201,97.024,96.7201,96.9461,449,160,0
2026-04-27 11:00:00,96.9539,96.9542,96.5185,96.5791,445,160,0
2026-04-27 11:15:00,96.5907,96.5907,96.1017,96.1645,450,160,0
2026-04-27 11:30:00,96.1713,96.2315,95.7909,95.9084,450,160,0
2026-04-27 11:45:00,95.9063,96.1926,95.8466,96.0591,446,160,0
2026-04-27 12:00:00,96.0659,96.3899,95.9625,96.382,449,160,0
2026-04-27 12:15:00,96.395,96.687,96.2515,96.2799,450,160,0
2026-04-27 12:30:00,96.2683,96.6572,96.2311,96.5431,450,160,0
2026-04-27 12:45:00,96.5668,96.8095,96.3138,96.4633,450,160,0
2026-04-27 13:00:00,96.454,96.5457,96.1233,96.1249,447,160,0
2026-04-27 13:15:00,96.1361,96.3453,96.081,96.3159,449,160,0
2026-04-27 13:30:00,96.3166,96.3547,95.9632,96.0621,446,160,0
2026-04-27 13:45:00,96.0797,96.2389,95.9726,96.0189,447,160,0
2026-04-27 14:00:00,96.0125,96.0154,95.5485,95.5982,447,160,0
2026-04-27 14:15:00,95.6046,96.0302,95.5485,95.9624,448,160,0
2026-04-27 14:30:00,95.9612,95.9799,95.4267,95.4368,444,160,0
2026-04-27 14:45:00,95.4355,95.799,95.3914,95.7926,447,160,0
2026-04-27 15:00:00,95.8026,96.0767,95.6643,95.6712,449,160,0
2026-04-27 15:15:00,95.6694,95.8566,95.531,95.772,450,160,0
2026-04-27 15:30:00,95.7677,95.8054,95.2773,95.3893,449,160,0
2026-04-27 15:45:00,95.3918,95.5419,95.1221,95.5264,446,160,0
2026-04-27 16:00:00,95.5176,95.8439,95.5176,95.7632,449,160,0
2026-04-27 16:15:00,95.7606,96.1123,95.6879,96.0496,448,160,0
2026-04-27 16:30:00,96.0497,96.053,95.5385,95.7876,444,160,0
2026-04-27 16:45:00,95.805,96.182,95.7587,95.9378,446,160,0
2026-04-27 17:00:00,95.9427,96.0361,95.6488,95.756,448,160,0
2026-04-27 17:15:00,95.7491,95.8471,95.4337,95.4853,448,160,0
2026-04-27 17:30:00,95.4953,95.7099,95.4181,95.5204,447,160,0
2026-04-27 17:45:00,95.5447,95.5754,95.2789,95.5404,450,160,0
2026-04-27 18:00:00,95.55,95.7293,95.2967,95.4924,449,160,0
2026-04-27 18:15:00,95.4901,96.0831,95.4539,95.9064,449,160,0
2026-04-27 18:30:00,95.9392,96.6617,95.9336,96.5942,450,160,0
2026-04-27 18:45:00,96.582,96.6778,96.2553,96.3307,450,160,0
2026-04-27 19:00:00,96.3361,97.0002,96.2259,96.7277,446,160,0
2026-04-27 19:15:00,96.7202,96.8058,96.3817,96.3864,449,160,0
2026-04-27 19:30:00,96.3584,96.5882,96.2186,96.2671,449,160,0
2026-04-27 19:45:00,96.2646,96.4245,96.072,96.326,447,160,0
2026-04-27 20:00:00,96.3244,96.4222,96.0537,96.4172,449,160,0
2026-04-27 20:15:00,96.4118,96.6391,96.3076,96.5505,449,160,0
2026-04-27 20:30:00,96.5434,96.5434,96.0459,96.0567,447,160,0
2026-04-27 20:45:00,96.0825,96.2509,96.0111,96.0465,448,160,0
2026-04-27 21:00:00,96.0356,96.1861,95.9054,96.0341,449,160,0
2026-04-27 21:15:00,96.0165,96.232,95.8284,96.1451,449,160,0
2026-04-27 21:30:00,96.1517,96.5443,96.0995,96.3229,449,160,0
2026-04-27 21:45:00,96.3205,96.4812,96.1608,96.3317,446,160,0
2026-04-27 22:00:00,96.3513,96.5889,96.2035,96.5344,449,160,0
2026-04-27 22:15:00,96.5244,96.5875,96.2166,96.2166,448,160,0
2026-04-27 22:30:00,96.2198,96.2887,95.9526,96.1032,448,160,0
2026-04-27 22:45:00,96.1054,96.2331,96.0421,96.0741,448,160,0
2026-04-27 23:00:00,96.0754,96.081,95.8392,95.8664,449,160,0
2026-04-27 23:15:00,95.8557,96.8036,95.8352,96.7813,450,160,0
2026-04-27 23:30:00,96.786,96.8182,96.2977,96.2977,450,160,0
2026-04-27 23:45:00,96.3153,96.507,96.1228,96.4736,448,160,0
2026-04-28 00:00:00,96.4704,96.7191,96.4103,96.6239,449,160,0
2026-04-28 00:15:00,96.6256,96.8307,96.4237,96.723,450,160,0
2026-04-28 00:30:00,96.7133,96.7561,96.2216,96.3098,446,160,0
2026-04-28 00:45:00,96.3117,96.7091,96.3025,96.6924,447,160,0
2026-04-28 01:00:00,96.6736,97.0514,96.4731,97.0206,449,160,0
2026-04-28 01:15:00,97.0272,97.1758,96.881,96.9397,446,160,0
2026-04-28 01:30:00,96.9342,97.0212,96.52,96.642,448,160,0
2026-04-28 01:45:00,96.6386,96.7002,96.3467,96.379,449,160,0
2026-04-28 02:00:00,96.3595,96.6036,96.2956,96.4166,445,160,0
2026-04-28 02:15:00,96.3983,96.9194,96.3983,96.5814,449,160,0
2026-04-28 02:30:00,96.6128,96.7219,96.4412,96.71,450,160,0
2026-04-28 02:45:00,96.7193,96.7981,96.54,96.6824,448,160,0
2026-04-28 03:00:00,96.6879,96.8443,96.5536,96.8383,448,160,0
2026-04-28 03:15:00,96.8426,96.9578,96.5426,96.923,449,160,0
2026-04-28 03:30:00,96.9232,96.9707,96.575,96.8043,448,160,0
2026-04-28 03:45:00,96.7844,96.8275,96.2226,96.2551,449,160,0
2026-04-28 04:00:00,96.2597,96.3057,95.9869,96.1337,450,160,0
2026-04-28 04:15:00,96.129,96.606,96.124,96.5926,450,160,0
2026-04-28 04:30:00,96.5912,96.7341,96.3662,96.3778,448,160,0
2026-04-28 04:45:00,96.3719,96.4256,96.2159,96.2816,449,160,0
2026-04-28 05:00:00,96.2679,96.4214,96.023,96.1377,450,160,0
2026-04-28 05:15:00,96.1236,96.1414,95.7735,95.9335,448,160,0
2026-04-28 05:30:00,95.9372,95.9372,95.5096,95.6259,448,160,0
2026-04-28 05:45:00,95.633,95.6908,95.4312,95.6904,449,160,0
2026-04-28 06:00:00,95.6833,95.8619,95.4965,95.561,449,160,0
2026-04-28 06:15:00,95.5565,95.6153,95.4074,95.5362,449,160,0
2026-04-28 06:30:00,95.5239,95.6793,95.3351,95.3776,450,160,0
2026-04-28 06:45:00,95.3777,95.5997,95.1539,95.4604,449,160,0
2026-04-28 07:00:00,95.4689,95.8113,95.4628,95.7828,449,160,0
2026-04-28 07:15:00,95.7912,95.903,95.5501,95.5942,450,160,0
2026-04-28 07:30:00,95.591,95.8109,95.5533,95.7037,450,160,0
2026-04-28 07:45:00,95.716,95.8386,95.5583,95.7898,448,160,0
2026-04-28 08:00:00,95.8035,95.8121,95.1433,95.2432,447,160,0
2026-04-28 08:15:00,95.2176,95.3341,94.909,94.9329,449,160,0
2026-04-28 08:30:00,94.9155,95.2375,94.8696,95.1847,449,160,0
2026-04-28 08:45:00,95.1762,95.2954,95.088,95.1757,449,160,0
2026-04-28 09:00:00,95.1765,95.5847,95.0967,95.4033,450,160,0
2026-04-28 09:15:00,95.402,95.6587,95.3569,95.4387,449,160,0
2026-04-28 09:30:00,95.444,95.8005,95.3445,95.7341,449,160,0
2026-04-28 09:45:00,95.7505,95.8127,95.5663,95.6925,450,160,0
2026-04-28 10:00:00,95.684,95.9652,95.6256,95.7841,448,160,0
2026-04-28 10:15:00,95.7876,96.0367,95.7408,95.7736,448,160,0
2026-04-28 10:30:00,95.7737,95.8068,95.1424,95.1857,449,160,0
2026-04-28 10:45:00,95.175,95.3271,95.0226,95.0226,448,160,0
2026-04-28 11:00:00,95.0318,95.3899,94.9717,95.2793,449,160,0
2026-04-28 11:15:00,95.266,95.3476,94.9386,95.0109,447,160,0
2026-04-28 11:30:00,95.006,95.4691,94.9931,95.4402,447,160,0
2026-04-28 11:45:00,95.4451,95.5736,95.3239,95.5305,445,160,0
2026-04-28 12:00:00,95.529,95.6869,95.4546,95.5321,449,160,0
2026-04-28 12:15:00,95.529,95.7269,95.3917,95.5482,448,160,0
2026-04-28 12:30:00,95.5359,96.1541,95.5359,96.1541,447,160,0
2026-04-28 12:45:00,96.1731,96.4548,96.0603,96.3929,448,160,0
2026-04-28 13:00:00,96.4179,96.5367,95.9961,96.1541,449,160,0
2026-04-28 13:15:00,96.1523,96.3275,96.0083,96.2809,448,160,0
2026-04-28 13:30:00,96.272,96.2777,95.6405,95.7628,447,160,0
2026-04-28 13:45:00,95.7836,95.8582,95.4899,95.6926,447,160,0
2026-04-28 14:00:00,95.6776,95.7084,95.4339,95.6028,449,160,0
2026-04-28 14:15:00,95.612,95.8872,95.612,95.8157,450,160,0
2026-04-28 14:30:00,95.8197,95.921,95.4511,95.4785,450,160,0
2026-04-28 14:45:00,95.4779,95.5971,95.3106,95.4449,447,160,0
2026-04-28 15:00:00,95.4462,95.5674,95.2054,95.3259,447,160,0
2026-04-28 15:15:00,95.3262,95.6595,95.3262,95.5736,449,160,0
2026-04-28 15:30:00,95.5654,95.872,95.4923,95.7595,449,160,0
2026-04-28 15:45:00,95.7761,95.9663,95.6788,95.8024,449,160,0
2026-04-28 16:00:00,95.7851,96.2305,95.7851,96.2007,450,160,0
2026-04-28 16:15:00,96.2039,96.4781,96.1332,96.2236,450,160,0
2026-04-28 16:30:00,96.2004,96.4698,96.1366,96.3634,449,160,0
2026-04-28 16:45:00,96.378,96.5533,96.1802,96.4983,447,160,0
2026-04-28 17:00:00,96.4756,96.5418,96.2086,96.4295,449,160,0
2026-04-28 17:15:00,96.4022,96.5515,96.197,96.4524,449,160,0
2026-04-28 17:30:00,96.4645,96.5338,96.14,96.2882,447,160,0
2026-04-28 17:45:00,96.272,96.2963,95.8768,95.8773,447,160,0
2026-04-28 18:00:00,95.8576,95.8963,95.5233,95.5806,449,160,0
2026-04-28 18:15:00,95.5817,95.7105,95.3369,95.343,450,160,0
2026-04-28 18:30:00,95.3352,95.4587,95.0568,95.1776,448,160,0
2026-04-28 18:45:00,95.178,95.3106,95.0625,95.1188,448,160,0
2026-04-28 19:00:00,95.1197,95.4549,95.0692,95.3525,450,160,0
2026-04-28 19:15:00,95.3507,95.422,95.1235,95.1563,447,160,0
2026-04-28 19:30:00,95.1726,95.3617,95.0618,95.1087,448,160,0
2026-04-28 19:45:00,95.1048,95.5494,95.0907,95.5178,447,160,0
2026-04-28 20:00:00,95.501,95.7372,95.3475,95.6295,450,160,0
2026-04-28 20:15:00,95.643,95.7403,95.4427,95.6639,450,160,0
2026-04-28 20:30:00,95.6837,95.8494,95.5402,95.7665,449,160,0
2026-04-28 20:45:00,95.7745,95.821,95.1807,95.2071,449,160,0
2026-04-28 21:00:00,95.2206,95.5173,95.0814,95.1747,448,160,0
2026-04-28 21:15:00,95.168,95.3245,94.9212,95.1291,449,160,0
2026-04-28 21:30:00,95.1242,95.4997,95.1242,95.3721,450,160,0
2026-04-28 21:45:00,95.3834,95.5928,95.2867,95.479,450,160,0
2026-04-28 22:00:00,95.4812,95.5554,95.248,95.4804,447,160,0
2026-04-28 22:15:00,95.4882,95.7262,95.3977,95.3977,449,160,0
2026-04-28 22:30:00,95.3749,95.6263,95.3749,95.5813,448,160,0
2026-04-28 22:45:00,95.5849,95.6117,95.2496,95.446,449,160,0
2026-04-28 23:00:00,95.4482,95.705,95.3702,95.5742,449,160,0
2026-04-28 23:15:00,95.5558,95.9253,95.5213,95.8028,448,160,0
2026-04-28 23:30:00,95.8087,96.123,95.6747,95.8347,448,160,0
2026-04-28 23:45:00,95.8287,95.917,95.487,95.5818,448,160,0
2026-04-29 00:00:00,95.5552,95.8948,95.5463,95.8124,449,160,0
2026-04-29 00:15:00,95.7939,96.1321,95.782,96.1321,448,160,0
2026-04-29 00:30:00,96.1275,96.4886,96.0725,96.4569,446,160,0
2026-04-29 00:45:00,96.4526,96.6477,96.2515,96.6312,449,160,0
2026-04-29 01:00:00,96.6142,97.0175,96.47,96.8408,449,160,0
2026-04-29 01:15:00,96.854,97.0487,96.7094,96.7178,449,160,0
2026-04-29 01:30:00,96.7169,96.8204,96.4697,96.6654,449,160,0
2026-04-29 01:45:00,96.6499,96.7462,96.4001,96.5823,449,160,0
2026-04-29 02:00:00,96.5793,96.6727,96.3509,96.5593,447,160,0
2026-04-29 02:15:00,96.5633,96.5633,96.2457,96.2856,450,160,0
2026-04-29 02:30:00,96.2884,96.339,96.0639,96.1827,449,160,0
2026-04-29 02:45:00,96.1853,96.2704,96.0329,96.1407,448,160,0
2026-04-29 03:00:00,96.1428,96.6273,96.0921,96.4766,447,160,0
2026-04-29 03:15:00,96.4763,96.6254,96.0955,96.1136,449,160,0
2026-04-29 03:30:00,96.1202,96.832,96.1064,96.6456,447,160,0
2026-04-29 03:45:00,96.6513,96.9338,96.5706,96.6097,449,160,0
2026-04-29 04:00:00,96.6071,97.0221,96.6071,96.9215,448,160,0
2026-04-29 04:15:00,96.918,97.3124,96.7769,97.2054,450,160,0
2026-04-29 04:30:00,97.2239,97.4055,97.0466,97.4055,450,160,0
2026-04-29 04:45:00,97.4066,97.769,97.4066,97.5294,450,160,0
2026-04-29 05:00:00,97.5434,97.5818,97.2196,97.2808,449,160,0
2026-04-29 05:15:00,97.2834,97.3383,97.0444,97.1837,449,160,0
2026-04-29 05:30:00,97.1631,97.5395,97.1291,97.4242,447,160,0
2026-04-29 05:45:00,97.3976,97.5588,97.0103,97.1847,448,160,0
2026-04-29 06:00:00,97.1809,97.2,96.8214,97.0315,448,160,0
2026-04-29 06:15:00,97.0156,97.2867,96.7497,96.9279,448,160,0
2026-04-29 06:30:00,96.9231,97.0452,96.6001,96.6207,446,160,0
2026-04-29 06:45:00,96.5975,96.982,96.5454,96.9558,449,160,0
2026-04-29 07:00:00,96.9517,97.2523,96.7348,97.0752,449,160,0
2026-04-29 07:15:00,97.0868,97.4131,97.0616,97.134,446,160,0
2026-04-29 07:30:00,97.1162,97.2041,96.8878,96.9179,449,160,0
2026-04-29 07:45:00,96.9098,97.3022,96.8994,97.2189,448,160,0
2026-04-29 08:00:00,97.1907,97.3182,96.8062,96.937,450,160,0
2026-04-29 08:15:00,96.9486,97.1429,96.8406,97.004,449,160,0
2026-04-29 08:30:00,97.0015,97.2799,96.9483,97.2376,450,160,0
2026-04-29 08:45:00,97.2385,97.3627,96.9002,97.3397,449,160,0
2026-04-29 09:00:00,97.3319,97.5089,97.1399,97.5089,448,160,0
2026-04-29 09:15:00,97.537,97.664,97.3524,97.6195,448,160,0
2026-04-29 09:30:00,97.6435,97.8048,97.5409,97.7323,449,160,0
2026-04-29 09:45:00,97.7271,97.9289,97.6081,97.9032,450,160,0
2026-04-29 10:00:00,97.9139,97.9937,97.757,97.9813,450,160,0
2026-04-29 10:15:00,97.9736,98.2571,97.8258,98.0803,448,160,0
2026-04-29 10:30:00,98.0563,98.2464,97.5144,97.6924,448,160,0
2026-04-29 10:45:00,97.6926,97.7274,97.3317,97.399,449,160,0
2026-04-29 11:00:00,97.399,97.4599,97.1922,97.288,450,160,0
2026-04-29 11:15:00,97.3047,97.5695,97.2795,97.4162,450,160,0
2026-04-29 11:30:00,97.4155,97.4844,97.1478,97.149,449,160,0
2026-04-29 11:45:00,97.1391,97.2063,96.8199,96.8522,449,160,0
2026-04-29 12:00:00,96.8753,97.0297,96.7758,96.9847,448,160,0
2026-04-29 12:15:00,96.9618,97.0523,96.8017,96.8557,448,160,0
2026-04-29 12:30:00,96.832,97.4172,96.8125,97.2121,447,160,0
2026-04-29 12:45:00,97.2078,97.2757,96.6988,96.7189,450,160,0
2026-04-29 13:00:00,96.7196,96.9841,96.5164,96.9841,450,160,0
2026-04-29 13:15:00,96.9857,97.3079,96.9256,97.2841,447,160,0
2026-04-29 13:30:00,97.2704,97.4895,97.1967,97.4011,447,160,0
2026-04-29 13:45:00,97.4093,97.667,97.0831,97.0831,447,160,0
2026-04-29 14:00:00,97.0785,97.0911,96.6755,96.8617,448,160,0
2026-04-29 14:15:00,96.8632,97.0056,96.7327,96.847,449,160,0
2026-04-29 14:30:00,96.8402,97.2402,96.7504,97.1065,446,160,0
2026-04-29 14:45:00,97.1099,97.1287,96.8189,96.8266,449,160,0
2026-04-29 15:00:00,96.8352,97.363,96.8319,97.3457,448,160,0
2026-04-29 15:15:00,97.3553,97.6406,97.18,97.5255,450,160,0
2026-04-29 15:30:00,97.5292,97.782,97.3217,97.7164,447,160,0
2026-04-29 15:45:00,97.7012,97.9281,97.6348,97.8278,449,160,0
2026-04-29 16:00:00,97.8326,98.0296,97.6216,97.9916,450,160,0
2026-04-29 16:15:00,97.9942,98.4148,97.9822,98.3224,448,160,0
2026-04-29 16:30:00,98.313,98.313,97.9462,98.121,450,160,0
2026-04-29 16:45:00,98.1063,98.1571,97.6808,97.7358,450,160,0
2026-04-29 17:00:00,97.7385,97.9821,97.4881,97.9655,449,160,0
2026-04-29 17:15:00,97.9565,98.0207,97.4808,97.4808,445,160,0
2026-04-29 17:30:00,97.4854,97.6098,97.4286,97.5873,449,160,0
2026-04-29 17:45:00,97.6055,97.8559,97.535,97.788,448,160,0
2026-04-29 18:00:00,97.7799,98.254,97.7659,98.2319,449,160,0
2026-04-29 18:15:00,98.2082,98.4115,98.1176,98.1816,449,160,0
2026-04-29 18:30:00,98.1878,98.2188,97.7065,97.8847,448,160,0
2026-04-29 18:45:00,97.8985,98.3963,97.8985,98.3825,448,160,0
2026-04-29 19:00:00,98.4023,98.5092,98.0986,98.1822,449,160,0
2026-04-29 19:15:00,98.1707,98.6822,98.1707,98.6742,448,160,0
2026-04-29 19:30:00,98.6806,98.7609,98.526,98.659,448,160,0
2026-04-29 19:45:00,98.6648,98.6703,98.0396,98.0495,447,160,0
2026-04-29 20:00:00,98.0452,98.105,97.8009,97.9838,448,160,0
2026-04-29 20:15:00,97.9814,98.5351,97.9461,98.3442,448,160,0
2026-04-29 20:30:00,98.3334,98.6587,98.195,98.6223,450,160,0
2026-04-29 20:45:00,98.6225,98.9192,98.6173,98.8879,449,160,0
2026-04-29 21:00:00,98.9025,99.2651,98.8901,98.9945,447,160,0
2026-04-29 21:15:00,98.9842,99.2683,98.9281,99.1508,449,160,0
2026-04-29 21:30:00,99.1291,99.1964,98.8134,98.8306,449,160,0
2026-04-29 21:45:00,98.8303,98.9839,98.6276,98.7016,449,160,0
2026-04-29 22:00:00,98.6991,98.7761,98.473,98.4955,448,160,0
2026-04-29 22:15:00,98.4857,98.7166,98.4129,98.6351,448,160,0
2026-04-29 22:30:00,98.6224,98.8658,98.542,98.5542,447,160,0
2026-04-29 22:45:00,98.564,98.7624,98.4156,98.4571,449,160,0
2026-04-29 23:00:00,98.4691,98.4813,98.2283,98.3254,449,160,0
2026-04-29 23:15:00,98.3168,98.3478,97.9393,98.0141,448,160,0
2026-04-29 23:30:00,98.0163,98.291,97.93,97.9944,449,160,0
2026-04-29 23:45:00,98.0043,98.0392,97.5664,97.5782,447,160,0
2026-04-30 00:00:00,97.5762,97.7334,97.3914,97.469,447,160,0
2026-04-30 00:15:00,97.4869,97.6343,97.1072,97.1074,450,160,0
2026-04-30 00:30:00,97.1243,97.7065,97.1231,97.7065,449,160,0
2026-04-30 00:45:00,97.7132,97.8399,97.6146,97.6498,448,160,0
2026-04-30 01:00:00,97.6408,98.1196,97.4938,98.1196,447,160,0
2026-04-30 01:15:00,98.1079,98.5277,98.0585,98.5025,447,160,0
2026-04-30 01:30:00,98.4695,98.884,98.3658,98.8814,450,160,0
2026-04-30 01:45:00,98.8686,99.0144,98.6056,98.7251,448,160,0
2026-04-30 02:00:00,98.7209,98.8936,98.4756,98.8936,448,160,0
2026-04-30 02:15:00,98.9151,98.9463,98.643,98.7272,448,160,0
2026-04-30 02:30:00,98.7334,99.1342,98.638,99.0703,449,160,0
2026-04-30 02:45:00,99.0647,99.1541,98.8936,99.0035,449,160,0
2026-04-30 03:00:00,99.0168,99.2854,98.9269,99.1285,447,160,0
2026-04-30 03:15:00,99.1292,99.1828,98.6921,98.7518,448,160,0
2026-04-30 03:30:00,98.752,99.2467,98.7147,99.0349,450,160,0
2026-04-30 03:45:00,99.0373,99.2501,98.4949,98.5205,450,160,0
2026-04-30 04:00:00,98.5258,98.7433,98.4079,98.4838,448,160,0
2026-04-30 04:15:00,98.4799,99.0329,98.3622,98.9935,450,160,0
2026-04-30 04:30:00,98.9715,99.3472,98.9715,99.245,446,160,0
2026-04-30 04:45:00,99.252,99.252,98.98,99.1764,449,160,0
2026-04-30 05:00:00,99.1712,99.4669,99.1493,99.4017,450,160,0
2026-04-30 05:15:00,99.4037,99.5439,99.1579,99.4491,449,160,0
2026-04-30 05:30:00,99.4453,99.6216,99.2711,99.3577,450,160,0
2026-04-30 05:45:00,99.351,99.3851,98.8868,98.9259,450,160,0
2026-04-30 06:00:00,98.9352,99.0047,98.5935,98.6757,449,160,0
2026-04-30 06:15:00,98.6646,98.7952,98.5052,98.5052,448,160,0
2026-04-30 06:30:00,98.5077,98.7409,98.343,98.349,449,160,0
2026-04-30 06:45:00,98.3635,98.8313,98.3539,98.5545,449,160,0
2026-04-30 07:00:00,98.5611,98.8568,98.4048,98.426,448,160,0
2026-04-30 07:15:00,98.4142,98.4353,97.9691,98.1159,447,160,0
2026-04-30 07:30:00,98.1116,98.346,98.0906,98.1103,448,160,0
2026-04-30 07:45:00,98.1127,98.3415,97.9503,98.2092,450,160,0
2026-04-30 08:00:00,98.2072,98.2186,97.9964,98.1081,445,160,0
2026-04-30 08:15:00,98.0941,98.1467,97.7068,97.8409,450,160,0
2026-04-30 08:30:00,97.8438,98.0966,97.7795,97.9933,449,160,0
2026-04-30 08:45:00,97.9944,98.0495,97.6873,98.0115,448,160,0
2026-04-30 09:00:00,98.007,98.0136,97.2053,97.3358,448,160,0
2026-04-30 09:15:00,97.3541,97.5892,97.2033,97.5697,450,160,0
2026-04-30 09:30:00,97.5696,97.7326,97.3157,97.4098,447,160,0
2026-04-30 09:45:00,97.3881,97.6546,97.2311,97.3584,450,160,0
2026-04-30 10:00:00,97.3794,97.653,97.3106,97.5846,447,160,0
2026-04-30 10:15:00,97.5837,97.6606,97.367,97.3742,449,160,0
2026-04-30 10:30:00,97.3807,97.6729,97.2878,97.66,450,160,0
2026-04-30 10:45:00,97.6698,97.8371,97.5032,97.7369,450,160,0
2026-04-30 11:00:00,97.7418,98.0152,97.7045,97.729,450,160,0
2026-04-30 11:15:00,97.7519,97.7751,97.2847,97.3973,446,160,0
2026-04-30 11:30:00,97.3956,97.8648,97.3572,97.7695,449,160,0
2026-04-30 11:45:00,97.7774,97.8973,97.4737,97.7409,447,160,0
2026-04-30 12:00:00,97.7443,98.0108,97.7443,97.8057,449,160,0
2026-04-30 12:15:00,97.8046,97.8464,97.4521,97.4537,450,160,0
2026-04-30 12:30:00,97.4627,97.8492,97.4386,97.7369,450,160,0
2026-04-30 12:45:00,97.7416,97.9772,97.7148,97.8727,450,160,0
2026-04-30 13:00:00,97.8642,97.8963,97.539,97.594,449,160,0
2026-04-30 13:15:00,97.5763,97.5775,97.3314,97.4355,448,160,0
2026-04-30 13:30:00,97.4388,97.4521,97.0281,97.0776,448,160,0
2026-04-30 13:45:00,97.0661,97.1091,96.8155,96.8913,450,160,0
2026-04-30 14:00:00,96.8793,96.9219,96.4885,96.4982,450,160,0
2026-04-30 14:15:00,96.4936,96.765,96.4577,96.6274,448,160,0
2026-04-30 14:30:00,96.6216,96.9012,96.5845,96.716,448,160,0
2026-04-30 14:45:00,96.7115,96.787,96.4195,96.6208,449,160,0
2026-04-30 15:00:00,96.6339,97.137,96.5771,96.7258,450,160,0
2026-04-30 15:15:00,96.712,96.7791,96.3602,96.5405,450,160,0
2026-04-30 15:30:00,96.543,96.7338,96.3901,96.4579,450,160,0
2026-04-30 15:45:00,96.4568,96.6064,96.1943,96.5441,449,160,0
2026-04-30 16:00:00,96.5312,96.5706,96.1089,96.305,448,160,0
2026-04-30 16:15:00,96.2952,96.5209,96.1853,96.3552,450,160,0
2026-04-30 16:30:00,96.3498,96.5132,96.2134,96.496,450,160,0
2026-04-30 16:45:00,96.4979,96.6045,96.2244,96.3364,447,160,0
2026-04-30 17:00:00,96.3349,96.7964,96.3135,96.7539,449,160,0
2026-04-30 17:15:00,96.7617,96.8449,96.5202,96.7506,449,160,0
2026-04-30 17:30:00,96.7399,96.8525,96.4,96.4,448,160,0
2026-04-30 17:45:00,96.4239,96.6024,96.3592,96.5011,447,160,0
2026-04-30 18:00:00,96.5017,96.6434,96.4418,96.5722,449,160,0
2026-04-30 18:15:00,96.5789,96.6036,96.3143,96.4541,447,160,0
2026-04-30 18:30:00,96.439,96.4657,96.0825,96.0912,447,160,0
2026-04-30 18:45:00,96.087,96.5568,95.884,96.322,448,160,0
2026-04-30 19:00:00,96.3008,96.5995,96.2616,96.4367,449,160,0
2026-04-30 19:15:00,96.4426,96.6535,96.365,96.5275,450,160,0
2026-04-30 19:30:00,96.5203,96.7678,96.3686,96.4909,449,160,0
2026-04-30 19:45:00,96.4998,96.6099,96.3686,96.4179,450,160,0
2026-04-30 20:00:00,96.412,96.4936,96.1054,96.1591,448,160,0
2026-04-30 20:15:00,96.1833,96.6005,96.1365,96.5861,450,160,0
2026-04-30 20:30:00,96.5952,96.6924,96.3124,96.6149,450,160,0
2026-04-30 20:45:00,96.6266,96.7744,96.4102,96.6358,449,160,0
2026-04-30 21:00:00,96.619,96.7468,96.1806,96.1806,447,160,0
2026-04-30 21:15:00,96.1677,96.3546,96.138,96.2384,448,160,0
2026-04-30 21:30:00,96.2469,96.3722,96.0894,96.2163,446,160,0
2026-04-30 21:45:00,96.2127,96.5615,96.1803,96.2969,449,160,0
2026-04-30 22:00:00,96.2787,96.3367,95.9122,96.3139,448,160,0
2026-04-30 22:15:00,96.3103,96.4445,96.1529,96.273,448,160,0
2026-04-30 22:30:00,96.2692,96.3432,95.5969,95.6161,450,160,0
2026-04-30 22:45:00,95.6086,95.6234,95.3994,95.4606,450,160,0
2026-04-30 23:00:00,95.4606,96.1613,95.2881,96.0032,450,160,0
2026-04-30 23:15:00,95.9868,96.0145,95.515,95.5827,446,160,0
2026-04-30 23:30:00,95.5864,95.9227,95.5854,95.6837,450,160,0
2026-04-30 23:45:00,95.678,95.6863,95.3847,95.3941,449,160,0
2026-05-01 00:00:00,95.376,95.6363,95.2131,95.4391,449,160,0
2026-05-01 00:15:00,95.4621,95.6803,95.3172,95.3245,449,160,0
2026-05-01 00:30:00,95.3071,95.5754,95.202,95.4307,449,160,0
2026-05-01 00:45:00,95.436,95.5,95.0823,95.1029,449,160,0
2026-05-01 01:00:00,95.0946,95.328,95.0471,95.1719,448,160,0
2026-05-01 01:15:00,95.1782,95.3954,94.752,94.7772,448,160,0
2026-05-01 01:30:00,94.7927,94.8162,94.5798,94.6297,447,160,0
2026-05-01 01:45:00,94.6152,94.843,94.5473,94.7714,450,160,0
2026-05-01 02:00:00,94.7646,94.7823,94.5032,94.6838,448,160,0
2026-05-01 02:15:00,94.6942,94.8311,94.5619,94.815,450,160,0
2026-05-01 02:30:00,94.7999,94.8537,94.5791,94.7013,448,160,0
2026-05-01 02:45:00,94.701,94.701,94.3271,94.4274,448,160,0
2026-05-01 03:00:00,94.4529,94.5505,94.2726,94.3951,450,160,0
2026-05-01 03:15:00,94.3894,94.4789,94.0361,94.1826,448,160,0
2026-05-01 03:30:00,94.1676,94.2255,93.6822,93.8812,448,160,0
2026-05-01 03:45:00,93.8806,93.97409999999999,93.5373,93.9107,449,160,0
2026-05-01 04:00:00,93.9226,94.0869,93.8335,93.8869,448,160,0
2026-05-01 04:15:00,93.881,94.2859,93.8296,94.2683,450,160,0
2026-05-01 04:30:00,94.2684,94.3558,94.1206,94.243,449,160,0
2026-05-01 04:45:00,94.2393,94.5654,94.2136,94.5654,449,160,0
2026-05-01 05:00:00,94.5846,95.0268,94.5116,94.989,449,160,0
2026-05-01 05:15:00,94.9852,95.2382,94.9364,95.0397,449,160,0
2026-05-01 05:30:00,95.0367,95.1694,94.8571,95.1464,448,160,0
2026-05-01 05:45:00,95.155,95.4378,95.1156,95.172,448,160,0
2026-05-01 06:00:00,95.1608,95.4769,95.0405,95.3366,449,160,0
2026-05-01 06:15:00,95.3368,95.4036,95.0497,95.3265,448,160,0
2026-05-01 06:30:00,95.3346,95.4972,95.0598,95.0598,449,160,0
2026-05-01 06:45:00,95.0612,95.2757,94.91,95.112,447,160,0
2026-05-01 07:00:00,95.1171,95.292,95.0745,95.1267,450,160,0
2026-05-01 07:15:00,95.1302,95.2642,94.9802,95.21,448,160,0
2026-05-01 07:30:00,95.1987,95.5538,95.1729,95.3173,450,160,0
2026-05-01 07:45:00,95.3216,95.4295,94.8075,94.8572,447,160,0
2026-05-01 08:00:00,94.8443,95.0489,94.7765,95.0411,447,160,0
2026-05-01 08:15:00,95.0364,95.2135,94.7703,95.1864,446,160,0
2026-05-01 08:30:00,95.1767,95.461,95.1216,95.4088,450,160,0
2026-05-01 08:45:00,95.4081,95.4776,94.979,94.9823,449,160,0
2026-05-01 09:00:00,94.9751,95.0149,94.309,94.434,446,160,0
2026-05-01 09:15:00,94.4385,94.5742,94.3122,94.3637,448,160,0
2026-05-01 09:30:00,94.3568,94.6704,94.2013,94.5723,449,160,0
2026-05-01 09:45:00,94.5733,94.6068,94.2985,94.4131,448,160,0
2026-05-01 10:00:00,94.4124,94.5251,94.2336,94.2537,448,160,0
2026-05-01 10:15:00,94.2439,94.2539,93.9845,94.1778,449,160,0
2026-05-01 10:30:00,94.1653,94.4316,94.159,94.3971,448,160,0
2026-05-01 10:45:00,94.3998,94.5349,94.0436,94.0977,450,160,0
2026-05-01 11:00:00,94.1089,94.2711,93.9977,94.1958,449,160,0
2026-05-01 11:15:00,94.1974,94.2229,93.9435,94.0063,448,160,0
2026-05-01 11:30:00,94.0009,94.2759,93.8959,94.1559,450,160,0
2026-05-01 11:45:00,94.1714,94.398,94.1457,94.3441,449,160,0
2026-05-01 12:00:00,94.3541,94.3947,93.9093,93.991,448,160,0
2026-05-01 12:15:00,93.998,93.998,93.3303,93.4815,448,160,0
2026-05-01 12:30:00,93.4709,94.1167,93.4656,93.8518,447,160,0
2026-05-01 12:45:00,93.8524,94.0928,93.6778,93.7232,448,160,0
2026-05-01 13:00:00,93.7179,94.1075,93.6266,93.8798,448,160,0
2026-05-01 13:15:00,93.8731,94.0593,93.7153,93.763,449,160,0
2026-05-01 13:30:00,93.7616,93.9825,93.6418,93.8062,447,160,0
2026-05-01 13:45:00,93.7985,94.191,93.7557,94.0558,447,160,0
2026-05-01 14:00:00,94.0705,94.4245,94.0705,94.2684,448,160,0
2026-05-01 14:15:00,94.2618,94.6293,94.2618,94.4602,448,160,0
2026-05-01 14:30:00,94.4658,94.5264,94.2493,94.3404,448,160,0
2026-05-01 14:45:00,94.3626,94.363,93.8837,93.891,450,160,0
2026-05-01 15:00:00,93.8872,94.0136,93.7618,93.9594,449,160,0
2026-05-01 15:15:00,93.9452,94.1146,93.8391,93.9029,448,160,0
2026-05-01 15:30:00,93.9163,94.6012,93.9106,94.5416,448,160,0
2026-05-01 15:45:00,94.5345,94.6109,94.3645,94.5501,450,160,0
2026-05-01 16:00:00,94.5293,94.5712,94.2612,94.3651,449,160,0
2026-05-01 16:15:00,94.3686,94.6766,94.1307,94.1809,450,160,0
2026-05-01 16:30:00,94.1951,94.4408,94.0619,94.1251,449,160,0
2026-05-01 16:45:00,94.1411,94.4222,94.1233,94.2738,449,160,0
2026-05-01 17:00:00,94.2753,94.7243,94.2725,94.5281,450,160,0
2026-05-01 17:15:00,94.5325,94.6599,94.416,94.5766,446,160,0
2026-05-01 17:30:00,94.5789,94.5877,94.3722,94.4809,450,160,0
2026-05-01 17:45:00,94.4848,94.6045,94.2932,94.5364,447,160,0
2026-05-01 18:00:00,94.5395,94.9144,94.383,94.8947,450,160,0
2026-05-01 18:15:00,94.9194,95.4458,94.9097,95.3827,447,160,0
2026-05-01 18:30:00,95.3985,95.9211,95.3905,95.8888,449,160,0
2026-05-01 18:45:00,95.8961,96.3643,95.8705,96.1928,449,160,0
2026-05-01 19:00:00,96.2089,96.4309,96.0324,96.3507,449,160,0
2026-05-01 19:15:00,96.3668,96.3772,96.0423,96.0924,447,160,0
2026-05-01 19:30:00,96.0939,96.3597,95.9027,95.9492,449,160,0
2026-05-01 19:45:00,95.96340000000001,96.0799,95.8746,96.0034,447,160,0
2026-05-01 20:00:00,96.0097,96.3858,95.9451,96.3812,449,160,0
2026-05-01 20:15:00,96.3877,96.6528,96.2071,96.6113,445,160,0
2026-05-01 20:30:00,96.6006,96.6483,96.3844,96.4001,449,160,0
2026-05-01 20:45:00,96.3924,96.4536,96.0928,96.2963,449,160,0
2026-05-01 21:00:00,96.3201,96.401,96.1525,96.1989,449,160,0
2026-05-01 21:15:00,96.213,96.4017,95.913,96.238,448,160,0
2026-05-01 21:30:00,96.2438,96.7127,96.1715,96.604,449,160,0
2026-05-01 21:45:00,96.5963,96.6221,96.3522,96.5961,448,160,0
2026-05-01 22:00:00,96.6157,96.9361,96.5748,96.6953,448,160,0
2026-05-01 22:15:00,96.7123,97.2687,96.7123,97.1784,448,160,0
2026-05-01 22:30:00,97.1708,97.2181,96.8778,96.9983,450,160,0
2026-05-01 22:45:00,96.9991,97.3966,96.9177,97.3966,450,160,0
2026-05-01 23:00:00,97.4052,97.5176,97.004,97.0126,450,160,0
2026-05-01 23:15:00,97.0193,97.3662,96.918,96.998,448,160,0
2026-05-01 23:30:00,97.0178,97.3487,96.8856,97.3447,449,160,0
2026-05-01 23:45:00,97.3241,97.7261,97.3241,97.673,450,80,0
2026-05-02 00:00:00,97.6504,97.6875,97.2413,97.4493,449,80,0
2026-05-02 00:15:00,97.4507,97.4981,97.1589,97.2669,449,80,0
2026-05-02 00:30:00,97.2725,97.3255,96.9027,97.1469,446,80,0
2026-05-02 00:45:00,97.1364,97.7529,97.1364,97.6236,449,80,0
2026-05-02 01:00:00,97.6018,97.7807,97.5116,97.7744,448,80,0
2026-05-02 01:15:00,97.7695,97.9369,97.3257,97.4076,450,80,0
2026-05-02 01:30:00,97.4148,97.5667,97.2372,97.3329,450,80,0
2026-05-02 01:45:00,97.3249,97.5633,97.2127,97.3011,450,80,0
2026-05-02 02:00:00,97.3164,97.5274,97.134,97.5194,449,80,0
2026-05-02 02:15:00,97.5085,97.605,97.3537,97.5239,446,80,0
2026-05-02 02:30:00,97.5306,97.6074,97.0754,97.1086,449,80,0
2026-05-02 02:45:00,97.0967,97.3213,97.0886,97.2133,449,80,0
2026-05-02 03:00:00,97.2039,97.3588,97.0285,97.1911,448,80,0
2026-05-02 03:15:00,97.1949,97.2155,96.8924,96.9247,447,80,0
2026-05-02 03:30:00,96.9478,97.0862,96.7675,96.8982,449,80,0
2026-05-02 03:45:00,96.8901,96.9964,96.4273,96.4428,447,80,0
2026-05-02 04:00:00,96.4204,96.6663,96.4204,96.6085,450,80,0
2026-05-02 04:15:00,96.6151,96.6956,96.3497,96.3902,447,80,0
2026-05-02 04:30:00,96.3858,96.5327,96.1683,96.3233,448,80,0
2026-05-02 04:45:00,96.3248,96.5466,96.2508,96.4048,449,80,0
2026-05-02 05:00:00,96.4129,96.9583,96.1781,96.9034,449,80,0
2026-05-02 05:15:00,96.9072,97.2743,96.887,96.9686,449,80,0
2026-05-02 05:30:00,96.9499,97.282,96.9392,97.1584,450,80,0
2026-05-02 05:45:00,97.1634,97.3742,96.955,97.2565,448,80,0
2026-05-02 06:00:00,97.2629,97.3894,97.0685,97.2531,448,80,0
2026-05-02 06:15:00,97.2886,97.3109,96.9461,97.0052,450,80,0
2026-05-02 06:30:00,96.9942,97.3102,96.9223,97.0937,449,80,0
2026-05-02 06:45:00,97.087,97.248,96.7858,96.8385,447,80,0
2026-05-02 07:00:00,96.8454,96.89,96.5954,96.7189,448,80,0
2026-05-02 07:15:00,96.7541,96.8734,96.5931,96.6168,450,80,0
2026-05-02 07:30:00,96.63,96.6624,96.3793,96.4045,448,80,0
2026-05-02 07:45:00,96.399,96.5712,96.1676,96.5493,449,80,0
2026-05-02 08:00:00,96.546,96.8385,96.526,96.7084,450,80,0
2026-05-02 08:15:00,96.71,96.842,96.5707,96.8306,444,80,0
2026-05-02 08:30:00,96.8314,96.9299,96.4778,96.5815,449,80,0
2026-05-02 08:45:00,96.5674,96.838,96.5039,96.6309,450,80,0
2026-05-02 09:00:00,96.6305,96.6312,96.1198,96.192,448,80,0
2026-05-02 09:15:00,96.2091,96.5966,96.1338,96.5281,447,80,0
2026-05-02 09:30:00,96.5143,96.7472,96.1538,96.2667,449,80,0
2026-05-02 09:45:00,96.2776,96.5449,96.1895,96.4735,450,80,0
2026-05-02 10:00:00,96.482,96.597,96.0876,96.0934,450,80,0
2026-05-02 10:15:00,96.0978,96.2813,95.9061,96.0898,449,80,0
2026-05-02 10:30:00,96.0711,96.286,95.9704,96.2536,448,80,0
2026-05-02 10:45:00,96.2539,96.5787,96.2539,96.3653,448,80,0
2026-05-02 11:00:00,96.3583,96.3583,95.7093,95.7935,447,80,0
2026-05-02 11:15:00,95.7951,95.8963,95.6029,95.7517,450,80,0
2026-05-02 11:30:00,95.7627,96.135,95.7347,95.845,449,80,0
2026-05-02 11:45:00,95.8419,95.9606,95.665,95.736,448,80,0
2026-05-02 12:00:00,95.7291,95.9134,95.7047,95.8107,448,80,0
2026-05-02 12:15:00,95.81,95.901,95.5787,95.7152,447,80,0
2026-05-02 12:30:00,95.729,95.7814,95.5547,95.7414,450,80,0
2026-05-02 12:45:00,95.7409,96.0447,95.6994,95.9152,448,80,0
2026-05-02 13:00:00,95.9193,96.0579,95.7529,95.8995,448,80,0
2026-05-02 13:15:00,95.8735,96.6276,95.8315,96.5724,450,80,0
2026-05-02 13:30:00,96.5996,96.7278,96.3578,96.4172,449,80,0
2026-05-02 13:45:00,96.4338,96.66,96.4093,96.562,449,80,0
2026-05-02 14:00:00,96.579,96.6977,96.344,96.5248,449,80,0
2026-05-02 14:15:00,96.5432,96.5656,96.0116,96.1153,448,80,0
2026-05-02 14:30:00,96.1169,96.3432,96.0988,96.308,444,80,0
2026-05-02 14:45:00,96.3033,96.505,96.22,96.2608,449,80,0
2026-05-02 15:00:00,96.2668,96.8104,96.1024,96.8027,446,80,0
2026-05-02 15:15:00,96.8101,96.8298,96.559,96.627,450,80,0
2026-05-02 15:30:00,96.6214,97.0595,96.572,97.0298,449,80,0
2026-05-02 15:45:00,97.0364,97.3584,97.0039,97.3225,449,80,0
2026-05-02 16:00:00,97.306,97.4002,97.204,97.2097,449,80,0
2026-05-02 16:15:00,97.1917,97.2075,96.7931,97.0949,447,80,0
2026-05-02 16:30:00,97.0997,97.1984,96.608,96.6377,448,80,0
2026-05-02 16:45:00,96.6618,96.7031,96.2021,96.3186,449,80,0
2026-05-02 17:00:00,96.2871,96.5564,96.1557,96.5206,450,80,0
2026-05-02 17:15:00,96.5167,96.6651,96.3114,96.6021,449,80,0
2026-05-02 17:30:00,96.6012,96.6626,96.1967,96.5986,447,80,0
2026-05-02 17:45:00,96.6069,96.8687,96.4988,96.6595,450,80,0
2026-05-02 18:00:00,96.6532,96.7147,96.3002,96.3128,449,80,0
2026-05-02 18:15:00,96.3083,96.9806,96.3083,96.9806,448,80,0
2026-05-02 18:30:00,96.9904,97.1418,96.8838,96.9429,449,80,0
2026-05-02 18:45:00,96.9383,97.1762,96.7531,96.8048,450,80,0
2026-05-02 19:00:00,96.8112,96.8875,96.2686,96.2854,448,80,0
2026-05-02 19:15:00,96.2921,96.354,95.8706,95.9115,449,80,0
2026-05-02 19:30:00,95.9114,96.1611,95.8473,95.8953,449,80,0
2026-05-02 19:45:00,95.9043,96.0838,95.8953,95.9647,449,80,0
2026-05-02 20:00:00,95.9655,96.223,95.8293,96.1795,450,80,0
2026-05-02 20:15:00,96.1775,96.2149,95.3116,95.3116,446,80,0
2026-05-02 20:30:00,95.312,95.6054,95.308,95.5289,449,80,0
2026-05-02 20:45:00,95.5195,95.7088,95.3886,95.3971,450,80,0
2026-05-02 21:00:00,95.3935,95.8234,95.3458,95.8071,449,80,0
2026-05-02 21:15:00,95.8064,95.8622,95.6259,95.6474,450,80,0
2026-05-02 21:30:00,95.6329,95.8423,95.5336,95.6962,447,80,0
2026-05-02 21:45:00,95.6895,95.7639,95.2521,95.4123,445,80,0
2026-05-02 22:00:00,95.3979,95.4792,95.1816,95.245,449,80,0
2026-05-02 22:15:00,95.2567,95.2859,95.0736,95.2364,447,80,0
2026-05-02 22:30:00,95.238,95.4647,95.2188,95.4001,448,80,0
2026-05-02 22:45:00,95.4039,95.522,95.2875,95.3438,448,80,0
2026-05-02 23:00:00,95.3475,95.3928,94.9442,94.9442,443,80,0
2026-05-02 23:15:00,94.9391,95.1308,94.8185,95.1218,447,80,0
2026-05-02 23:30:00,95.1188,95.2008,94.7272,95.0979,449,80,0
2026-05-02 23:45:00,95.0963,95.3074,95.0066,95.2284,448,80,0
2026-05-03 00:00:00,95.2404,95.2994,95.0737,95.1044,448,80,0
2026-05-03 00:15:00,95.1219,95.4274,95.0132,95.3895,449,80,0
2026-05-03 00:30:00,95.3892,95.4256,95.1561,95.2786,449,80,0
2026-05-03 00:45:00,95.2762,95.3044,94.9479,95.1721,448,80,0
2026-05-03 01:00:00,95.1334,95.1716,94.7468,94.7468,447,80,0
2026-05-03 01:15:00,94.752,94.7554,94.2054,94.2355,450,80,0
2026-05-03 01:30:00,94.2525,94.679,94.1339,94.6434,449,80,0
2026-05-03 01:45:00,94.6434,94.7104,94.2043,94.2387,445,80,0
2026-05-03 02:00:00,94.2289,94.472,94.1085,94.19,450,80,0
2026-05-03 02:15:00,94.2055,94.5272,94.0708,94.2401,448,80,0
2026-05-03 02:30:00,94.2327,94.5006,94.1404,94.16,445,80,0
2026-05-03 02:45:00,94.163,94.2616,93.7277,93.9199,449,80,0
2026-05-03 03:00:00,93.9461,94.4159,93.9439,94.3374,449,80,0
2026-05-03 03:15:00,94.3247,94.3781,93.6226,93.7264,449,80,0
2026-05-03 03:30:00,93.718,93.9379,93.489,93.8606,448,80,0
2026-05-03 03:45:00,93.8429,94.2234,93.8429,94.1775,450,80,0
2026-05-03 04:00:00,94.1734,94.5547,94.1694,94.4433,449,80,0
2026-05-03 04:15:00,94.4244,94.8335,94.4244,94.8335,449,80,0
2026-05-03 04:30:00,94.8388,94.9201,94.7111,94.7942,449,80,0
2026-05-03 04:45:00,94.7799,94.8756,94.3226,94.4636,448,80,0
2026-05-03 05:00:00,94.4677,94.544,93.9909,94.3308,448,80,0
2026-05-03 05:15:00,94.331,94.4366,94.1557,94.392,449,80,0
2026-05-03 05:30:00,94.3781,94.4564,94.0126,94.0411,450,80,0
2026-05-03 05:45:00,94.0329,94.4154,93.9707,94.303,449,80,0
2026-05-03 06:00:00,94.2912,94.5127,94.0923,94.4216,449,80,0
2026-05-03 06:15:00,94.4062,95.0219,94.3931,94.9279,445,80,0
2026-05-03 06:30:00,94.9383,95.1401,94.8269,94.8269,448,80,0
2026-05-03 06:45:00,94.8317,95.0241,94.7058,94.7686,449,80,0
2026-05-03 07:00:00,94.7724,94.9362,94.5628,94.6122,448,80,0
2026-05-03 07:15:00,94.5883,94.5883,94.2931,94.3542,446,80,0
2026-05-03 07:30:00,94.3413,94.7829,94.2833,94.7225,449,80,0
2026-05-03 07:45:00,94.7303,95.0069,94.6819,94.914,449,80,0
2026-05-03 08:00:00,94.9179,94.9372,94.5712,94.617,450,80,0
2026-05-03 08:15:00,94.6083,94.924,94.555,94.8116,449,80,0
2026-05-03 08:30:00,94.8078,95.1431,94.7187,95.1431,450,80,0
2026-05-03 08:45:00,95.1412,95.1983,94.8482,94.9731,450,80,0
2026-05-03 09:00:00,94.9855,95.0995,94.8003,94.8395,449,80,0
2026-05-03 09:15:00,94.8619,94.9533,94.5223,94.5798,448,80,0
2026-05-03 09:30:00,94.5657,94.5861,93.9094,93.9726,447,80,0
2026-05-03 09:45:00,93.9811,94.1889,93.8868,94.0761,450,80,0
2026-05-03 10:00:00,94.066,94.1056,93.4912,93.5711,449,80,0
2026-05-03 10:15:00,93.5815,93.734,93.5322,93.6486,449,80,0
2026-05-03 10:30:00,93.6306,93.6408,93.3238,93.3306,449,80,0
2026-05-03 10:45:00,93.3422,93.8322,93.3053,93.7858,448,80,0
2026-05-03 11:00:00,93.7895,94.0304,93.6356,94.0161,450,80,0
2026-05-03 11:15:00,93.999,94.165,93.8263,93.8651,448,80,0
2026-05-03 11:30:00,93.8728,93.969,93.5661,93.9259,450,80,0
2026-05-03 11:45:00,93.9211,94.1145,93.7763,93.8911,447,80,0
2026-05-03 12:00:00,93.8877,93.9078,93.6219,93.7803,450,80,0
2026-05-03 12:15:00,93.78659999999999,93.8065,93.455,93.736,447,80,0
2026-05-03 12:30:00,93.726,93.956,93.6929,93.9246,449,80,0
2026-05-03 12:45:00,93.9218,94.0198,93.7467,93.9274,449,80,0
2026-05-03 13:00:00,93.9249,94.0466,93.7816,93.8763,448,80,0
2026-05-03 13:15:00,93.8758,94.1973,93.8152,93.9487,449,80,0
2026-05-03 13:30:00,93.9641,94.1601,93.886,94.0572,449,80,0
2026-05-03 13:45:00,94.0655,94.207,93.7124,93.9068,443,80,0
2026-05-03 14:00:00,93.912,93.9715,93.7397,93.9174,449,80,0
2026-05-03 14:15:00,93.9324,94.0293,93.5764,93.6181,449,80,0
2026-05-03 14:30:00,93.6139,93.9183,93.6092,93.8529,449,80,0
2026-05-03 14:45:00,93.8564,94.3939,93.7482,94.3308,447,80,0
2026-05-03 15:00:00,94.3332,94.5048,93.9966,94.5048,449,80,0
2026-05-03 15:15:00,94.4973,94.7272,94.3339,94.5312,449,80,0
2026-05-03 15:30:00,94.5393,94.6249,94.2499,94.2838,450,80,0
2026-05-03 15:45:00,94.2781,94.4245,94.1635,94.3634,449,80,0
2026-05-03 16:00:00,94.3457,94.4518,94.1273,94.2535,447,80,0
2026-05-03 16:15:00,94.262,94.2999,93.9678,94.2378,447,80,0
2026-05-03 16:30:00,94.2307,94.345,93.8999,93.908,450,80,0
2026-05-03 16:45:00,93.918,93.9639,93.532,93.6912,449,80,0
2026-05-03 17:00:00,93.6662,93.7761,93.5342,93.5742,450,80,0
2026-05-03 17:15:00,93.5777,93.7858,93.5244,93.7379,449,80,0
2026-05-03 17:30:00,93.7179,94.0638,93.5977,94.0223,448,80,0
2026-05-03 17:45:00,94.0365,94.4379,94.0365,94.3416,449,80,0
2026-05-03 18:00:00,94.3289,94.4659,94.1748,94.3229,448,80,0
2026-05-03 18:15:00,94.3158,94.7157,94.3073,94.4657,450,80,0
2026-05-03 18:30:00,94.4577,94.6039,94.3377,94.3769,450,80,0
2026-05-03 18:45:00,94.4007,94.4927,94.2242,94.2645,447,80,0
2026-05-03 19:00:00,94.2721,94.3489,93.899,93.899,448,80,0
2026-05-03 19:15:00,93.9018,93.9901,93.5118,93.5698,449,80,0
2026-05-03 19:30:00,93.5658,93.7615,93.5378,93.7218,448,80,0
2026-05-03 19:45:00,93.7082,93.9532,93.4815,93.7432,448,80,0
2026-05-03 20:00:00,93.7618,93.78,93.5009,93.5607,448,80,0
2026-05-03 20:15:00,93.5697,93.5697,92.8368,92.8412,450,80,0
2026-05-03 20:30:00,92.8397,93.4197,92.8397,93.3332,450,80,0
2026-05-03 20:45:00,93.3338,93.473,93.262,93.4284,448,80,0
2026-05-03 21:00:00,93.4385,93.9203,93.4385,93.6952,449,80,0
2026-05-03 21:15:00,93.67,93.8393,93.6034,93.7638,449,80,0
2026-05-03 21:30:00,93.7574,94.0833,93.7543,94.0493,449,80,0
2026-05-03 21:45:00,94.0631,94.2636,93.9617,94.1016,448,80,0
2026-05-03 22:00:00,94.0872,94.524,94.0872,94.4336,447,80,0
2026-05-03 22:15:00,94.4332,94.5932,94.1883,94.1905,449,80,0
2026-05-03 22:30:00,94.198,94.198,93.6039,93.6039,448,80,0
2026-05-03 22:45:00,93.5975,93.6871,93.3793,93.4026,448,80,0
2026-05-03 23:00:00,93.3874,93.5641,93.3121,93.4752,450,80,0
2026-05-03 23:15:00,93.471,93.7142,93.4458,93.5561,448,80,0
2026-05-03 23:30:00,93.5599,94.1193,93.5289,94.0341,448,80,0
2026-05-03 23:45:00,94.036,94.3514,93.9006,94.229,449,80,0
2026-05-04 00:00:00,94.2167,94.4329,94.1988,94.2105,447,80,0
2026-05-04 00:15:00,94.2236,94.8663,94.0911,94.7857,450,160,0
2026-05-04 00:30:00,94.7788,94.9872,94.4225,94.9573,448,160,0
2026-05-04 00:45:00,94.96,95.2784,94.9331,95.1036,447,160,0
2026-05-04 01:00:00,95.0696,95.0804,94.7644,94.8609,450,160,0
2026-05-04 01:15:00,94.8469,94.9846,94.6349,94.7204,449,160,0
2026-05-04 01:30:00,94.7127,94.7919,94.4949,94.5647,449,160,0
2026-05-04 01:45:00,94.5522,94.5955,94.0079,94.074,449,160,0
2026-05-04 02:00:00,94.089,94.2928,93.9927,94.0307,447,160,0
2026-05-04 02:15:00,94.0438,94.545,94.0438,94.4787,450,160,0
2026-05-04 02:30:00,94.4828,94.7118,94.3561,94.5757,450,160,0
2026-05-04 02:45:00,94.5898,94.619,94.3184,94.4435,448,160,0
2026-05-04 03:00:00,94.4695,94.7678,94.2564,94.2746,449,160,0
2026-05-04 03:15:00,94.2862,94.4146,94.0193,94.3277,450,160,0
2026-05-04 03:30:00,94.3145,94.4045,94.1311,94.224,449,160,0
2026-05-04 03:45:00,94.2223,94.2253,93.8861,93.9205,448,160,0
2026-05-04 04:00:00,93.903,93.9382,93.659,93.9359,450,160,0
2026-05-04 04:15:00,93.9453,94.0288,93.7354,93.8093,448,160,0
2026-05-04 04:30:00,93.799,93.9597,93.6911,93.9016,447,160,0
2026-05-04 04:45:00,93.8943,94.0269,93.6475,94.0269,448,160,0
2026-05-04 05:00:00,94.0341,94.4155,93.9364,94.335,450,160,0
2026-05-04 05:15:00,94.3316,94.3606,93.8192,93.8926,447,160,0
2026-05-04 05:30:00,93.8851,94.1757,93.7351,94.1719,450,160,0
2026-05-04 05:45:00,94.1763,94.2695,94.0157,94.1698,446,160,0
2026-05-04 06:00:00,94.1955,94.4622,94.1546,94.3583,450,160,0
2026-05-04 06:15:00,94.3469,94.5112,94.2291,94.4215,447,160,0
2026-05-04 06:30:00,94.4052,94.4052,93.9857,94.0631,450,160,0
2026-05-04 06:45:00,94.0602,94.3518,93.9768,94.346,449,160,0
2026-05-04 07:00:00,94.3521,94.3843,94.1259,94.2851,449,160,0
2026-05-04 07:15:00,94.2809,94.3083,93.9881,94.0959,442,160,0
2026-05-04 07:30:00,94.1156,94.3649,94.0149,94.3601,445,160,0
2026-05-04 07:45:00,94.3672,94.3978,93.9834,94.0043,447,160,0
2026-05-04 08:00:00,94.0024,94.1085,93.7721,93.9907,449,160,0
2026-05-04 08:15:00,93.9924,94.1564,93.8537,94.0771,450,160,0
2026-05-04 08:30:00,94.0613,94.2449,93.8083,93.8093,450,160,0
2026-05-04 08:45:00,93.8004,93.82,93.4023,93.5893,450,160,0
2026-05-04 09:00:00,93.5881,93.7056,93.3134,93.4252,450,160,0
2026-05-04 09:15:00,93.415,93.949,93.2597,93.9118,449,160,0
2026-05-04 09:30:00,93.9155,94.1701,93.8388,94.1621,450,160,0
2026-05-04 09:45:00,94.1623,94.277,93.7681,93.9582,449,160,0
2026-05-04 10:00:00,93.9575,94.2717,93.757,94.2501,448,160,0
2026-05-04 10:15:00,94.2404,94.2834,93.8967,93.9066,447,160,0
2026-05-04 10:30:00,93.9128,94.1369,93.7614,93.8925,448,160,0
2026-05-04 10:45:00,93.8898,94.0843,93.8022,93.9757,449,160,0
2026-05-04 11:00:00,93.98,94.0779,93.8102,94.0104,446,160,0
2026-05-04 11:15:00,94.0156,94.2188,93.779,93.9144,448,160,0
2026-05-04 11:30:00,93.9231,94.033,93.6206,93.6206,450,160,0
2026-05-04 11:45:00,93.6191,93.7159,93.3313,93.4121,450,160,0
2026-05-04 12:00:00,93.404,93.6932,93.2657,93.5437,448,160,0
2026-05-04 12:15:00,93.5466,93.7812,93.484,93.6963,450,160,0
2026-05-04 12:30:00,93.7169,94.0198,93.5772,93.6268,450,160,0
2026-05-04 12:45:00,93.6483,93.6671,93.268,93.4791,448,160,0
2026-05-04 13:00:00,93.4727,93.4727,92.948,92.9849,449,160,0
2026-05-04 13:15:00,92.9901,93.1047,92.6861,92.7974,447,160,0
2026-05-04 13:30:00,92.801,92.8472,92.4361,92.5657,448,160,0
2026-05-04 13:45:00,92.569,92.6177,92.3439,92.4244,448,160,0
2026-05-04 14:00:00,92.4214,92.598,92.2693,92.5791,446,160,0
2026-05-04 14:15:00,92.5799,92.589,92.0146,92.1109,448,160,0
2026-05-04 14:30:00,92.1002,92.4087,91.9976,92.3988,446,160,0
2026-05-04 14:45:00,92.3935,92.6205,92.2728,92.4649,449,160,0
2026-05-04 15:00:00,92.4658,92.7328,92.3718,92.693,447,160,0
2026-05-04 15:15:00,92.6851,92.7106,92.5157,92.5467,445,160,0
2026-05-04 15:30:00,92.5509,92.6405,92.3493,92.5472,450,160,0
2026-05-04 15:45:00,92.546,92.546,92.2456,92.3353,449,160,0
2026-05-04 16:00:00,92.3503,92.4758,91.9237,91.9518,448,160,0
2026-05-04 16:15:00,91.9531,92.4297,91.9193,92.2944,447,160,0
2026-05-04 16:30:00,92.2886,92.6058,92.2853,92.2944,448,160,0
2026-05-04 16:45:00,92.2842,92.5046,92.2228,92.262,449,160,0
2026-05-04 17:00:00,92.2681,92.5411,92.192,92.5411,448,160,0
2026-05-04 17:15:00,92.5458,92.8525,92.3597,92.4292,448,160,0
2026-05-04 17:30:00,92.4128,92.7311,92.3348,92.5583,450,160,0
2026-05-04 17:45:00,92.5558,92.7272,92.5558,92.7073,448,160,0
2026-05-04 18:00:00,92.7164,92.7971,92.4899,92.6921,449,160,0
2026-05-04 18:15:00,92.6915,92.756,92.3689,92.4724,449,160,0
2026-05-04 18:30:00,92.4793,92.4793,91.8991,91.9158,450,160,0
2026-05-04 18:45:00,91.9273,92.0647,91.78,92.0319,449,160,0
2026-05-04 19:00:00,92.0525,92.1168,91.6754,91.8107,448,160,0
2026-05-04 19:15:00,91.809,91.9943,91.5007,91.6392,450,160,0
2026-05-04 19:30:00,91.6353,91.6379,91.3246,91.4131,447,160,0
2026-05-04 19:45:00,91.4201,91.538,91.1022,91.4771,449,160,0
2026-05-04 20:00:00,91.4715,91.5349,91.2221,91.2543,447,160,0
2026-05-04 20:15:00,91.2561,91.4241,91.14,91.3646,447,160,0
2026-05-04 20:30:00,91.3742,91.6526,91.2009,91.5186,449,160,0
2026-05-04 20:45:00,91.5155,91.5442,91.1597,91.1717,450,160,0
2026-05-04 21:00:00,91.1331,91.3844,90.8848,90.9205,448,160,0
2026-05-04 21:15:00,90.9203,91.0594,90.797,90.8667,448,160,0
2026-05-04 21:30:00,90.8641,90.9043,90.5346,90.6452,448,160,0
2026-05-04 21:45:00,90.648,91.0988,90.6425,90.9974,448,160,0
2026-05-04 22:00:00,91.0004,91.4531,90.9944,91.2289,449,160,0
2026-05-04 22:15:00,91.2324,91.3144,90.9106,91.0383,447,160,0
2026-05-04 22:30:00,91.0413,91.2828,90.983,91.2828,447,160,0
2026-05-04 22:45:00,91.285,91.3852,91.0974,91.2083,449,160,0
2026-05-04 23:00:00,91.2045,91.4536,91.1413,91.3698,449,160,0
2026-05-04 23:15:00,91.3704,91.7666,91.221,91.7385,446,160,0
2026-05-04 23:30:00,91.7308,92.0362,91.7019,91.9433,449,160,0
2026-05-04 23:45:00,91.9409,92.1297,91.9232,92.013,448,160,0
2026-05-05 00:00:00,91.9957,92.2607,91.8993,92.0329,450,160,0
2026-05-05 00:15:00,92.0156,92.2866,91.962,92.1151,449,160,0
2026-05-05 00:30:00,92.1026,92.3638,92.0814,92.2138,448,160,0
2026-05-05 00:45:00,92.2049,92.6828,92.2049,92.5692,447,160,0
2026-05-05 01:00:00,92.5713,92.8514,92.5145,92.7654,448,160,0
2026-05-05 01:15:00,92.7527,92.9579,92.6449,92.9067,450,160,0
2026-05-05 01:30:00,92.9218,92.9513,92.4518,92.6227,448,160,0
2026-05-05 01:45:00,92.6287,92.688,92.364,92.3815,449,160,0
2026-05-05 02:00:00,92.401,92.6416,92.2736,92.6315,447,160,0
2026-05-05 02:15:00,92.6323,92.8085,92.5207,92.5637,449,160,0
2026-05-05 02:30:00,92.5868,93.0123,92.4614,92.9977,449,160,0
2026-05-05 02:45:00,92.9932,93.2588,92.9252,93.0532,447,160,0
2026-05-05 03:00:00,93.0502,93.2714,92.7364,92.7364,449,160,0
2026-05-05 03:15:00,92.7539,92.8927,92.5413,92.6595,450,160,0
2026-05-05 03:30:00,92.6706,92.7481,92.3736,92.629,449,160,0
2026-05-05 03:45:00,92.6347,92.6605,92.2711,92.2816,447,160,0
2026-05-05 04:00:00,92.2944,92.2998,91.8278,91.8278,449,160,0
2026-05-05 04:15:00,91.8231,91.9808,91.742,91.823,450,160,0
2026-05-05 04:30:00,91.8286,92.0386,91.5698,91.9499,450,160,0
2026-05-05 04:45:00,91.9451,91.9913,91.6438,91.8804,448,160,0
2026-05-05 05:00:00,91.8774,92.2008,91.678,92.1927,449,160,0
2026-05-05 05:15:00,92.2033,92.4104,92.1483,92.3855,446,160,0
2026-05-05 05:30:00,92.3931,92.406,92.0436,92.0436,446,160,0
2026-05-05 05:45:00,92.0527,92.0527,91.6262,91.7473,449,160,0
2026-05-05 06:00:00,91.7505,91.7505,91.3136,91.7053,448,160,0
2026-05-05 06:15:00,91.7033,92.1362,91.5163,92.1188,450,160,0
2026-05-05 06:30:00,92.1155,92.2964,92.0269,92.0413,449,160,0
2026-05-05 06:45:00,92.039,92.2277,91.8958,92.0397,449,160,0
2026-05-05 07:00:00,92.0408,92.3438,92.0023,92.3178,446,160,0
2026-05-05 07:15:00,92.3218,92.3403,92.0949,92.1297,448,160,0
2026-05-05 07:30:00,92.1367,92.1452,91.6893,91.753,447,160,0
2026-05-05 07:45:00,91.7557,91.7813,91.5042,91.6105,450,160,0
2026-05-05 08:00:00,91.5933,91.6639,91.3008,91.3374,449,160,0
2026-05-05 08:15:00,91.3427,91.3463,90.9808,90.9887,447,160,0
2026-05-05 08:30:00,90.9655,91.2252,90.7563,91.1695,447,160,0
2026-05-05 08:45:00,91.1916,91.2542,90.9908,91.0893,449,160,0
2026-05-05 09:00:00,91.1009,91.3562,90.9988,91.3305,449,160,0
2026-05-05 09:15:00,91.3291,91.6082,91.1716,91.2065,450,160,0
2026-05-05 09:30:00,91.186,91.346,91.0113,91.3385,449,160,0
2026-05-05 09:45:00,91.3633,91.6886,91.3486,91.4401,448,160,0
2026-05-05 10:00:00,91.4464,91.5781,91.1553,91.1553,449,160,0
2026-05-05 10:15:00,91.1461,91.3419,91.001,91.0309,449,160,0
2026-05-05 10:30:00,91.0461,91.0877,90.7235,90.818,450,160,0
2026-05-05 10:45:00,90.8071,90.899,90.4408,90.4604,448,160,0
2026-05-05 11:00:00,90.4501,90.6866,90.3595,90.5412,446,160,0
2026-05-05 11:15:00,90.5251,90.5825,89.9873,90.2011,450,160,0
2026-05-05 11:30:00,90.1985,90.1985,89.9044,90.1181,449,160,0
2026-05-05 11:45:00,90.1263,90.4592,89.9432,90.4024,446,160,0
2026-05-05 12:00:00,90.3937,90.7854,90.3434,90.7344,449,160,0
2026-05-05 12:15:00,90.7384,91.0791,90.7056,91.0536,450,160,0
2026-05-05 12:30:00,91.035,91.0617,90.7766,90.8424,449,160,0
2026-05-05 12:45:00,90.8602,91.0919,90.7338,90.7973,450,160,0
2026-05-05 13:00:00,90.8178,90.8245,90.564,90.6514,448,160,0
2026-05-05 13:15:00,90.6583,90.9451,90.3407,90.4385,448,160,0
2026-05-05 13:30:00,90.4293,90.4586,90.1468,90.3757,450,160,0
2026-05-05 13:45:00,90.3667,90.4965,90.2484,90.4965,450,160,0
2026-05-05 14:00:00,90.5018,90.9335,90.4671,90.8395,449,160,0
2026-05-05 14:15:00,90.8446,91.173,90.7398,91.1291,450,160,0
2026-05-05 14:30:00,91.1403,91.6818,91.1082,91.5698,449,160,0
2026-05-05 14:45:00,91.5791,91.8013,91.4505,91.6232,447,160,0
2026-05-05 15:00:00,91.6259,91.9993,91.4452,91.9202,447,160,0
2026-05-05 15:15:00,91.9073,91.9239,91.548,91.6082,448,160,0
2026-05-05 15:30:00,91.6032,91.6032,91.2622,91.4934,449,160,0
2026-05-05 15:45:00,91.4968,91.5609,91.3125,91.3516,447,160,0
2026-05-05 16:00:00,91.3525,91.5617,91.0639,91.1836,447,160,0
2026-05-05 16:15:00,91.1922,91.2875,90.9874,91.0283,449,160,0
2026-05-05 16:30:00,91.0147,91.0475,90.5428,90.5428,448,160,0
2026-05-05 16:45:00,90.5325,91.0065,90.4464,90.7666,448,160,0
2026-05-05 17:00:00,90.7547,90.854,90.6343,90.6941,450,160,0
2026-05-05 17:15:00,90.6822,91.3117,90.6822,91.2558,448,160,0
2026-05-05 17:30:00,91.2534,91.3492,91.0272,91.0724,450,160,0
2026-05-05 17:45:00,91.0689,91.1674,90.8121,91.105,450,160,0
2026-05-05 18:00:00,91.0941,91.1948,90.8992,90.8992,450,160,0
2026-05-05 18:15:00,90.894,90.9697,90.7898,90.8873,450,160,0
2026-05-05 18:30:00,90.8959,91.2937,90.8844,91.0398,450,160,0
2026-05-05 18:45:00,91.0453,91.0641,90.7329,90.9144,449,160,0
2026-05-05 19:00:00,90.9017,91.1568,90.7974,90.9591,449,160,0
2026-05-05 19:15:00,90.9681,91.2683,90.9641,90.9738,449,160,0
2026-05-05 19:30:00,90.9673,91.1956,90.8418,90.8569,449,160,0
2026-05-05 19:45:00,90.8436,90.8778,90.4649,90.7987,448,160,0
2026-05-05 20:00:00,90.8126,90.8587,90.5373,90.5898,449,160,0
2026-05-05 20:15:00,90.6004,90.8575,90.5536,90.6646,447,160,0
2026-05-05 20:30:00,90.6601,91.0051,90.591,90.963,450,160,0
2026-05-05 20:45:00,90.9844,91.1815,90.8233,90.9166,450,160,0
2026-05-05 21:00:00,90.9331,90.9331,90.6208,90.8763,450,160,0
2026-05-05 21:15:00,90.8744,91.0333,90.7108,90.8586,449,160,0
2026-05-05 21:30:00,90.8628,90.9151,90.5824,90.6742,447,160,0
2026-05-05 21:45:00,90.6706,90.7298,90.2903,90.4016,448,160,0
2026-05-05 22:00:00,90.4113,90.9046,90.386,90.8641,449,160,0
2026-05-05 22:15:00,90.8467,91.0031,90.6512,90.9643,449,160,0
2026-05-05 22:30:00,90.9483,91.0419,90.7079,90.8182,450,160,0
2026-05-05 22:45:00,90.7996,90.882,90.5872,90.5946,447,160,0
2026-05-05 23:00:00,90.6028,90.8748,90.5788,90.8276,449,160,0
2026-05-05 23:15:00,90.8204,91.5175,90.7185,91.4545,447,160,0
2026-05-05 23:30:00,91.4701,91.6581,91.2998,91.3102,448,160,0
2026-05-05 23:45:00,91.331,91.4346,91.1867,91.4154,449,160,0
2026-05-06 00:00:00,91.4047,91.7618,91.3906,91.7132,449,160,0
2026-05-06 00:15:00,91.7114,91.8652,91.495,91.7679,449,160,0
2026-05-06 00:30:00,91.7723,91.93,91.5671,91.7071,449,160,0
2026-05-06 00:45:00,91.72409999999999,91.7466,91.3971,91.656,446,160,0
2026-05-06 01:00:00,91.659,91.687,91.4678,91.6794,450,160,0
2026-05-06 01:15:00,91.6894,91.8605,91.545,91.545,449,160,0
2026-05-06 01:30:00,91.5339,91.5844,91.1289,91.2883,449,160,0
2026-05-06 01:45:00,91.2832,91.2832,90.9941,91.0877,450,160,0
2026-05-06 02:00:00,91.0913,91.2395,90.9642,91.0676,450,160,0
2026-05-06 02:15:00,91.0706,91.2189,90.692,90.7849,449,160,0
2026-05-06 02:30:00,90.78,91.0883,90.654,90.856,450,160,0
2026-05-06 02:45:00,90.8656,91.0461,90.6925,90.9985,450,160,0
2026-05-06 03:00:00,90.9875,91.3959,90.9324,91.2433,449,160,0
2026-05-06 03:15:00,91.2123,91.4548,91.0744,91.111,448,160,0
2026-05-06 03:30:00,91.1132,91.4554,91.0922,91.3942,449,160,0
2026-05-06 03:45:00,91.3971,91.692,91.3654,91.5288,449,160,0
2026-05-06 04:00:00,91.5144,91.9587,91.5144,91.7883,450,160,0
2026-05-06 04:15:00,91.8185,91.8916,91.4476,91.4476,449,160,0
2026-05-06 04:30:00,91.4267,91.4629,91.2045,91.3534,447,160,0
2026-05-06 04:45:00,91.3306,91.5289,91.2691,91.5096,447,160,0
2026-05-06 05:00:00,91.5171,91.719,91.5005,91.502,450,160,0
2026-05-06 05:15:00,91.5045,91.5045,91.2432,91.3852,448,160,0
2026-05-06 05:30:00,91.3789,91.7261,91.3773,91.4392,447,160,0
2026-05-06 05:45:00,91.4259,91.6298,91.2729,91.5701,449,160,0
2026-05-06 06:00:00,91.5848,91.8353,91.5604,91.6938,447,160,0
2026-05-06 06:15:00,91.6928,92.0564,91.6683,91.8176,447,160,0
2026-05-06 06:30:00,91.8248,91.8623,91.4584,91.6283,448,160,0
2026-05-06 06:45:00,91.6247,91.7218,91.368,91.4332,449,160,0
2026-05-06 07:00:00,91.4518,91.5918,91.3766,91.4217,447,160,0
2026-05-06 07:15:00,91.4138,91.4872,91.2537,91.4834,450,160,0
2026-05-06 07:30:00,91.4877,91.5087,91.2252,91.3,449,160,0
2026-05-06 07:45:00,91.2924,91.6034,91.2599,91.4412,449,160,0
2026-05-06 08:00:00,91.4376,91.5138,91.2492,91.2809,450,160,0
2026-05-06 08:15:00,91.2712,91.4699,91.1124,91.4425,449,160,0
2026-05-06 08:30:00,91.4419,91.45,90.9872,91.0537,450,160,0
2026-05-06 08:45:00,91.0306,91.44,90.9714,91.0993,448,160,0
2026-05-06 09:00:00,91.1167,91.1436,90.8994,91.0449,449,160,0
2026-05-06 09:15:00,91.0539,91.3053,91.0054,91.2358,446,160,0
2026-05-06 09:30:00,91.2301,91.474,91.1212,91.4454,448,160,0
2026-05-06 09:45:00,91.4631,91.6311,91.3137,91.4425,449,160,0
2026-05-06 10:00:00,91.4402,91.7232,91.2418,91.6745,449,160,0
2026-05-06 10:15:00,91.6806,91.9765,91.6747,91.829,449,160,0
2026-05-06 10:30:00,91.8301,91.8763,91.4831,91.6673,450,160,0
2026-05-06 10:45:00,91.6707,91.8942,91.5033,91.8456,448,160,0
2026-05-06 11:00:00,91.8322,91.8322,91.4066,91.4337,449,160,0
2026-05-06 11:15:00,91.4157,91.7383,91.371,91.568,449,160,0
2026-05-06 11:30:00,91.5902,91.9018,91.575,91.8781,448,160,0
2026-05-06 11:45:00,91.8979,92.0109,91.7012,91.9277,447,160,0
2026-05-06 12:00:00,91.9287,92.0542,91.5306,91.5926,449,160,0
2026-05-06 12:15:00,91.6008,91.7976,91.5471,91.6743,449,160,0
2026-05-06 12:30:00,91.6552,91.6859,91.3437,91.4658,449,160,0
2026-05-06 12:45:00,91.4654,91.6255,91.3899,91.5401,449,160,0
2026-05-06 13:00:00,91.541,91.7773,91.3955,91.7086,447,160,0
2026-05-06 13:15:00,91.7094,91.802,91.5078,91.7215,446,160,0
2026-05-06 13:30:00,91.7087,91.8805,91.4016,91.56,449,160,0
2026-05-06 13:45:00,91.5664,91.773,91.5353,91.7046,450,160,0
2026-05-06 14:00:00,91.7047,91.826,91.4641,91.4814,448,160,0
2026-05-06 14:15:00,91.485,92.0008,91.4151,91.7396,450,160,0
2026-05-06 14:30:00,91.7225,91.7506,91.2072,91.2304,445,160,0
2026-05-06 14:45:00,91.229,91.5233,91.1955,91.4288,450,160,0
2026-05-06 15:00:00,91.4208,91.7115,91.3578,91.5776,447,160,0
2026-05-06 15:15:00,91.583,91.955,91.546,91.8747,449,160,0
2026-05-06 15:30:00,91.892,92.1504,91.67,92.1113,448,160,0
2026-05-06 15:45:00,92.1305,92.1916,91.5223,91.5223,448,160,0
2026-05-06 16:00:00,91.5299,91.5937,91.2854,91.393,450,160,0
2026-05-06 16:15:00,91.3863,91.6481,91.3075,91.6299,449,160,0
2026-05-06 16:30:00,91.6325,91.6669,91.3548,91.4014,449,160,0
2026-05-06 16:45:00,91.4168,91.8553,91.4065,91.8127,450,160,0
2026-05-06 17:00:00,91.8238,91.8256,91.2089,91.2333,450,160,0
2026-05-06 17:15:00,91.2282,91.6873,91.1081,91.6202,450,160,0
2026-05-06 17:30:00,91.6225,91.8799,91.6019,91.8295,448,160,0
2026-05-06 17:45:00,91.831,91.973,91.6482,91.6972,449,160,0
2026-05-06 18:00:00,91.7119,91.9358,91.5851,91.9059,450,160,0
2026-05-06 18:15:00,91.9182,92.3059,91.9048,92.2911,450,160,0
2026-05-06 18:30:00,92.295,92.4583,92.1917,92.3036,450,160,0
2026-05-06 18:45:00,92.2935,92.3261,91.961,92.3218,449,160,0
2026-05-06 19:00:00,92.3328,92.4256,92.1159,92.2559,448,160,0
2026-05-06 19:15:00,92.2569,92.5183,92.2513,92.4188,449,160,0
2026-05-06 19:30:00,92.4236,92.6371,92.3573,92.6059,450,160,0
2026-05-06 19:45:00,92.6301,92.7428,92.4369,92.4522,450,160,0
2026-05-06 20:00:00,92.4557,92.4904,92.0314,92.391,450,160,0
2026-05-06 20:15:00,92.4122,92.4179,91.8141,91.9129,449,160,0
2026-05-06 20:30:00,91.9095,92.2613,91.8223,92.193,449,160,0
2026-05-06 20:45:00,92.203,92.3081,91.9187,91.9803,449,160,0
2026-05-06 21:00:00,91.9757,92.0481,91.6707,91.7801,450,160,0
2026-05-06 21:15:00,91.7881,91.8953,91.6056,91.7127,448,160,0
2026-05-06 21:30:00,91.7022,91.7022,91.26,91.2824,449,160,0
2026-05-06 21:45:00,91.2885,91.509,91.2425,91.4777,450,160,0
2026-05-06 22:00:00,91.4654,91.6356,91.3515,91.3959,449,160,0
2026-05-06 22:15:00,91.4018,91.5844,91.3163,91.5216,450,160,0
2026-05-06 22:30:00,91.5351,91.8149,91.5337,91.667,450,160,0
2026-05-06 22:45:00,91.6584,92.166,91.6584,92.119,450,160,0
2026-05-06 23:00:00,92.1096,92.2385,91.526,91.5303,450,160,0
2026-05-06 23:15:00,91.5304,91.5445,91.0593,91.2045,446,160,0
2026-05-06 23:30:00,91.1913,91.3344,91.0357,91.2115,448,160,0
2026-05-06 23:45:00,91.2069,91.4678,91.0918,91.095,448,160,0
2026-05-07 00:00:00,91.0756,91.4824,90.9721,91.3869,449,160,0
2026-05-07 00:15:00,91.3704,91.4295,90.7669,90.7669,450,160,0
2026-05-07 00:30:00,90.78,90.8403,90.5873,90.6704,447,160,0
2026-05-07 00:45:00,90.6839,90.8719,90.5186,90.704,450,160,0
2026-05-07 01:00:00,90.7246,90.9298,90.6173,90.8472,447,160,0
2026-05-07 01:15:00,90.8564,91.1601,90.621,91.1014,449,160,0
2026-05-07 01:30:00,91.1,91.1495,90.8937,90.8999,448,160,0
2026-05-07 01:45:00,90.9118,90.9624,90.6972,90.7734,447,160,0
2026-05-07 02:00:00,90.7665,90.9235,90.5162,90.5228,448,160,0
2026-05-07 02:15:00,90.512,90.7598,90.4007,90.5841,449,160,0
2026-05-07 02:30:00,90.5949,90.7224,90.137,90.1689,449,160,0
2026-05-07 02:45:00,90.1775,90.2608,90.0046,90.1826,449,160,0
2026-05-07 03:00:00,90.177,90.2765,90.0241,90.164,449,160,0
2026-05-07 03:15:00,90.1602,90.4196,90.1602,90.2688,448,160,0
2026-05-07 03:30:00,90.2626,90.5403,90.2198,90.3631,448,160,0
2026-05-07 03:45:00,90.3509,90.3858,89.9809,90.3202,448,160,0
2026-05-07 04:00:00,90.3317,90.5938,90.3119,90.4664,449,160,0
2026-05-07 04:15:00,90.4658,90.4986,90.1897,90.3025,448,160,0
2026-05-07 04:30:00,90.3034,90.7994,90.2082,90.7707,449,160,0
2026-05-07 04:45:00,90.785,90.8096,90.2374,90.2666,449,160,0
2026-05-07 05:00:00,90.2598,90.5595,90.2166,90.2759,450,160,0
2026-05-07 05:15:00,90.2651,90.4097,90.0776,90.0971,448,160,0
2026-05-07 05:30:00,90.0828,90.2037,89.8541,89.8815,447,160,0
2026-05-07 05:45:00,89.8767,90.0036,89.7618,89.9078,448,160,0
2026-05-07 06:00:00,89.892,90.0879,89.8236,90.0717,450,160,0
2026-05-07 06:15:00,90.0687,90.3914,90.0687,90.3073,448,160,0
2026-05-07 06:30:00,90.2919,90.4191,90.0604,90.2325,450,160,0
2026-05-07 06:45:00,90.2313,90.3966,90.0803,90.3205,449,160,0
2026-05-07 07:00:00,90.3052,90.5891,90.186,90.5746,448,160,0
2026-05-07 07:15:00,90.5831,90.7015,90.2992,90.2992,448,160,0
2026-05-07 07:30:00,90.319,90.5408,90.0732,90.5036,448,160,0
2026-05-07 07:45:00,90.5085,90.7212,90.4436,90.5158,446,160,0
2026-05-07 08:00:00,90.5129,90.571,90.2371,90.3935,449,160,0
2026-05-07 08:15:00,90.3756,90.6603,90.3667,90.6603,450,160,0
2026-05-07 08:30:00,90.6642,90.9489,90.6448,90.8897,450,160,0
2026-05-07 08:45:00,90.9018,90.916,90.6972,90.736,446,160,0
2026-05-07 09:00:00,90.7491,90.8943,90.4601,90.5046,448,160,0
2026-05-07 09:15:00,90.5059,90.8195,90.4532,90.6716,450,160,0
2026-05-07 09:30:00,90.6782,91.0675,90.6676,90.9983,448,160,0
2026-05-07 09:45:00,91.0031,91.2366,90.8578,91.0571,446,160,0
2026-05-07 10:00:00,91.0385,91.1122,90.7396,90.9552,449,160,0
2026-05-07 10:15:00,90.9636,91.0726,90.7432,90.7432,449,160,0
2026-05-07 10:30:00,90.7346,90.9332,90.6462,90.6701,448,160,0
2026-05-07 10:45:00,90.6732,90.7921,90.4585,90.755,449,160,0
2026-05-07 11:00:00,90.7384,90.7765,90.2947,90.2947,447,160,0
2026-05-07 11:15:00,90.2844,90.5658,90.2611,90.3974,447,160,0
2026-05-07 11:30:00,90.3871,90.5034,90.3266,90.4827,449,160,0
2026-05-07 11:45:00,90.4844,91.0221,90.3951,90.9582,450,160,0
2026-05-07 12:00:00,90.9287,90.9926,90.7435,90.8055,450,160,0
2026-05-07 12:15:00,90.8119,91.3451,90.8053,91.1378,449,160,0
2026-05-07 12:30:00,91.129,91.6418,91.0198,91.5222,449,160,0
2026-05-07 12:45:00,91.5217,91.8006,91.4616,91.5156,449,160,0
2026-05-07 13:00:00,91.5245,91.5678,91.3179,91.5428,448,160,0
2026-05-07 13:15:00,91.5446,91.6072,91.2487,91.5262,448,160,0
2026-05-07 13:30:00,91.5103,91.6152,91.3452,91.563,447,160,0
2026-05-07 13:45:00,91.5568,91.8158,91.4339,91.6822,450,160,0
2026-05-07 14:00:00,91.6825,91.6825,91.0983,91.3483,450,160,0
2026-05-07 14:15:00,91.3453,91.3692,91.0416,91.3433,449,160,0
2026-05-07 14:30:00,91.346,91.3652,90.8328,90.8609,448,160,0
2026-05-07 14:45:00,90.8563,91.2479,90.8282,91.2167,448,160,0
2026-05-07 15:00:00,91.2323,91.5408,91.1668,91.4662,450,160,0
2026-05-07 15:15:00,91.4714,91.5746,91.1396,91.196,450,160,0
2026-05-07 15:30:00,91.2033,91.2214,90.7111,90.8147,450,160,0
2026-05-07 15:45:00,90.8102,90.9163,90.5896,90.873,449,160,0
2026-05-07 16:00:00,90.8594,91.0274,90.7948,91.0274,449,160,0
2026-05-07 16:15:00,91.0467,91.1619,90.8106,91.0546,450,160,0
2026-05-07 16:30:00,91.0503,91.0956,90.8055,90.9177,446,160,0
2026-05-07 16:45:00,90.9099,91.137,90.7515,91.1147,447,160,0
2026-05-07 17:00:00,91.1204,91.1634,90.8446,90.934,448,160,0
2026-05-07 17:15:00,90.9307,91.0008,90.745,90.9605,449,160,0
2026-05-07 17:30:00,90.9657,91.2529,90.7943,91.1231,448,160,0
2026-05-07 17:45:00,91.1273,91.617,91.1273,91.5237,447,160,0
2026-05-07 18:00:00,91.5323,91.7337,91.3925,91.4685,449,160,0
2026-05-07 18:15:00,91.4614,91.5031,91.2467,91.3844,449,160,0
2026-05-07 18:30:00,91.3691,91.3767,90.8721,91.0303,449,160,0
2026-05-07 18:45:00,91.0436,91.2127,90.8636,90.9049,449,160,0
2026-05-07 19:00:00,90.9279,91.282,90.9026,91.2767,448,160,0
2026-05-07 19:15:00,91.2679,91.308,91.022,91.211,447,160,0
2026-05-07 19:30:00,91.1979,91.388,91.124,91.3607,449,160,0
2026-05-07 19:45:00,91.3456,91.6834,91.3124,91.6254,448,160,0
2026-05-07 20:00:00,91.6411,91.7812,91.3013,91.4672,449,160,0
2026-05-07 20:15:00,91.4565,91.556,91.1852,91.2454,447,160,0
2026-05-07 20:30:00,91.2428,91.4622,91.2274,91.4324,450,160,0
2026-05-07 20:45:00,91.4408,91.485,91.2431,91.2903,449,160,0
2026-05-07 21:00:00,91.28,91.5955,91.2466,91.3657,447,160,0
2026-05-07 21:15:00,91.3703,91.4104,91.2278,91.3896,447,160,0
2026-05-07 21:30:00,91.4067,91.4902,91.1252,91.2809,445,160,0
2026-05-07 21:45:00,91.2851,91.3764,91.0126,91.0347,445,160,0
2026-05-07 22:00:00,91.0551,91.5815,91.0396,91.5552,448,160,0
2026-05-07 22:15:00,91.5537,91.7678,91.5262,91.7678,450,160,0
2026-05-07 22:30:00,91.7533,91.8366,91.5779,91.8141,449,160,0
2026-05-07 22:45:00,91.8064,91.8873,91.6245,91.8155,448,160,0
2026-05-07 23:00:00,91.8195,91.9517,91.7284,91.8039,448,160,0
2026-05-07 23:15:00,91.8074,92.4951,91.7993,92.4205,449,160,0
2026-05-07 23:30:00,92.4123,92.4123,91.98,92.0945,447,160,0
2026-05-07 23:45:00,92.0993,92.1188,91.4604,91.4604,449,160,0
2026-05-08 00:00:00,91.4455,91.7299,91.4423,91.7262,446,160,0
2026-05-08 00:15:00,91.7184,92.0297,91.6831,91.8262,449,160,0
2026-05-08 00:30:00,91.8259,91.8409,91.5495,91.6064,450,160,0
2026-05-08 00:45:00,91.5925,91.7547,91.5311,91.6473,450,160,0
2026-05-08 01:00:00,91.64,91.8635,91.6066,91.7904,449,160,0
2026-05-08 01:15:00,91.8057,91.9365,91.712,91.8737,449,160,0
2026-05-08 01:30:00,91.8697,92.1368,91.7463,92.0399,448,160,0
2026-05-08 01:45:00,92.0501,92.0701,91.6891,91.7391,449,160,0
2026-05-08 02:00:00,91.763,91.7767,91.4302,91.5216,449,160,0
2026-05-08 02:15:00,91.5213,91.7126,91.3643,91.6848,446,160,0
2026-05-08 02:30:00,91.6742,91.8128,91.4675,91.8115,448,160,0
2026-05-08 02:45:00,91.8054,91.8925,91.4842,91.5585,448,160,0
2026-05-08 03:00:00,91.5659,91.7875,91.4892,91.6997,449,160,0
2026-05-08 03:15:00,91.7104,91.8355,91.6233,91.754,450,160,0
2026-05-08 03:30:00,91.7867,91.9681,91.5671,91.5671,450,160,0
2026-05-08 03:45:00,91.5685,91.6325,91.2964,91.3671,448,160,0
2026-05-08 04:00:00,91.3593,91.4243,91.0035,91.1698,449,160,0
2026-05-08 04:15:00,91.1741,91.543,91.1741,91.2711,448,160,0
2026-05-08 04:30:00,91.2605,91.5601,91.0982,91.4953,450,160,0
2026-05-08 04:45:00,91.4984,91.5391,91.1722,91.1987,448,160,0
2026-05-08 05:00:00,91.1965,91.2374,90.858,90.9661,450,160,0
2026-05-08 05:15:00,90.9533,91.0678,90.6158,90.8023,449,160,0
2026-05-08 05:30:00,90.811,90.8244,90.4466,90.516,447,160,0
2026-05-08 05:45:00,90.5111,90.6254,90.1828,90.2007,448,160,0
2026-05-08 06:00:00,90.187,90.2574,89.8577,90.1467,448,160,0
2026-05-08 06:15:00,90.1333,90.3501,89.804,89.8926,450,160,0
2026-05-08 06:30:00,89.8894,89.9287,89.5707,89.6629,449,160,0
2026-05-08 06:45:00,89.6761,89.8243,89.4021,89.417,448,160,0
2026-05-08 07:00:00,89.4218,89.4822,89.1639,89.1867,449,160,0
2026-05-08 07:15:00,89.1933,89.2457,89.0286,89.1922,446,160,0
2026-05-08 07:30:00,89.1857,89.2729,88.8494,88.9196,449,160,0
2026-05-08 07:45:00,88.9158,89.141,88.8967,89.0255,448,160,0
2026-05-08 08:00:00,89.0133,89.1115,88.6774,88.7278,450,160,0
2026-05-08 08:15:00,88.7304,89.0102,88.611,88.6254,446,160,0
2026-05-08 08:30:00,88.6346,88.7219,88.414,88.6729,450,160,0
2026-05-08 08:45:00,88.679,88.7567,88.5166,88.5605,449,160,0
2026-05-08 09:00:00,88.5506,88.8393,88.5506,88.6587,449,160,0
2026-05-08 09:15:00,88.6665,89.0106,88.6665,88.968,450,160,0
2026-05-08 09:30:00,88.9737,89.6022,88.9568,89.5144,448,160,0
2026-05-08 09:45:00,89.5161,89.7289,89.4659,89.5301,450,160,0
2026-05-08 10:00:00,89.5141,89.7512,89.4527,89.7432,450,160,0
2026-05-08 10:15:00,89.742,90.0722,89.6456,90.0116,449,160,0
2026-05-08 10:30:00,90.0029,90.3836,89.8985,90.3244,449,160,0
2026-05-08 10:45:00,90.3129,90.3431,90.0236,90.2194,447,160,0
2026-05-08 11:00:00,90.2238,90.3836,90.0809,90.216,449,160,0
2026-05-08 11:15:00,90.2305,90.2752,89.9713,90.16,449,160,0
2026-05-08 11:30:00,90.1611,90.3057,89.9283,90.0976,449,160,0
2026-05-08 11:45:00,90.1073,90.1415,89.387,89.503,448,160,0
2026-05-08 12:00:00,89.5004,89.6117,89.2792,89.3442,447,160,0
2026-05-08 12:15:00,89.3522,89.5307,89.2434,89.287,449,160,0
2026-05-08 12:30:00,89.277,90.0501,89.2722,89.9185,449,160,0
2026-05-08 12:45:00,89.9149,90.2289,89.8632,90.1499,448,160,0
2026-05-08 13:00:00,90.1577,90.1978,89.9569,90.0057,448,160,0
2026-05-08 13:15:00,89.9992,90.0862,89.6057,89.7173,449,160,0
2026-05-08 13:30:00,89.7146,89.8116,89.4584,89.4763,446,160,0
2026-05-08 13:45:00,89.4836,89.8448,89.4128,89.6313,449,160,0
2026-05-08 14:00:00,89.6312,89.9546,89.6256,89.8145,449,160,0
2026-05-08 14:15:00,89.8088,90.1109,89.7434,89.8306,448,160,0
2026-05-08 14:30:00,89.8155,90.0331,89.5374,89.6481,450,160,0
2026-05-08 14:45:00,89.6237,90.0354,89.5252,90.0286,448,160,0
2026-05-08 15:00:00,90.0308,90.5969,90.0173,90.5866,449,160,0
2026-05-08 15:15:00,90.5858,90.6536,90.3285,90.4499,449,160,0
2026-05-08 15:30:00,90.4294,90.505,90.1985,90.2858,447,160,0
2026-05-08 15:45:00,90.2666,90.4695,90.1443,90.2339,448,160,0
2026-05-08 16:00:00,90.2074,90.2074,89.9161,89.9906,449,160,0
2026-05-08 16:15:00,89.9937,90.2623,89.9333,90.2376,448,160,0
2026-05-08 16:30:00,90.253,90.253,89.8397,89.8935,445,160,0
2026-05-08 16:45:00,89.8828,90.0951,89.7832,89.9276,449,160,0
2026-05-08 17:00:00,89.9433,90.0865,89.8021,89.9128,448,160,0
2026-05-08 17:15:00,89.9011,89.9011,89.472,89.6648,449,160,0
2026-05-08 17:30:00,89.6627,89.6806,89.3639,89.5094,445,160,0
2026-05-08 17:45:00,89.513,89.6492,89.4172,89.466,448,160,0
2026-05-08 18:00:00,89.4782,89.685,89.3228,89.6677,447,160,0
2026-05-08 18:15:00,89.662,89.662,89.316,89.6095,449,160,0
2026-05-08 18:30:00,89.6058,89.7011,89.2563,89.29,449,160,0
2026-05-08 18:45:00,89.3126,89.4572,89.0319,89.1067,448,160,0
2026-05-08 19:00:00,89.1158,89.2164,88.8035,88.9406,450,160,0
2026-05-08 19:15:00,88.9276,88.9765,88.5189,88.5189,448,160,0
2026-05-08 19:30:00,88.5132,88.6971,88.4598,88.6032,448,160,0
2026-05-08 19:45:00,88.6149,88.7294,88.4784,88.5643,450,160,0
2026-05-08 20:00:00,88.5651,88.5942,88.1453,88.2565,448,160,0
2026-05-08 20:15:00,88.2608,88.675,88.2608,88.5734,447,160,0
2026-05-08 20:30:00,88.5698,88.7616,88.3673,88.3703,450,160,0
2026-05-08 20:45:00,88.3702,88.4426,88.1143,88.3213,450,160,0
2026-05-08 21:00:00,88.3131,88.4797,88.2334,88.3359,448,160,0
2026-05-08 21:15:00,88.327,88.5324,88.1987,88.2924,450,160,0
2026-05-08 21:30:00,88.2895,88.4526,88.1675,88.1997,448,160,0
2026-05-08 21:45:00,88.1824,88.3223,88.0588,88.0588,450,160,0
2026-05-08 22:00:00,88.0405,88.2567,87.9363,88.2017,447,160,0
2026-05-08 22:15:00,88.2011,88.2064,87.7577,87.8063,447,160,0
2026-05-08 22:30:00,87.8072,88.1042,87.7947,88.0218,450,160,0
2026-05-08 22:45:00,88.037,88.2403,87.7851,88.2128,448,160,0
2026-05-08 23:00:00,88.2124,88.4403,88.1249,88.3216,449,160,0
2026-05-08 23:15:00,88.3268,88.3825,87.7911,88.1234,449,160,0
2026-05-08 23:30:00,88.1256,88.3186,88.0894,88.1586,449,160,0
2026-05-08 23:45:00,88.1434,88.4552,88.1402,88.3899,450,80,0
2026-05-09 00:00:00,88.396,88.5885,88.3731,88.5066,448,80,0
2026-05-09 00:15:00,88.516,89.1585,88.5001,89.0501,447,80,0
2026-05-09 00:30:00,89.0813,89.2123,88.8649,89.0072,449,80,0
2026-05-09 00:45:00,89.0098,89.0601,88.6315,88.6639,450,80,0
2026-05-09 01:00:00,88.6527,88.7356,88.226,88.2807,449,80,0
2026-05-09 01:15:00,88.3084,88.5754,88.2773,88.5241,449,80,0
2026-05-09 01:30:00,88.5158,88.6653,88.2146,88.6289,450,80,0
2026-05-09 01:45:00,88.629,88.8677,88.5701,88.6601,449,80,0
2026-05-09 02:00:00,88.6738,88.6823,88.2253,88.2486,449,80,0
2026-05-09 02:15:00,88.2379,88.3882,88.1621,88.2738,449,80,0
2026-05-09 02:30:00,88.2709,88.4291,88.1194,88.4201,450,80,0
2026-05-09 02:45:00,88.4093,88.4449,88.0442,88.1574,449,80,0
2026-05-09 03:00:00,88.1482,88.3581,88.0605,88.2176,448,80,0
2026-05-09 03:15:00,88.2253,88.2815,88.0331,88.1196,448,80,0
2026-05-09 03:30:00,88.1281,88.2013,88.0225,88.1913,449,80,0
2026-05-09 03:45:00,88.1924,88.5266,88.1724,88.2279,448,80,0
2026-05-09 04:00:00,88.2254,88.5762,88.1809,88.4484,448,80,0
2026-05-09 04:15:00,88.4665,88.841,88.4106,88.6785,450,80,0
2026-05-09 04:30:00,88.6636,88.9803,88.6435,88.8871,447,80,0
2026-05-09 04:45:00,88.8781,89.027,88.8127,88.8647,449,80,0
2026-05-09 05:00:00,88.8661,89.0292,88.6198,89.0292,448,80,0
2026-05-09 05:15:00,89.0311,89.1618,88.8885,89.1119,448,80,0
2026-05-09 05:30:00,89.1139,89.3162,89.0027,89.1227,450,80,0
2026-05-09 05:45:00,89.1279,89.304,88.9946,89.1258,447,80,0
2026-05-09 06:00:00,89.1296,89.4132,88.8193,89.4015,448,80,0
2026-05-09 06:15:00,89.3966,89.5254,89.2668,89.4313,449,80,0
2026-05-09 06:30:00,89.4353,89.4355,89.1484,89.3275,449,80,0
2026-05-09 06:45:00,89.3182,89.5051,89.2192,89.3488,448,80,0
2026-05-09 07:00:00,89.3466,89.6232,89.2032,89.6073,447,80,0
2026-05-09 07:15:00,89.5964,89.742,89.2134,89.2982,445,80,0
2026-05-09 07:30:00,89.29,89.6314,89.2568,89.6264,448,80,0
2026-05-09 07:45:00,89.6332,89.648,89.339,89.3742,447,80,0
2026-05-09 08:00:00,89.3844,89.7036,89.3532,89.7036,447,80,0
2026-05-09 08:15:00,89.6955,89.8593,89.6214,89.6951,449,80,0
2026-05-09 08:30:00,89.6824,90.0091,89.6729,89.8998,448,80,0
2026-05-09 08:45:00,89.9218,90.0914,89.7408,89.9616,448,80,0
2026-05-09 09:00:00,89.9625,90.4678,89.9625,90.3619,449,80,0
2026-05-09 09:15:00,90.3567,90.5939,90.3363,90.5072,450,80,0
2026-05-09 09:30:00,90.5159,90.5466,90.1905,90.378,449,80,0
2026-05-09 09:45:00,90.3775,90.581,90.3439,90.5432,448,80,0
2026-05-09 10:00:00,90.544,90.7495,90.4653,90.665,447,80,0
2026-05-09 10:15:00,90.659,91.0348,90.6253,90.9801,449,80,0
2026-05-09 10:30:00,90.9783,91.1516,90.837,91.1308,448,80,0
2026-05-09 10:45:00,91.1488,91.2423,91.0128,91.1118,448,80,0
2026-05-09 11:00:00,91.114,91.2275,91.0251,91.0915,449,80,0
2026-05-09 11:15:00,91.0781,91.5041,91.0432,91.4918,445,80,0
2026-05-09 11:30:00,91.4849,91.6567,91.1718,91.242,449,80,0
2026-05-09 11:45:00,91.252,91.5418,91.1686,91.284,448,80,0
2026-05-09 12:00:00,91.2767,91.7051,91.2442,91.5234,447,80,0
2026-05-09 12:15:00,91.52,91.52,91.2218,91.3101,449,80,0
2026-05-09 12:30:00,91.3018,91.4165,90.958,91.0225,448,80,0
2026-05-09 12:45:00,91.0217,91.1236,90.6178,91.0453,450,80,0
2026-05-09 13:00:00,91.0409,91.2413,90.917,91.2141,449,80,0
2026-05-09 13:15:00,91.2057,91.2173,90.9309,91.0599,449,80,0
2026-05-09 13:30:00,91.0716,91.2165,90.9303,90.9372,449,80,0
2026-05-09 13:45:00,90.9504,90.9974,90.7182,90.8769,450,80,0
2026-05-09 14:00:00,90.8755,91.1037,90.7711,90.7711,447,80,0
2026-05-09 14:15:00,90.7644,90.8635,90.5598,90.6225,448,80,0
2026-05-09 14:30:00,90.6163,90.7172,90.42,90.5217,450,80,0
2026-05-09 14:45:00,90.528,90.6032,90.327,90.5851,448,80,0
2026-05-09 15:00:00,90.5814,90.735,90.3078,90.4747,448,80,0
2026-05-09 15:15:00,90.4782,90.4782,90.0929,90.1587,449,80,0
2026-05-09 15:30:00,90.1842,90.5503,90.0831,90.3252,447,80,0
2026-05-09 15:45:00,90.3325,90.5341,90.2638,90.5159,447,80,0
2026-05-09 16:00:00,90.5168,90.9212,90.4654,90.7936,448,80,0
2026-05-09 16:15:00,90.794,91.0859,90.7242,91.0609,448,80,0
2026-05-09 16:30:00,91.0664,91.5858,91.0664,91.4533,448,80,0
2026-05-09 16:45:00,91.4616,91.5644,90.8829,91.161,450,80,0
2026-05-09 17:00:00,91.1546,91.3543,91.0059,91.2054,449,80,0
2026-05-09 17:15:00,91.2041,91.3547,91.0859,91.1822,449,80,0
2026-05-09 17:30:00,91.184,91.4895,91.1455,91.3024,446,80,0
2026-05-09 17:45:00,91.3377,91.445,91.2047,91.309,447,80,0
2026-05-09 18:00:00,91.3154,91.4882,91.2335,91.3879,448,80,0
2026-05-09 18:15:00,91.3834,91.3956,90.8194,90.8751,450,80,0
2026-05-09 18:30:00,90.8804,91.107,90.7966,91.0375,449,80,0
2026-05-09 18:45:00,91.0262,91.1484,90.8826,90.9212,449,80,0
2026-05-09 19:00:00,90.9242,91.1657,90.8914,90.9532,446,80,0
2026-05-09 19:15:00,90.9518,91.1651,90.8841,91.0926,447,80,0
2026-05-09 19:30:00,91.0751,91.1144,90.8427,90.9436,450,80,0
2026-05-09 19:45:00,90.9496,91.1537,90.844,90.9764,448,80,0
2026-05-09 20:00:00,90.9781,91.2024,90.9454,91.1108,448,80,0
2026-05-09 20:15:00,91.1086,91.3722,91.0284,91.3722,450,80,0
2026-05-09 20:30:00,91.388,91.5328,91.1089,91.3018,446,80,0
2026-05-09 20:45:00,91.2962,91.338,91.0958,91.2385,448,80,0
2026-05-09 21:00:00,91.2269,91.4516,90.8948,90.9222,446,80,0
2026-05-09 21:15:00,90.9192,90.9791,90.6841,90.7076,449,80,0
2026-05-09 21:30:00,90.712,90.712,90.3275,90.5255,449,80,0
2026-05-09 21:45:00,90.5486,90.9033,90.5417,90.7402,448,80,0
2026-05-09 22:00:00,90.7554,90.8619,90.2871,90.3577,449,80,0
2026-05-09 22:15:00,90.3593,90.6019,90.2865,90.4732,449,80,0
2026-05-09 22:30:00,90.4533,90.5627,90.3351,90.4314,449,80,0
2026-05-09 22:45:00,90.4289,90.5178,90.2382,90.4477,448,80,0
2026-05-09 23:00:00,90.4485,90.7906,90.2676,90.7701,448,80,0
2026-05-09 23:15:00,90.7795,90.8937,90.487,90.8918,447,80,0
2026-05-09 23:30:00,90.9179,91.0356,90.5529,90.6403,448,80,0
2026-05-09 23:45:00,90.6336,90.8635,90.4929,90.8039,448,80,0
2026-05-10 00:00:00,90.8292,91.0612,90.8021,90.9334,449,80,0
2026-05-10 00:15:00,90.9129,91.0137,90.5834,90.5923,448,80,0
2026-05-10 00:30:00,90.5882,90.8644,90.5305,90.5939,449,80,0
2026-05-10 00:45:00,90.5831,90.8892,90.4974,90.4974,449,80,0
2026-05-10 01:00:00,90.5022,90.8481,90.4685,90.7698,449,80,0
2026-05-10 01:15:00,90.7624,90.8655,90.6067,90.7208,448,80,0
2026-05-10 01:30:00,90.7208,90.8391,90.4939,90.8391,449,80,0
2026-05-10 01:45:00,90.8368,90.9637,90.7394,90.8644,449,80,0
2026-05-10 02:00:00,90.8594,90.863,90.3256,90.3519,448,80,0
2026-05-10 02:15:00,90.3353,90.3731,89.4838,89.5254,446,80,0
2026-05-10 02:30:00,89.5239,89.644,89.3717,89.4382,449,80,0
2026-05-10 02:45:00,89.4464,89.7989,89.2936,89.6206,447,80,0
2026-05-10 03:00:00,89.6239,89.6532,89.348,89.4812,447,80,0
2026-05-10 03:15:00,89.4719,89.5244,89.1013,89.1421,448,80,0
2026-05-10 03:30:00,89.1727,89.2295,88.9409,89.0123,447,80,0
2026-05-10 03:45:00,89.0175,89.2211,88.943,89.1594,449,80,0
2026-05-10 04:00:00,89.1512,89.3335,89.0597,89.0816,450,80,0
2026-05-10 04:15:00,89.0877,89.3124,89.0276,89.1425,447,80,0
2026-05-10 04:30:00,89.1485,89.2686,88.9897,89.0458,450,80,0
2026-05-10 04:45:00,89.0585,89.0664,88.6736,88.7578,450,80,0
2026-05-10 05:00:00,88.7507,88.8131,88.3878,88.6964,449,80,0
2026-05-10 05:15:00,88.6808,88.9314,88.5712,88.9111,449,80,0
2026-05-10 05:30:00,88.9115,89.265,88.9115,89.1392,449,80,0
2026-05-10 05:45:00,89.1321,89.1928,88.7808,88.8141,449,80,0
2026-05-10 06:00:00,88.8059,88.9897,88.6692,88.8389,449,80,0
2026-05-10 06:15:00,88.8277,88.9508,88.5869,88.7905,449,80,0
2026-05-10 06:30:00,88.7974,88.9309,88.6475,88.852,449,80,0
2026-05-10 06:45:00,88.8463,89.2125,88.8403,89.0988,449,80,0
2026-05-10 07:00:00,89.0985,89.1349,88.29,88.4253,446,80,0
2026-05-10 07:15:00,88.4234,88.552,88.3044,88.3324,446,80,0
2026-05-10 07:30:00,88.3468,88.8615,88.3434,88.7187,450,80,0
2026-05-10 07:45:00,88.7223,88.8658,88.5341,88.6826,448,80,0
2026-05-10 08:00:00,88.7097,88.8097,88.5637,88.7317,448,80,0
2026-05-10 08:15:00,88.7114,88.8639,88.6538,88.6921,449,80,0
2026-05-10 08:30:00,88.7092,88.8296,88.5784,88.6423,448,80,0
2026-05-10 08:45:00,88.6535,88.7517,88.3425,88.7397,450,80,0
2026-05-10 09:00:00,88.7323,88.8458,88.5021,88.522,449,80,0
2026-05-10 09:15:00,88.5191,88.5639,88.2223,88.2525,448,80,0
2026-05-10 09:30:00,88.2482,88.3927,88.0585,88.3224,450,80,0
2026-05-10 09:45:00,88.3201,88.3757,88.036,88.064,449,80,0
2026-05-10 10:00:00,88.0818,88.1903,87.9104,88.1007,447,80,0
2026-05-10 10:15:00,88.111,88.1151,87.7957,87.9431,450,80,0
2026-05-10 10:30:00,87.9244,88.1486,87.7786,88.0986,450,80,0
2026-05-10 10:45:00,88.0954,88.3017,87.9553,88.1392,450,80,0
2026-05-10 11:00:00,88.1304,88.3074,88.0563,88.1024,447,80,0
2026-05-10 11:15:00,88.0755,88.3943,88.0006,88.3901,449,80,0
2026-05-10 11:30:00,88.3906,88.6672,88.2694,88.6201,450,80,0
2026-05-10 11:45:00,88.6268,88.843,88.5305,88.7668,449,80,0
2026-05-10 12:00:00,88.7717,88.8476,88.5877,88.6956,450,80,0
2026-05-10 12:15:00,88.696,88.726,88.4957,88.4957,450,80,0
2026-05-10 12:30:00,88.4966,88.7051,88.467,88.6537,449,80,0
2026-05-10 12:45:00,88.6508,89.1169,88.4994,88.8892,448,80,0
2026-05-10 13:00:00,88.8854,88.9274,88.6507,88.7299,449,80,0
2026-05-10 13:15:00,88.7267,88.8336,88.5995,88.7439,445,80,0
2026-05-10 13:30:00,88.7198,88.826,88.6127,88.7594,448,80,0
2026-05-10 13:45:00,88.7451,88.9944,88.712,88.9204,449,80,0
2026-05-10 14:00:00,88.9194,89.1407,88.7452,88.9626,450,80,0
2026-05-10 14:15:00,88.9736,89.1318,88.8534,88.9452,450,80,0
2026-05-10 14:30:00,88.9516,89.1049,88.9144,89.0619,449,80,0
2026-05-10 14:45:00,89.0529,89.1871,88.9341,89.1841,448,80,0
2026-05-10 15:00:00,89.1855,89.5121,89.1377,89.4685,450,80,0
2026-05-10 15:15:00,89.4623,89.6215,89.2373,89.2972,448,80,0
2026-05-10 15:30:00,89.2727,89.5343,89.2379,89.3383,450,80,0
2026-05-10 15:45:00,89.3461,89.6645,89.2067,89.2395,449,80,0
2026-05-10 16:00:00,89.2643,89.2952,88.7094,88.7094,450,80,0
2026-05-10 16:15:00,88.7075,88.7699,88.5642,88.5883,450,80,0
2026-05-10 16:30:00,88.5594,88.65090000000001,88.3127,88.3852,444,80,0
2026-05-10 16:45:00,88.396,88.6173,88.3063,88.5905,449,80,0
2026-05-10 17:00:00,88.5889,88.7812,88.471,88.5036,448,80,0
2026-05-10 17:15:00,88.515,88.8032,88.3807,88.6066,450,80,0
2026-05-10 17:30:00,88.6035,88.7104,88.3994,88.5807,449,80,0
2026-05-10 17:45:00,88.5636,88.9118,88.5584,88.9011,447,80,0
2026-05-10 18:00:00,88.9036,88.9088,88.3281,88.4757,446,80,0
2026-05-10 18:15:00,88.4935,88.6426,88.4134,88.6426,449,80,0
2026-05-10 18:30:00,88.6335,88.6335,88.3644,88.5001,450,80,0
2026-05-10 18:45:00,88.4787,88.5701,88.0843,88.1028,448,80,0
2026-05-10 19:00:00,88.1163,88.2798,87.9152,87.9152,450,80,0
2026-05-10 19:15:00,87.9256,88.6239,87.9051,88.6239,450,80,0
2026-05-10 19:30:00,88.623,89.0182,88.5655,88.8963,447,80,0
2026-05-10 19:45:00,88.8996,89.1069,88.7797,88.9982,447,80,0
2026-05-10 20:00:00,88.9823,89.088,88.8756,89.0279,449,80,0
2026-05-10 20:15:00,89.0271,89.0521,88.6447,88.7769,449,80,0
2026-05-10 20:30:00,88.7856,88.8707,88.492,88.5973,448,80,0
2026-05-10 20:45:00,88.5877,88.9977,88.5688,88.991,449,80,0
2026-05-10 21:00:00,88.9939,89.1545,88.6117,88.7794,447,80,0
2026-05-10 21:15:00,88.7714,88.9714,88.7553,88.8232,450,80,0
2026-05-10 21:30:00,88.8076,89.0644,88.7399,88.8749,446,80,0
2026-05-10 21:45:00,88.869,89.0782,88.8236,89.0015,450,80,0
2026-05-10 22:00:00,89.0035,89.1773,88.7306,88.7437,449,80,0
2026-05-10 22:15:00,88.7515,88.8173,88.4456,88.4956,449,80,0
2026-05-10 22:30:00,88.5096,88.7999,88.3989,88.7183,448,80,0
2026-05-10 22:45:00,88.7266,88.8769,88.5772,88.7181,449,80,0
2026-05-10 23:00:00,88.7277,88.7782,88.3679,88.3808,447,80,0
2026-05-10 23:15:00,88.3723,88.6759,88.325,88.3847,447,80,0
2026-05-10 23:30:00,88.3755,88.522,88.1623,88.2049,445,80,0
2026-05-10 23:45:00,88.1999,88.584,88.1656,88.4842,449,80,0
2026-05-11 00:00:00,88.4823,88.8696,88.4023,88.7692,447,80,0
2026-05-11 00:15:00,88.7596,89.1295,88.6517,89.073,446,160,0
2026-05-11 00:30:00,89.0603,89.3226,89.0434,89.1953,447,160,0
2026-05-11 00:45:00,89.2018,89.7014,89.1604,89.6676,447,160,0
2026-05-11 01:00:00,89.6495,89.8436,89.4048,89.8351,449,160,0
2026-05-11 01:15:00,89.8371,89.9797,89.7189,89.7648,450,160,0
2026-05-11 01:30:00,89.7719,89.8457,89.4642,89.5551,450,160,0
2026-05-11 01:45:00,89.5692,89.7663,89.3797,89.5559,450,160,0
2026-05-11 02:00:00,89.5435,89.5801,89.02,89.097,449,160,0
2026-05-11 02:15:00,89.1002,89.3705,88.9075,88.9759,449,160,0
2026-05-11 02:30:00,88.9859,89.4124,88.8306,89.3865,448,160,0
2026-05-11 02:45:00,89.3932,89.5926,89.3098,89.4282,449,160,0
2026-05-11 03:00:00,89.4248,89.5462,88.9,88.9134,448,160,0
2026-05-11 03:15:00,88.9282,89.3699,88.9188,89.2273,449,160,0
2026-05-11 03:30:00,89.222,89.5838,89.1285,89.3928,449,160,0
2026-05-11 03:45:00,89.392,89.5909,89.3274,89.3701,450,160,0
2026-05-11 04:00:00,89.372,89.5092,89.2851,89.4557,447,160,0
2026-05-11 04:15:00,89.4583,89.5006,89.2384,89.2789,448,160,0
2026-05-11 04:30:00,89.2801,89.3411,89.1208,89.2664,450,160,0
2026-05-11 04:45:00,89.2664,89.3237,88.8356,88.9486,449,160,0
2026-05-11 05:00:00,88.9474,89.1693,88.8988,89.1487,450,160,0
2026-05-11 05:15:00,89.148,89.2826,88.9985,89.0003,450,160,0
2026-05-11 05:30:00,89.0131,89.1422,88.7906,89.0023,450,160,0
2026-05-11 05:45:00,89.0254,89.0737,88.7418,88.9054,448,160,0
2026-05-11 06:00:00,88.9031,89.0911,88.8164,88.8847,448,160,0
2026-05-11 06:15:00,88.8745,89.2235,88.6987,89.1886,448,160,0
2026-05-11 06:30:00,89.1984,89.4324,88.9938,89.4324,448,160,0
2026-05-11 06:45:00,89.4403,89.7769,89.2984,89.7038,448,160,0
2026-05-11 07:00:00,89.7078,89.815,89.5425,89.7686,446,160,0
2026-05-11 07:15:00,89.7748,89.842,89.4884,89.5832,449,160,0
2026-05-11 07:30:00,89.6028,89.7761,89.4288,89.6482,447,160,0
2026-05-11 07:45:00,89.6533,89.8441,89.3763,89.5616,450,160,0
2026-05-11 08:00:00,89.5635,89.6089,89.1464,89.2442,448,160,0
2026-05-11 08:15:00,89.2574,89.275,88.9712,89.1142,447,150,0
2026-05-11 08:30:00,89.0904,89.0904,88.5573,88.7941,447,150,0
2026-05-11 08:45:00,88.7884,88.8972,88.5609,88.6801,450,150,0
2026-05-11 09:00:00,88.6702,89.1435,88.6256,89.1084,449,150,0
2026-05-11 09:15:00,89.1076,89.3089,89.058,89.1222,447,150,0
2026-05-11 09:30:00,89.1234,89.2884,88.9238,89.2673,448,150,0
2026-05-11 09:45:00,89.2583,89.5025,89.2394,89.3743,449,150,0
2026-05-11 10:00:00,89.3681,89.4472,89.062,89.1659,450,150,0
2026-05-11 10:15:00,89.1915,89.2463,88.922,89.0259,449,150,0
2026-05-11 10:30:00,89.0296,89.1493,88.7331,89.0609,450,150,0
2026-05-11 10:45:00,89.0576,89.1188,88.7642,88.798,450,150,0
2026-05-11 11:00:00,88.8052,89.2308,88.7669,89.164,447,150,0
2026-05-11 11:15:00,89.1797,89.5778,89.037,89.4947,450,150,0
2026-05-11 11:30:00,89.498,89.6701,89.2453,89.2488,450,150,0
2026-05-11 11:45:00,89.2513,89.3041,88.975,89.068,449,150,0
2026-05-11 12:00:00,89.0777,89.125,88.8465,88.8465,448,150,0
2026-05-11 12:15:00,88.8391,89.0428,88.5143,88.5701,447,150,0
2026-05-11 12:30:00,88.5767,88.9213,88.4976,88.9213,449,150,0
2026-05-11 12:45:00,88.9147,88.918,88.5398,88.7327,449,150,0
2026-05-11 13:00:00,88.7049,88.7158,88.472,88.7158,448,150,0
2026-05-11 13:15:00,88.704,88.886,88.5454,88.8086,450,150,0
2026-05-11 13:30:00,88.8078,88.8184,88.3492,88.5553,448,150,0
2026-05-11 13:45:00,88.5637,88.5927,88.14,88.15,448,150,0
2026-05-11 14:00:00,88.1527,88.2885,87.9445,88.1491,449,150,0
2026-05-11 14:15:00,88.1437,88.2146,87.9335,88.067,449,150,0
2026-05-11 14:30:00,88.0626,88.0931,87.7716,87.8036,449,150,0
2026-05-11 14:45:00,87.8063,87.8457,87.5846,87.6308,448,150,0
2026-05-11 15:00:00,87.6074,87.8049,87.4872,87.7034,448,150,0
2026-05-11 15:15:00,87.7046,87.8343,87.6218,87.7721,450,150,0
2026-05-11 15:30:00,87.7703,88.0673,87.6805,88.0433,449,150,0
2026-05-11 15:45:00,88.0545,88.1443,87.807,87.8399,450,150,0
2026-05-11 16:00:00,87.8417,88.073,87.7081,87.9525,450,150,0
2026-05-11 16:15:00,87.951,88.1528,87.8775,88.0113,449,150,0
2026-05-11 16:30:00,88.0187,88.2379,87.8622,87.8649,449,150,0
2026-05-11 16:45:00,87.8677,87.9086,87.4482,87.4903,449,150,0
2026-05-11 17:00:00,87.5045,87.886,87.4914,87.8092,449,150,0
2026-05-11 17:15:00,87.7806,88.1592,87.6779,87.9895,450,150,0
2026-05-11 17:30:00,87.9839,88.1742,87.9174,87.9823,448,150,0
2026-05-11 17:45:00,87.9911,88.078,87.8089,87.9819,450,150,0
2026-05-11 18:00:00,87.9862,88.1794,87.8283,87.8617,449,150,0
2026-05-11 18:15:00,87.8501,87.9103,87.6744,87.7042,445,150,0
2026-05-11 18:30:00,87.7104,87.7892,87.5261,87.7008,449,150,0
2026-05-11 18:45:00,87.6883,87.8624,87.4891,87.5978,450,150,0
2026-05-11 19:00:00,87.5919,87.9415,87.4975,87.9173,450,150,0
2026-05-11 19:15:00,87.9088,88.3214,87.8527,88.0678,449,150,0
2026-05-11 19:30:00,88.0621,88.1487,87.8937,87.9874,449,150,0
2026-05-11 19:45:00,87.9849,88.0698,87.6488,87.6891,450,150,0
2026-05-11 20:00:00,87.6898,87.9188,87.4019,87.4748,450,150,0
2026-05-11 20:15:00,87.4614,87.6331,87.1846,87.5938,448,150,0
2026-05-11 20:30:00,87.6133,87.82,87.3946,87.399,450,150,0
2026-05-11 20:45:00,87.3874,87.488,87.217,87.3464,448,150,0
2026-05-11 21:00:00,87.344,87.6413,87.3138,87.4312,449,150,0
2026-05-11 21:15:00,87.4192,87.7409,87.4082,87.6393,449,150,0
2026-05-11 21:30:00,87.6452,87.6759,87.2426,87.3756,449,150,0
2026-05-11 21:45:00,87.3817,87.6687,87.1613,87.6406,449,150,0
2026-05-11 22:00:00,87.6303,87.7477,87.4625,87.4895,448,150,0
2026-05-11 22:15:00,87.4922,87.5833,87.2523,87.3381,446,150,0
2026-05-11 22:30:00,87.3244,87.4327,87.0122,87.0333,449,150,0
2026-05-11 22:45:00,87.0446,87.1732,86.9371,87.0106,448,150,0
2026-05-11 23:00:00,87.0256,87.3901,87.008,87.3295,448,150,0
2026-05-11 23:15:00,87.3399,87.7443,87.2671,87.5756,449,150,0
2026-05-11 23:30:00,87.5693,87.6645,87.3079,87.5526,448,150,0
2026-05-11 23:45:00,87.5618,87.9848,87.3229,87.9713,450,150,0
2026-05-12 00:00:00,87.976,88.156,87.8495,87.8732,449,150,0
2026-05-12 00:15:00,87.8676,88.0866,87.7509,88.0696,448,150,0
2026-05-12 00:30:00,88.0781,88.3929,88.0473,88.3688,449,150,0
2026-05-12 00:45:00,88.3794,88.5204,88.242,88.3153,449,150,0
2026-05-12 01:00:00,88.3089,88.4487,88.0863,88.2222,447,150,0
2026-05-12 01:15:00,88.2275,88.4114,87.8285,87.873,449,150,0
2026-05-12 01:30:00,87.8775,88.167,87.8325,88.0965,448,150,0
2026-05-12 01:45:00,88.1064,88.3476,88.0922,88.332,449,150,0
2026-05-12 02:00:00,88.3369,88.4331,88.0973,88.1955,450,150,0
2026-05-12 02:15:00,88.2217,88.3505,88.126,88.1768,449,150,0
2026-05-12 02:30:00,88.1665,88.1922,87.8467,88.0231,450,150,0
2026-05-12 02:45:00,88.0207,88.25,87.8943,88.0139,450,150,0
2026-05-12 03:00:00,88.0218,88.0419,87.545,87.545,449,150,0
2026-05-12 03:15:00,87.5555,87.645,87.2867,87.4107,449,150,0
2026-05-12 03:30:00,87.4164,87.5072,87.2085,87.4164,449,150,0
2026-05-12 03:45:00,87.4309,87.6344,87.4257,87.4494,448,150,0
2026-05-12 04:00:00,87.4359,87.5099,87.047,87.1348,449,150,0
2026-05-12 04:15:00,87.1161,87.1794,86.6848,86.7029,450,150,0
2026-05-12 04:30:00,86.6965,87.0082,86.6717,86.7462,449,150,0
2026-05-12 04:45:00,86.7447,87.1053,86.6604,87.0872,448,150,0
2026-05-12 05:00:00,87.0698,87.1882,86.932,87.0275,448,150,0
2026-05-12 05:15:00,87.0487,87.1637,86.6986,86.746,447,150,0
2026-05-12 05:30:00,86.7533,86.9534,86.5779,86.7535,448,150,0
2026-05-12 05:45:00,86.7613,86.8022,86.2619,86.3652,449,150,0
2026-05-12 06:00:00,86.375,86.5188,86.2752,86.2752,448,150,0
2026-05-12 06:15:00,86.2842,86.4111,86.1617,86.4111,450,150,0
2026-05-12 06:30:00,86.3893,86.5207,86.2141,86.2628,449,150,0
2026-05-12 06:45:00,86.2525,86.6883,86.1773,86.6808,449,150,0
2026-05-12 07:00:00,86.6896,86.9856,86.6633,86.9416,450,150,0
2026-05-12 07:15:00,86.9517,87.03,86.65,86.6709,449,150,0
2026-05-12 07:30:00,86.6768,86.8942,86.5362,86.835,449,150,0
2026-05-12 07:45:00,86.8399,86.8515,86.66,86.8158,446,150,0
2026-05-12 08:00:00,86.8221,86.8657,86.5082,86.6458,448,150,0
2026-05-12 08:15:00,86.6522,87.0023,86.6522,86.9562,450,150,0
2026-05-12 08:30:00,86.949,87.567,86.9255,87.4333,448,150,0
2026-05-12 08:45:00,87.4327,87.6901,87.2469,87.6751,449,150,0
2026-05-12 09:00:00,87.6822,87.7037,87.3603,87.4856,449,150,0
2026-05-12 09:15:00,87.4964,87.8488,87.4379,87.647,446,150,0
2026-05-12 09:30:00,87.6386,87.8622,87.6073,87.8221,448,150,0
2026-05-12 09:45:00,87.8154,88.0979,87.6454,87.6981,449,150,0
2026-05-12 10:00:00,87.7151,88.3393,87.7151,88.33,444,150,0
2026-05-12 10:15:00,88.3409,88.5661,88.1319,88.4513,445,150,0
2026-05-12 10:30:00,88.4583,88.686,88.3266,88.4799,449,150,0
2026-05-12 10:45:00,88.4795,88.8226,88.4691,88.7901,448,150,0
2026-05-12 11:00:00,88.7892,88.9216,88.7235,88.8279,449,150,0
2026-05-12 11:15:00,88.8144,88.8376,88.5436,88.5902,448,150,0
2026-05-12 11:30:00,88.6115,88.6322,88.1374,88.1716,448,150,0
2026-05-12 11:45:00,88.1695,88.209,87.7222,87.7546,448,150,0
2026-05-12 12:00:00,87.7495,87.9864,87.7057,87.7057,447,150,0
2026-05-12 12:15:00,87.688,87.9688,87.404,87.9125,448,150,0
2026-05-12 12:30:00,87.9019,88.018,87.3688,87.4025,449,150,0
2026-05-12 12:45:00,87.3993,87.5109,87.0413,87.0413,449,150,0
2026-05-12 13:00:00,87.0459,87.1535,86.7619,86.8331,447,150,0
2026-05-12 13:15:00,86.8291,86.9506,86.6696,86.763,450,150,0
2026-05-12 13:30:00,86.7709,87.0335,86.5787,86.9635,447,150,0
2026-05-12 13:45:00,86.946,87.0071,86.638,86.6775,449,150,0
2026-05-12 14:00:00,86.6694,86.6694,86.4126,86.465,447,150,0
2026-05-12 14:15:00,86.4658,86.643,86.4318,86.5939,448,150,0
2026-05-12 14:30:00,86.593,86.7223,86.4247,86.4247,449,150,0
2026-05-12 14:45:00,86.4271,86.5125,86.0829,86.3604,450,150,0
2026-05-12 15:00:00,86.3587,86.3861,86.146,86.367,446,150,0
2026-05-12 15:15:00,86.3528,86.4415,85.9672,85.9894,448,150,0
2026-05-12 15:30:00,85.9813,86.1382,85.8396,86.0093,448,150,0
2026-05-12 15:45:00,86.0076,86.0076,85.5435,85.6054,446,150,0
2026-05-12 16:00:00,85.595,85.6963,85.3619,85.3619,448,150,0
2026-05-12 16:15:00,85.3744,85.6023,85.3155,85.5494,449,150,0
2026-05-12 16:30:00,85.5468,85.7962,85.4902,85.65,448,150,0
2026-05-12 16:45:00,85.6421,85.6421,85.4135,85.5151,448,150,0
2026-05-12 17:00:00,85.5275,85.6955,85.3758,85.6026,449,150,0
2026-05-12 17:15:00,85.6038,85.7688,85.4178,85.4181,444,150,0
2026-05-12 17:30:00,85.4162,85.8221,85.3089,85.576,450,150,0
2026-05-12 17:45:00,85.5824,86.221,85.5745,86.221,447,150,0
2026-05-12 18:00:00,86.2019,86.5707,86.1271,86.3445,450,150,0
2026-05-12 18:15:00,86.3363,86.7678,86.293,86.7678,450,150,0
2026-05-12 18:30:00,86.7733,86.9668,86.697,86.8341,449,150,0
2026-05-12 18:45:00,86.8394,86.9037,86.5778,86.6667,450,150,0
2026-05-12 19:00:00,86.6588,86.9561,86.6569,86.7165,450,150,0
2026-05-12 19:15:00,86.7254,86.8514,86.5447,86.7596,449,150,0
2026-05-12 19:30:00,86.7592,86.9035,86.6491,86.8059,448,150,0
2026-05-12 19:45:00,86.806,86.9589,86.6119,86.745,448,150,0
2026-05-12 20:00:00,86.7276,86.7472,86.3649,86.3721,447,150,0
2026-05-12 20:15:00,86.3846,86.5583,86.2466,86.5457,449,150,0
2026-05-12 20:30:00,86.5365,86.9156,86.5035,86.7868,449,150,0
2026-05-12 20:45:00,86.7917,87.3757,86.7693,87.3702,447,150,0
2026-05-12 21:00:00,87.3617,87.4594,87.1078,87.3822,445,150,0
2026-05-12 21:15:00,87.382,87.5325,87.2333,87.4751,447,150,0
2026-05-12 21:30:00,87.4754,87.7321,87.389,87.7321,449,150,0
2026-05-12 21:45:00,87.7455,87.9011,87.6212,87.7467,449,150,0
2026-05-12 22:00:00,87.763,88.1448,87.683,88.0533,450,150,0
2026-05-12 22:15:00,88.0607,88.1574,87.8599,87.9706,450,150,0
2026-05-12 22:30:00,87.9822,88.1563,87.7547,88.0685,447,150,0
2026-05-12 22:45:00,88.0779,88.2539,87.8788,87.9062,447,150,0
2026-05-12 23:00:00,87.9201,88.2952,87.8964,88.2438,449,150,0
2026-05-12 23:15:00,88.2376,88.6014,88.1281,88.5635,450,150,0
2026-05-12 23:30:00,88.5825,88.7004,88.4634,88.6448,450,150,0
2026-05-12 23:45:00,88.6538,88.8954,88.6367,88.7482,448,150,0
2026-05-13 00:00:00,88.7433,88.7612,88.4526,88.4701,447,150,0
2026-05-13 00:15:00,88.4741,88.929,88.3721,88.9156,449,150,0
2026-05-13 00:30:00,88.922,89.0672,88.7034,88.8751,448,150,0
2026-05-13 00:45:00,88.8588,88.906,88.5881,88.6166,449,150,0
2026-05-13 01:00:00,88.6295,88.9781,88.5579,88.9282,449,150,0
2026-05-13 01:15:00,88.919,88.919,88.5489,88.7184,449,150,0
2026-05-13 01:30:00,88.7019,88.8288,88.5632,88.699,448,150,0
2026-05-13 01:45:00,88.6997,88.8448,88.5242,88.6236,449,150,0
2026-05-13 02:00:00,88.623,88.7472,88.5796,88.6436,449,150,0
2026-05-13 02:15:00,88.6409,88.8316,88.5668,88.7993,447,150,0
2026-05-13 02:30:00,88.8116,88.9872,88.7288,88.9752,450,150,0
2026-05-13 02:45:00,88.9872,89.2077,88.8956,89.1594,450,150,0
2026-05-13 03:00:00,89.1575,89.3506,88.7756,88.7891,450,150,0
2026-05-13 03:15:00,88.7975,88.9254,88.493,88.521,450,150,0
2026-05-13 03:30:00,88.5364,88.591,88.2664,88.4739,445,150,0
2026-05-13 03:45:00,88.4711,88.6577,88.1751,88.1801,449,150,0
2026-05-13 04:00:00,88.1878,88.448,88.1346,88.3978,449,150,0
2026-05-13 04:15:00,88.3951,88.6051,88.2961,88.3097,448,150,0
2026-05-13 04:30:00,88.2999,88.7786,88.2367,88.7497,448,150,0
2026-05-13 04:45:00,88.7548,88.9256,88.5934,88.7522,450,150,0
2026-05-13 05:00:00,88.7402,88.7681,88.4426,88.6127,450,150,0
2026-05-13 05:15:00,88.6177,88.77590000000001,88.4928,88.5031,448,150,0
2026-05-13 05:30:00,88.4982,88.6232,88.3528,88.3651,448,150,0
2026-05-13 05:45:00,88.3769,88.7053,88.1682,88.6005,448,150,0
2026-05-13 06:00:00,88.6009,88.65090000000001,88.1724,88.1928,449,150,0
2026-05-13 06:15:00,88.1817,88.3884,88.1111,88.1824,449,150,0
2026-05-13 06:30:00,88.1803,88.3373,88.0735,88.1312,447,150,0
2026-05-13 06:45:00,88.1369,88.292,87.8317,88.0702,448,150,0
2026-05-13 07:00:00,88.0735,88.3224,88.0426,88.2681,450,150,0
2026-05-13 07:15:00,88.2515,88.2533,87.6968,87.8563,449,150,0
2026-05-13 07:30:00,87.8573,88.0322,87.8074,87.9332,449,150,0
2026-05-13 07:45:00,87.9273,87.9785,87.6992,87.7721,448,150,0
2026-05-13 08:00:00,87.7463,87.8632,87.591,87.7649,447,150,0
2026-05-13 08:15:00,87.7788,88.2323,87.6767,88.124,448,150,0
2026-05-13 08:30:00,88.1173,88.4156,88.033,88.2514,450,150,0
2026-05-13 08:45:00,88.2324,88.3455,88.0674,88.1159,447,150,0
2026-05-13 09:00:00,88.1127,88.2691,87.9553,87.9553,450,150,0
2026-05-13 09:15:00,87.9561,88.0965,87.844,88.0784,449,150,0
2026-05-13 09:30:00,88.078,88.284,87.8482,87.86,449,150,0
2026-05-13 09:45:00,87.8444,87.9385,87.7043,87.7071,449,150,0
2026-05-13 10:00:00,87.7059,87.9415,87.6681,87.8677,449,150,0
2026-05-13 10:15:00,87.8844,87.935,87.6827,87.7612,450,150,0
2026-05-13 10:30:00,87.7762,87.8228,87.4424,87.6876,449,150,0
2026-05-13 10:45:00,87.6892,87.7943,87.1964,87.2116,449,150,0
2026-05-13 11:00:00,87.2191,87.4155,87.0768,87.1976,449,150,0
2026-05-13 11:15:00,87.1988,87.5114,87.147,87.4753,450,150,0
2026-05-13 11:30:00,87.4636,87.5633,87.2776,87.5052,449,150,0
2026-05-13 11:45:00,87.5109,87.6479,87.2876,87.31,448,150,0
2026-05-13 12:00:00,87.3108,87.6702,87.2692,87.66,449,150,0
2026-05-13 12:15:00,87.6785,87.8054,87.6013,87.7578,449,150,0
2026-05-13 12:30:00,87.7691,88.2875,87.763,88.2865,448,150,0
2026-05-13 12:45:00,88.2925,88.378,87.9549,87.9625,448,150,0
2026-05-13 13:00:00,87.9595,88.041,87.868,87.9881,448,150,0
2026-05-13 13:15:00,87.9899,88.1754,87.7709,87.7939,449,150,0
2026-05-13 13:30:00,87.8112,88.057,87.6703,88.0281,449,150,0
2026-05-13 13:45:00,88.0225,88.1438,87.9367,87.962,450,150,0
2026-05-13 14:00:00,87.9594,88.3615,87.9464,88.2976,448,150,0
2026-05-13 14:15:00,88.2896,88.7534,88.2751,88.6889,447,150,0
2026-05-13 14:30:00,88.6844,88.7842,88.4012,88.4444,449,150,0
2026-05-13 14:45:00,88.4376,88.7016,88.3408,88.5932,448,150,0
2026-05-13 15:00:00,88.5967,88.9143,88.4821,88.9069,449,150,0
2026-05-13 15:15:00,88.9045,89.0222,88.6045,88.6586,449,150,0
2026-05-13 15:30:00,88.6545,88.7776,88.4096,88.571,447,150,0
2026-05-13 15:45:00,88.5743,88.5865,88.3833,88.5595,447,150,0
2026-05-13 16:00:00,88.5429,88.8942,88.4785,88.8808,449,150,0
2026-05-13 16:15:00,88.8823,88.9093,88.5059,88.5235,446,150,0
2026-05-13 16:30:00,88.5268,88.7975,88.4729,88.7424,448,150,0
2026-05-13 16:45:00,88.7279,89.2514,88.6741,89.1718,449,150,0
2026-05-13 17:00:00,89.1798,89.3236,88.9368,89.0239,449,150,0
2026-05-13 17:15:00,89.0377,89.4651,88.9087,89.3175,449,150,0
2026-05-13 17:30:00,89.3118,89.499,89.1245,89.2307,450,150,0
2026-05-13 17:45:00,89.2319,89.2571,88.8942,88.9074,446,150,0
2026-05-13 18:00:00,88.9268,89.0263,88.764,88.8098,449,150,0
2026-05-13 18:15:00,88.8235,88.9747,88.6709,88.7971,448,150,0
2026-05-13 18:30:00,88.7943,89.0738,88.7554,88.9076,448,150,0
2026-05-13 18:45:00,88.9187,89.0617,88.8562,88.9624,450,150,0
2026-05-13 19:00:00,88.9684,89.205,88.9294,89.1131,449,150,0
2026-05-13 19:15:00,89.1081,89.2155,88.8859,88.9851,450,150,0
2026-05-13 19:30:00,88.979,89.2893,88.9181,89.0895,449,150,0
2026-05-13 19:45:00,89.0931,89.4004,88.9385,89.2486,449,150,0
2026-05-13 20:00:00,89.2397,89.3601,89.0359,89.0419,449,150,0
2026-05-13 20:15:00,89.0392,89.0841,88.8328,88.9698,447,150,0
2026-05-13 20:30:00,88.9854,89.125,88.7851,88.8105,448,150,0
2026-05-13 20:45:00,88.7953,89.0415,88.7207,88.9551,450,150,0
2026-05-13 21:00:00,88.9359,89.0652,88.6569,88.8333,448,150,0
2026-05-13 21:15:00,88.8387,88.8967,88.6873,88.8621,449,150,0
2026-05-13 21:30:00,88.8692,88.9786,88.7706,88.8426,448,150,0
2026-05-13 21:45:00,88.8485,88.9855,88.6124,88.7374,449,150,0
2026-05-13 22:00:00,88.736,88.7502,88.2837,88.6654,448,150,0
2026-05-13 22:15:00,88.6687,88.9744,88.6115,88.8742,450,150,0
2026-05-13 22:30:00,88.8776,89.1386,88.7953,88.9495,446,150,0
2026-05-13 22:45:00,88.9604,89.052,88.6138,88.7703,448,150,0
2026-05-13 23:00:00,88.7792,88.8816,88.6628,88.8738,449,150,0
2026-05-13 23:15:00,88.8767,89.1516,88.6466,88.7092,449,150,0
2026-05-13 23:30:00,88.7229,88.7232,88.2262,88.3208,447,150,0
2026-05-13 23:45:00,88.3253,88.7367,88.2936,88.4835,449,150,0
2026-05-14 00:00:00,88.4987,88.5608,88.2293,88.3947,447,150,0
2026-05-14 00:15:00,88.3988,88.7603,88.3329,88.6492,447,150,0
2026-05-14 00:30:00,88.6586,88.8306,88.4988,88.6785,449,150,0
2026-05-14 00:45:00,88.6639,88.7898,88.4222,88.5131,448,150,0
2026-05-14 01:00:00,88.5287,88.662,88.3684,88.6427,449,150,0
2026-05-14 01:15:00,88.6417,88.9097,88.6263,88.691,448,150,0
2026-05-14 01:30:00,88.686,89.0564,88.686,88.8151,449,150,0
2026-05-14 01:45:00,88.8324,88.9998,88.7863,88.8278,449,150,0
2026-05-14 02:00:00,88.8238,89.0129,88.6161,88.765,450,150,0
2026-05-14 02:15:00,88.7716,89.0292,88.7484,88.9665,449,150,0
2026-05-14 02:30:00,88.973,89.2313,88.8392,89.2313,447,150,0
2026-05-14 02:45:00,89.2173,89.3462,89.016,89.2564,448,150,0
2026-05-14 03:00:00,89.2551,89.4176,89.153,89.3061,449,150,0
2026-05-14 03:15:00,89.2956,89.8008,89.2956,89.7269,448,150,0
2026-05-14 03:30:00,89.7188,89.7976,89.4788,89.5703,449,150,0
2026-05-14 03:45:00,89.5728,89.5947,89.2135,89.2187,449,150,0
2026-05-14 04:00:00,89.2355,89.7418,89.187,89.7108,447,150,0
2026-05-14 04:15:00,89.7064,89.7533,89.3216,89.5717,448,150,0
2026-05-14 04:30:00,89.5782,89.863,89.4483,89.6791,450,150,0
2026-05-14 04:45:00,89.7069,90.0463,89.5916,90.0314,450,150,0
2026-05-14 05:00:00,90.0207,90.076,89.5389,89.6,448,150,0
2026-05-14 05:15:00,89.6099,89.9003,89.5734,89.8374,449,150,0
2026-05-14 05:30:00,89.8434,90.0919,89.8246,89.8497,447,150,0
2026-05-14 05:45:00,89.8385,89.8441,89.4962,89.5155,446,150,0
2026-05-14 06:00:00,89.516,89.5792,89.3264,89.4416,450,150,0
2026-05-14 06:15:00,89.4372,89.5376,88.9703,88.9718,447,150,0
2026-05-14 06:30:00,88.9682,89.591,88.9317,89.5545,447,150,0
2026-05-14 06:45:00,89.549,89.577,89.0618,89.3434,449,150,0
2026-05-14 07:00:00,89.3389,89.3683,88.838,88.8822,450,150,0
2026-05-14 07:15:00,88.8672,89.1249,88.7627,88.9455,448,150,0
2026-05-14 07:30:00,88.9461,89.0096,88.5456,88.6545,447,150,0
2026-05-14 07:45:00,88.6625,88.6694,88.4331,88.5405,446,150,0
2026-05-14 08:00:00,88.5335,88.6725,88.1299,88.1667,448,150,0
2026-05-14 08:15:00,88.1531,88.6144,88.1322,88.6144,449,150,0
2026-05-14 08:30:00,88.6049,88.7824,88.3604,88.3818,449,150,0
2026-05-14 08:45:00,88.3546,88.4213,88.1588,88.3033,445,150,0
2026-05-14 09:00:00,88.3148,88.6566,88.1768,88.6099,448,150,0
2026-05-14 09:15:00,88.6171,88.7215,88.4788,88.5808,450,150,0
2026-05-14 09:30:00,88.5874,88.7876,88.4993,88.6184,446,150,0
2026-05-14 09:45:00,88.6058,88.8023,88.4496,88.7016,447,150,0
2026-05-14 10:00:00,88.6977,88.8011,88.5477,88.5905,450,150,0
2026-05-14 10:15:00,88.584,88.7975,88.5144,88.5772,450,150,0
2026-05-14 10:30:00,88.5608,88.6304,88.4092,88.5648,450,150,0
2026-05-14 10:45:00,88.5584,88.8179,88.528,88.6858,447,150,0
2026-05-14 11:00:00,88.6886,88.867,88.5418,88.7296,448,150,0
2026-05-14 11:15:00,88.7238,88.7238,88.3717,88.5503,446,150,0
2026-05-14 11:30:00,88.5555,88.7317,88.4374,88.5095,449,150,0
2026-05-14 11:45:00,88.5242,88.6092,88.3935,88.54,448,150,0
2026-05-14 12:00:00,88.5415,88.6558,88.2782,88.3198,449,150,0
2026-05-14 12:15:00,88.3223,88.4122,88.1982,88.2433,449,150,0
2026-05-14 12:30:00,88.255,88.2938,87.9303,87.9704,450,150,0
2026-05-14 12:45:00,87.988,88.3069,87.9312,88.2511,449,150,0
2026-05-14 13:00:00,88.2816,88.4609,88.1856,88.3113,447,150,0
2026-05-14 13:15:00,88.3396,88.7138,88.3213,88.664,447,150,0
2026-05-14 13:30:00,88.6699,88.9727,88.5085,88.9331,449,150,0
2026-05-14 13:45:00,88.9388,89.1366,88.8736,89.1101,447,150,0
2026-05-14 14:00:00,89.0938,89.19,88.955,89.0273,448,150,0
2026-05-14 14:15:00,89.0363,89.118,88.5756,88.6,448,150,0
2026-05-14 14:30:00,88.6007,88.9456,88.5912,88.8245,448,150,0
2026-05-14 14:45:00,88.8223,88.9286,88.6557,88.7027,448,150,0
2026-05-14 15:00:00,88.6835,88.7202,88.4911,88.685,448,150,0
2026-05-14 15:15:00,88.6894,89.1074,88.6894,88.9646,448,150,0
2026-05-14 15:30:00,88.9738,89.0276,88.562,88.7923,446,150,0
2026-05-14 15:45:00,88.7856,89.1542,88.7247,88.9361,450,150,0
2026-05-14 16:00:00,88.9382,89.0887,88.7951,88.9125,448,150,0
2026-05-14 16:15:00,88.8976,89.0095,88.7152,88.8778,450,150,0
2026-05-14 16:30:00,88.8874,89.1689,88.8326,89.0477,447,150,0
2026-05-14 16:45:00,89.0433,89.1046,88.7995,88.8499,449,150,0
2026-05-14 17:00:00,88.8655,88.9352,88.6189,88.692,448,150,0
2026-05-14 17:15:00,88.6865,88.8331,88.5079,88.5346,447,150,0
2026-05-14 17:30:00,88.5215,88.6219,88.2861,88.5481,448,150,0
2026-05-14 17:45:00,88.5339,88.6796,88.2514,88.2644,446,150,0
2026-05-14 18:00:00,88.2733,88.2847,87.8427,88.0689,448,150,0
2026-05-14 18:15:00,88.0565,88.0773,87.7803,87.9164,449,150,0
2026-05-14 18:30:00,87.9109,88.0246,87.7197,87.7688,450,150,0
2026-05-14 18:45:00,87.7727,88.0067,87.6554,87.6554,449,150,0
2026-05-14 19:00:00,87.6655,87.9074,87.5725,87.8158,447,150,0
2026-05-14 19:15:00,87.8169,87.9859,87.7401,87.9425,448,150,0
2026-05-14 19:30:00,87.9504,88.0662,87.7979,87.9515,446,150,0
2026-05-14 19:45:00,87.9486,87.9689,87.6357,87.673,447,150,0
2026-05-14 20:00:00,87.6621,87.6779,87.4671,87.4862,447,150,0
2026-05-14 20:15:00,87.4971,87.6102,87.2224,87.2331,447,150,0
2026-05-14 20:30:00,87.2302,87.7089,87.1157,87.6439,447,150,0
2026-05-14 20:45:00,87.6464,87.6464,87.2874,87.4283,449,150,0
2026-05-14 21:00:00,87.4371,87.8299,87.3768,87.6197,448,150,0
2026-05-14 21:15:00,87.6241,87.7016,87.4606,87.5543,448,150,0
2026-05-14 21:30:00,87.5496,88.0493,87.4691,88.0051,449,150,0
2026-05-14 21:45:00,88.0102,88.2152,87.9252,88.0937,450,150,0
2026-05-14 22:00:00,88.0982,88.3081,88.0181,88.1442,449,150,0
2026-05-14 22:15:00,88.1587,88.2806,87.992,88.1167,449,150,0
2026-05-14 22:30:00,88.1319,88.2032,87.7527,87.8955,450,150,0
2026-05-14 22:45:00,87.8878,88.1444,87.8374,88.0391,449,150,0
2026-05-14 23:00:00,88.0502,88.1622,87.8373,87.9602,448,150,0
2026-05-14 23:15:00,87.96340000000001,88.0369,87.7337,87.871,449,150,0
2026-05-14 23:30:00,87.8727,88.2409,87.8727,88.0281,449,150,0
2026-05-14 23:45:00,88.0206,88.1724,87.9309,87.9833,449,150,0
2026-05-15 00:00:00,87.9907,88.0284,87.717,87.7335,446,150,0
2026-05-15 00:15:00,87.7465,87.7784,87.4202,87.4994,447,150,0
2026-05-15 00:30:00,87.5104,87.5612,87.0949,87.157,447,150,0
2026-05-15 00:45:00,87.1638,87.4376,87.103,87.309,449,150,0
2026-05-15 01:00:00,87.3054,87.4462,87.1415,87.2338,447,150,0
2026-05-15 01:15:00,87.2268,87.4423,87.1692,87.3629,447,150,0
2026-05-15 01:30:00,87.3507,87.4738,87.2221,87.2961,448,150,0
2026-05-15 01:45:00,87.3066,87.3592,86.8476,86.8666,449,150,0
2026-05-15 02:00:00,86.8656,86.9523,86.6612,86.9355,449,150,0
2026-05-15 02:15:00,86.935,87.1176,86.8164,86.8172,447,150,0
2026-05-15 02:30:00,86.8258,86.8308,86.2938,86.6357,449,150,0
2026-05-15 02:45:00,86.6395,86.6922,86.5271,86.6435,448,150,0
2026-05-15 03:00:00,86.6405,86.82,86.5131,86.7833,450,150,0
2026-05-15 03:15:00,86.7766,86.8648,86.6909,86.8142,449,150,0
2026-05-15 03:30:00,86.8139,87.0964,86.7716,86.9022,447,150,0
2026-05-15 03:45:00,86.9141,86.9745,86.7154,86.8559,449,150,0
2026-05-15 04:00:00,86.8535,86.9181,86.4622,86.6426,448,150,0
2026-05-15 04:15:00,86.6342,86.7721,86.5634,86.5814,450,150,0
2026-05-15 04:30:00,86.5953,86.8158,86.4864,86.6032,447,150,0
2026-05-15 04:45:00,86.6012,86.7817,86.557,86.6393,449,150,0
2026-05-15 05:00:00,86.6385,86.7735,86.4681,86.5084,449,150,0
2026-05-15 05:15:00,86.5061,86.5336,86.1826,86.2945,448,150,0
2026-05-15 05:30:00,86.3033,86.3953,86.1132,86.2285,449,150,0
2026-05-15 05:45:00,86.245,86.4718,86.1741,86.3529,449,150,0
2026-05-15 06:00:00,86.3599,86.6776,86.3226,86.6033,450,150,0
2026-05-15 06:15:00,86.629,86.9659,86.5938,86.8947,447,150,0
2026-05-15 06:30:00,86.8899,87.0371,86.7497,87.0371,449,150,0
2026-05-15 06:45:00,87.0356,87.4087,87.0195,87.3371,448,150,0
2026-05-15 07:00:00,87.3109,87.3419,87.1169,87.2205,448,150,0
2026-05-15 07:15:00,87.2125,87.2675,86.8373,86.8375,448,150,0
2026-05-15 07:30:00,86.8357,86.8779,86.54,86.5751,449,150,0
2026-05-15 07:45:00,86.5699,86.9576,86.5642,86.9484,448,150,0
2026-05-15 08:00:00,86.9455,87.0277,86.674,86.715,449,150,0
2026-05-15 08:15:00,86.7143,86.7917,86.5674,86.7102,448,150,0
2026-05-15 08:30:00,86.7039,87.0152,86.6601,86.744,448,150,0
2026-05-15 08:45:00,86.7504,86.8096,86.3542,86.4179,450,150,0
2026-05-15 09:00:00,86.4026,86.5092,86.2201,86.2793,449,150,0
2026-05-15 09:15:00,86.2603,86.4447,86.1688,86.203,450,150,0
2026-05-15 09:30:00,86.2147,86.3789,86.0046,86.0819,450,150,0
2026-05-15 09:45:00,86.0538,86.2993,86.0137,86.0337,449,150,0
2026-05-15 10:00:00,86.0325,86.3646,85.9339,86.3409,450,150,0
2026-05-15 10:15:00,86.3393,86.3393,85.8449,85.8772,447,150,0
2026-05-15 10:30:00,85.8603,86.0359,85.6379,85.7247,449,150,0
2026-05-15 10:45:00,85.7229,85.8619,85.5348,85.5592,449,150,0
2026-05-15 11:00:00,85.5535,85.8842,85.5491,85.8532,449,150,0
2026-05-15 11:15:00,85.8618,85.9725,85.6559,85.6577,450,150,0
2026-05-15 11:30:00,85.674,85.6934,85.4358,85.5397,449,150,0
2026-05-15 11:45:00,85.5697,86.0011,85.5697,85.6838,449,150,0
2026-05-15 12:00:00,85.6893,85.8407,85.3558,85.5731,446,150,0
2026-05-15 12:15:00,85.5675,85.5875,85.149,85.1798,447,150,0
2026-05-15 12:30:00,85.1946,85.4541,85.1604,85.3225,449,150,0
2026-05-15 12:45:00,85.3247,85.5704,85.2108,85.3221,449,150,0
2026-05-15 13:00:00,85.3297,85.3963,85.1924,85.2998,449,150,0
2026-05-15 13:15:00,85.3026,85.3256,84.9397,84.9476,448,150,0
2026-05-15 13:30:00,84.947,85.16,84.947,85.078,450,150,0
2026-05-15 13:45:00,85.0998,85.184,84.7407,85.0886,448,150,0
2026-05-15 14:00:00,85.0758,85.3555,85.0667,85.2663,448,150,0
2026-05-15 14:15:00,85.2563,85.2921,84.9798,85.0198,446,150,0
2026-05-15 14:30:00,85.018,85.1057,84.8034,84.8034,448,150,0
2026-05-15 14:45:00,84.8092,84.9456,84.6326,84.9168,447,150,0
2026-05-15 15:00:00,84.9307,85.1209,84.898,85.0391,446,150,0
2026-05-15 15:15:00,85.0434,85.1932,84.8568,85.1708,450,150,0
2026-05-15 15:30:00,85.1717,85.5326,85.0884,85.3494,449,150,0
2026-05-15 15:45:00,85.3521,85.3782,84.9338,84.9966,450,150,0
2026-05-15 16:00:00,84.9946,85.0313,84.6618,84.6618,450,150,0
2026-05-15 16:15:00,84.6535,85.0153,84.6525,84.9182,449,150,0
2026-05-15 16:30:00,84.9216,84.9372,84.6703,84.685,447,150,0
2026-05-15 16:45:00,84.6907,84.8521,84.5732,84.7383,449,150,0
2026-05-15 17:00:00,84.7361,84.7361,84.4526,84.5866,448,150,0
2026-05-15 17:15:00,84.5912,85.0085,84.5148,84.9616,447,150,0
2026-05-15 17:30:00,84.9588,85.047,84.8093,84.8348,449,150,0
2026-05-15 17:45:00,84.845,84.9107,84.5262,84.6867,445,150,0
2026-05-15 18:00:00,84.6889,84.947,84.6371,84.8813,448,150,0
2026-05-15 18:15:00,84.908,85.0044,84.7983,84.8646,447,150,0
2026-05-15 18:30:00,84.8872,85.3616,84.8669,85.1771,450,150,0
2026-05-15 18:45:00,85.1715,85.3272,85.0456,85.226,448,150,0
2026-05-15 19:00:00,85.2436,85.6631,85.165,85.6631,449,150,0
2026-05-15 19:15:00,85.6456,85.9087,85.4052,85.8522,447,150,0
2026-05-15 19:30:00,85.8573,85.8573,85.2059,85.2584,450,150,0
2026-05-15 19:45:00,85.2663,85.3823,85.144,85.2955,448,150,0
2026-05-15 20:00:00,85.2845,85.4974,85.2348,85.3593,448,150,0
2026-05-15 20:15:00,85.341,85.4516,84.9622,84.9778,450,150,0
2026-05-15 20:30:00,84.9924,85.3631,84.9656,85.0937,445,150,0
2026-05-15 20:45:00,85.1001,85.1001,84.8,84.9604,449,150,0
2026-05-15 21:00:00,84.9687,85.0312,84.851,84.97409999999999,444,150,0
2026-05-15 21:15:00,84.9846,85.1805,84.8964,85.095,447,150,0
2026-05-15 21:30:00,85.1017,85.4753,85.0776,85.3654,446,150,0
2026-05-15 21:45:00,85.3602,85.4846,85.071,85.071,450,150,0
2026-05-15 22:00:00,85.0857,85.4044,85.0341,85.4044,446,150,0
2026-05-15 22:15:00,85.4002,85.5755,85.0479,85.072,447,150,0
2026-05-15 22:30:00,85.0713,85.4067,85.0545,85.2007,450,150,0
2026-05-15 22:45:00,85.2061,85.2157,85.0234,85.0901,450,150,0
2026-05-15 23:00:00,85.0749,85.2599,85.0281,85.1994,449,150,0
2026-05-15 23:15:00,85.2133,85.5056,85.2133,85.3454,447,150,0
2026-05-15 23:30:00,85.3509,85.356,85.0854,85.2686,449,150,0
2026-05-15 23:45:00,85.2716,85.3129,84.6594,84.6758,448,75,0
2026-05-16 00:00:00,84.673,84.8509,84.5405,84.6181,449,75,0
2026-05-16 00:15:00,84.6314,84.8157,84.4872,84.7422,449,75,0
2026-05-16 00:30:00,84.7452,85.1183,84.7159,85.0395,447,75,0
2026-05-16 00:45:00,85.0549,85.1074,84.6076,84.8695,449,75,0
2026-05-16 01:00:00,84.8803,85.0831,84.7867,85.0779,449,75,0
2026-05-16 01:15:00,85.0699,85.1101,84.698,84.7645,447,75,0
2026-05-16 01:30:00,84.7796,85.1087,84.6567,85.0444,450,75,0
2026-05-16 01:45:00,85.0568,85.2535,85.0263,85.0695,449,75,0
2026-05-16 02:00:00,85.069,85.2445,84.9892,85.1865,449,75,0
2026-05-16 02:15:00,85.1902,85.2959,85.0819,85.1304,446,75,0
2026-05-16 02:30:00,85.1359,85.4795,85.0532,85.4656,449,75,0
2026-05-16 02:45:00,85.4716,85.7474,85.4716,85.6553,449,75,0
2026-05-16 03:00:00,85.6688,85.7252,85.4902,85.6748,446,75,0
2026-05-16 03:15:00,85.6841,85.8043,85.5198,85.7176,449,75,0
2026-05-16 03:30:00,85.72409999999999,85.7524,85.4687,85.5258,450,75,0
2026-05-16 03:45:00,85.5244,85.5244,85.2367,85.358,450,75,0
2026-05-16 04:00:00,85.3745,85.5688,85.3198,85.498,448,75,0
2026-05-16 04:15:00,85.4924,85.6485,85.3849,85.6189,448,75,0
2026-05-16 04:30:00,85.6247,85.9694,85.5422,85.9463,449,75,0
2026-05-16 04:45:00,85.9501,86.557,85.9501,86.557,449,75,0
2026-05-16 05:00:00,86.5462,86.7463,86.3681,86.6766,447,75,0
2026-05-16 05:15:00,86.6787,86.8293,86.5157,86.6612,447,75,0
2026-05-16 05:30:00,86.6696,86.9771,86.6092,86.8069,449,75,0
2026-05-16 05:45:00,86.8061,86.9155,86.5348,86.8239,450,75,0
2026-05-16 06:00:00,86.8473,87.2068,86.6944,87.0915,450,75,0
2026-05-16 06:15:00,87.0813,87.6123,86.9672,87.5982,449,75,0
2026-05-16 06:30:00,87.5936,87.6703,87.4336,87.5968,449,75,0
2026-05-16 06:45:00,87.5944,87.6655,86.9996,87.0629,447,75,0
2026-05-16 07:00:00,87.0645,87.1424,86.6999,86.7296,447,75,0
2026-05-16 07:15:00,86.7336,87.2268,86.7167,87.1764,447,75,0
2026-05-16 07:30:00,87.1795,87.1989,86.5093,86.512,445,75,0
2026-05-16 07:45:00,86.524,86.6701,86.4467,86.4793,449,75,0
2026-05-16 08:00:00,86.4893,86.532,86.2418,86.4286,450,75,0
2026-05-16 08:15:00,86.4303,86.5874,86.1193,86.191,450,75,0
2026-05-16 08:30:00,86.1621,86.2129,85.9402,86.1857,450,75,0
2026-05-16 08:45:00,86.1857,86.2022,85.8095,86.0101,448,75,0
2026-05-16 09:00:00,86.0054,86.4075,85.8088,86.3433,447,75,0
2026-05-16 09:15:00,86.345,86.3815,85.8667,86.0619,450,75,0
2026-05-16 09:30:00,86.0611,86.3951,86.039,86.2777,447,75,0
2026-05-16 09:45:00,86.2703,86.3932,86.1146,86.3581,448,75,0
2026-05-16 10:00:00,86.3691,86.4709,86.022,86.0265,448,75,0
2026-05-16 10:15:00,86.0213,86.1128,85.9257,86.0121,447,75,0
2026-05-16 10:30:00,85.9995,86.175,85.894,85.963,450,75,0
2026-05-16 10:45:00,85.9599,86.0935,85.8395,85.8466,448,75,0
2026-05-16 11:00:00,85.8414,85.9996,85.7713,85.8774,449,75,0
2026-05-16 11:15:00,85.8751,85.9806,85.5868,85.6855,447,75,0
2026-05-16 11:30:00,85.6816,85.8754,85.6168,85.8039,449,75,0
2026-05-16 11:45:00,85.7904,85.8779,85.4106,85.5517,449,75,0
2026-05-16 12:00:00,85.5641,85.6012,85.2336,85.3566,448,75,0
2026-05-16 12:15:00,85.3502,85.7116,85.3076,85.6088,446,75,0
2026-05-16 12:30:00,85.5992,85.6846,85.4854,85.6269,446,75,0
2026-05-16 12:45:00,85.6278,85.6893,85.3316,85.3728,449,75,0
2026-05-16 13:00:00,85.3621,85.5466,85.319,85.479,450,75,0
2026-05-16 13:15:00,85.4848,85.7441,85.2498,85.3552,450,75,0
2026-05-16 13:30:00,85.3634,85.5358,85.2007,85.2874,449,75,0
2026-05-16 13:45:00,85.3015,85.3889,85.125,85.3573,449,75,0
2026-05-16 14:00:00,85.3503,85.6733,85.2705,85.6438,448,75,0
2026-05-16 14:15:00,85.6406,85.8507,85.513,85.5746,448,75,0
2026-05-16 14:30:00,85.5737,85.7007,85.4658,85.6024,449,75,0
2026-05-16 14:45:00,85.5853,85.6249,85.078,85.1845,448,75,0
2026-05-16 15:00:00,85.1674,85.4223,85.1674,85.3218,447,75,0
2026-05-16 15:15:00,85.3366,85.3492,85.0609,85.3092,448,75,0
2026-05-16 15:30:00,85.2969,85.3546,85.1536,85.228,450,75,0
2026-05-16 15:45:00,85.2209,85.2468,84.9907,85.218,449,75,0
2026-05-16 16:00:00,85.2219,85.2964,84.9976,85.1208,448,75,0
2026-05-16 16:15:00,85.1221,85.395,85.05,85.3485,449,75,0
2026-05-16 16:30:00,85.3449,85.5661,85.2922,85.4605,448,75,0
2026-05-16 16:45:00,85.4813,85.6113,85.3428,85.5768,449,75,0
2026-05-16 17:00:00,85.5844,85.9454,85.5241,85.8454,447,75,0
2026-05-16 17:15:00,85.8623,86.2157,85.8287,86.0739,448,75,0
2026-05-16 17:30:00,86.0771,86.3086,86.055,86.301,448,75,0
2026-05-16 17:45:00,86.2691,86.722,86.2691,86.6685,450,75,0
2026-05-16 18:00:00,86.6568,86.8936,86.562,86.7645,448,75,0
2026-05-16 18:15:00,86.7835,86.9631,86.7471,86.9126,448,75,0
2026-05-16 18:30:00,86.9007,87.0285,86.589,86.611,449,75,0
2026-05-16 18:45:00,86.6277,86.7464,86.4124,86.4187,450,75,0
2026-05-16 19:00:00,86.4048,86.4849,86.1442,86.1979,448,75,0
2026-05-16 19:15:00,86.186,86.2059,85.7738,85.811,445,75,0
2026-05-16 19:30:00,85.8037,86.0699,85.7888,85.8947,448,75,0
2026-05-16 19:45:00,85.8954,85.9466,85.5805,85.5863,450,75,0
2026-05-16 20:00:00,85.5723,85.608,85.3928,85.5667,448,75,0
2026-05-16 20:15:00,85.5632,85.8692,85.4849,85.8692,447,75,0
2026-05-16 20:30:00,85.8754,86.1045,85.77590000000001,85.8668,450,75,0
2026-05-16 20:45:00,85.8913,85.8913,85.1935,85.3331,449,75,0
2026-05-16 21:00:00,85.3491,85.7753,85.3491,85.7718,448,75,0
2026-05-16 21:15:00,85.7751,85.8823,85.5154,85.5205,447,75,0
2026-05-16 21:30:00,85.5252,86.1308,85.5092,86.0512,449,75,0
2026-05-16 21:45:00,86.0438,86.3921,86.0394,86.2496,449,75,0
2026-05-16 22:00:00,86.2536,86.4525,86.1542,86.44,449,75,0
2026-05-16 22:15:00,86.443,86.5964,86.3455,86.4921,443,75,0
2026-05-16 22:30:00,86.4728,86.4955,86.128,86.2161,448,75,0
2026-05-16 22:45:00,86.1993,86.4261,86.1993,86.3956,446,75,0
2026-05-16 23:00:00,86.3989,86.5124,86.3539,86.3633,446,75,0
2026-05-16 23:15:00,86.3786,86.5596,86.2267,86.3007,446,75,0
2026-05-16 23:30:00,86.3077,86.7217,86.2668,86.5602,446,75,0
2026-05-16 23:45:00,86.5621,86.5975,86.3024,86.4216,450,75,0
2026-05-17 00:00:00,86.415,86.6159,86.3365,86.5334,449,75,0
2026-05-17 00:15:00,86.5349,86.6987,86.3818,86.6405,449,75,0
2026-05-17 00:30:00,86.6231,86.9366,86.5908,86.7323,449,75,0
2026-05-17 00:45:00,86.723,86.7434,86.4261,86.4777,446,75,0
2026-05-17 01:00:00,86.4972,87.058,86.4972,87.0068,449,75,0
2026-05-17 01:15:00,87.0066,87.0434,86.8326,86.8326,301,75,0
2026-05-17 01:30:00,86.8269,86.9629,86.7548,86.8886,448,75,0
2026-05-17 01:45:00,86.8864,87.051,86.7097,87.0215,448,75,0
2026-05-17 02:00:00,87.0062,87.1708,86.8671,87.0595,449,75,0
2026-05-17 02:15:00,87.0766,87.2433,86.6976,86.7182,449,75,0
2026-05-17 02:30:00,86.7275,86.9021,86.5647,86.651,450,75,0
2026-05-17 02:45:00,86.6531,87.2451,86.6048,87.2451,448,75,0
2026-05-17 03:00:00,87.2351,87.2991,86.901,87.1833,447,75,0
2026-05-17 03:15:00,87.1937,87.1937,86.9095,86.9405,449,75,0
2026-05-17 03:30:00,86.9429,87.3723,86.8746,87.3463,449,75,0
2026-05-17 03:45:00,87.3336,87.5746,87.1159,87.5218,447,75,0
2026-05-17 04:00:00,87.5286,87.8492,87.5091,87.692,448,75,0
2026-05-17 04:15:00,87.6955,87.8306,87.6074,87.6919,450,75,0
2026-05-17 04:30:00,87.674,87.6829,87.1587,87.266,449,75,0
2026-05-17 04:45:00,87.2843,87.469,86.7498,86.7626,449,75,0
2026-05-17 05:00:00,86.7749,86.9453,86.5605,86.7281,449,75,0
2026-05-17 05:15:00,86.7154,86.723,86.2948,86.3657,446,75,0
2026-05-17 05:30:00,86.3631,86.4176,86.1616,86.2223,447,75,0
2026-05-17 05:45:00,86.2337,86.4462,86.2065,86.2699,449,75,0
2026-05-17 06:00:00,86.2658,86.3304,86.0384,86.1906,448,75,0
2026-05-17 06:15:00,86.1853,86.2594,86.0113,86.0291,447,75,0
2026-05-17 06:30:00,86.0403,86.244,85.9636,86.1113,450,75,0
2026-05-17 06:45:00,86.1098,86.353,86.0045,86.2496,449,75,0
2026-05-17 07:00:00,86.2413,86.4976,86.1923,86.4692,448,75,0
2026-05-17 07:15:00,86.4517,86.8446,86.3868,86.7438,448,75,0
2026-05-17 07:30:00,86.7376,86.7399,86.3388,86.5882,449,75,0
2026-05-17 07:45:00,86.5835,86.6966,86.249,86.2755,448,75,0
2026-05-17 08:00:00,86.2783,86.6278,86.2598,86.5941,445,75,0
2026-05-17 08:15:00,86.5939,86.626,86.2821,86.2825,447,75,0
2026-05-17 08:30:00,86.2759,86.2898,85.8116,85.8116,449,75,0
2026-05-17 08:45:00,85.8129,85.974,85.6358,85.7911,450,75,0
2026-05-17 09:00:00,85.7903,86.3605,85.7524,86.2545,449,75,0
2026-05-17 09:15:00,86.2435,86.636,86.2435,86.354,449,75,0
2026-05-17 09:30:00,86.3636,86.5192,86.3215,86.4967,443,75,0
2026-05-17 09:45:00,86.4916,86.7236,86.3838,86.673,448,75,0
2026-05-17 10:00:00,86.6712,86.877,86.6207,86.6482,446,75,0
2026-05-17 10:15:00,86.644,86.6864,86.4684,86.642,448,75,0
2026-05-17 10:30:00,86.6392,86.7799,86.4287,86.5266,448,75,0
2026-05-17 10:45:00,86.517,86.8405,86.4148,86.791,447,75,0
2026-05-17 11:00:00,86.7769,86.8282,86.5461,86.6311,450,75,0
2026-05-17 11:15:00,86.6451,86.7197,86.4721,86.5166,448,75,0
2026-05-17 11:30:00,86.5183,86.8061,86.4941,86.6161,449,75,0
2026-05-17 11:45:00,86.6043,86.6706,86.337,86.4265,449,75,0
2026-05-17 12:00:00,86.434,86.5459,86.2461,86.3071,449,75,0
2026-05-17 12:15:00,86.3009,86.5358,86.3009,86.4739,446,75,0
2026-05-17 12:30:00,86.4989,86.5379,86.3073,86.5379,448,75,0
2026-05-17 12:45:00,86.5412,86.6717,86.4405,86.6109,449,75,0
2026-05-17 13:00:00,86.5974,86.7432,86.3071,86.3153,448,75,0
2026-05-17 13:15:00,86.304,86.3777,86.0465,86.2993,449,75,0
2026-05-17 13:30:00,86.3053,86.4938,86.2243,86.4247,449,75,0
2026-05-17 13:45:00,86.4348,86.5414,86.3138,86.4835,449,75,0
2026-05-17 14:00:00,86.4788,86.6485,86.3907,86.5987,448,75,0
2026-05-17 14:15:00,86.5957,86.7097,86.5339,86.6243,450,75,0
2026-05-17 14:30:00,86.6366,86.7404,86.4798,86.6893,450,75,0
2026-05-17 14:45:00,86.6909,86.7463,86.492,86.7233,445,75,0
2026-05-17 15:00:00,86.7156,86.8799,86.6014,86.7582,449,75,0
2026-05-17 15:15:00,86.7494,87.0387,86.7159,86.8525,446,75,0
2026-05-17 15:30:00,86.8618,87.0455,86.805,86.9983,448,75,0
2026-05-17 15:45:00,87.0093,87.0909,86.6337,86.7326,449,75,0
2026-05-17 16:00:00,86.7479,86.9086,86.6932,86.7017,450,75,0
2026-05-17 16:15:00,86.7252,87.0281,86.6248,86.9082,448,75,0
2026-05-17 16:30:00,86.9083,87.0309,86.7561,86.9337,446,75,0
2026-05-17 16:45:00,86.9357,87.0245,86.6832,86.6944,448,75,0
2026-05-17 17:00:00,86.7045,86.9632,86.4427,86.9587,447,75,0
2026-05-17 17:15:00,86.9648,86.9933,86.7138,86.8754,448,75,0
2026-05-17 17:30:00,86.8525,86.992,86.5671,86.5814,446,75,0
2026-05-17 17:45:00,86.577,86.823,86.4862,86.7022,449,75,0
2026-05-17 18:00:00,86.7048,86.8533,86.5135,86.5902,448,75,0
2026-05-17 18:15:00,86.5802,86.7504,86.1979,86.2943,450,75,0
2026-05-17 18:30:00,86.2992,86.5604,86.2416,86.5266,448,75,0
2026-05-17 18:45:00,86.5255,86.7812,86.397,86.7343,449,75,0
2026-05-17 19:00:00,86.7177,87.0518,86.6744,86.9427,449,75,0
2026-05-17 19:15:00,86.9566,87.2197,86.7888,86.9018,449,75,0
2026-05-17 19:30:00,86.9023,86.9321,86.5458,86.5941,446,75,0
2026-05-17 19:45:00,86.5878,86.6969,86.4745,86.5101,450,75,0
2026-05-17 20:00:00,86.4962,86.6997,86.4427,86.5776,447,75,0
2026-05-17 20:15:00,86.602,86.8987,86.5418,86.6741,447,75,0
2026-05-17 20:30:00,86.6713,86.8506,86.4462,86.7872,450,75,0
2026-05-17 20:45:00,86.7822,86.8479,86.4333,86.5186,448,75,0
2026-05-17 21:00:00,86.5089,86.615,85.9497,85.9664,447,75,0
2026-05-17 21:15:00,85.9595,86.1093,85.5742,85.6122,448,75,0
2026-05-17 21:30:00,85.6144,86.019,85.5513,85.8919,449,75,0
2026-05-17 21:45:00,85.8917,86.3333,85.89,86.1215,450,75,0
2026-05-17 22:00:00,86.1194,86.3851,86.068,86.2682,449,75,0
2026-05-17 22:15:00,86.2584,86.4069,86.0729,86.3665,450,75,0
2026-05-17 22:30:00,86.3722,86.383,86.0738,86.2963,449,75,0
2026-05-17 22:45:00,86.2997,86.8159,86.2997,86.7474,448,75,0
2026-05-17 23:00:00,86.7458,86.7458,86.4332,86.4513,448,75,0
2026-05-17 23:15:00,86.4343,86.5525,86.1075,86.2101,450,75,0
2026-05-17 23:30:00,86.2118,86.3384,85.9672,86.318,446,75,0
2026-05-17 23:45:00,86.3255,86.7642,86.3211,86.4862,450,75,0
2026-05-18 00:00:00,86.4691,86.7385,86.4188,86.698,449,75,0
2026-05-18 00:15:00,86.7156,87.1848,86.6728,87.149,450,150,0
2026-05-18 00:30:00,87.1387,87.2251,86.8698,86.8767,450,150,0
2026-05-18 00:45:00,86.8488,87.0287,86.7982,87.0041,449,150,0
2026-05-18 01:00:00,87.0172,87.0172,86.5175,86.5375,448,150,0
2026-05-18 01:15:00,86.5219,86.8325,86.5213,86.5935,450,150,0
2026-05-18 01:30:00,86.605,86.8326,86.5384,86.733,449,150,0
2026-05-18 01:45:00,86.734,87.2505,86.7314,87.1508,448,150,0
2026-05-18 02:00:00,87.1601,87.1994,86.9679,87.0256,448,150,0
2026-05-18 02:15:00,87.0352,87.0352,86.5558,86.6313,450,150,0
2026-05-18 02:30:00,86.6403,86.8104,86.5669,86.5669,449,150,0
2026-05-18 02:45:00,86.5758,86.6127,86.3269,86.5323,447,150,0
2026-05-18 03:00:00,86.5262,86.5868,86.203,86.2035,449,150,0
2026-05-18 03:15:00,86.2033,86.5945,86.1941,86.5667,449,150,0
2026-05-18 03:30:00,86.5675,86.6411,86.3855,86.5855,448,150,0
2026-05-18 03:45:00,86.583,86.6163,86.3361,86.5858,449,150,0
2026-05-18 04:00:00,86.581,86.7249,86.3546,86.4657,447,150,0
2026-05-18 04:15:00,86.4632,86.4887,86.2091,86.3642,448,150,0
2026-05-18 04:30:00,86.3752,86.4967,86.2179,86.3269,449,150,0
2026-05-18 04:45:00,86.3233,86.6162,86.3036,86.5149,448,150,0
2026-05-18 05:00:00,86.5306,86.6897,86.4275,86.4831,447,150,0
2026-05-18 05:15:00,86.4819,86.638,86.4195,86.5452,449,150,0
2026-05-18 05:30:00,86.5468,86.6089,86.1978,86.273,450,150,0
2026-05-18 05:45:00,86.2679,86.5307,86.2253,86.4036,449,150,0
2026-05-18 06:00:00,86.393,86.8235,86.3156,86.6818,447,150,0
2026-05-18 06:15:00,86.6832,86.7735,86.5222,86.7255,448,150,0
2026-05-18 06:30:00,86.7184,87.0506,86.5897,87.039,448,150,0
2026-05-18 06:45:00,87.0368,87.238,86.8502,87.1621,449,150,0
2026-05-18 07:00:00,87.1353,87.2737,86.7131,86.9572,448,150,0
2026-05-18 07:15:00,86.9501,87.3817,86.8272,87.2051,449,150,0
2026-05-18 07:30:00,87.2154,87.3412,86.9715,87.3268,448,150,0
2026-05-18 07:45:00,87.3347,87.7002,87.1916,87.5583,449,150,0
2026-05-18 08:00:00,87.5489,87.6063,87.2346,87.3973,447,150,0
2026-05-18 08:15:00,87.3893,87.7977,87.3798,87.4974,449,150,0
2026-05-18 08:30:00,87.5094,87.5871,87.228,87.2344,449,150,0
2026-05-18 08:45:00,87.2286,87.6694,87.1363,87.6525,450,150,0
2026-05-18 09:00:00,87.6826,87.8689,87.5236,87.8143,447,150,0
2026-05-18 09:15:00,87.8233,87.981,87.5548,87.6067,449,150,0
2026-05-18 09:30:00,87.5956,87.7139,87.3989,87.4722,449,150,0
2026-05-18 09:45:00,87.4624,87.5232,87.2721,87.5079,449,150,0
2026-05-18 10:00:00,87.5175,87.5693,86.9119,87.0329,449,150,0
2026-05-18 10:15:00,87.0225,87.1613,86.8925,87.071,446,150,0
2026-05-18 10:30:00,87.0711,87.3929,87.0391,87.2136,449,150,0
2026-05-18 10:45:00,87.2076,87.349,86.9969,87.1427,449,150,0
2026-05-18 11:00:00,87.1495,87.5689,87.1161,87.5242,448,150,0
2026-05-18 11:15:00,87.5093,87.6155,87.3364,87.6155,449,150,0
2026-05-18 11:30:00,87.6272,87.6506,87.3732,87.39,449,150,0
2026-05-18 11:45:00,87.3816,87.5552,87.3191,87.4469,449,150,0
2026-05-18 12:00:00,87.4498,87.6391,87.3732,87.4576,450,150,0
2026-05-18 12:15:00,87.464,87.6352,87.3227,87.4949,448,150,0
2026-05-18 12:30:00,87.5068,87.6962,87.3507,87.4355,449,150,0
2026-05-18 12:45:00,87.4293,87.6517,87.3824,87.5141,447,150,0
2026-05-18 13:00:00,87.525,87.5354,87.2563,87.4306,449,150,0
2026-05-18 13:15:00,87.4289,87.4781,86.9314,87.042,449,150,0
2026-05-18 13:30:00,87.0463,87.1365,86.8583,86.9262,450,150,0
2026-05-18 13:45:00,86.9442,87.2338,86.8768,87.0998,449,150,0
2026-05-18 14:00:00,87.1138,87.3271,86.9505,87.1705,448,150,0
2026-05-18 14:15:00,87.1689,87.1972,86.9074,86.9726,450,150,0
2026-05-18 14:30:00,86.9847,87.0312,86.5237,86.571,448,150,0
2026-05-18 14:45:00,86.5615,86.6576,86.3216,86.51,447,150,0
2026-05-18 15:00:00,86.5131,86.5753,86.2495,86.2685,447,150,0
2026-05-18 15:15:00,86.2792,86.5113,86.1803,86.2387,450,150,0
2026-05-18 15:30:00,86.2376,86.4698,86.2167,86.3895,449,150,0
2026-05-18 15:45:00,86.3983,86.4342,86.1377,86.1451,449,150,0
2026-05-18 16:00:00,86.1307,86.295,86.0818,86.1873,447,150,0
2026-05-18 16:15:00,86.1817,86.7049,86.1649,86.7049,449,150,0
2026-05-18 16:30:00,86.7057,86.8367,86.3921,86.589,450,150,0
2026-05-18 16:45:00,86.5949,86.9411,86.4418,86.8957,450,150,0
2026-05-18 17:00:00,86.8832,87.0927,86.7022,86.7095,447,150,0
2026-05-18 17:15:00,86.6939,86.7294,86.4367,86.466,449,150,0
2026-05-18 17:30:00,86.476,86.4922,86.0516,86.2065,448,150,0
2026-05-18 17:45:00,86.2016,86.5851,86.0083,86.4969,449,150,0
2026-05-18 18:00:00,86.4976,86.9043,86.4976,86.8466,450,150,0
2026-05-18 18:15:00,86.8378,87.1036,86.8101,86.9878,449,150,0
2026-05-18 18:30:00,86.9802,87.0581,86.6101,86.856,449,150,0
2026-05-18 18:45:00,86.8629,87.0134,86.7402,86.8449,449,150,0
2026-05-18 19:00:00,86.8487,87.0048,86.8009,86.963,449,150,0
2026-05-18 19:15:00,86.9885,87.0316,86.5571,86.5571,449,150,0
2026-05-18 19:30:00,86.5574,86.5824,86.3785,86.4684,446,150,0
2026-05-18 19:45:00,86.4628,86.69,86.4498,86.6155,447,150,0
2026-05-18 20:00:00,86.6229,87.0002,86.5727,86.9683,448,150,0
2026-05-18 20:15:00,86.9623,87.0158,86.6774,86.7275,450,150,0
2026-05-18 20:30:00,86.72,87.0003,86.6088,86.8889,448,150,0
2026-05-18 20:45:00,86.8882,87.1462,86.847,87.0844,448,150,0
2026-05-18 21:00:00,87.0725,87.3971,87.0725,87.3083,448,150,0
2026-05-18 21:15:00,87.3062,87.4343,87.0331,87.1642,449,150,0
2026-05-18 21:30:00,87.1718,87.2767,86.9488,86.9488,448,150,0
2026-05-18 21:45:00,86.9466,86.957,86.6614,86.6614,446,150,0
2026-05-18 22:00:00,86.6604,86.7085,86.4241,86.4241,447,150,0
2026-05-18 22:15:00,86.431,86.483,86.1095,86.1095,450,150,0
2026-05-18 22:30:00,86.1087,86.2056,85.8959,85.906,450,150,0
2026-05-18 22:45:00,85.8961,86.2311,85.8676,85.9128,446,150,0
2026-05-18 23:00:00,85.8907,86.0756,85.8364,85.8918,449,150,0
2026-05-18 23:15:00,85.8891,86.1506,85.8876,86.0642,449,150,0
2026-05-18 23:30:00,86.0521,86.6366,86.0521,86.5943,450,150,0
2026-05-18 23:45:00,86.591,86.711,86.2609,86.2712,449,150,0
2026-05-19 00:00:00,86.2731,86.6148,86.1127,86.5425,447,150,0
2026-05-19 00:15:00,86.5456,86.6961,86.378,86.4389,448,150,0
2026-05-19 00:30:00,86.4212,86.5215,86.1834,86.5105,449,150,0
2026-05-19 00:45:00,86.5107,86.8727,86.5013,86.6438,448,150,0
2026-05-19 01:00:00,86.6199,86.78659999999999,86.4739,86.59909999999999,450,150,0
2026-05-19 01:15:00,86.5881,86.6056,85.991,86.0027,449,150,0
2026-05-19 01:30:00,86.0097,86.1122,85.8836,86.0324,449,150,0
2026-05-19 01:45:00,86.0294,86.4466,86.0206,86.336,449,150,0
2026-05-19 02:00:00,86.3244,86.7154,86.2925,86.5307,448,150,0
2026-05-19 02:15:00,86.5199,86.5679,85.7932,85.7998,449,150,0
2026-05-19 02:30:00,85.8189,85.8421,85.6443,85.7215,447,150,0
2026-05-19 02:45:00,85.7096,85.7453,85.1415,85.1934,450,150,0
2026-05-19 03:00:00,85.2087,85.6116,85.1077,85.589,448,150,0
2026-05-19 03:15:00,85.5779,85.6997,85.4835,85.5026,450,150,0
2026-05-19 03:30:00,85.501,85.501,84.9209,84.9667,447,150,0
2026-05-19 03:45:00,84.9663,85.2049,84.911,85.1473,450,150,0
2026-05-19 04:00:00,85.1488,85.3709,85.1201,85.3576,449,150,0
2026-05-19 04:15:00,85.3529,85.5496,85.3414,85.4495,448,150,0
2026-05-19 04:30:00,85.45,85.7541,85.438,85.6184,450,150,0
2026-05-19 04:45:00,85.6114,85.8511,85.5436,85.7655,447,150,0
2026-05-19 05:00:00,85.7548,85.9542,85.722,85.9292,450,150,0
2026-05-19 05:15:00,85.9265,86.0041,85.6793,85.7461,448,150,0
2026-05-19 05:30:00,85.7498,86.0004,85.5958,85.8626,448,150,0
2026-05-19 05:45:00,85.8639,85.9731,85.5697,85.7507,448,150,0
2026-05-19 06:00:00,85.7409,85.7415,85.1701,85.3162,447,150,0
2026-05-19 06:15:00,85.3111,85.5642,85.2717,85.5536,448,150,0
2026-05-19 06:30:00,85.5467,85.5761,85.2323,85.2961,449,150,0
2026-05-19 06:45:00,85.2955,85.2955,85.0117,85.2002,447,150,0
2026-05-19 07:00:00,85.22,85.2993,85.0213,85.1377,445,150,0
2026-05-19 07:15:00,85.1429,85.1494,84.9344,85.1456,449,150,0
2026-05-19 07:30:00,85.1356,85.3402,84.9932,85.3354,448,150,0
2026-05-19 07:45:00,85.3307,85.4289,85.1233,85.3987,449,150,0
2026-05-19 08:00:00,85.406,85.4469,85.1925,85.3228,447,150,0
2026-05-19 08:15:00,85.3242,85.7665,85.2406,85.7535,449,150,0
2026-05-19 08:30:00,85.7618,86.1546,85.7069,86.1374,447,150,0
2026-05-19 08:45:00,86.1508,86.3085,86.1031,86.1816,448,150,0
2026-05-19 09:00:00,86.202,86.5839,86.1623,86.4417,448,150,0
2026-05-19 09:15:00,86.4383,86.909,86.4383,86.6898,445,150,0
2026-05-19 09:30:00,86.6841,86.7603,86.3227,86.5022,447,150,0
2026-05-19 09:45:00,86.5015,86.6182,86.3214,86.5781,449,150,0
2026-05-19 10:00:00,86.5783,86.6105,86.1319,86.1395,449,150,0
2026-05-19 10:15:00,86.1261,86.1513,85.7126,85.8276,450,150,0
2026-05-19 10:30:00,85.8434,85.918,85.6388,85.918,449,150,0
2026-05-19 10:45:00,85.9109,85.9346,85.6223,85.745,449,150,0
2026-05-19 11:00:00,85.7221,85.839,85.5325,85.5653,448,150,0
2026-05-19 11:15:00,85.571,85.7227,85.4559,85.5186,449,150,0
2026-05-19 11:30:00,85.529,85.9964,85.3855,85.9107,449,150,0
2026-05-19 11:45:00,85.918,86.1146,85.8238,86.0663,448,150,0
2026-05-19 12:00:00,86.068,86.4307,86.0434,86.3319,448,150,0
2026-05-19 12:15:00,86.3307,86.8907,86.3201,86.8559,449,150,0
2026-05-19 12:30:00,86.8767,87.3945,86.8612,87.2091,447,150,0
2026-05-19 12:45:00,87.2083,87.2615,87.0941,87.1407,446,150,0
2026-05-19 13:00:00,87.1531,87.3342,86.9304,86.9342,449,150,0
2026-05-19 13:15:00,86.9481,87.4851,86.8835,87.443,448,150,0
2026-05-19 13:30:00,87.4405,87.509,87.1798,87.4844,450,150,0
2026-05-19 13:45:00,87.4847,87.686,87.3221,87.6113,450,150,0
2026-05-19 14:00:00,87.6225,87.7571,87.4579,87.7231,449,150,0
2026-05-19 14:15:00,87.7394,87.9355,87.6646,87.7817,449,150,0
2026-05-19 14:30:00,87.7763,87.9215,87.6687,87.8347,448,150,0
2026-05-19 14:45:00,87.8254,88.0124,87.8251,87.9398,448,150,0
2026-05-19 15:00:00,87.9373,88.2919,87.9067,87.983,449,150,0
2026-05-19 15:15:00,87.9696,88.0258,87.5313,87.6814,450,150,0
2026-05-19 15:30:00,87.7082,87.7391,87.4677,87.5605,450,150,0
2026-05-19 15:45:00,87.5707,87.8025,87.427,87.7166,444,150,0
2026-05-19 16:00:00,87.7079,87.7956,87.4868,87.7875,449,150,0
2026-05-19 16:15:00,87.7947,87.7989,87.4922,87.4997,449,150,0
2026-05-19 16:30:00,87.4968,87.6732,87.4023,87.5759,449,150,0
2026-05-19 16:45:00,87.591,87.6875,87.4576,87.6425,448,150,0
2026-05-19 17:00:00,87.6334,87.7258,87.5448,87.7111,448,150,0
2026-05-19 17:15:00,87.7325,88.1712,87.7325,88.1712,449,150,0
2026-05-19 17:30:00,88.1731,88.2337,87.9125,88.0346,450,150,0
2026-05-19 17:45:00,88.0238,88.0675,87.8475,87.9924,448,150,0
2026-05-19 18:00:00,87.9924,88.1667,87.8684,87.9047,449,150,0
2026-05-19 18:15:00,87.8991,87.9599,87.4162,87.5345,449,150,0
2026-05-19 18:30:00,87.5352,87.5609,87.244,87.3227,448,150,0
2026-05-19 18:45:00,87.3361,87.3368,87.0225,87.0751,448,150,0
2026-05-19 19:00:00,87.0682,87.2748,87.0123,87.2317,450,150,0
2026-05-19 19:15:00,87.2196,87.4358,87.2196,87.2378,450,150,0
2026-05-19 19:30:00,87.2524,87.3954,86.9945,87.3354,450,150,0
2026-05-19 19:45:00,87.3187,87.5835,87.1741,87.4879,447,150,0
2026-05-19 20:00:00,87.4864,87.8456,87.4482,87.8122,450,150,0
2026-05-19 20:15:00,87.8123,87.9414,87.6212,87.9126,448,150,0
2026-05-19 20:30:00,87.9321,87.9608,87.6189,87.9608,449,150,0
2026-05-19 20:45:00,87.9678,88.244,87.9597,88.1111,449,150,0
2026-05-19 21:00:00,88.1099,88.1532,87.9231,88.0124,449,150,0
2026-05-19 21:15:00,88.0067,88.032,87.7986,87.9267,449,150,0
2026-05-19 21:30:00,87.9233,87.9382,87.5246,87.6732,450,150,0
2026-05-19 21:45:00,87.6591,87.6788,87.3472,87.394,446,150,0
2026-05-19 22:00:00,87.3967,87.7377,87.3135,87.6163,448,150,0
2026-05-19 22:15:00,87.6015,87.8514,87.5725,87.787,447,150,0
2026-05-19 22:30:00,87.7812,87.8142,87.342,87.473,447,150,0
2026-05-19 22:45:00,87.4702,87.4956,87.0772,87.1498,448,150,0
2026-05-19 23:00:00,87.1506,87.1567,86.7043,86.718,447,150,0
2026-05-19 23:15:00,86.7292,86.8608,86.5853,86.769,450,150,0
2026-05-19 23:30:00,86.7641,87.0188,86.7244,86.7951,449,150,0
2026-05-19 23:45:00,86.7959,86.8988,86.6296,86.7583,450,150,0
2026-05-20 00:00:00,86.7519,86.8038,86.5006,86.5006,447,150,0
2026-05-20 00:15:00,86.487,86.5948,86.1636,86.3028,446,150,0
2026-05-20 00:30:00,86.3104,86.3669,85.8239,85.8573,447,150,0
2026-05-20 00:45:00,85.8395,85.9401,85.7692,85.9304,450,150,0
2026-05-20 01:00:00,85.9412,86.1498,85.6618,86.1187,449,150,0
2026-05-20 01:15:00,86.1116,86.2492,85.9133,86.2152,449,150,0
2026-05-20 01:30:00,86.2023,86.3697,86.1179,86.2972,447,150,0
2026-05-20 01:45:00,86.2754,86.3442,86.1211,86.2344,449,150,0
2026-05-20 02:00:00,86.226,86.2873,86.0734,86.25,448,150,0
2026-05-20 02:15:00,86.2474,86.3217,86.1321,86.2824,449,150,0
2026-05-20 02:30:00,86.2818,86.552,86.2818,86.4987,449,150,0
2026-05-20 02:45:00,86.5056,86.545,86.2425,86.3017,447,150,0
2026-05-20 03:00:00,86.2907,86.5615,86.2542,86.5608,446,150,0
2026-05-20 03:15:00,86.552,86.6057,86.3696,86.5855,448,150,0
2026-05-20 03:30:00,86.5962,86.6084,86.3539,86.4049,450,150,0
2026-05-20 03:45:00,86.403,86.4713,85.9176,86.0011,449,150,0
2026-05-20 04:00:00,85.9909,85.9909,85.7278,85.9082,446,150,0
2026-05-20 04:15:00,85.8992,86.3845,85.8835,86.3232,449,150,0
2026-05-20 04:30:00,86.3004,86.3211,86.0016,86.0436,446,150,0
2026-05-20 04:45:00,86.0507,86.2827,86.0507,86.2513,450,150,0
2026-05-20 05:00:00,86.2567,86.6067,86.1623,86.5312,449,150,0
2026-05-20 05:15:00,86.5198,86.6522,86.2685,86.5774,450,150,0
2026-05-20 05:30:00,86.5728,86.9256,86.5728,86.8589,449,150,0
2026-05-20 05:45:00,86.8717,87.4634,86.8281,87.4517,449,150,0
2026-05-20 06:00:00,87.4454,87.4552,87.0117,87.1122,448,150,0
2026-05-20 06:15:00,87.1004,87.4475,87.0058,87.4475,449,150,0
2026-05-20 06:30:00,87.4392,87.6143,87.2518,87.5125,450,150,0
2026-05-20 06:45:00,87.5094,87.5155,86.9045,86.9423,448,150,0
2026-05-20 07:00:00,86.9485,87.1065,86.7436,86.7994,449,150,0
2026-05-20 07:15:00,86.7997,86.915,86.5752,86.59909999999999,450,150,0
2026-05-20 07:30:00,86.5864,87.1301,86.5361,87.1092,448,150,0
2026-05-20 07:45:00,87.1131,87.2129,86.7885,86.8147,449,150,0
2026-05-20 08:00:00,86.8233,86.9091,86.7131,86.7971,450,150,0
2026-05-20 08:15:00,86.785,87.1209,86.7801,87.1209,446,150,0
2026-05-20 08:30:00,87.1328,87.3843,87.0462,87.3843,449,150,0
2026-05-20 08:45:00,87.3913,87.3957,86.9215,87.2403,449,150,0
2026-05-20 09:00:00,87.2353,87.2721,86.8767,86.9098,447,150,0
2026-05-20 09:15:00,86.8979,87.3536,86.8498,87.3536,450,150,0
2026-05-20 09:30:00,87.3518,87.3706,86.7846,86.909,449,150,0
2026-05-20 09:45:00,86.879,87.0057,86.5998,86.6054,449,150,0
2026-05-20 10:00:00,86.5962,86.6038,86.2612,86.4311,449,150,0
2026-05-20 10:15:00,86.4109,86.4345,86.0679,86.2359,449,150,0
2026-05-20 10:30:00,86.2396,86.2926,85.9624,85.9683,447,150,0
2026-05-20 10:45:00,85.9626,86.1309,85.8464,85.9401,449,150,0
2026-05-20 11:00:00,85.9282,86.4295,85.9096,86.4295,448,150,0
2026-05-20 11:15:00,86.4399,86.6152,86.3014,86.3851,449,150,0
2026-05-20 11:30:00,86.3768,86.4445,86.1116,86.1792,448,150,0
2026-05-20 11:45:00,86.1833,86.8238,86.1551,86.6251,448,150,0
2026-05-20 12:00:00,86.6344,86.9277,86.5896,86.8036,448,150,0
2026-05-20 12:15:00,86.7981,87.0112,86.5516,86.9736,450,150,0
2026-05-20 12:30:00,86.9828,87.3178,86.8492,87.3178,446,150,0
2026-05-20 12:45:00,87.32,87.4815,87.1635,87.4244,446,150,0
2026-05-20 13:00:00,87.4245,87.487,87.2542,87.3074,450,150,0
2026-05-20 13:15:00,87.2977,87.2977,86.9561,87.0784,450,150,0
2026-05-20 13:30:00,87.0741,87.3308,86.8787,87.1756,450,150,0
2026-05-20 13:45:00,87.1838,87.447,87.0706,87.4131,449,150,0
2026-05-20 14:00:00,87.4246,88.1713,87.3832,88.0956,450,150,0
2026-05-20 14:15:00,88.0864,88.2944,87.846,87.8822,450,150,0
2026-05-20 14:30:00,87.8748,87.9152,87.6241,87.8293,448,150,0
2026-05-20 14:45:00,87.8381,87.9404,87.6266,87.6372,450,150,0
2026-05-20 15:00:00,87.643,87.7187,87.5657,87.6996,449,150,0
2026-05-20 15:15:00,87.6951,87.7114,87.5489,87.6249,448,150,0
2026-05-20 15:30:00,87.6223,87.6982,87.4364,87.5065,449,150,0
2026-05-20 15:45:00,87.5219,87.7962,87.2971,87.7006,447,150,0
2026-05-20 16:00:00,87.6977,87.6977,87.3749,87.5827,450,150,0
2026-05-20 16:15:00,87.59,87.6203,87.3805,87.4363,446,150,0
2026-05-20 16:30:00,87.449,87.5874,87.2713,87.3533,450,150,0
2026-05-20 16:45:00,87.3736,87.3806,86.6558,86.7125,449,150,0
2026-05-20 17:00:00,86.7281,86.792,86.5334,86.6783,446,150,0
2026-05-20 17:15:00,86.665,86.831,86.5989,86.7679,449,150,0
2026-05-20 17:30:00,86.7584,87.2534,86.6114,87.0702,446,150,0
2026-05-20 17:45:00,87.0794,87.0921,86.7512,86.7829,448,150,0
2026-05-20 18:00:00,86.7634,87.1239,86.6345,86.9713,448,150,0
2026-05-20 18:15:00,86.9542,87.1366,86.8944,86.9142,450,150,0
2026-05-20 18:30:00,86.9044,87.0623,86.6869,86.8076,448,150,0
2026-05-20 18:45:00,86.7959,87.1058,86.7503,86.9031,448,150,0
2026-05-20 19:00:00,86.9026,87.0113,86.6206,86.6728,448,150,0
2026-05-20 19:15:00,86.6677,86.6809,86.1572,86.3422,449,150,0
2026-05-20 19:30:00,86.3628,86.372,85.8362,85.8829,449,150,0
2026-05-20 19:45:00,85.8782,85.8782,85.5476,85.57,448,150,0
2026-05-20 20:00:00,85.5794,85.736,85.4089,85.4182,450,150,0
2026-05-20 20:15:00,85.4337,85.772,85.4337,85.6477,446,150,0
2026-05-20 20:30:00,85.6496,85.7406,85.3469,85.3512,449,150,0
2026-05-20 20:45:00,85.3573,85.5755,85.3071,85.3749,448,150,0
2026-05-20 21:00:00,85.3764,85.3958,85.0291,85.1429,449,150,0
2026-05-20 21:15:00,85.1403,85.2171,84.9656,84.9656,448,150,0
2026-05-20 21:30:00,84.9782,85.2537,84.8451,85.2281,449,150,0
2026-05-20 21:45:00,85.2463,85.6095,85.2308,85.4519,449,150,0
2026-05-20 22:00:00,85.4513,85.5321,85.2263,85.4853,449,150,0
2026-05-20 22:15:00,85.4711,85.4919,85.1226,85.1715,450,150,0
2026-05-20 22:30:00,85.1635,85.5661,84.9518,85.5661,448,150,0
2026-05-20 22:45:00,85.5737,85.7666,85.5018,85.6221,445,150,0
2026-05-20 23:00:00,85.6285,85.8417,85.4791,85.5823,448,150,0
2026-05-20 23:15:00,85.5767,85.9404,85.5543,85.9292,447,150,0
2026-05-20 23:30:00,85.9303,86.1447,85.7648,85.7648,447,150,0
2026-05-20 23:45:00,85.7659,85.8852,85.6479,85.877,450,150,0
2026-05-21 00:00:00,85.8874,85.9099,85.6372,85.8901,448,150,0
2026-05-21 00:15:00,85.8656,85.9417,85.5476,85.7189,449,150,0
2026-05-21 00:30:00,85.7177,85.7491,85.1184,85.125,449,150,0
2026-05-21 00:45:00,85.109,85.1334,84.901,85.0536,447,150,0
2026-05-21 01:00:00,85.0464,85.562,85.0449,85.3168,447,150,0
2026-05-21 01:15:00,85.3299,85.9394,85.2728,85.8932,446,150,0
2026-05-21 01:30:00,85.9107,86.1832,85.8951,86.0943,449,150,0
2026-05-21 01:45:00,86.0972,86.0981,85.4663,85.481,449,150,0
2026-05-21 02:00:00,85.4709,85.4709,84.8502,85.0253,447,150,0
2026-05-21 02:15:00,85.0242,85.1869,84.8948,85.0124,450,150,0
2026-05-21 02:30:00,85.0043,85.1625,84.9406,84.9962,449,150,0
2026-05-21 02:45:00,85.0054,85.2275,84.975,85.0926,448,150,0
2026-05-21 03:00:00,85.085,85.1286,84.8142,85.0316,449,150,0
2026-05-21 03:15:00,85.0323,85.216,84.8708,84.9277,450,150,0
2026-05-21 03:30:00,84.9318,85.0919,84.8868,84.9026,448,150,0
2026-05-21 03:45:00,84.9388,84.9575,84.5765,84.6806,447,150,0
2026-05-21 04:00:00,84.6837,84.8069,84.4802,84.6981,446,150,0
2026-05-21 04:15:00,84.687,84.8581,84.5611,84.8374,447,150,0
2026-05-21 04:30:00,84.8524,85.21,84.8357,85.1393,448,150,0
2026-05-21 04:45:00,85.1471,85.1638,84.853,84.9675,448,150,0
2026-05-21 05:00:00,84.9627,85.1631,84.8507,85.1539,447,150,0
2026-05-21 05:15:00,85.1643,85.1905,84.8938,84.9106,449,150,0
2026-05-21 05:30:00,84.9198,84.9496,84.7013,84.9293,447,150,0
2026-05-21 05:45:00,84.9172,85.2451,84.833,85.2451,446,150,0
2026-05-21 06:00:00,85.2454,85.3155,84.8254,84.9003,449,150,0
2026-05-21 06:15:00,84.8996,84.9182,84.59909999999999,84.8147,448,150,0
2026-05-21 06:30:00,84.8143,84.9945,84.756,84.8686,448,150,0
2026-05-21 06:45:00,84.8676,85.0145,84.6882,84.7934,448,150,0
2026-05-21 07:00:00,84.7741,84.8103,84.2312,84.2684,448,150,0
2026-05-21 07:15:00,84.274,84.2804,83.9352,84.0034,448,150,0
2026-05-21 07:30:00,84.0032,84.1395,83.8939,84.0424,447,150,0
2026-05-21 07:45:00,84.0466,84.2453,83.9119,84.2453,449,150,0
2026-05-21 08:00:00,84.2535,84.6323,84.1815,84.6323,446,150,0
2026-05-21 08:15:00,84.6351,84.7246,84.4451,84.5664,449,150,0
2026-05-21 08:30:00,84.5723,84.9703,84.5024,84.8733,448,150,0
2026-05-21 08:45:00,84.8792,84.9016,84.5397,84.5746,448,150,0
2026-05-21 09:00:00,84.5996,84.6443,84.1165,84.2825,447,150,0
2026-05-21 09:15:00,84.2796,84.5915,84.1702,84.5837,450,150,0
2026-05-21 09:30:00,84.5787,84.6226,84.3602,84.4761,449,150,0
2026-05-21 09:45:00,84.4611,84.4928,84.2967,84.4691,449,150,0
2026-05-21 10:00:00,84.4694,84.4853,84.0312,84.0904,448,150,0
2026-05-21 10:15:00,84.0847,84.2104,83.9661,83.9765,448,150,0
2026-05-21 10:30:00,83.9738,84.445,83.9069,84.2956,447,150,0
2026-05-21 10:45:00,84.3046,84.4785,84.1395,84.476,448,150,0
2026-05-21 11:00:00,84.4855,84.9327,84.4751,84.9327,449,150,0
2026-05-21 11:15:00,84.936,85.0582,84.8566,85.0198,449,150,0
2026-05-21 11:30:00,85.0257,85.2512,84.8967,85.1657,449,150,0
2026-05-21 11:45:00,85.1908,85.359,85.0569,85.2307,447,150,0
2026-05-21 12:00:00,85.2285,85.2753,84.9332,85.047,450,150,0
2026-05-21 12:15:00,85.0426,85.2357,84.9117,85.0153,448,150,0
2026-05-21 12:30:00,84.9902,85.0544,84.7853,84.8972,450,150,0
2026-05-21 12:45:00,84.8969,85.359,84.8969,85.2055,449,150,0
2026-05-21 13:00:00,85.2071,85.2349,84.6295,84.6295,447,150,0
2026-05-21 13:15:00,84.6235,84.8646,84.5241,84.7773,450,150,0
2026-05-21 13:30:00,84.785,85.1678,84.7788,84.8233,448,150,0
2026-05-21 13:45:00,84.8178,84.8693,84.5305,84.6414,450,150,0
2026-05-21 14:00:00,84.648,84.7149,84.4891,84.5654,450,150,0
2026-05-21 14:15:00,84.5653,84.6446,84.2156,84.3387,448,150,0
2026-05-21 14:30:00,84.3374,84.5664,84.2757,84.518,450,150,0
2026-05-21 14:45:00,84.5216,84.725,84.4539,84.6183,450,150,0
2026-05-21 15:00:00,84.6241,84.6477,84.3659,84.497,448,150,0
2026-05-21 15:15:00,84.4908,84.6282,84.3462,84.3675,448,150,0
2026-05-21 15:30:00,84.3539,84.4285,84.1948,84.3318,446,150,0
2026-05-21 15:45:00,84.3143,84.5814,84.2773,84.3231,448,150,0
2026-05-21 16:00:00,84.3176,84.7331,84.2974,84.7214,449,150,0
2026-05-21 16:15:00,84.7252,84.9895,84.7133,84.9322,448,150,0
2026-05-21 16:30:00,84.9393,85.224,84.8165,84.9027,448,150,0
2026-05-21 16:45:00,84.9038,85.1506,84.8163,85.0169,448,150,0
2026-05-21 17:00:00,85.0149,85.5734,84.9347,85.5734,446,150,0
2026-05-21 17:15:00,85.5782,85.66,85.2254,85.2917,449,150,0
2026-05-21 17:30:00,85.294,85.3472,85.0693,85.1779,450,150,0
2026-05-21 17:45:00,85.1987,85.2311,84.9576,85.0336,449,150,0
2026-05-21 18:00:00,85.0462,85.1684,84.8997,84.8997,449,150,0
2026-05-21 18:15:00,84.9214,85.2214,84.737,85.2214,450,150,0
2026-05-21 18:30:00,85.2398,85.4354,85.056,85.3388,448,150,0
2026-05-21 18:45:00,85.3489,85.3521,85.0271,85.0765,447,150,0
2026-05-21 19:00:00,85.0794,85.1772,84.8726,84.8966,447,150,0
2026-05-21 19:15:00,84.9046,85.2121,84.8762,85.0667,448,150,0
2026-05-21 19:30:00,85.0485,85.0523,84.5035,84.6067,448,150,0
2026-05-21 19:45:00,84.6226,84.7201,84.2348,84.2405,448,150,0
2026-05-21 20:00:00,84.2446,84.3196,84.0947,84.2864,449,150,0
2026-05-21 20:15:00,84.2835,84.5494,84.2198,84.5372,450,150,0
2026-05-21 20:30:00,84.5424,84.853,84.5399,84.8111,448,150,0
2026-05-21 20:45:00,84.811,84.8351,84.5662,84.6392,449,150,0
2026-05-21 21:00:00,84.6464,84.6834,84.47,84.4808,450,150,0
2026-05-21 21:15:00,84.4873,84.6035,84.2629,84.5755,450,150,0
2026-05-21 21:30:00,84.5819,84.7824,84.3346,84.3426,450,150,0
2026-05-21 21:45:00,84.3521,84.4518,84.2134,84.3678,449,150,0
2026-05-21 22:00:00,84.3512,84.4783,84.1542,84.4783,450,150,0
2026-05-21 22:15:00,84.4748,84.7574,84.3936,84.7034,449,150,0
2026-05-21 22:30:00,84.6721,84.7677,84.5499,84.6197,448,150,0
2026-05-21 22:45:00,84.6054,85.1445,84.4229,85.0146,450,150,0
2026-05-21 23:00:00,85.0225,85.0569,84.7489,85.0118,450,150,0
2026-05-21 23:15:00,85.0189,85.1336,84.8297,84.9899,449,150,0
2026-05-21 23:30:00,84.9859,84.987,84.6167,84.7387,449,150,0
2026-05-21 23:45:00,84.7436,84.78,84.4591,84.6423,449,150,0
2026-05-22 00:00:00,84.638,84.9187,84.6239,84.8764,449,150,0
2026-05-22 00:15:00,84.8703,85.3454,84.8468,85.3322,450,150,0
2026-05-22 00:30:00,85.3465,85.4645,85.2032,85.2509,448,150,0
2026-05-22 00:45:00,85.2342,85.5341,85.189,85.3555,450,150,0
2026-05-22 01:00:00,85.3694,85.3876,84.9888,85.0019,449,150,0
2026-05-22 01:15:00,84.9896,85.1982,84.867,85.0546,447,150,0
2026-05-22 01:30:00,85.0427,85.213,84.8348,84.8348,450,150,0
2026-05-22 01:45:00,84.8269,84.9893,84.8088,84.9608,448,150,0
2026-05-22 02:00:00,84.9449,85.2224,84.763,84.9845,448,150,0
2026-05-22 02:15:00,84.9627,85.2781,84.8974,85.2658,447,150,0
2026-05-22 02:30:00,85.2645,85.4404,85.222,85.3243,448,150,0
2026-05-22 02:45:00,85.323,85.5552,85.2368,85.5444,448,150,0
2026-05-22 03:00:00,85.5332,85.5774,84.913,85.0787,450,150,0
2026-05-22 03:15:00,85.0893,85.2534,84.9596,84.9787,448,150,0
2026-05-22 03:30:00,84.9683,85.0104,84.7259,84.7661,450,150,0
2026-05-22 03:45:00,84.7539,85.0124,84.7053,84.8545,449,150,0
2026-05-22 04:00:00,84.8629,85.0121,84.7347,84.8418,448,150,0
2026-05-22 04:15:00,84.844,85.2404,84.8397,85.0767,450,150,0
2026-05-22 04:30:00,85.0683,85.1352,84.6668,84.7708,448,150,0
2026-05-22 04:45:00,84.7568,84.9605,84.5898,84.7338,449,150,0
2026-05-22 05:00:00,84.7058,84.7058,84.1335,84.1486,450,150,0
2026-05-22 05:15:00,84.1298,84.621,84.1091,84.5952,449,150,0
2026-05-22 05:30:00,84.6,84.713,84.4729,84.6788,448,150,0
2026-05-22 05:45:00,84.6948,85.018,84.6259,84.8735,448,150,0
2026-05-22 06:00:00,84.8708,85.0068,84.7327,84.8445,450,150,0
2026-05-22 06:15:00,84.8441,85.0122,84.7686,84.892,448,150,0
2026-05-22 06:30:00,84.8903,85.111,84.8744,84.964,447,150,0
2026-05-22 06:45:00,84.9617,85.1577,84.9051,84.9051,449,150,0
2026-05-22 07:00:00,84.8951,84.8951,84.671,84.7491,448,150,0
2026-05-22 07:15:00,84.7374,84.943,84.5698,84.805,450,150,0
2026-05-22 07:30:00,84.7982,84.8196,84.2565,84.377,447,150,0
2026-05-22 07:45:00,84.3846,84.521,84.2838,84.3956,450,150,0
2026-05-22 08:00:00,84.3808,84.7981,84.3307,84.7981,449,150,0
2026-05-22 08:15:00,84.8173,85.167,84.8005,85.0334,448,150,0
2026-05-22 08:30:00,85.045,85.048,84.7982,85.0132,449,150,0
2026-05-22 08:45:00,85.0036,85.0708,84.7733,84.7923,448,150,0
2026-05-22 09:00:00,84.7812,84.8566,84.5844,84.7472,448,150,0
2026-05-22 09:15:00,84.7606,84.8593,84.5534,84.8378,448,150,0
2026-05-22 09:30:00,84.8535,85.2313,84.8436,84.9112,448,150,0
2026-05-22 09:45:00,84.9115,84.9243,84.6838,84.8424,450,150,0
2026-05-22 10:00:00,84.8622,84.8635,84.3854,84.3978,448,150,0
2026-05-22 10:15:00,84.4074,84.5412,84.3045,84.3956,449,150,0
2026-05-22 10:30:00,84.4171,84.5544,84.2454,84.2936,449,150,0
2026-05-22 10:45:00,84.3013,84.3619,84.187,84.3113,450,150,0
2026-05-22 11:00:00,84.316,84.3736,83.94,84.1477,450,150,0
2026-05-22 11:15:00,84.1525,84.1685,83.7301,83.9714,448,150,0
2026-05-22 11:30:00,83.9738,84.0427,83.7942,83.8051,450,150,0
2026-05-22 11:45:00,83.8004,84.204,83.6375,84.1377,447,150,0
2026-05-22 12:00:00,84.1467,84.4457,84.1137,84.3907,447,150,0
2026-05-22 12:15:00,84.3713,84.456,84.158,84.2947,446,150,0
2026-05-22 12:30:00,84.2872,84.4973,84.1442,84.2241,450,150,0
2026-05-22 12:45:00,84.2313,84.5473,84.139,84.4356,447,150,0
2026-05-22 13:00:00,84.4277,84.8019,84.3994,84.5856,448,150,0
2026-05-22 13:15:00,84.5934,84.983,84.4939,84.9103,449,150,0
2026-05-22 13:30:00,84.8883,85.2984,84.785,85.2404,449,150,0
2026-05-22 13:45:00,85.2556,85.4779,85.1866,85.382,449,150,0
2026-05-22 14:00:00,85.3617,85.508,85.2469,85.4658,449,150,0
2026-05-22 14:15:00,85.4431,85.5959,85.2592,85.4597,450,150,0
2026-05-22 14:30:00,85.4618,85.5282,85.3281,85.4098,447,150,0
2026-05-22 14:45:00,85.4044,85.638,85.3263,85.4057,449,150,0
2026-05-22 15:00:00,85.4027,85.7275,85.2059,85.7225,450,150,0
2026-05-22 15:15:00,85.7303,85.8878,85.4819,85.5997,447,150,0
2026-05-22 15:30:00,85.6108,85.6646,85.414,85.5885,450,150,0
2026-05-22 15:45:00,85.5723,85.6335,85.4257,85.445,450,150,0
2026-05-22 16:00:00,85.4421,85.499,85.0975,85.2719,447,150,0
2026-05-22 16:15:00,85.2818,85.6465,85.2662,85.52590000000001,449,150,0
2026-05-22 16:30:00,85.5315,85.5843,85.2319,85.2668,449,150,0
2026-05-22 16:45:00,85.2758,85.6866,85.1617,85.6866,447,150,0
2026-05-22 17:00:00,85.7041,85.7784,85.3322,85.5376,448,150,0
2026-05-22 17:15:00,85.549,85.7738,85.5248,85.6772,447,150,0
2026-05-22 17:30:00,85.6753,85.9607,85.6515,85.9541,449,150,0
2026-05-22 17:45:00,85.959,86.1729,85.9217,86.0927,448,150,0
2026-05-22 18:00:00,86.0953,86.4101,86.0643,86.2347,449,150,0
2026-05-22 18:15:00,86.2392,86.3685,86.1279,86.3065,449,150,0
2026-05-22 18:30:00,86.2893,86.369,86.0228,86.1432,449,150,0
2026-05-22 18:45:00,86.1392,86.5552,86.1196,86.3516,448,150,0
2026-05-22 19:00:00,86.3539,86.4593,86.0645,86.1836,448,150,0
2026-05-22 19:15:00,86.1823,86.2384,86.0649,86.1675,450,150,0
2026-05-22 19:30:00,86.1656,86.6544,86.1531,86.5278,450,150,0
2026-05-22 19:45:00,86.5314,86.6994,86.4032,86.5634,450,150,0
2026-05-22 20:00:00,86.5578,86.6612,86.2756,86.3088,449,150,0
2026-05-22 20:15:00,86.2898,86.5994,86.2563,86.4079,450,150,0
2026-05-22 20:30:00,86.4185,86.5073,86.1649,86.1676,450,150,0
2026-05-22 20:45:00,86.1621,86.335,86.0567,86.335,449,150,0
2026-05-22 21:00:00,86.3306,86.3647,86.0989,86.291,449,150,0
2026-05-22 21:15:00,86.2986,86.4826,86.1402,86.3023,447,150,0
2026-05-22 21:30:00,86.3114,86.3142,85.8255,86.2452,450,150,0
2026-05-22 21:45:00,86.2463,86.3544,86.0783,86.1053,449,150,0
2026-05-22 22:00:00,86.0993,86.2574,85.9769,86.2166,450,150,0
2026-05-22 22:15:00,86.2208,86.6683,86.1951,86.5908,448,150,0
2026-05-22 22:30:00,86.5743,86.7768,86.4706,86.6335,448,150,0
2026-05-22 22:45:00,86.6232,87.0707,86.6191,86.9364,448,150,0
2026-05-22 23:00:00,86.944,87.1234,86.8254,86.9814,449,150,0
2026-05-22 23:15:00,86.9779,87.2573,86.8745,87.1787,445,150,0
2026-05-22 23:30:00,87.1808,87.2321,86.9659,87.102,447,150,0
2026-05-22 23:45:00,87.099,87.4603,87.0182,87.4468,450,75,0
2026-05-23 00:00:00,87.4478,87.4767,87.1783,87.333,448,75,0
2026-05-23 00:15:00,87.315,87.7533,87.2536,87.6667,449,75,0
2026-05-23 00:30:00,87.6655,87.7533,87.3783,87.4301,449,75,0
2026-05-23 00:45:00,87.424,87.6617,87.3861,87.5875,450,75,0
2026-05-23 01:00:00,87.6082,87.8053,87.5376,87.7262,449,75,0
2026-05-23 01:15:00,87.7494,87.7921,87.4602,87.6647,449,75,0
2026-05-23 01:30:00,87.6722,87.6722,87.1494,87.2042,448,75,0
2026-05-23 01:45:00,87.2077,87.468,87.1548,87.3858,450,75,0
2026-05-23 02:00:00,87.3922,87.4234,87.0853,87.3832,448,75,0
2026-05-23 02:15:00,87.3778,87.4969,87.2304,87.2644,449,75,0
2026-05-23 02:30:00,87.2765,87.6862,87.1653,87.6264,448,75,0
2026-05-23 02:45:00,87.617,87.6298,87.2031,87.2371,448,75,0
2026-05-23 03:00:00,87.2251,87.3489,87.0912,87.1602,448,75,0
2026-05-23 03:15:00,87.1675,87.4426,87.0957,87.136,448,75,0
2026-05-23 03:30:00,87.1465,87.5484,87.1384,87.2662,450,75,0
2026-05-23 03:45:00,87.2647,87.3172,87.0773,87.2669,449,75,0
2026-05-23 04:00:00,87.2764,87.5612,87.17,87.5296,449,75,0
2026-05-23 04:15:00,87.5225,87.5938,87.2276,87.3586,448,75,0
2026-05-23 04:30:00,87.3615,87.5303,87.2376,87.43,447,75,0
2026-05-23 04:45:00,87.4218,87.4626,87.0877,87.1055,446,75,0
2026-05-23 05:00:00,87.1077,87.1604,86.9092,87.0385,449,75,0
2026-05-23 05:15:00,87.0558,87.4555,87.0537,87.3267,450,75,0
2026-05-23 05:30:00,87.3216,87.6564,87.2967,87.6254,449,75,0
2026-05-23 05:45:00,87.6321,87.8113,87.613,87.654,446,75,0
2026-05-23 06:00:00,87.671,87.9874,87.5189,87.8014,447,75,0
2026-05-23 06:15:00,87.7997,88.0592,87.7723,88.0491,448,75,0
2026-05-23 06:30:00,88.0497,88.1742,87.8748,87.9396,447,75,0
2026-05-23 06:45:00,87.9399,88.1606,87.9003,88.0503,447,75,0
2026-05-23 07:00:00,88.0614,88.097,87.8206,87.8732,449,75,0
2026-05-23 07:15:00,87.8813,87.9922,87.6841,87.6901,450,75,0
2026-05-23 07:30:00,87.6852,87.8959,87.5836,87.6434,450,75,0
2026-05-23 07:45:00,87.6342,87.8021,87.2393,87.3953,449,75,0
2026-05-23 08:00:00,87.4062,87.5646,87.2998,87.5527,448,75,0
2026-05-23 08:15:00,87.5404,87.5583,86.9079,87.0425,449,75,0
2026-05-23 08:30:00,87.0458,87.4845,87.0346,87.4467,449,75,0
2026-05-23 08:45:00,87.4431,87.4741,87.2567,87.3197,448,75,0
2026-05-23 09:00:00,87.3312,87.6996,87.2724,87.5282,448,75,0
2026-05-23 09:15:00,87.5353,87.789,87.4112,87.5777,449,75,0
2026-05-23 09:30:00,87.5741,87.6864,87.2499,87.4682,449,75,0
2026-05-23 09:45:00,87.4828,87.5318,87.1457,87.4552,448,75,0
2026-05-23 10:00:00,87.4494,87.5866,87.1423,87.2637,449,75,0
2026-05-23 10:15:00,87.275,87.4763,87.0306,87.0561,450,75,0
2026-05-23 10:30:00,87.0667,87.2337,87.0477,87.2337,450,75,0
2026-05-23 10:45:00,87.2376,87.2435,86.7503,86.8029,448,75,0
2026-05-23 11:00:00,86.7863,86.8638,86.6209,86.8625,448,75,0
2026-05-23 11:15:00,86.8647,87.0864,86.8298,86.8501,450,75,0
2026-05-23 11:30:00,86.8569,86.9377,86.7084,86.8843,446,75,0
2026-05-23 11:45:00,86.8862,87.1402,86.8294,87.0834,449,75,0
2026-05-23 12:00:00,87.0672,87.2046,86.7229,86.8553,447,75,0
2026-05-23 12:15:00,86.8314,87.3292,86.8079,87.0382,450,75,0
2026-05-23 12:30:00,87.0414,87.1874,86.8545,86.8776,449,75,0
2026-05-23 12:45:00,86.881,87.191,86.8247,87.1213,447,75,0
2026-05-23 13:00:00,87.1266,87.2435,86.9569,86.9751,449,75,0
2026-05-23 13:15:00,86.997,87.0447,86.804,86.9179,447,75,0
2026-05-23 13:30:00,86.9122,87.1035,86.8618,86.9768,448,75,0
2026-05-23 13:45:00,86.9781,87.1363,86.7119,86.7145,449,75,0
2026-05-23 14:00:00,86.7104,86.869,86.5853,86.7472,447,75,0
2026-05-23 14:15:00,86.7389,86.8487,86.526,86.6288,449,75,0
2026-05-23 14:30:00,86.6217,86.7206,86.3187,86.3187,448,75,0
2026-05-23 14:45:00,86.3189,86.4158,85.9859,85.9974,448,75,0
2026-05-23 15:00:00,86.0072,86.0372,85.804,85.9423,447,75,0
2026-05-23 15:15:00,85.9528,86.0552,85.7932,85.8247,449,75,0
2026-05-23 15:30:00,85.8199,85.8779,85.2658,85.2673,450,75,0
2026-05-23 15:45:00,85.2707,85.3629,85.134,85.1612,450,75,0
2026-05-23 16:00:00,85.1679,85.4982,85.1679,85.3678,448,75,0
2026-05-23 16:15:00,85.3658,85.6048,85.2371,85.32,449,75,0
2026-05-23 16:30:00,85.3041,85.3192,84.7677,84.7903,448,75,0
2026-05-23 16:45:00,84.8033,84.9481,84.6674,84.8529,449,75,0
2026-05-23 17:00:00,84.8658,84.8881,84.6056,84.8428,448,75,0
2026-05-23 17:15:00,84.8503,85.5407,84.8,85.5407,447,75,0
2026-05-23 17:30:00,85.5442,85.6902,85.4082,85.4121,450,75,0
2026-05-23 17:45:00,85.4211,85.4268,84.7625,84.9366,450,75,0
2026-05-23 18:00:00,84.9341,85.1568,84.8306,84.8761,448,75,0
2026-05-23 18:15:00,84.8698,85.1917,84.8373,85.1118,445,75,0
2026-05-23 18:30:00,85.1108,85.3995,85.0493,85.2907,448,75,0
2026-05-23 18:45:00,85.2995,85.3861,85.2297,85.2686,448,75,0
2026-05-23 19:00:00,85.2866,85.4644,84.9845,85.0239,447,75,0
2026-05-23 19:15:00,85.0199,85.2739,84.9903,85.2261,448,75,0
2026-05-23 19:30:00,85.2256,85.3084,85.1034,85.1411,448,75,0
2026-05-23 19:45:00,85.1346,85.5875,85.117,85.5839,449,75,0
2026-05-23 20:00:00,85.5672,85.5907,85.3433,85.422,446,75,0
2026-05-23 20:15:00,85.4364,85.7525,85.4261,85.7039,447,75,0
2026-05-23 20:30:00,85.7153,85.7925,85.5369,85.598,448,75,0
2026-05-23 20:45:00,85.5964,85.8097,85.3014,85.7752,449,75,0
2026-05-23 21:00:00,85.7687,85.8102,85.5275,85.5638,450,75,0
2026-05-23 21:15:00,85.5502,85.7927,85.5018,85.6173,450,75,0
2026-05-23 21:30:00,85.6127,85.8253,85.58840000000001,85.654,445,75,0
2026-05-23 21:45:00,85.6692,85.8504,85.5238,85.5805,448,75,0
2026-05-23 22:00:00,85.566,85.7185,85.2898,85.4683,448,75,0
2026-05-23 22:15:00,85.4627,85.8213,85.369,85.7417,448,75,0
2026-05-23 22:30:00,85.7288,85.9313,85.6033,85.6984,447,75,0
2026-05-23 22:45:00,85.721,85.8152,85.5926,85.6674,449,75,0
2026-05-23 23:00:00,85.6794,86.1496,85.6316,86.1496,449,75,0
2026-05-23 23:15:00,86.1477,86.4185,86.0912,86.3663,449,75,0
2026-05-23 23:30:00,86.3781,86.5454,86.2228,86.5348,450,75,0
2026-05-23 23:45:00,86.5358,86.917,86.4699,86.8853,449,75,0
2026-05-24 00:00:00,86.8914,87.0349,86.7119,86.7137,449,75,0
2026-05-24 00:15:00,86.6942,87.0248,86.6608,86.7681,447,75,0
2026-05-24 00:30:00,86.7754,86.8037,86.3608,86.3961,449,75,0
2026-05-24 00:45:00,86.398,86.6608,86.2734,86.5145,449,75,0
2026-05-24 01:00:00,86.5013,86.6289,86.2414,86.557,448,75,0
2026-05-24 01:15:00,86.5643,86.565,86.2026,86.2814,449,75,0
2026-05-24 01:30:00,86.296,86.807,86.2619,86.7925,448,75,0
2026-05-24 01:45:00,86.8069,87.1804,86.7029,87.176,448,75,0
2026-05-24 02:00:00,87.1823,87.2583,86.9755,87.1974,448,75,0
2026-05-24 02:15:00,87.21,87.3553,87.0274,87.2625,448,75,0
2026-05-24 02:30:00,87.2581,87.3669,87.1021,87.3579,448,75,0
2026-05-24 02:45:00,87.3498,87.358,87.0628,87.1304,446,75,0
2026-05-24 03:00:00,87.1456,87.4232,87.0725,87.3348,448,75,0
2026-05-24 03:15:00,87.343,87.4756,87.152,87.3703,449,75,0
2026-05-24 03:30:00,87.3806,87.3952,87.024,87.061,449,75,0
2026-05-24 03:45:00,87.0517,87.1524,86.9109,87.1121,447,75,0
2026-05-24 04:00:00,87.1329,87.2118,86.9135,87.0142,446,75,0
2026-05-24 04:15:00,87.0235,87.0785,86.6724,86.6842,446,75,0
2026-05-24 04:30:00,86.6875,86.9355,86.4692,86.5356,447,75,0
2026-05-24 04:45:00,86.5443,86.8117,86.4747,86.7966,448,75,0
2026-05-24 05:00:00,86.8103,87.0457,86.7278,86.7542,447,75,0
2026-05-24 05:15:00,86.7612,86.8225,86.5305,86.5644,450,75,0
2026-05-24 05:30:00,86.5564,86.6854,86.3504,86.4306,446,75,0
2026-05-24 05:45:00,86.4201,86.567,86.4036,86.4763,450,75,0
2026-05-24 06:00:00,86.4781,86.5201,86.2659,86.331,448,75,0
2026-05-24 06:15:00,86.3429,86.7437,86.2536,86.689,450,75,0
2026-05-24 06:30:00,86.6646,86.751,86.4829,86.6958,449,75,0
2026-05-24 06:45:00,86.6974,86.8122,86.6446,86.7089,450,75,0
2026-05-24 07:00:00,86.7146,86.8367,86.4232,86.4232,447,75,0
2026-05-24 07:15:00,86.4348,86.5524,86.353,86.3801,450,75,0
2026-05-24 07:30:00,86.3711,86.3837,86.0937,86.1685,448,75,0
2026-05-24 07:45:00,86.1536,86.42,86.1091,86.1451,446,75,0
2026-05-24 08:00:00,86.1489,86.3938,86.0884,86.3542,447,75,0
2026-05-24 08:15:00,86.3485,86.9516,86.3066,86.9237,449,75,0
2026-05-24 08:30:00,86.9378,87.1999,86.8336,87.1854,448,75,0
2026-05-24 08:45:00,87.1863,87.7556,87.1863,87.6225,450,75,0
2026-05-24 09:00:00,87.6132,88.0748,87.5206,88.0651,447,75,0
2026-05-24 09:15:00,88.0667,88.1202,87.7381,88.0168,449,75,0
2026-05-24 09:30:00,88.0009,88.0377,87.7487,87.752,449,75,0
2026-05-24 09:45:00,87.7673,87.926,87.4638,87.4879,448,75,0
2026-05-24 10:00:00,87.4775,87.5343,87.2383,87.2865,448,75,0
2026-05-24 10:15:00,87.2773,87.4117,87.1923,87.2305,447,75,0
2026-05-24 10:30:00,87.2438,87.2539,86.9604,87.0201,449,75,0
2026-05-24 10:45:00,87.0176,87.0231,86.5572,86.6084,449,75,0
2026-05-24 11:00:00,86.5999,86.6189,86.4004,86.4691,450,75,0
2026-05-24 11:15:00,86.4698,86.5248,86.3382,86.4387,449,75,0
2026-05-24 11:30:00,86.4315,86.5644,86.1721,86.1938,447,75,0
2026-05-24 11:45:00,86.1779,86.3567,86.0413,86.2501,449,75,0
2026-05-24 12:00:00,86.2555,86.4588,86.2031,86.3898,449,75,0
2026-05-24 12:15:00,86.4053,86.4232,85.9911,86.0987,449,75,0
2026-05-24 12:30:00,86.095,86.2064,85.9413,86.067,449,75,0
2026-05-24 12:45:00,86.0642,86.2223,85.9295,85.9823,448,75,0
2026-05-24 13:00:00,85.9887,86.2195,85.9867,86.1565,448,75,0
2026-05-24 13:15:00,86.1606,86.2019,85.9974,86.0608,449,75,0
2026-05-24 13:30:00,86.0567,86.1096,85.7003,85.709,448,75,0
2026-05-24 13:45:00,85.7008,86.1722,85.6972,86.1722,448,75,0
2026-05-24 14:00:00,86.1683,86.3247,86.0202,86.1027,450,75,0
2026-05-24 14:15:00,86.0876,86.1702,85.8667,85.9418,449,75,0
2026-05-24 14:30:00,85.9642,86.1868,85.8357,85.9774,450,75,0
2026-05-24 14:45:00,85.9775,85.9955,85.8047,85.9148,448,75,0
2026-05-24 15:00:00,85.9051,86.1062,85.8619,85.9146,450,75,0
2026-05-24 15:15:00,85.8949,85.9635,85.5883,85.6985,449,75,0
2026-05-24 15:30:00,85.6999,85.8623,85.3796,85.4091,450,75,0
2026-05-24 15:45:00,85.4224,85.4465,85.2466,85.3031,448,75,0
2026-05-24 16:00:00,85.3198,85.5821,85.2316,85.3622,448,75,0
2026-05-24 16:15:00,85.3471,85.6167,85.2995,85.6022,449,75,0
2026-05-24 16:30:00,85.6009,86.1814,85.5113,86.154,449,75,0
2026-05-24 16:45:00,86.1411,86.2567,85.647,85.6936,450,75,0
2026-05-24 17:00:00,85.6757,86.0212,85.6502,85.8885,448,75,0
2026-05-24 17:15:00,85.8703,86.1519,85.8332,86.0617,450,75,0
2026-05-24 17:30:00,86.0684,86.2396,86.019,86.1873,450,75,0
2026-05-24 17:45:00,86.2042,86.2754,86.0443,86.2404,449,75,0
2026-05-24 18:00:00,86.2282,86.363,86.132,86.3122,449,75,0
2026-05-24 18:15:00,86.303,86.5172,86.0154,86.4098,449,75,0
2026-05-24 18:30:00,86.4162,86.6984,86.3904,86.6583,450,75,0
2026-05-24 18:45:00,86.6496,86.6752,86.048,86.0891,449,75,0
2026-05-24 19:00:00,86.1001,86.4011,86.0565,86.3447,448,75,0
2026-05-24 19:15:00,86.3539,86.6768,86.3426,86.3426,448,75,0
2026-05-24 19:30:00,86.3172,86.4286,86.1507,86.4166,447,75,0
2026-05-24 19:45:00,86.4001,86.6042,86.1227,86.3094,449,75,0
2026-05-24 20:00:00,86.3177,86.3876,86.1197,86.3224,450,75,0
2026-05-24 20:15:00,86.3301,86.6046,86.2721,86.5618,449,75,0
2026-05-24 20:30:00,86.5594,87.2882,86.533,87.2447,448,75,0
2026-05-24 20:45:00,87.2602,87.7784,87.2508,87.651,448,75,0
2026-05-24 21:00:00,87.6403,87.9169,87.4758,87.7022,448,75,0
2026-05-24 21:15:00,87.7045,88.3419,87.6668,88.2705,449,75,0
2026-05-24 21:30:00,88.2836,88.375,88.0461,88.2395,448,75,0
2026-05-24 21:45:00,88.2214,88.2778,87.9517,88.0755,448,75,0
2026-05-24 22:00:00,88.0646,88.1438,87.7444,88.0465,449,75,0
2026-05-24 22:15:00,88.0381,88.1123,87.9233,87.9727,449,75,0
2026-05-24 22:30:00,87.9753,88.2053,87.8992,87.9124,449,75,0
2026-05-24 22:45:00,87.9184,88.3609,87.8634,88.2577,449,75,0
2026-05-24 23:00:00,88.2543,88.3124,87.8835,88.0756,447,75,0
2026-05-24 23:15:00,88.0737,88.663,88.0204,88.5774,446,75,0
2026-05-24 23:30:00,88.5827,88.9403,88.5356,88.7875,450,75,0
2026-05-24 23:45:00,88.7972,88.8041,88.4428,88.4701,448,75,0
2026-05-25 00:00:00,88.4909,88.536,88.1933,88.4713,450,75,0
2026-05-25 00:15:00,88.4754,88.5124,88.3073,88.3588,448,150,0
2026-05-25 00:30:00,88.3576,88.3763,88.1072,88.1271,449,150,0
2026-05-25 00:45:00,88.1391,88.2991,87.9442,87.9866,447,150,0
2026-05-25 01:00:00,87.9654,88.0084,87.7552,87.8061,449,150,0
2026-05-25 01:15:00,87.8051,88.1545,87.7934,88.0053,447,150,0
2026-05-25 01:30:00,88.0152,88.1011,87.7249,87.7397,447,150,0
2026-05-25 01:45:00,87.7309,88.0071,87.5838,87.8417,448,150,0
2026-05-25 02:00:00,87.8412,87.93,87.7125,87.9283,448,150,0
2026-05-25 02:15:00,87.9321,88.1591,87.8145,87.9258,447,150,0
2026-05-25 02:30:00,87.9349,88.1623,87.8819,88.0074,450,150,0
2026-05-25 02:45:00,88.0291,88.2257,87.9526,87.9642,446,150,0
2026-05-25 03:00:00,87.97,88.1258,87.8635,87.8732,449,150,0
2026-05-25 03:15:00,87.8851,88.0705,87.6252,87.6627,450,150,0
2026-05-25 03:30:00,87.6579,87.9122,87.5844,87.8399,447,150,0
2026-05-25 03:45:00,87.8576,88.2999,87.835,88.1536,447,150,0
2026-05-25 04:00:00,88.1385,88.2025,88.0099,88.0968,449,150,0
2026-05-25 04:15:00,88.083,88.1201,87.8642,88.0781,448,150,0
2026-05-25 04:30:00,88.0878,88.3054,87.997,88.1685,449,150,0
2026-05-25 04:45:00,88.1709,88.4463,88.1346,88.4213,449,150,0
2026-05-25 05:00:00,88.4161,88.4488,88.1349,88.1371,450,150,0
2026-05-25 05:15:00,88.1193,88.2181,87.8225,87.8464,450,150,0
2026-05-25 05:30:00,87.845,87.9046,87.388,87.5367,448,150,0
2026-05-25 05:45:00,87.5304,87.9319,87.3475,87.875,447,150,0
2026-05-25 06:00:00,87.902,88.1419,87.752,88.0806,450,150,0
2026-05-25 06:15:00,88.1022,88.3592,88.055,88.3124,447,150,0
2026-05-25 06:30:00,88.3314,88.4495,88.1352,88.3691,449,150,0
2026-05-25 06:45:00,88.3618,88.3884,88.134,88.3838,445,150,0
2026-05-25 07:00:00,88.3974,88.4357,88.2859,88.3397,448,150,0
2026-05-25 07:15:00,88.3577,88.7706,88.2431,88.7634,449,150,0
2026-05-25 07:30:00,88.7685,88.8583,88.2703,88.2703,449,150,0
2026-05-25 07:45:00,88.2805,88.58840000000001,88.2661,88.3855,450,150,0
2026-05-25 08:00:00,88.3979,88.6478,88.2941,88.5769,450,150,0
2026-05-25 08:15:00,88.5655,88.8212,88.4318,88.7201,450,150,0
2026-05-25 08:30:00,88.7204,89.1013,88.618,89.0729,447,150,0
2026-05-25 08:45:00,89.064,89.2496,89.0062,89.0681,448,150,0
2026-05-25 09:00:00,89.0793,89.5124,89.0793,89.3861,449,150,0
2026-05-25 09:15:00,89.3966,89.71,89.3898,89.618,449,150,0
2026-05-25 09:30:00,89.632,90.173,89.6164,90.0802,450,150,0
2026-05-25 09:45:00,90.0852,90.4405,90.0624,90.2429,449,150,0
2026-05-25 10:00:00,90.2401,90.5952,90.2401,90.5524,450,150,0
2026-05-25 10:15:00,90.563,90.6131,90.3568,90.5502,450,150,0
2026-05-25 10:30:00,90.533,90.6812,90.2899,90.553,448,150,0
2026-05-25 10:45:00,90.5463,90.7957,90.4487,90.6704,446,150,0
2026-05-25 11:00:00,90.6568,90.7016,90.471,90.5081,449,150,0
2026-05-25 11:15:00,90.5053,90.7088,90.2975,90.5593,450,150,0
2026-05-25 11:30:00,90.5417,90.6291,90.3854,90.6199,450,150,0
2026-05-25 11:45:00,90.604,91.0914,90.5239,90.9718,450,150,0
2026-05-25 12:00:00,90.9633,91.0854,90.7129,90.8555,448,150,0
2026-05-25 12:15:00,90.877,91.04,90.5485,90.9657,448,150,0
2026-05-25 12:30:00,90.9765,91.0826,90.8442,90.8442,449,150,0
2026-05-25 12:45:00,90.8517,91.0423,90.7889,90.8693,450,150,0
2026-05-25 13:00:00,90.8692,90.8862,90.5741,90.651,447,150,0
2026-05-25 13:15:00,90.6531,91.0885,90.5782,90.9357,445,150,0
2026-05-25 13:30:00,90.9227,90.9267,90.4452,90.5912,449,150,0
2026-05-25 13:45:00,90.5775,90.8777,90.5678,90.8068,449,150,0
2026-05-25 14:00:00,90.806,90.8631,90.5929,90.7188,449,150,0
2026-05-25 14:15:00,90.7433,90.9147,90.651,90.8171,450,150,0
2026-05-25 14:30:00,90.8136,91.3161,90.7705,91.3161,448,150,0
2026-05-25 14:45:00,91.2905,91.3336,90.8225,90.8225,447,150,0
2026-05-25 15:00:00,90.8054,90.8765,90.5211,90.5961,449,150,0
2026-05-25 15:15:00,90.5844,90.7438,90.5521,90.5656,448,150,0
2026-05-25 15:30:00,90.5602,90.6253,90.2585,90.5675,446,150,0
2026-05-25 15:45:00,90.5674,90.9345,90.5168,90.9126,450,150,0
2026-05-25 16:00:00,90.9117,91.0493,90.7113,90.8482,448,150,0
2026-05-25 16:15:00,90.8391,91.1808,90.813,91.0544,450,150,0
2026-05-25 16:30:00,91.0542,91.2193,90.8328,90.8582,449,150,0
2026-05-25 16:45:00,90.8676,91.114,90.7534,90.7954,448,150,0
2026-05-25 17:00:00,90.7991,90.8782,90.5296,90.5777,448,150,0
2026-05-25 17:15:00,90.5735,90.6899,90.3163,90.6784,450,150,0
2026-05-25 17:30:00,90.6896,90.7777,90.2766,90.3269,448,150,0
2026-05-25 17:45:00,90.3279,90.3385,90.041,90.2016,443,150,0
2026-05-25 18:00:00,90.1896,90.2447,89.9545,90.0729,449,150,0
2026-05-25 18:15:00,90.0585,90.2847,89.8456,89.8834,450,150,0
2026-05-25 18:30:00,89.8736,89.9658,89.6649,89.7804,449,150,0
2026-05-25 18:45:00,89.7804,89.9541,89.5305,89.6702,450,150,0
2026-05-25 19:00:00,89.6863,90.0892,89.5956,90.0235,449,150,0
2026-05-25 19:15:00,90.0407,90.0746,89.877,89.9808,449,150,0
2026-05-25 19:30:00,89.9789,90.0782,89.8447,90.0481,450,150,0
2026-05-25 19:45:00,90.0499,90.1475,89.7974,89.7974,450,150,0
2026-05-25 20:00:00,89.8077,89.8374,89.4977,89.5645,449,150,0
2026-05-25 20:15:00,89.5713,89.7702,89.531,89.7209,449,150,0
2026-05-25 20:30:00,89.7175,89.8879,89.5194,89.5404,450,150,0
2026-05-25 20:45:00,89.533,89.6814,89.4293,89.4866,450,150,0
2026-05-25 21:00:00,89.4705,89.7075,89.4217,89.6108,447,150,0
2026-05-25 21:15:00,89.6028,89.815,89.5204,89.7613,448,150,0
2026-05-25 21:30:00,89.764,90.0838,89.7254,89.9694,449,150,0
2026-05-25 21:45:00,89.9861,90.0408,89.7532,89.8368,448,150,0
2026-05-25 22:00:00,89.8191,89.9658,89.5517,89.9451,447,150,0
2026-05-25 22:15:00,89.9421,90.0862,89.644,89.6933,447,150,0
2026-05-25 22:30:00,89.7048,89.9126,89.6487,89.8172,450,150,0
2026-05-25 22:45:00,89.8285,90.0784,89.6573,90.0501,450,150,0
2026-05-25 23:00:00,90.0429,90.0429,89.6726,89.714,448,150,0
